Nrocertificado,Fecha,Idtaller,Dominiovehiculo,Aprobado,RechazadoLeveModerado,RechazadoGrave
1100000274,04/09/2015,Control SRL,,1,0,0
1100000275,04/09/2015,Control SRL,,1,0,0
1200001207,04/09/2015,Control SRL,,1,0,0
1100000276,04/09/2015,Control SRL,,1,0,0
1100000277,04/09/2015,Control SRL,,1,0,0
1200001208,04/09/2015,Control SRL,,1,0,0
1100000278,04/09/2015,Control SRL,,1,0,0
1200001209,04/09/2015,Control SRL,,1,0,0
1100000279,04/09/2015,Control SRL,,1,0,0
9103000109,04/09/2015,Control SRL,,0,0,1
1200001210,04/09/2015,Control SRL,,1,0,0
9103000110,04/09/2015,Control SRL,,0,1,0
1200001211,04/09/2015,Control SRL,,1,0,0
1100000280,04/09/2015,Control SRL,,1,0,0
1100000281,04/09/2015,Control SRL,,1,0,0
1200001212,04/09/2015,Control SRL,,1,0,0
1200001217,04/09/2015,Control SRL,,1,0,0
1100000282,04/09/2015,Control SRL,,1,0,0
1100000283,04/09/2015,Control SRL,,1,0,0
1100000284,04/09/2015,Control SRL,,1,0,0
1100000285,04/09/2015,Control SRL,,1,0,0
1200001213,04/09/2015,Control SRL,,1,0,0
1200001214,04/09/2015,Control SRL,,1,0,0
1100000286,04/09/2015,Control SRL,,1,0,0
1200001215,04/09/2015,Control SRL,,1,0,0
1200001216,04/09/2015,Control SRL,,1,0,0
1100000287,04/09/2015,Control SRL,,1,0,0
1200001218,04/09/2015,Control SRL,,1,0,0
1200001219,04/09/2015,Control SRL,,1,0,0
1200001221,04/09/2015,Control SRL,,1,0,0
1200001222,04/09/2015,Control SRL,,1,0,0
1200001223,04/09/2015,Control SRL,,1,0,0
1200001224,04/09/2015,Control SRL,,1,0,0
1100000288,04/09/2015,Control SRL,,1,0,0
1100000290,04/09/2015,Control SRL,,1,0,0
1100000289,04/09/2015,Control SRL,,1,0,0
1200001225,04/09/2015,Control SRL,,1,0,0
1200001226,04/09/2015,Control SRL,,1,0,0
1200001227,04/09/2015,Control SRL,,1,0,0
1100000291,04/10/2015,Control SRL,,1,0,0
9103000111,04/10/2015,Control SRL,,0,1,0
1200001232,04/10/2015,Control SRL,,1,0,0
1100000292,04/10/2015,Control SRL,,1,0,0
1100000293,04/10/2015,Control SRL,,1,0,0
1200001228,04/10/2015,Control SRL,,1,0,0
1200001229,04/10/2015,Control SRL,,1,0,0
1200001230,04/10/2015,Control SRL,,1,0,0
1100000294,04/10/2015,Control SRL,,1,0,0
9103000112,04/10/2015,Control SRL,,0,0,1
1200001233,04/10/2015,Control SRL,,1,0,0
1200001231,04/10/2015,Control SRL,,1,0,0
9103000113,04/10/2015,Control SRL,,0,1,0
1100000295,04/10/2015,Control SRL,,1,0,0
1100000296,04/10/2015,Control SRL,,1,0,0
1200001234,04/10/2015,Control SRL,,1,0,0
1100000297,04/10/2015,Control SRL,,1,0,0
1200001235,04/10/2015,Control SRL,,1,0,0
1100000298,04/10/2015,Control SRL,,1,0,0
1200001236,04/10/2015,Control SRL,,1,0,0
1100000299,04/10/2015,Control SRL,,1,0,0
1200001237,04/10/2015,Control SRL,,1,0,0
1100000300,04/10/2015,Control SRL,,1,0,0
1200001238,04/10/2015,Control SRL,,1,0,0
1200001239,04/10/2015,Control SRL,,1,0,0
1100000751,04/10/2015,Control SRL,,1,0,0
1200001240,04/10/2015,Control SRL,,1,0,0
1100000752,04/10/2015,Control SRL,,1,0,0
1200001241,04/10/2015,Control SRL,,1,0,0
9203000035,04/10/2015,Control SRL,,0,0,1
1200001242,04/10/2015,Control SRL,,1,0,0
1200001243,04/10/2015,Control SRL,,1,0,0
1200001244,04/10/2015,Control SRL,,1,0,0
1100000753,04/10/2015,Control SRL,,1,0,0
1100000754,04/10/2015,Control SRL,,1,0,0
1100000617,04/09/2015,Asociación de Bomberos Voluntarios - San Martín de los Andes,,1,0,0
1100000618,04/09/2015,Asociación de Bomberos Voluntarios - San Martín de los Andes,,1,0,0
1100000619,04/09/2015,Asociación de Bomberos Voluntarios - San Martín de los Andes,,1,0,0
1100000620,04/09/2015,Asociación de Bomberos Voluntarios - San Martín de los Andes,,1,0,0
1100000621,04/09/2015,Asociación de Bomberos Voluntarios - San Martín de los Andes,,1,0,0
9201000035,04/09/2015,Asociación de Bomberos Voluntarios - San Martín de los Andes,,0,0,1
9101000197,04/09/2015,Asociación de Bomberos Voluntarios - San Martín de los Andes,,0,1,0
1100000622,04/09/2015,Asociación de Bomberos Voluntarios - San Martín de los Andes,,1,0,0
1100000623,04/09/2015,Asociación de Bomberos Voluntarios - San Martín de los Andes,,1,0,0
1100000624,04/09/2015,Asociación de Bomberos Voluntarios - San Martín de los Andes,,1,0,0
1100000625,04/09/2015,Asociación de Bomberos Voluntarios - San Martín de los Andes,,1,0,0
1100000626,04/09/2015,Asociación de Bomberos Voluntarios - San Martín de los Andes,,1,0,0
9101000198,04/09/2015,Asociación de Bomberos Voluntarios - San Martín de los Andes,,0,0,1
1100000627,04/09/2015,Asociación de Bomberos Voluntarios - San Martín de los Andes,,1,0,0
9101000199,04/09/2015,Asociación de Bomberos Voluntarios - San Martín de los Andes,,0,0,1
1100000628,04/09/2015,Asociación de Bomberos Voluntarios - San Martín de los Andes,,1,0,0
9201000036,04/09/2015,Asociación de Bomberos Voluntarios - San Martín de los Andes,,0,0,1
1200000356,04/09/2015,Asociación de Bomberos Voluntarios - San Martín de los Andes,,1,0,0
1100000629,04/09/2015,Asociación de Bomberos Voluntarios - San Martín de los Andes,,1,0,0
1100000630,04/09/2015,Asociación de Bomberos Voluntarios - San Martín de los Andes,,1,0,0
1100000631,04/09/2015,Asociación de Bomberos Voluntarios - San Martín de los Andes,,1,0,0
1100000632,04/09/2015,Asociación de Bomberos Voluntarios - San Martín de los Andes,,1,0,0
1100000633,04/09/2015,Asociación de Bomberos Voluntarios - San Martín de los Andes,,1,0,0
1100000634,04/09/2015,Asociación de Bomberos Voluntarios - San Martín de los Andes,,1,0,0
1100000635,04/10/2015,Asociación de Bomberos Voluntarios - San Martín de los Andes,,1,0,0
1100000636,04/10/2015,Asociación de Bomberos Voluntarios - San Martín de los Andes,,1,0,0
1100000637,04/10/2015,Asociación de Bomberos Voluntarios - San Martín de los Andes,,1,0,0
9101000200,04/10/2015,Asociación de Bomberos Voluntarios - San Martín de los Andes,,0,1,0
1100000638,04/10/2015,Asociación de Bomberos Voluntarios - San Martín de los Andes,,1,0,0
1100000639,04/10/2015,Asociación de Bomberos Voluntarios - San Martín de los Andes,,1,0,0
1100000640,04/10/2015,Asociación de Bomberos Voluntarios - San Martín de los Andes,,1,0,0
9101000201,04/10/2015,Asociación de Bomberos Voluntarios - San Martín de los Andes,,0,1,0
9101000202,04/10/2015,Asociación de Bomberos Voluntarios - San Martín de los Andes,,0,1,0
1100000641,04/10/2015,Asociación de Bomberos Voluntarios - San Martín de los Andes,,1,0,0
9101000203,04/10/2015,Asociación de Bomberos Voluntarios - San Martín de los Andes,,0,0,1
1100000642,04/10/2015,Asociación de Bomberos Voluntarios - San Martín de los Andes,,1,0,0
1100000643,04/10/2015,Asociación de Bomberos Voluntarios - San Martín de los Andes,,1,0,0
1100000644,04/10/2015,Asociación de Bomberos Voluntarios - San Martín de los Andes,,1,0,0
9101000204,04/10/2015,Asociación de Bomberos Voluntarios - San Martín de los Andes,,0,1,0
9101000205,04/10/2015,Asociación de Bomberos Voluntarios - San Martín de los Andes,,0,0,1
9101000206,04/10/2015,Asociación de Bomberos Voluntarios - San Martín de los Andes,,0,1,0
9101000207,04/10/2015,Asociación de Bomberos Voluntarios - San Martín de los Andes,,0,1,0
1100000645,04/10/2015,Asociación de Bomberos Voluntarios - San Martín de los Andes,,1,0,0
9101000208,04/10/2015,Asociación de Bomberos Voluntarios - San Martín de los Andes,,0,0,1
1200000357,04/10/2015,Asociación de Bomberos Voluntarios - San Martín de los Andes,,1,0,0
1100000646,04/10/2015,Asociación de Bomberos Voluntarios - San Martín de los Andes,,1,0,0
1100001049,04/09/2015,Veritecnica SRL,,1,0,0
1100001050,04/09/2015,Veritecnica SRL,,1,0,0
1100001051,04/09/2015,Veritecnica SRL,,1,0,0
1100001052,04/09/2015,Veritecnica SRL,,1,0,0
1100001053,04/09/2015,Veritecnica SRL,,1,0,0
1100001054,04/09/2015,Veritecnica SRL,,1,0,0
9102000438,04/09/2015,Veritecnica SRL,,0,1,0
1100001055,04/09/2015,Veritecnica SRL,,1,0,0
9102000439,04/09/2015,Veritecnica SRL,,0,0,1
1200000777,04/09/2015,Veritecnica SRL,,1,0,0
1100001056,04/09/2015,Veritecnica SRL,,1,0,0
1100001057,04/09/2015,Veritecnica SRL,,1,0,0
1100001058,04/09/2015,Veritecnica SRL,,1,0,0
1100001059,04/09/2015,Veritecnica SRL,,1,0,0
9102000440,04/09/2015,Veritecnica SRL,,0,0,1
1100001060,04/09/2015,Veritecnica SRL,,1,0,0
1100001061,04/09/2015,Veritecnica SRL,,1,0,0
1200000778,04/09/2015,Veritecnica SRL,,1,0,0
1200000779,04/09/2015,Veritecnica SRL,,1,0,0
1200000780,04/09/2015,Veritecnica SRL,,1,0,0
1100001062,04/09/2015,Veritecnica SRL,,1,0,0
1100001063,04/09/2015,Veritecnica SRL,,1,0,0
1100001064,04/09/2015,Veritecnica SRL,,1,0,0
1100001065,04/09/2015,Veritecnica SRL,,1,0,0
1200000781,04/09/2015,Veritecnica SRL,,1,0,0
1200000782,04/09/2015,Veritecnica SRL,,1,0,0
9102000441,04/09/2015,Veritecnica SRL,,0,0,1
9202000073,04/09/2015,Veritecnica SRL,,0,0,1
1100001066,04/09/2015,Veritecnica SRL,,1,0,0
9102000442,04/09/2015,Veritecnica SRL,,0,0,1
9102000443,04/09/2015,Veritecnica SRL,,0,1,0
1100001067,04/09/2015,Veritecnica SRL,,1,0,0
1100001068,04/09/2015,Veritecnica SRL,,1,0,0
1200000783,04/09/2015,Veritecnica SRL,,1,0,0
1100001069,04/09/2015,Veritecnica SRL,,1,0,0
1100001070,04/09/2015,Veritecnica SRL,,1,0,0
1200000784,04/09/2015,Veritecnica SRL,,1,0,0
1200000785,04/09/2015,Veritecnica SRL,,1,0,0
1200000786,04/09/2015,Veritecnica SRL,,1,0,0
1100001071,04/09/2015,Veritecnica SRL,,1,0,0
1200000787,04/09/2015,Veritecnica SRL,,1,0,0
1200000788,04/09/2015,Veritecnica SRL,,1,0,0
1100001072,04/09/2015,Veritecnica SRL,,1,0,0
1100001073,04/09/2015,Veritecnica SRL,,1,0,0
1200000789,04/09/2015,Veritecnica SRL,,1,0,0
9102000444,04/10/2015,Veritecnica SRL,,0,0,1
1200000790,04/10/2015,Veritecnica SRL,,1,0,0
1100001074,04/10/2015,Veritecnica SRL,,1,0,0
1100001075,04/10/2015,Veritecnica SRL,,1,0,0
1100001076,04/10/2015,Veritecnica SRL,,1,0,0
1100001077,04/10/2015,Veritecnica SRL,,1,0,0
1200000791,04/10/2015,Veritecnica SRL,,1,0,0
1200000792,04/10/2015,Veritecnica SRL,,1,0,0
9102000445,04/10/2015,Veritecnica SRL,,0,1,0
9102000446,04/10/2015,Veritecnica SRL,,0,0,1
1200000793,04/10/2015,Veritecnica SRL,,1,0,0
1100001078,04/10/2015,Veritecnica SRL,,1,0,0
1100001079,04/10/2015,Veritecnica SRL,,1,0,0
1200000794,04/10/2015,Veritecnica SRL,,1,0,0
1200000795,04/10/2015,Veritecnica SRL,,1,0,0
1100001080,04/10/2015,Veritecnica SRL,,1,0,0
1100001081,04/10/2015,Veritecnica SRL,,1,0,0
1100001082,04/10/2015,Veritecnica SRL,,1,0,0
1100001083,04/10/2015,Veritecnica SRL,,1,0,0
1100001084,04/10/2015,Veritecnica SRL,,1,0,0
1100001085,04/10/2015,Veritecnica SRL,,1,0,0
9102000447,04/10/2015,Veritecnica SRL,,0,0,1
1200000796,04/10/2015,Veritecnica SRL,,1,0,0
1100001086,04/10/2015,Veritecnica SRL,,1,0,0
1100001087,04/10/2015,Veritecnica SRL,,1,0,0
1200000797,04/10/2015,Veritecnica SRL,,1,0,0
1100001088,04/10/2015,Veritecnica SRL,,1,0,0
1100001089,04/10/2015,Veritecnica SRL,,1,0,0
1100001090,04/10/2015,Veritecnica SRL,,1,0,0
1200000798,04/10/2015,Veritecnica SRL,,1,0,0
1200000799,04/10/2015,Veritecnica SRL,,1,0,0
1200000800,04/10/2015,Veritecnica SRL,,1,0,0
