Nrocertificado,Fecha,Idtaller,Dominiovehiculo,Aprobado,RechazadoLeveModerado,RechazadoGrave
1100001751,06/03/2015,Control SRL,,1,0,0
1100001780,06/03/2015,Control SRL,,1,0,0
1100001779,06/03/2015,Control SRL,,1,0,0
1100001752,06/03/2015,Control SRL,,1,0,0
1200002106,06/03/2015,Control SRL,,1,0,0
1200002107,06/03/2015,Control SRL,,1,0,0
1200002108,06/03/2015,Control SRL,,1,0,0
1100001753,06/03/2015,Control SRL,,1,0,0
9103000203,06/03/2015,Control SRL,,0,0,1
1200002109,06/03/2015,Control SRL,,1,0,0
1100001754,06/03/2015,Control SRL,,1,0,0
1200002110,06/03/2015,Control SRL,,1,0,0
1100001755,06/03/2015,Control SRL,,1,0,0
1100001756,06/03/2015,Control SRL,,1,0,0
1200002111,06/03/2015,Control SRL,,1,0,0
1200002112,06/03/2015,Control SRL,,1,0,0
1100001757,06/03/2015,Control SRL,,1,0,0
1100001758,06/03/2015,Control SRL,,1,0,0
1100001759,06/03/2015,Control SRL,,1,0,0
1200002114,06/03/2015,Control SRL,,1,0,0
1100001760,06/03/2015,Control SRL,,1,0,0
1100001761,06/03/2015,Control SRL,,1,0,0
1200002115,06/03/2015,Control SRL,,1,0,0
9103000204,06/03/2015,Control SRL,,0,1,0
1200002116,06/03/2015,Control SRL,,1,0,0
1100001762,06/03/2015,Control SRL,,1,0,0
1100001763,06/03/2015,Control SRL,,1,0,0
1100001764,06/03/2015,Control SRL,,1,0,0
1100001765,06/03/2015,Control SRL,,1,0,0
1200002117,06/03/2015,Control SRL,,1,0,0
1100001766,06/04/2015,Control SRL,,1,0,0
1100001767,06/04/2015,Control SRL,,1,0,0
1100001768,06/04/2015,Control SRL,,1,0,0
1200002118,06/04/2015,Control SRL,,1,0,0
1100001769,06/04/2015,Control SRL,,1,0,0
9103000205,06/04/2015,Control SRL,,0,1,0
1100001770,06/04/2015,Control SRL,,1,0,0
1100001771,06/04/2015,Control SRL,,1,0,0
1200002119,06/04/2015,Control SRL,,1,0,0
1200002120,06/04/2015,Control SRL,,1,0,0
1100001772,06/04/2015,Control SRL,,1,0,0
1200002121,06/04/2015,Control SRL,,1,0,0
1200002122,06/04/2015,Control SRL,,1,0,0
1100001773,06/04/2015,Control SRL,,1,0,0
1100001774,06/04/2015,Control SRL,,1,0,0
1100001775,06/04/2015,Control SRL,,1,0,0
1100001776,06/04/2015,Control SRL,,1,0,0
1100002195,06/03/2015,Asociación de Bomberos Voluntarios - San Martín de los Andes,,1,0,0
1100002196,06/03/2015,Asociación de Bomberos Voluntarios - San Martín de los Andes,,1,0,0
1100002197,06/03/2015,Asociación de Bomberos Voluntarios - San Martín de los Andes,,1,0,0
9101000319,06/03/2015,Asociación de Bomberos Voluntarios - San Martín de los Andes,,0,0,1
9201000064,06/03/2015,Asociación de Bomberos Voluntarios - San Martín de los Andes,,0,1,0
9101000320,06/03/2015,Asociación de Bomberos Voluntarios - San Martín de los Andes,,0,0,1
1100002198,06/03/2015,Asociación de Bomberos Voluntarios - San Martín de los Andes,,1,0,0
9101000321,06/03/2015,Asociación de Bomberos Voluntarios - San Martín de los Andes,,0,1,0
1100002199,06/03/2015,Asociación de Bomberos Voluntarios - San Martín de los Andes,,1,0,0
1100002200,06/03/2015,Asociación de Bomberos Voluntarios - San Martín de los Andes,,1,0,0
9101000322,06/03/2015,Asociación de Bomberos Voluntarios - San Martín de los Andes,,0,1,0
9101000323,06/03/2015,Asociación de Bomberos Voluntarios - San Martín de los Andes,,0,1,0
1100002201,06/03/2015,Asociación de Bomberos Voluntarios - San Martín de los Andes,,1,0,0
9101000324,06/03/2015,Asociación de Bomberos Voluntarios - San Martín de los Andes,,0,1,0
1100002202,06/03/2015,Asociación de Bomberos Voluntarios - San Martín de los Andes,,1,0,0
1200000524,06/03/2015,Asociación de Bomberos Voluntarios - San Martín de los Andes,,1,0,0
1100002203,06/03/2015,Asociación de Bomberos Voluntarios - San Martín de los Andes,,1,0,0
1100002204,06/03/2015,Asociación de Bomberos Voluntarios - San Martín de los Andes,,1,0,0
1100002205,06/03/2015,Asociación de Bomberos Voluntarios - San Martín de los Andes,,1,0,0
1100002206,06/03/2015,Asociación de Bomberos Voluntarios - San Martín de los Andes,,1,0,0
9101000325,06/03/2015,Asociación de Bomberos Voluntarios - San Martín de los Andes,,0,0,1
1100002207,06/04/2015,Asociación de Bomberos Voluntarios - San Martín de los Andes,,1,0,0
1100002208,06/04/2015,Asociación de Bomberos Voluntarios - San Martín de los Andes,,1,0,0
1200000525,06/04/2015,Asociación de Bomberos Voluntarios - San Martín de los Andes,,1,0,0
1100002209,06/04/2015,Asociación de Bomberos Voluntarios - San Martín de los Andes,,1,0,0
1200000526,06/04/2015,Asociación de Bomberos Voluntarios - San Martín de los Andes,,1,0,0
1100002210,06/04/2015,Asociación de Bomberos Voluntarios - San Martín de los Andes,,1,0,0
9101000326,06/04/2015,Asociación de Bomberos Voluntarios - San Martín de los Andes,,0,1,0
1100002211,06/04/2015,Asociación de Bomberos Voluntarios - San Martín de los Andes,,1,0,0
9101000327,06/04/2015,Asociación de Bomberos Voluntarios - San Martín de los Andes,,0,1,0
1100002212,06/04/2015,Asociación de Bomberos Voluntarios - San Martín de los Andes,,1,0,0
1100002213,06/04/2015,Asociación de Bomberos Voluntarios - San Martín de los Andes,,1,0,0
1200000527,06/04/2015,Asociación de Bomberos Voluntarios - San Martín de los Andes,,1,0,0
1100002214,06/04/2015,Asociación de Bomberos Voluntarios - San Martín de los Andes,,1,0,0
1100002215,06/04/2015,Asociación de Bomberos Voluntarios - San Martín de los Andes,,1,0,0
9101000328,06/04/2015,Asociación de Bomberos Voluntarios - San Martín de los Andes,,0,0,1
9101000329,06/04/2015,Asociación de Bomberos Voluntarios - San Martín de los Andes,,0,1,0
1100002216,06/04/2015,Asociación de Bomberos Voluntarios - San Martín de los Andes,,1,0,0
1200001744,06/03/2015,Veritecnica SRL,,1,0,0
1100002390,06/03/2015,Veritecnica SRL,,1,0,0
1100002391,06/03/2015,Veritecnica SRL,,1,0,0
1200001745,06/03/2015,Veritecnica SRL,,1,0,0
1100002392,06/03/2015,Veritecnica SRL,,1,0,0
1100002393,06/03/2015,Veritecnica SRL,,1,0,0
9202000157,06/03/2015,Veritecnica SRL,,0,0,1
1100002394,06/03/2015,Veritecnica SRL,,1,0,0
1100002395,06/03/2015,Veritecnica SRL,,1,0,0
1200001746,06/03/2015,Veritecnica SRL,,1,0,0
9102000687,06/03/2015,Veritecnica SRL,,0,0,1
1100002396,06/03/2015,Veritecnica SRL,,1,0,0
1100002397,06/03/2015,Veritecnica SRL,,1,0,0
1100002398,06/03/2015,Veritecnica SRL,,1,0,0
1200001747,06/03/2015,Veritecnica SRL,,1,0,0
1200001748,06/03/2015,Veritecnica SRL,,1,0,0
1100002399,06/03/2015,Veritecnica SRL,,1,0,0
1200001749,06/03/2015,Veritecnica SRL,,1,0,0
1200001750,06/03/2015,Veritecnica SRL,,1,0,0
1100002400,06/03/2015,Veritecnica SRL,,1,0,0
1100002401,06/03/2015,Veritecnica SRL,,1,0,0
9202000158,06/03/2015,Veritecnica SRL,,0,0,1
9102000688,06/03/2015,Veritecnica SRL,,0,0,1
1200001751,06/03/2015,Veritecnica SRL,,1,0,0
1100002402,06/03/2015,Veritecnica SRL,,1,0,0
9102000689,06/03/2015,Veritecnica SRL,,0,0,1
1200001752,06/03/2015,Veritecnica SRL,,1,0,0
1100002403,06/03/2015,Veritecnica SRL,,1,0,0
1200001753,06/03/2015,Veritecnica SRL,,1,0,0
9102000690,06/04/2015,Veritecnica SRL,,0,0,1
1100002404,06/04/2015,Veritecnica SRL,,1,0,0
1100002405,06/04/2015,Veritecnica SRL,,1,0,0
1100002406,06/04/2015,Veritecnica SRL,,1,0,0
1100002407,06/04/2015,Veritecnica SRL,,1,0,0
1100002408,06/04/2015,Veritecnica SRL,,1,0,0
1100002409,06/04/2015,Veritecnica SRL,,1,0,0
1100002410,06/04/2015,Veritecnica SRL,,1,0,0
1100002411,06/04/2015,Veritecnica SRL,,1,0,0
1200001754,06/04/2015,Veritecnica SRL,,1,0,0
9102000691,06/04/2015,Veritecnica SRL,,0,0,1
1200001755,06/04/2015,Veritecnica SRL,,1,0,0
9202000159,06/04/2015,Veritecnica SRL,,0,0,1
9102000692,06/04/2015,Veritecnica SRL,,0,0,1
1100002412,06/04/2015,Veritecnica SRL,,1,0,0
1100002413,06/04/2015,Veritecnica SRL,,1,0,0
1200001756,06/04/2015,Veritecnica SRL,,1,0,0
1100002414,06/04/2015,Veritecnica SRL,,1,0,0
1200001757,06/04/2015,Veritecnica SRL,,1,0,0
1100002415,06/04/2015,Veritecnica SRL,,1,0,0
1100002416,06/04/2015,Veritecnica SRL,,1,0,0
1200001758,06/04/2015,Veritecnica SRL,,1,0,0
1100002417,06/04/2015,Veritecnica SRL,,1,0,0
1100002418,06/04/2015,Veritecnica SRL,,1,0,0
1200001759,06/04/2015,Veritecnica SRL,,1,0,0
1200001760,06/04/2015,Veritecnica SRL,,1,0,0
