Nrocertificado,Fecha,Idtaller,Dominiovehiculo,Aprobado,RechazadoLeveModerado,RechazadoGrave
1100002878,06/27/2015,Asociación de Bomberos Voluntarios - San Martín de los Andes,,1,0,0
1100002879,06/27/2015,Asociación de Bomberos Voluntarios - San Martín de los Andes,,1,0,0
1100002880,06/27/2015,Asociación de Bomberos Voluntarios - San Martín de los Andes,,1,0,0
1100002881,06/27/2015,Asociación de Bomberos Voluntarios - San Martín de los Andes,,1,0,0
9202000179,06/27/2015,Veritecnica SRL,,0,0,1
9102000812,06/27/2015,Veritecnica SRL,,0,0,1
1100003484,06/27/2015,Veritecnica SRL,,1,0,0
1100003485,06/27/2015,Veritecnica SRL,,1,0,0
9102000813,06/27/2015,Veritecnica SRL,,0,0,1
1100003486,06/27/2015,Veritecnica SRL,,1,0,0
1100003487,06/27/2015,Veritecnica SRL,,1,0,0
1100003488,06/27/2015,Veritecnica SRL,,1,0,0
1100003489,06/27/2015,Veritecnica SRL,,1,0,0
9102000814,06/27/2015,Veritecnica SRL,,0,0,1
1100003490,06/27/2015,Veritecnica SRL,,1,0,0
1100003501,06/27/2015,Veritecnica SRL,,1,0,0
1200001906,06/27/2015,Veritecnica SRL,,1,0,0
1100003502,06/27/2015,Veritecnica SRL,,1,0,0
1200001907,06/27/2015,Veritecnica SRL,,1,0,0
9102000815,06/27/2015,Veritecnica SRL,,0,1,0
1100003503,06/27/2015,Veritecnica SRL,,1,0,0
1100003504,06/27/2015,Veritecnica SRL,,1,0,0
1100003505,06/27/2015,Veritecnica SRL,,1,0,0
9102000816,06/27/2015,Veritecnica SRL,,0,1,0
1100003506,06/27/2015,Veritecnica SRL,,1,0,0
1100003507,06/27/2015,Veritecnica SRL,,1,0,0
