Nrocertificado,Fecha,Idtaller,Dominiovehiculo,Aprobado,RechazadoLeveModerado,RechazadoGrave
25921,01/15/2015,Control SRL,,1,0,0
25922,01/15/2015,Control SRL,,1,0,0
25923,01/15/2015,Control SRL,,1,0,0
25924,01/15/2015,Control SRL,,1,0,0
25925,01/15/2015,Control SRL,,1,0,0
25926,01/15/2015,Control SRL,,1,0,0
25927,01/15/2015,Control SRL,,1,0,0
25928,01/15/2015,Control SRL,,1,0,0
25929,01/15/2015,Control SRL,,1,0,0
25930,01/15/2015,Control SRL,,1,0,0
25931,01/15/2015,Control SRL,,1,0,0
23392,01/15/2015,Control SRL,,1,0,0
3163,01/15/2015,Control SRL,,1,0,0
23393,01/15/2015,Control SRL,,1,0,0
23394,01/15/2015,Control SRL,,1,0,0
23395,01/15/2015,Control SRL,,1,0,0
23396,01/15/2015,Control SRL,,1,0,0
25932,01/15/2015,Control SRL,,1,0,0
3606,01/15/2015,Control SRL,,1,0,0
3495,01/15/2015,Control SRL,,0,0,1
23397,01/15/2015,Control SRL,,1,0,0
25933,01/15/2015,Control SRL,,1,0,0
25934,01/15/2015,Control SRL,,1,0,0
25935,01/15/2015,Control SRL,,1,0,0
25936,01/15/2015,Control SRL,,1,0,0
23398,01/15/2015,Control SRL,,1,0,0
25937,01/15/2015,Control SRL,,1,0,0
25938,01/15/2015,Control SRL,,1,0,0
25939,01/15/2015,Control SRL,,1,0,0
25940,01/15/2015,Control SRL,,1,0,0
3609,01/15/2015,Control SRL,,1,0,0
25941,01/15/2015,Control SRL,,1,0,0
3610,01/15/2015,Control SRL,,1,0,0
3611,01/15/2015,Control SRL,,1,0,0
3496,01/15/2015,Control SRL,,0,1,0
25942,01/15/2015,Control SRL,,1,0,0
25943,01/15/2015,Control SRL,,1,0,0
25944,01/15/2015,Control SRL,,1,0,0
3497,01/15/2015,Control SRL,,0,1,0
3498,01/15/2015,Control SRL,,0,1,0
25945,01/15/2015,Control SRL,,1,0,0
25946,01/15/2015,Control SRL,,1,0,0
25947,01/15/2015,Control SRL,,1,0,0
3612,01/15/2015,Control SRL,,1,0,0
25948,01/15/2015,Control SRL,,1,0,0
25949,01/15/2015,Control SRL,,1,0,0
25950,01/15/2015,Control SRL,,1,0,0
25951,01/15/2015,Control SRL,,1,0,0
25952,01/15/2015,Control SRL,,1,0,0
25953,01/15/2015,Control SRL,,1,0,0
25954,01/15/2015,Control SRL,,1,0,0
23399,01/15/2015,Control SRL,,1,0,0
25955,01/15/2015,Control SRL,,1,0,0
25956,01/15/2015,Control SRL,,1,0,0
25957,01/15/2015,Control SRL,,1,0,0
25958,01/15/2015,Control SRL,,1,0,0
25959,01/15/2015,Control SRL,,1,0,0
25960,01/15/2015,Control SRL,,1,0,0
3499,01/15/2015,Control SRL,,0,1,0
25961,01/15/2015,Control SRL,,1,0,0
3164,01/15/2015,Control SRL,,1,0,0
23400,01/15/2015,Control SRL,,1,0,0
25962,01/15/2015,Control SRL,,1,0,0
3500,01/15/2015,Control SRL,,0,0,1
6501,01/15/2015,Control SRL,,0,0,1
6502,01/15/2015,Control SRL,,0,1,0
25963,01/15/2015,Control SRL,,1,0,0
25964,01/15/2015,Control SRL,,1,0,0
25965,01/16/2015,Control SRL,,1,0,0
25966,01/16/2015,Control SRL,,1,0,0
25967,01/16/2015,Control SRL,,1,0,0
25968,01/16/2015,Control SRL,,1,0,0
25969,01/16/2015,Control SRL,,1,0,0
25971,01/16/2015,Control SRL,,1,0,0
25970,01/16/2015,Control SRL,,1,0,0
25972,01/16/2015,Control SRL,,1,0,0
25973,01/16/2015,Control SRL,,1,0,0
25974,01/16/2015,Control SRL,,1,0,0
25975,01/16/2015,Control SRL,,1,0,0
25976,01/16/2015,Control SRL,,1,0,0
25977,01/16/2015,Control SRL,,1,0,0
25978,01/16/2015,Control SRL,,1,0,0
25979,01/16/2015,Control SRL,,1,0,0
23401,01/16/2015,Control SRL,,1,0,0
3165,01/16/2015,Control SRL,,1,0,0
25980,01/16/2015,Control SRL,,1,0,0
25981,01/16/2015,Control SRL,,1,0,0
25982,01/16/2015,Control SRL,,1,0,0
25983,01/16/2015,Control SRL,,1,0,0
25984,01/16/2015,Control SRL,,1,0,0
25985,01/16/2015,Control SRL,,1,0,0
25986,01/16/2015,Control SRL,,1,0,0
25987,01/16/2015,Control SRL,,1,0,0
25988,01/16/2015,Control SRL,,1,0,0
25989,01/16/2015,Control SRL,,1,0,0
25990,01/16/2015,Control SRL,,1,0,0
25991,01/16/2015,Control SRL,,1,0,0
6503,01/16/2015,Control SRL,,0,1,0
25992,01/16/2015,Control SRL,,1,0,0
25993,01/16/2015,Control SRL,,1,0,0
3613,01/16/2015,Control SRL,,1,0,0
25994,01/16/2015,Control SRL,,1,0,0
25995,01/16/2015,Control SRL,,1,0,0
25996,01/16/2015,Control SRL,,1,0,0
6504,01/16/2015,Control SRL,,0,0,1
23402,01/16/2015,Control SRL,,1,0,0
25997,01/16/2015,Control SRL,,1,0,0
25998,01/16/2015,Control SRL,,1,0,0
25999,01/16/2015,Control SRL,,1,0,0
26000,01/16/2015,Control SRL,,1,0,0
3614,01/16/2015,Control SRL,,1,0,0
6505,01/16/2015,Control SRL,,0,0,1
26001,01/16/2015,Control SRL,,1,0,0
26002,01/16/2015,Control SRL,,1,0,0
26003,01/16/2015,Control SRL,,1,0,0
26004,01/16/2015,Control SRL,,1,0,0
6506,01/16/2015,Control SRL,,0,1,0
26005,01/16/2015,Control SRL,,1,0,0
26006,01/16/2015,Control SRL,,1,0,0
23403,01/16/2015,Control SRL,,1,0,0
26007,01/16/2015,Control SRL,,1,0,0
26008,01/16/2015,Control SRL,,1,0,0
3166,01/16/2015,Control SRL,,1,0,0
26009,01/16/2015,Control SRL,,1,0,0
3615,01/16/2015,Control SRL,,1,0,0
26010,01/16/2015,Control SRL,,1,0,0
26012,01/16/2015,Control SRL,,1,0,0
26011,01/16/2015,Control SRL,,1,0,0
26013,01/16/2015,Control SRL,,1,0,0
26014,01/16/2015,Control SRL,,1,0,0
26015,01/16/2015,Control SRL,,1,0,0
6507,01/16/2015,Control SRL,,0,1,0
3167,01/16/2015,Control SRL,,1,0,0
26016,01/16/2015,Control SRL,,1,0,0
3616,01/16/2015,Control SRL,,1,0,0
26017,01/16/2015,Control SRL,,1,0,0
26018,01/16/2015,Control SRL,,1,0,0
26019,01/16/2015,Control SRL,,1,0,0
3169,01/16/2015,Control SRL,,1,0,0
3168,01/16/2015,Control SRL,,1,0,0
24292,01/15/2015,Asociación de Bomberos Voluntarios - San Martín de los Andes,,1,0,0
6841,01/15/2015,Asociación de Bomberos Voluntarios - San Martín de los Andes,,0,0,1
24293,01/15/2015,Asociación de Bomberos Voluntarios - San Martín de los Andes,,1,0,0
24294,01/15/2015,Asociación de Bomberos Voluntarios - San Martín de los Andes,,1,0,0
24295,01/15/2015,Asociación de Bomberos Voluntarios - San Martín de los Andes,,1,0,0
24296,01/15/2015,Asociación de Bomberos Voluntarios - San Martín de los Andes,,1,0,0
24297,01/15/2015,Asociación de Bomberos Voluntarios - San Martín de los Andes,,1,0,0
21820,01/15/2015,Asociación de Bomberos Voluntarios - San Martín de los Andes,,1,0,0
6842,01/15/2015,Asociación de Bomberos Voluntarios - San Martín de los Andes,,0,0,1
6843,01/15/2015,Asociación de Bomberos Voluntarios - San Martín de los Andes,,0,1,0
6844,01/15/2015,Asociación de Bomberos Voluntarios - San Martín de los Andes,,0,1,0
24298,01/15/2015,Asociación de Bomberos Voluntarios - San Martín de los Andes,,1,0,0
24299,01/15/2015,Asociación de Bomberos Voluntarios - San Martín de los Andes,,1,0,0
24300,01/15/2015,Asociación de Bomberos Voluntarios - San Martín de los Andes,,1,0,0
24301,01/15/2015,Asociación de Bomberos Voluntarios - San Martín de los Andes,,1,0,0
24302,01/15/2015,Asociación de Bomberos Voluntarios - San Martín de los Andes,,1,0,0
24303,01/15/2015,Asociación de Bomberos Voluntarios - San Martín de los Andes,,1,0,0
24304,01/15/2015,Asociación de Bomberos Voluntarios - San Martín de los Andes,,1,0,0
24305,01/15/2015,Asociación de Bomberos Voluntarios - San Martín de los Andes,,1,0,0
3280,01/15/2015,Asociación de Bomberos Voluntarios - San Martín de los Andes,,1,0,0
24306,01/15/2015,Asociación de Bomberos Voluntarios - San Martín de los Andes,,1,0,0
24307,01/15/2015,Asociación de Bomberos Voluntarios - San Martín de los Andes,,1,0,0
24308,01/15/2015,Asociación de Bomberos Voluntarios - San Martín de los Andes,,1,0,0
24309,01/15/2015,Asociación de Bomberos Voluntarios - San Martín de los Andes,,1,0,0
24310,01/15/2015,Asociación de Bomberos Voluntarios - San Martín de los Andes,,1,0,0
3281,01/15/2015,Asociación de Bomberos Voluntarios - San Martín de los Andes,,1,0,0
24311,01/15/2015,Asociación de Bomberos Voluntarios - San Martín de los Andes,,1,0,0
24312,01/15/2015,Asociación de Bomberos Voluntarios - San Martín de los Andes,,1,0,0
6845,01/15/2015,Asociación de Bomberos Voluntarios - San Martín de los Andes,,0,0,1
24313,01/15/2015,Asociación de Bomberos Voluntarios - San Martín de los Andes,,1,0,0
24314,01/15/2015,Asociación de Bomberos Voluntarios - San Martín de los Andes,,1,0,0
24315,01/15/2015,Asociación de Bomberos Voluntarios - San Martín de los Andes,,1,0,0
24316,01/15/2015,Asociación de Bomberos Voluntarios - San Martín de los Andes,,1,0,0
21821,01/15/2015,Asociación de Bomberos Voluntarios - San Martín de los Andes,,1,0,0
2950,01/15/2015,Asociación de Bomberos Voluntarios - San Martín de los Andes,,1,0,0
6846,01/15/2015,Asociación de Bomberos Voluntarios - San Martín de los Andes,,0,1,0
24317,01/15/2015,Asociación de Bomberos Voluntarios - San Martín de los Andes,,1,0,0
24318,01/15/2015,Asociación de Bomberos Voluntarios - San Martín de los Andes,,1,0,0
3282,01/15/2015,Asociación de Bomberos Voluntarios - San Martín de los Andes,,1,0,0
6847,01/15/2015,Asociación de Bomberos Voluntarios - San Martín de los Andes,,0,0,1
3283,01/16/2015,Asociación de Bomberos Voluntarios - San Martín de los Andes,,1,0,0
3284,01/16/2015,Asociación de Bomberos Voluntarios - San Martín de los Andes,,1,0,0
6848,01/16/2015,Asociación de Bomberos Voluntarios - San Martín de los Andes,,0,1,0
6849,01/16/2015,Asociación de Bomberos Voluntarios - San Martín de los Andes,,0,1,0
24319,01/16/2015,Asociación de Bomberos Voluntarios - San Martín de los Andes,,1,0,0
24320,01/16/2015,Asociación de Bomberos Voluntarios - San Martín de los Andes,,1,0,0
24321,01/16/2015,Asociación de Bomberos Voluntarios - San Martín de los Andes,,1,0,0
24322,01/16/2015,Asociación de Bomberos Voluntarios - San Martín de los Andes,,1,0,0
24323,01/16/2015,Asociación de Bomberos Voluntarios - San Martín de los Andes,,1,0,0
24324,01/16/2015,Asociación de Bomberos Voluntarios - San Martín de los Andes,,1,0,0
24325,01/16/2015,Asociación de Bomberos Voluntarios - San Martín de los Andes,,1,0,0
24326,01/16/2015,Asociación de Bomberos Voluntarios - San Martín de los Andes,,1,0,0
24327,01/16/2015,Asociación de Bomberos Voluntarios - San Martín de los Andes,,1,0,0
24328,01/16/2015,Asociación de Bomberos Voluntarios - San Martín de los Andes,,1,0,0
24329,01/16/2015,Asociación de Bomberos Voluntarios - San Martín de los Andes,,1,0,0
24330,01/16/2015,Asociación de Bomberos Voluntarios - San Martín de los Andes,,1,0,0
6850,01/16/2015,Asociación de Bomberos Voluntarios - San Martín de los Andes,,0,0,1
24331,01/16/2015,Asociación de Bomberos Voluntarios - San Martín de los Andes,,1,0,0
3201,01/16/2015,Asociación de Bomberos Voluntarios - San Martín de los Andes,,1,0,0
24332,01/16/2015,Asociación de Bomberos Voluntarios - San Martín de los Andes,,1,0,0
24333,01/16/2015,Asociación de Bomberos Voluntarios - San Martín de los Andes,,1,0,0
24334,01/16/2015,Asociación de Bomberos Voluntarios - San Martín de los Andes,,1,0,0
24335,01/16/2015,Asociación de Bomberos Voluntarios - San Martín de los Andes,,1,0,0
24336,01/16/2015,Asociación de Bomberos Voluntarios - San Martín de los Andes,,1,0,0
6851,01/16/2015,Asociación de Bomberos Voluntarios - San Martín de los Andes,,0,1,0
24337,01/16/2015,Asociación de Bomberos Voluntarios - San Martín de los Andes,,1,0,0
6852,01/16/2015,Asociación de Bomberos Voluntarios - San Martín de los Andes,,0,1,0
24338,01/16/2015,Asociación de Bomberos Voluntarios - San Martín de los Andes,,1,0,0
24339,01/16/2015,Asociación de Bomberos Voluntarios - San Martín de los Andes,,1,0,0
24340,01/16/2015,Asociación de Bomberos Voluntarios - San Martín de los Andes,,1,0,0
24341,01/16/2015,Asociación de Bomberos Voluntarios - San Martín de los Andes,,1,0,0
6853,01/16/2015,Asociación de Bomberos Voluntarios - San Martín de los Andes,,0,1,0
3202,01/16/2015,Asociación de Bomberos Voluntarios - San Martín de los Andes,,1,0,0
24342,01/16/2015,Asociación de Bomberos Voluntarios - San Martín de los Andes,,1,0,0
24343,01/16/2015,Asociación de Bomberos Voluntarios - San Martín de los Andes,,1,0,0
24344,01/16/2015,Asociación de Bomberos Voluntarios - San Martín de los Andes,,1,0,0
6854,01/16/2015,Asociación de Bomberos Voluntarios - San Martín de los Andes,,0,1,0
25342,01/15/2015,Veritecnica SRL,,1,0,0
25343,01/15/2015,Veritecnica SRL,,1,0,0
25344,01/15/2015,Veritecnica SRL,,1,0,0
23681,01/15/2015,Veritecnica SRL,,1,0,0
25345,01/15/2015,Veritecnica SRL,,1,0,0
25346,01/15/2015,Veritecnica SRL,,1,0,0
7026,01/15/2015,Veritecnica SRL,,0,0,1
25347,01/15/2015,Veritecnica SRL,,1,0,0
25348,01/15/2015,Veritecnica SRL,,1,0,0
25349,01/15/2015,Veritecnica SRL,,1,0,0
23682,01/15/2015,Veritecnica SRL,,1,0,0
25350,01/15/2015,Veritecnica SRL,,1,0,0
25351,01/15/2015,Veritecnica SRL,,1,0,0
7027,01/15/2015,Veritecnica SRL,,0,1,0
25352,01/15/2015,Veritecnica SRL,,1,0,0
25353,01/15/2015,Veritecnica SRL,,1,0,0
25354,01/15/2015,Veritecnica SRL,,1,0,0
7028,01/15/2015,Veritecnica SRL,,0,0,1
25355,01/15/2015,Veritecnica SRL,,1,0,0
25356,01/15/2015,Veritecnica SRL,,1,0,0
25357,01/15/2015,Veritecnica SRL,,1,0,0
7029,01/15/2015,Veritecnica SRL,,0,1,0
25358,01/15/2015,Veritecnica SRL,,1,0,0
3502,01/15/2015,Veritecnica SRL,,1,0,0
25359,01/15/2015,Veritecnica SRL,,1,0,0
25360,01/15/2015,Veritecnica SRL,,1,0,0
25361,01/15/2015,Veritecnica SRL,,1,0,0
25362,01/15/2015,Veritecnica SRL,,1,0,0
25363,01/15/2015,Veritecnica SRL,,1,0,0
25364,01/15/2015,Veritecnica SRL,,1,0,0
3503,01/15/2015,Veritecnica SRL,,1,0,0
7030,01/15/2015,Veritecnica SRL,,0,1,0
6437,01/15/2015,Veritecnica SRL,,1,0,0
23683,01/15/2015,Veritecnica SRL,,1,0,0
23684,01/15/2015,Veritecnica SRL,,1,0,0
23685,01/15/2015,Veritecnica SRL,,1,0,0
23686,01/15/2015,Veritecnica SRL,,1,0,0
25365,01/15/2015,Veritecnica SRL,,1,0,0
25366,01/15/2015,Veritecnica SRL,,1,0,0
25367,01/15/2015,Veritecnica SRL,,1,0,0
25368,01/15/2015,Veritecnica SRL,,1,0,0
7031,01/15/2015,Veritecnica SRL,,0,0,1
7032,01/15/2015,Veritecnica SRL,,0,0,1
23687,01/15/2015,Veritecnica SRL,,1,0,0
25369,01/15/2015,Veritecnica SRL,,1,0,0
25371,01/15/2015,Veritecnica SRL,,1,0,0
25370,01/15/2015,Veritecnica SRL,,1,0,0
25372,01/15/2015,Veritecnica SRL,,1,0,0
25373,01/15/2015,Veritecnica SRL,,1,0,0
23688,01/15/2015,Veritecnica SRL,,1,0,0
3279,01/15/2015,Veritecnica SRL,,1,0,0
25374,01/15/2015,Veritecnica SRL,,1,0,0
23689,01/15/2015,Veritecnica SRL,,1,0,0
25375,01/15/2015,Veritecnica SRL,,1,0,0
25376,01/15/2015,Veritecnica SRL,,1,0,0
3280,01/15/2015,Veritecnica SRL,,1,0,0
25377,01/15/2015,Veritecnica SRL,,1,0,0
25378,01/15/2015,Veritecnica SRL,,1,0,0
25379,01/15/2015,Veritecnica SRL,,1,0,0
3504,01/15/2015,Veritecnica SRL,,1,0,0
25380,01/15/2015,Veritecnica SRL,,1,0,0
7033,01/15/2015,Veritecnica SRL,,0,0,1
23690,01/15/2015,Veritecnica SRL,,1,0,0
25381,01/15/2015,Veritecnica SRL,,1,0,0
25382,01/15/2015,Veritecnica SRL,,1,0,0
3505,01/15/2015,Veritecnica SRL,,1,0,0
25383,01/15/2015,Veritecnica SRL,,1,0,0
25384,01/15/2015,Veritecnica SRL,,1,0,0
25385,01/15/2015,Veritecnica SRL,,1,0,0
7034,01/15/2015,Veritecnica SRL,,0,1,0
25386,01/15/2015,Veritecnica SRL,,1,0,0
25387,01/15/2015,Veritecnica SRL,,1,0,0
7035,01/15/2015,Veritecnica SRL,,0,0,1
25388,01/15/2015,Veritecnica SRL,,1,0,0
7030,01/15/2015,Veritecnica SRL,,0,0,1
25389,01/15/2015,Veritecnica SRL,,1,0,0
25391,01/15/2015,Veritecnica SRL,,1,0,0
25390,01/15/2015,Veritecnica SRL,,1,0,0
25392,01/15/2015,Veritecnica SRL,,1,0,0
23691,01/15/2015,Veritecnica SRL,,1,0,0
25393,01/15/2015,Veritecnica SRL,,1,0,0
25394,01/15/2015,Veritecnica SRL,,1,0,0
25395,01/15/2015,Veritecnica SRL,,1,0,0
25396,01/15/2015,Veritecnica SRL,,1,0,0
25397,01/15/2015,Veritecnica SRL,,1,0,0
25398,01/15/2015,Veritecnica SRL,,1,0,0
7037,01/15/2015,Veritecnica SRL,,0,1,0
7038,01/15/2015,Veritecnica SRL,,1,0,0
25399,01/15/2015,Veritecnica SRL,,1,0,0
7039,01/15/2015,Veritecnica SRL,,0,0,1
25400,01/15/2015,Veritecnica SRL,,1,0,0
25401,01/15/2015,Veritecnica SRL,,1,0,0
3506,01/15/2015,Veritecnica SRL,,1,0,0
7040,01/15/2015,Veritecnica SRL,,0,1,0
25402,01/15/2015,Veritecnica SRL,,1,0,0
7041,01/15/2015,Veritecnica SRL,,0,1,0
25403,01/15/2015,Veritecnica SRL,,1,0,0
7042,01/15/2015,Veritecnica SRL,,0,1,0
25404,01/15/2015,Veritecnica SRL,,1,0,0
25405,01/15/2015,Veritecnica SRL,,1,0,0
7043,01/15/2015,Veritecnica SRL,,0,1,0
7044,01/15/2015,Veritecnica SRL,,0,1,0
25406,01/15/2015,Veritecnica SRL,,1,0,0
25407,01/15/2015,Veritecnica SRL,,1,0,0
25408,01/15/2015,Veritecnica SRL,,1,0,0
25409,01/15/2015,Veritecnica SRL,,1,0,0
25410,01/15/2015,Veritecnica SRL,,1,0,0
25411,01/15/2015,Veritecnica SRL,,1,0,0
7045,01/15/2015,Veritecnica SRL,,0,1,0
23692,01/15/2015,Veritecnica SRL,,1,0,0
25412,01/15/2015,Veritecnica SRL,,1,0,0
3507,01/15/2015,Veritecnica SRL,,1,0,0
25413,01/15/2015,Veritecnica SRL,,1,0,0
25414,01/15/2015,Veritecnica SRL,,1,0,0
7046,01/16/2015,Veritecnica SRL,,0,1,0
25415,01/16/2015,Veritecnica SRL,,1,0,0
25416,01/16/2015,Veritecnica SRL,,1,0,0
25417,01/16/2015,Veritecnica SRL,,1,0,0
25418,01/16/2015,Veritecnica SRL,,1,0,0
25419,01/16/2015,Veritecnica SRL,,1,0,0
7047,01/16/2015,Veritecnica SRL,,0,1,0
25420,01/16/2015,Veritecnica SRL,,1,0,0
25421,01/16/2015,Veritecnica SRL,,1,0,0
25422,01/16/2015,Veritecnica SRL,,1,0,0
25423,01/16/2015,Veritecnica SRL,,1,0,0
25424,01/16/2015,Veritecnica SRL,,1,0,0
25425,01/16/2015,Veritecnica SRL,,1,0,0
7048,01/16/2015,Veritecnica SRL,,0,0,1
3508,01/16/2015,Veritecnica SRL,,1,0,0
7049,01/16/2015,Veritecnica SRL,,0,0,1
25426,01/16/2015,Veritecnica SRL,,1,0,0
25427,01/16/2015,Veritecnica SRL,,1,0,0
23693,01/16/2015,Veritecnica SRL,,1,0,0
3509,01/16/2015,Veritecnica SRL,,1,0,0
25428,01/16/2015,Veritecnica SRL,,1,0,0
25429,01/16/2015,Veritecnica SRL,,1,0,0
7050,01/16/2015,Veritecnica SRL,,0,1,0
3510,01/16/2015,Veritecnica SRL,,1,0,0
25430,01/16/2015,Veritecnica SRL,,1,0,0
7051,01/16/2015,Veritecnica SRL,,0,0,1
25432,01/16/2015,Veritecnica SRL,,1,0,0
25431,01/16/2015,Veritecnica SRL,,1,0,0
25433,01/16/2015,Veritecnica SRL,,1,0,0
25434,01/16/2015,Veritecnica SRL,,1,0,0
3511,01/16/2015,Veritecnica SRL,,1,0,0
25435,01/16/2015,Veritecnica SRL,,1,0,0
25436,01/16/2015,Veritecnica SRL,,1,0,0
25437,01/16/2015,Veritecnica SRL,,1,0,0
25439,01/16/2015,Veritecnica SRL,,1,0,0
25438,01/16/2015,Veritecnica SRL,,1,0,0
25440,01/16/2015,Veritecnica SRL,,1,0,0
25441,01/16/2015,Veritecnica SRL,,1,0,0
25442,01/16/2015,Veritecnica SRL,,1,0,0
25443,01/16/2015,Veritecnica SRL,,1,0,0
25444,01/16/2015,Veritecnica SRL,,1,0,0
25445,01/16/2015,Veritecnica SRL,,1,0,0
25446,01/16/2015,Veritecnica SRL,,1,0,0
25447,01/16/2015,Veritecnica SRL,,1,0,0
3512,01/16/2015,Veritecnica SRL,,1,0,0
25448,01/16/2015,Veritecnica SRL,,1,0,0
25449,01/16/2015,Veritecnica SRL,,1,0,0
25450,01/16/2015,Veritecnica SRL,,1,0,0
3513,01/16/2015,Veritecnica SRL,,1,0,0
7052,01/16/2015,Veritecnica SRL,,0,1,0
25451,01/16/2015,Veritecnica SRL,,1,0,0
7053,01/16/2015,Veritecnica SRL,,0,0,1
7054,01/16/2015,Veritecnica SRL,,0,1,0
7055,01/16/2015,Veritecnica SRL,,0,1,0
7056,01/16/2015,Veritecnica SRL,,0,1,0
25452,01/16/2015,Veritecnica SRL,,1,0,0
25453,01/16/2015,Veritecnica SRL,,1,0,0
25454,01/16/2015,Veritecnica SRL,,1,0,0
25455,01/16/2015,Veritecnica SRL,,1,0,0
25456,01/16/2015,Veritecnica SRL,,1,0,0
7057,01/16/2015,Veritecnica SRL,,0,0,1
7058,01/16/2015,Veritecnica SRL,,0,0,1
3514,01/16/2015,Veritecnica SRL,,1,0,0
7059,01/16/2015,Veritecnica SRL,,0,1,0
3281,01/16/2015,Veritecnica SRL,,1,0,0
25457,01/16/2015,Veritecnica SRL,,1,0,0
25458,01/16/2015,Veritecnica SRL,,1,0,0
3515,01/16/2015,Veritecnica SRL,,1,0,0
3516,01/16/2015,Veritecnica SRL,,1,0,0
7060,01/16/2015,Veritecnica SRL,,0,1,0
25459,01/16/2015,Veritecnica SRL,,1,0,0
7061,01/16/2015,Veritecnica SRL,,0,1,0
3282,01/16/2015,Veritecnica SRL,,1,0,0
25460,01/16/2015,Veritecnica SRL,,1,0,0
25461,01/16/2015,Veritecnica SRL,,1,0,0
25462,01/16/2015,Veritecnica SRL,,1,0,0
25463,01/16/2015,Veritecnica SRL,,1,0,0
25464,01/16/2015,Veritecnica SRL,,1,0,0
25465,01/16/2015,Veritecnica SRL,,1,0,0
25466,01/16/2015,Veritecnica SRL,,1,0,0
25467,01/16/2015,Veritecnica SRL,,1,0,0
25468,01/16/2015,Veritecnica SRL,,1,0,0
25469,01/16/2015,Veritecnica SRL,,1,0,0
7062,01/16/2015,Veritecnica SRL,,0,1,0
25470,01/16/2015,Veritecnica SRL,,1,0,0
3517,01/16/2015,Veritecnica SRL,,1,0,0
25471,01/16/2015,Veritecnica SRL,,1,0,0
25472,01/16/2015,Veritecnica SRL,,1,0,0
25473,01/16/2015,Veritecnica SRL,,1,0,0
25474,01/16/2015,Veritecnica SRL,,1,0,0
23694,01/16/2015,Veritecnica SRL,,1,0,0
25475,01/16/2015,Veritecnica SRL,,1,0,0
23695,01/16/2015,Veritecnica SRL,,0,0,1
7063,01/16/2015,Veritecnica SRL,,0,0,1
25476,01/16/2015,Veritecnica SRL,,1,0,0
25477,01/16/2015,Veritecnica SRL,,1,0,0
7064,01/16/2015,Veritecnica SRL,,0,1,0
25478,01/16/2015,Veritecnica SRL,,1,0,0
25479,01/16/2015,Veritecnica SRL,,1,0,0
25480,01/16/2015,Veritecnica SRL,,1,0,0
25481,01/16/2015,Veritecnica SRL,,1,0,0
25482,01/16/2015,Veritecnica SRL,,1,0,0
25483,01/16/2015,Veritecnica SRL,,1,0,0
25484,01/16/2015,Veritecnica SRL,,1,0,0
7065,01/16/2015,Veritecnica SRL,,0,1,0
25485,01/16/2015,Veritecnica SRL,,1,0,0
25486,01/16/2015,Veritecnica SRL,,1,0,0
25487,01/16/2015,Veritecnica SRL,,1,0,0
7066,01/16/2015,Veritecnica SRL,,0,1,0
25488,01/16/2015,Veritecnica SRL,,1,0,0
25489,01/16/2015,Veritecnica SRL,,1,0,0
25490,01/16/2015,Veritecnica SRL,,1,0,0
25491,01/16/2015,Veritecnica SRL,,1,0,0
3518,01/16/2015,Veritecnica SRL,,1,0,0
23696,01/16/2015,Veritecnica SRL,,1,0,0
25493,01/16/2015,Veritecnica SRL,,1,0,0
25492,01/16/2015,Veritecnica SRL,,1,0,0
25494,01/16/2015,Veritecnica SRL,,1,0,0
7067,01/16/2015,Veritecnica SRL,,0,1,0
25495,01/16/2015,Veritecnica SRL,,1,0,0
23697,01/16/2015,Veritecnica SRL,,1,0,0
25496,01/16/2015,Veritecnica SRL,,1,0,0
23698,01/16/2015,Veritecnica SRL,,1,0,0
25497,01/16/2015,Veritecnica SRL,,1,0,0
25498,01/16/2015,Veritecnica SRL,,1,0,0
25499,01/16/2015,Veritecnica SRL,,1,0,0
