Nrocertificado,Fecha,Idtaller,Dominiovehiculo,Aprobado,RechazadoLeveModerado,RechazadoGrave
9103000179,05/18/2015,Control SRL,,0,1,0
1100001479,05/18/2015,Control SRL,,1,0,0
1100001480,05/18/2015,Control SRL,,1,0,0
1100001531,05/18/2015,Control SRL,,1,0,0
1100001532,05/18/2015,Control SRL,,1,0,0
1100001533,05/18/2015,Control SRL,,1,0,0
1100001534,05/18/2015,Control SRL,,1,0,0
1100001535,05/18/2015,Control SRL,,1,0,0
1100001536,05/18/2015,Control SRL,,1,0,0
1100001537,05/18/2015,Control SRL,,1,0,0
1200002034,05/18/2015,Control SRL,,1,0,0
1100001538,05/18/2015,Control SRL,,1,0,0
1100001539,05/18/2015,Control SRL,,1,0,0
1100001540,05/18/2015,Control SRL,,1,0,0
9203000062,05/18/2015,Control SRL,,0,0,1
1100001541,05/18/2015,Control SRL,,1,0,0
1100001542,05/18/2015,Control SRL,,1,0,0
1100001543,05/18/2015,Control SRL,,1,0,0
1200002035,05/18/2015,Control SRL,,1,0,0
9103000180,05/18/2015,Control SRL,,0,0,1
1200002036,05/18/2015,Control SRL,,1,0,0
1200002037,05/18/2015,Control SRL,,1,0,0
1200002038,05/18/2015,Control SRL,,1,0,0
1200002039,05/19/2015,Control SRL,,1,0,0
1100001544,05/19/2015,Control SRL,,1,0,0
1100001545,05/19/2015,Control SRL,,1,0,0
9103000181,05/19/2015,Control SRL,,0,0,1
1100001546,05/19/2015,Control SRL,,1,0,0
9103000182,05/19/2015,Control SRL,,0,1,0
1100001547,05/19/2015,Control SRL,,1,0,0
9103000183,05/19/2015,Control SRL,,0,0,1
1100001548,05/19/2015,Control SRL,,1,0,0
1100001549,05/19/2015,Control SRL,,1,0,0
1100001550,05/19/2015,Control SRL,,1,0,0
1100001551,05/19/2015,Control SRL,,1,0,0
1200002040,05/19/2015,Control SRL,,1,0,0
1100001552,05/19/2015,Control SRL,,1,0,0
1100001553,05/19/2015,Control SRL,,1,0,0
1200002041,05/19/2015,Control SRL,,1,0,0
9203000063,05/19/2015,Control SRL,,0,1,0
1200002042,05/19/2015,Control SRL,,1,0,0
1100001418,05/18/2015,Asociación de Bomberos Voluntarios - San Martín de los Andes,,1,0,0
1200000506,05/18/2015,Asociación de Bomberos Voluntarios - San Martín de los Andes,,1,0,0
1100001419,05/18/2015,Asociación de Bomberos Voluntarios - San Martín de los Andes,,1,0,0
1100001420,05/18/2015,Asociación de Bomberos Voluntarios - San Martín de los Andes,,1,0,0
1100002081,05/18/2015,Asociación de Bomberos Voluntarios - San Martín de los Andes,,1,0,0
1100002082,05/18/2015,Asociación de Bomberos Voluntarios - San Martín de los Andes,,1,0,0
1100002083,05/18/2015,Asociación de Bomberos Voluntarios - San Martín de los Andes,,1,0,0
1100002084,05/18/2015,Asociación de Bomberos Voluntarios - San Martín de los Andes,,1,0,0
1200000507,05/18/2015,Asociación de Bomberos Voluntarios - San Martín de los Andes,,1,0,0
9201000057,05/18/2015,Asociación de Bomberos Voluntarios - San Martín de los Andes,,0,1,0
9201000058,05/18/2015,Asociación de Bomberos Voluntarios - San Martín de los Andes,,0,1,0
1100002085,05/18/2015,Asociación de Bomberos Voluntarios - San Martín de los Andes,,1,0,0
9101000297,05/18/2015,Asociación de Bomberos Voluntarios - San Martín de los Andes,,0,1,0
1100002086,05/18/2015,Asociación de Bomberos Voluntarios - San Martín de los Andes,,1,0,0
1100002087,05/19/2015,Asociación de Bomberos Voluntarios - San Martín de los Andes,,1,0,0
1100002088,05/19/2015,Asociación de Bomberos Voluntarios - San Martín de los Andes,,1,0,0
1100002089,05/19/2015,Asociación de Bomberos Voluntarios - San Martín de los Andes,,1,0,0
1100002090,05/19/2015,Asociación de Bomberos Voluntarios - San Martín de los Andes,,1,0,0
1100002091,05/19/2015,Asociación de Bomberos Voluntarios - San Martín de los Andes,,1,0,0
1100002092,05/19/2015,Asociación de Bomberos Voluntarios - San Martín de los Andes,,1,0,0
1100002093,05/19/2015,Asociación de Bomberos Voluntarios - San Martín de los Andes,,1,0,0
9101000298,05/19/2015,Asociación de Bomberos Voluntarios - San Martín de los Andes,,0,1,0
1200000508,05/19/2015,Asociación de Bomberos Voluntarios - San Martín de los Andes,,1,0,0
1100002094,05/19/2015,Asociación de Bomberos Voluntarios - San Martín de los Andes,,1,0,0
1100002095,05/19/2015,Asociación de Bomberos Voluntarios - San Martín de los Andes,,1,0,0
1200000509,05/19/2015,Asociación de Bomberos Voluntarios - San Martín de los Andes,,1,0,0
1200000510,05/19/2015,Asociación de Bomberos Voluntarios - San Martín de los Andes,,1,0,0
1100002096,05/19/2015,Asociación de Bomberos Voluntarios - San Martín de los Andes,,1,0,0
9101000299,05/19/2015,Asociación de Bomberos Voluntarios - San Martín de los Andes,,0,1,0
1100002097,05/19/2015,Asociación de Bomberos Voluntarios - San Martín de los Andes,,1,0,0
1100002098,05/19/2015,Asociación de Bomberos Voluntarios - San Martín de los Andes,,1,0,0
1100002099,05/19/2015,Asociación de Bomberos Voluntarios - San Martín de los Andes,,1,0,0
1100002100,05/19/2015,Asociación de Bomberos Voluntarios - San Martín de los Andes,,1,0,0
1100002101,05/19/2015,Asociación de Bomberos Voluntarios - San Martín de los Andes,,1,0,0
1200000511,05/19/2015,Asociación de Bomberos Voluntarios - San Martín de los Andes,,1,0,0
1100002102,05/19/2015,Asociación de Bomberos Voluntarios - San Martín de los Andes,,1,0,0
1100002103,05/19/2015,Asociación de Bomberos Voluntarios - San Martín de los Andes,,1,0,0
1200000512,05/19/2015,Asociación de Bomberos Voluntarios - San Martín de los Andes,,1,0,0
1100001917,05/18/2015,Veritecnica SRL,,1,0,0
1100001918,05/18/2015,Veritecnica SRL,,1,0,0
9102000608,05/18/2015,Veritecnica SRL,,0,0,1
1100001919,05/18/2015,Veritecnica SRL,,1,0,0
1100001920,05/18/2015,Veritecnica SRL,,1,0,0
9202000132,05/18/2015,Veritecnica SRL,,0,0,1
1200001555,05/18/2015,Veritecnica SRL,,1,0,0
9102000609,05/18/2015,Veritecnica SRL,,0,0,1
1100001921,05/18/2015,Veritecnica SRL,,1,0,0
1100001922,05/18/2015,Veritecnica SRL,,1,0,0
1100001923,05/18/2015,Veritecnica SRL,,1,0,0
1100001924,05/18/2015,Veritecnica SRL,,1,0,0
1100001925,05/18/2015,Veritecnica SRL,,1,0,0
9102000610,05/18/2015,Veritecnica SRL,,0,0,1
9102000611,05/18/2015,Veritecnica SRL,,0,0,1
9202000133,05/18/2015,Veritecnica SRL,,0,0,1
1100001926,05/18/2015,Veritecnica SRL,,1,0,0
1100001927,05/18/2015,Veritecnica SRL,,1,0,0
1100001928,05/18/2015,Veritecnica SRL,,1,0,0
1100001929,05/18/2015,Veritecnica SRL,,1,0,0
1200001556,05/18/2015,Veritecnica SRL,,1,0,0
1100001930,05/18/2015,Veritecnica SRL,,1,0,0
9102000612,05/18/2015,Veritecnica SRL,,0,1,0
9102000613,05/18/2015,Veritecnica SRL,,0,0,1
1100001931,05/18/2015,Veritecnica SRL,,1,0,0
1100001932,05/18/2015,Veritecnica SRL,,1,0,0
1100001933,05/18/2015,Veritecnica SRL,,1,0,0
1100001934,05/18/2015,Veritecnica SRL,,1,0,0
9102000614,05/18/2015,Veritecnica SRL,,0,1,0
9102000615,05/18/2015,Veritecnica SRL,,0,1,0
1100001935,05/18/2015,Veritecnica SRL,,1,0,0
9102000616,05/18/2015,Veritecnica SRL,,0,1,0
1100001936,05/18/2015,Veritecnica SRL,,1,0,0
1100001937,05/18/2015,Veritecnica SRL,,1,0,0
1100001938,05/18/2015,Veritecnica SRL,,1,0,0
1100001939,05/18/2015,Veritecnica SRL,,1,0,0
1100001940,05/18/2015,Veritecnica SRL,,1,0,0
1100001941,05/18/2015,Veritecnica SRL,,1,0,0
1100001942,05/18/2015,Veritecnica SRL,,1,0,0
1100001943,05/18/2015,Veritecnica SRL,,1,0,0
1100001944,05/18/2015,Veritecnica SRL,,1,0,0
1100001945,05/19/2015,Veritecnica SRL,,1,0,0
9202000134,05/19/2015,Veritecnica SRL,,0,0,1
9102000617,05/19/2015,Veritecnica SRL,,0,0,1
1100001946,05/19/2015,Veritecnica SRL,,1,0,0
1200001557,05/19/2015,Veritecnica SRL,,1,0,0
1100001947,05/19/2015,Veritecnica SRL,,1,0,0
1100001948,05/19/2015,Veritecnica SRL,,1,0,0
9202000135,05/19/2015,Veritecnica SRL,,0,0,1
1100001949,05/19/2015,Veritecnica SRL,,1,0,0
9102000618,05/19/2015,Veritecnica SRL,,0,0,1
1100001950,05/19/2015,Veritecnica SRL,,1,0,0
1200001558,05/19/2015,Veritecnica SRL,,1,0,0
1100001951,05/19/2015,Veritecnica SRL,,1,0,0
1200001559,05/19/2015,Veritecnica SRL,,1,0,0
1200001560,05/19/2015,Veritecnica SRL,,1,0,0
1100001952,05/19/2015,Veritecnica SRL,,1,0,0
1100001953,05/19/2015,Veritecnica SRL,,1,0,0
1200001561,05/19/2015,Veritecnica SRL,,1,0,0
1200001562,05/19/2015,Veritecnica SRL,,1,0,0
9202000136,05/19/2015,Veritecnica SRL,,0,0,1
1100001954,05/19/2015,Veritecnica SRL,,1,0,0
9102000619,05/19/2015,Veritecnica SRL,,0,1,0
1100001955,05/19/2015,Veritecnica SRL,,1,0,0
9202000137,05/19/2015,Veritecnica SRL,,0,0,1
1100001956,05/19/2015,Veritecnica SRL,,1,0,0
9102000620,05/19/2015,Veritecnica SRL,,0,0,1
1200001563,05/19/2015,Veritecnica SRL,,1,0,0
1100001957,05/19/2015,Veritecnica SRL,,1,0,0
9202000138,05/19/2015,Veritecnica SRL,,0,0,1
1100001958,05/19/2015,Veritecnica SRL,,1,0,0
