Nrocertificado,Fecha,Idtaller,Dominiovehiculo,Aprobado,RechazadoLeveModerado,RechazadoGrave
26226,01/26/2015,Control SRL,,1,0,0
26227,01/26/2015,Control SRL,,1,0,0
23428,01/26/2015,Control SRL,,1,0,0
26228,01/26/2015,Control SRL,,1,0,0
26229,01/26/2015,Control SRL,,1,0,0
23429,01/26/2015,Control SRL,,1,0,0
26230,01/26/2015,Control SRL,,1,0,0
23430,01/26/2015,Control SRL,,1,0,0
3188,01/26/2015,Control SRL,,1,0,0
26231,01/26/2015,Control SRL,,1,0,0
26232,01/26/2015,Control SRL,,1,0,0
26233,01/26/2015,Control SRL,,1,0,0
26234,01/26/2015,Control SRL,,1,0,0
26235,01/26/2015,Control SRL,,1,0,0
26236,01/26/2015,Control SRL,,1,0,0
26237,01/26/2015,Control SRL,,1,0,0
26238,01/26/2015,Control SRL,,1,0,0
26239,01/26/2015,Control SRL,,1,0,0
26240,01/26/2015,Control SRL,,1,0,0
26241,01/26/2015,Control SRL,,1,0,0
23431,01/26/2015,Control SRL,,1,0,0
26242,01/26/2015,Control SRL,,1,0,0
3185,01/26/2015,Control SRL,,1,0,0
26243,01/26/2015,Control SRL,,1,0,0
26244,01/26/2015,Control SRL,,1,0,0
23432,01/26/2015,Control SRL,,1,0,0
23433,01/26/2015,Control SRL,,1,0,0
3190,01/26/2015,Control SRL,,1,0,0
3189,01/26/2015,Control SRL,,1,0,0
26245,01/26/2015,Control SRL,,1,0,0
3191,01/26/2015,Control SRL,,1,0,0
3629,01/26/2015,Control SRL,,1,0,0
3627,01/26/2015,Control SRL,,1,0,0
23434,01/26/2015,Control SRL,,1,0,0
26246,01/26/2015,Control SRL,,1,0,0
26247,01/26/2015,Control SRL,,1,0,0
26248,01/26/2015,Control SRL,,1,0,0
26249,01/26/2015,Control SRL,,1,0,0
26250,01/26/2015,Control SRL,,1,0,0
3631,01/26/2015,Control SRL,,1,0,0
3630,01/26/2015,Control SRL,,1,0,0
26251,01/26/2015,Control SRL,,1,0,0
26252,01/26/2015,Control SRL,,1,0,0
26253,01/26/2015,Control SRL,,1,0,0
26254,01/26/2015,Control SRL,,1,0,0
26255,01/26/2015,Control SRL,,1,0,0
26256,01/26/2015,Control SRL,,1,0,0
26257,01/26/2015,Control SRL,,1,0,0
6534,01/26/2015,Control SRL,,0,0,1
26258,01/26/2015,Control SRL,,1,0,0
6535,01/26/2015,Control SRL,,0,1,0
26259,01/26/2015,Control SRL,,1,0,0
3192,01/26/2015,Control SRL,,1,0,0
26260,01/26/2015,Control SRL,,1,0,0
26261,01/26/2015,Control SRL,,1,0,0
3194,01/26/2015,Control SRL,,1,0,0
3193,01/26/2015,Control SRL,,1,0,0
23435,01/26/2015,Control SRL,,1,0,0
24451,01/26/2015,Asociación de Bomberos Voluntarios - San Martín de los Andes,,1,0,0
24452,01/26/2015,Asociación de Bomberos Voluntarios - San Martín de los Andes,,1,0,0
24453,01/26/2015,Asociación de Bomberos Voluntarios - San Martín de los Andes,,1,0,0
3204,01/26/2015,Asociación de Bomberos Voluntarios - San Martín de los Andes,,1,0,0
24454,01/26/2015,Asociación de Bomberos Voluntarios - San Martín de los Andes,,1,0,0
24455,01/26/2015,Asociación de Bomberos Voluntarios - San Martín de los Andes,,1,0,0
6895,01/26/2015,Asociación de Bomberos Voluntarios - San Martín de los Andes,,0,1,0
24456,01/26/2015,Asociación de Bomberos Voluntarios - San Martín de los Andes,,1,0,0
24457,01/26/2015,Asociación de Bomberos Voluntarios - San Martín de los Andes,,1,0,0
24458,01/26/2015,Asociación de Bomberos Voluntarios - San Martín de los Andes,,1,0,0
24459,01/26/2015,Asociación de Bomberos Voluntarios - San Martín de los Andes,,1,0,0
24460,01/26/2015,Asociación de Bomberos Voluntarios - San Martín de los Andes,,1,0,0
24461,01/26/2015,Asociación de Bomberos Voluntarios - San Martín de los Andes,,1,0,0
24462,01/26/2015,Asociación de Bomberos Voluntarios - San Martín de los Andes,,1,0,0
24463,01/26/2015,Asociación de Bomberos Voluntarios - San Martín de los Andes,,1,0,0
7592,01/26/2015,Veritecnica SRL,,0,1,0
26414,01/26/2015,Veritecnica SRL,,1,0,0
26415,01/26/2015,Veritecnica SRL,,1,0,0
7593,01/26/2015,Veritecnica SRL,,0,1,0
26416,01/26/2015,Veritecnica SRL,,1,0,0
7554,01/26/2015,Veritecnica SRL,,0,1,0
26417,01/26/2015,Veritecnica SRL,,1,0,0
26418,01/26/2015,Veritecnica SRL,,1,0,0
23751,01/26/2015,Veritecnica SRL,,1,0,0
26419,01/26/2015,Veritecnica SRL,,1,0,0
23752,01/26/2015,Veritecnica SRL,,1,0,0
26420,01/26/2015,Veritecnica SRL,,1,0,0
7594,01/26/2015,Veritecnica SRL,,0,0,1
26421,01/26/2015,Veritecnica SRL,,1,0,0
26422,01/26/2015,Veritecnica SRL,,1,0,0
7595,01/26/2015,Veritecnica SRL,,0,1,0
26423,01/26/2015,Veritecnica SRL,,1,0,0
26424,01/26/2015,Veritecnica SRL,,1,0,0
26425,01/26/2015,Veritecnica SRL,,1,0,0
7596,01/26/2015,Veritecnica SRL,,0,1,0
26426,01/26/2015,Veritecnica SRL,,1,0,0
7597,01/26/2015,Veritecnica SRL,,0,1,0
26427,01/26/2015,Veritecnica SRL,,1,0,0
26428,01/26/2015,Veritecnica SRL,,1,0,0
26429,01/26/2015,Veritecnica SRL,,1,0,0
7598,01/26/2015,Veritecnica SRL,,0,1,0
26430,01/26/2015,Veritecnica SRL,,1,0,0
26431,01/26/2015,Veritecnica SRL,,1,0,0
3556,01/26/2015,Veritecnica SRL,,1,0,0
26432,01/26/2015,Veritecnica SRL,,1,0,0
26433,01/26/2015,Veritecnica SRL,,1,0,0
7599,01/26/2015,Veritecnica SRL,,0,1,0
3299,01/26/2015,Veritecnica SRL,,1,0,0
7600,01/26/2015,Veritecnica SRL,,0,1,0
26434,01/26/2015,Veritecnica SRL,,1,0,0
7601,01/26/2015,Veritecnica SRL,,0,0,1
26436,01/26/2015,Veritecnica SRL,,1,0,0
26435,01/26/2015,Veritecnica SRL,,1,0,0
26437,01/26/2015,Veritecnica SRL,,1,0,0
26438,01/26/2015,Veritecnica SRL,,1,0,0
26439,01/26/2015,Veritecnica SRL,,1,0,0
3557,01/26/2015,Veritecnica SRL,,1,0,0
3558,01/26/2015,Veritecnica SRL,,1,0,0
26440,01/26/2015,Veritecnica SRL,,1,0,0
3559,01/26/2015,Veritecnica SRL,,1,0,0
26442,01/26/2015,Veritecnica SRL,,1,0,0
26441,01/26/2015,Veritecnica SRL,,1,0,0
26443,01/26/2015,Veritecnica SRL,,1,0,0
3560,01/26/2015,Veritecnica SRL,,1,0,0
26444,01/26/2015,Veritecnica SRL,,1,0,0
26445,01/26/2015,Veritecnica SRL,,1,0,0
26446,01/26/2015,Veritecnica SRL,,1,0,0
26447,01/26/2015,Veritecnica SRL,,1,0,0
7602,01/26/2015,Veritecnica SRL,,0,1,0
7603,01/26/2015,Veritecnica SRL,,0,0,1
26448,01/26/2015,Veritecnica SRL,,1,0,0
26449,01/26/2015,Veritecnica SRL,,1,0,0
7604,01/26/2015,Veritecnica SRL,,0,0,1
26450,01/26/2015,Veritecnica SRL,,1,0,0
26451,01/26/2015,Veritecnica SRL,,1,0,0
26452,01/26/2015,Veritecnica SRL,,1,0,0
26453,01/26/2015,Veritecnica SRL,,1,0,0
