Nrocertificado,Fecha,Idtaller,Dominiovehiculo,Aprobado,RechazadoLeveModerado,RechazadoGrave
1200000330,03/16/2015,Control SRL,,1,0,0
9103000055,03/16/2015,Control SRL,,0,1,0
28242,03/16/2015,Control SRL,,1,0,0
28243,03/16/2015,Control SRL,,1,0,0
28244,03/16/2015,Control SRL,,1,0,0
9103000056,03/16/2015,Control SRL,,0,0,1
28245,03/16/2015,Control SRL,,1,0,0
28246,03/16/2015,Control SRL,,1,0,0
9103000057,03/16/2015,Control SRL,,0,1,0
28247,03/16/2015,Control SRL,,1,0,0
1200000331,03/16/2015,Control SRL,,1,0,0
28248,03/16/2015,Control SRL,,1,0,0
28249,03/16/2015,Control SRL,,1,0,0
28250,03/16/2015,Control SRL,,1,0,0
9103000058,03/16/2015,Control SRL,,0,1,0
28251,03/16/2015,Control SRL,,1,0,0
28252,03/16/2015,Control SRL,,1,0,0
1200000332,03/16/2015,Control SRL,,1,0,0
1200000333,03/16/2015,Control SRL,,1,0,0
9103000059,03/16/2015,Control SRL,,0,0,1
28253,03/16/2015,Control SRL,,1,0,0
28254,03/16/2015,Control SRL,,1,0,0
28255,03/16/2015,Control SRL,,1,0,0
28256,03/16/2015,Control SRL,,1,0,0
28257,03/16/2015,Control SRL,,1,0,0
28258,03/16/2015,Control SRL,,1,0,0
28259,03/16/2015,Control SRL,,1,0,0
28260,03/16/2015,Control SRL,,1,0,0
1200000334,03/16/2015,Control SRL,,1,0,0
28261,03/16/2015,Control SRL,,1,0,0
9203000023,03/16/2015,Control SRL,,0,1,0
1200000335,03/16/2015,Control SRL,,1,0,0
9103000060,03/16/2015,Control SRL,,0,1,0
28262,03/16/2015,Control SRL,,1,0,0
1200000336,03/16/2015,Control SRL,,1,0,0
28263,03/16/2015,Control SRL,,1,0,0
9101000112,03/16/2015,Asociación de Bomberos Voluntarios - San Martín de los Andes,,0,1,0
1200000133,03/16/2015,Asociación de Bomberos Voluntarios - San Martín de los Andes,,1,0,0
9101000113,03/16/2015,Asociación de Bomberos Voluntarios - San Martín de los Andes,,0,1,0
28688,03/16/2015,Asociación de Bomberos Voluntarios - San Martín de los Andes,,1,0,0
9101000114,03/16/2015,Asociación de Bomberos Voluntarios - San Martín de los Andes,,0,1,0
9101000115,03/16/2015,Asociación de Bomberos Voluntarios - San Martín de los Andes,,0,1,0
9101000116,03/16/2015,Asociación de Bomberos Voluntarios - San Martín de los Andes,,0,1,0
28689,03/16/2015,Asociación de Bomberos Voluntarios - San Martín de los Andes,,1,0,0
28690,03/16/2015,Asociación de Bomberos Voluntarios - San Martín de los Andes,,1,0,0
28691,03/16/2015,Asociación de Bomberos Voluntarios - San Martín de los Andes,,1,0,0
28692,03/16/2015,Asociación de Bomberos Voluntarios - San Martín de los Andes,,1,0,0
9101000117,03/16/2015,Asociación de Bomberos Voluntarios - San Martín de los Andes,,0,1,0
28693,03/16/2015,Asociación de Bomberos Voluntarios - San Martín de los Andes,,1,0,0
28694,03/16/2015,Asociación de Bomberos Voluntarios - San Martín de los Andes,,1,0,0
28695,03/16/2015,Asociación de Bomberos Voluntarios - San Martín de los Andes,,1,0,0
28696,03/16/2015,Asociación de Bomberos Voluntarios - San Martín de los Andes,,1,0,0
9101000118,03/16/2015,Asociación de Bomberos Voluntarios - San Martín de los Andes,,0,1,0
9101000119,03/16/2015,Asociación de Bomberos Voluntarios - San Martín de los Andes,,0,1,0
28697,03/16/2015,Asociación de Bomberos Voluntarios - San Martín de los Andes,,1,0,0
28860,03/16/2015,Veritecnica SRL,,1,0,0
28861,03/16/2015,Veritecnica SRL,,1,0,0
9102000318,03/16/2015,Veritecnica SRL,,0,1,0
28862,03/16/2015,Veritecnica SRL,,1,0,0
28863,03/16/2015,Veritecnica SRL,,1,0,0
9102000319,03/16/2015,Veritecnica SRL,,0,1,0
28864,03/16/2015,Veritecnica SRL,,1,0,0
28865,03/16/2015,Veritecnica SRL,,1,0,0
9102000320,03/16/2015,Veritecnica SRL,,0,1,0
9102000321,03/16/2015,Veritecnica SRL,,0,0,1
1200000446,03/16/2015,Veritecnica SRL,,1,0,0
28866,03/16/2015,Veritecnica SRL,,1,0,0
28867,03/16/2015,Veritecnica SRL,,1,0,0
1200000447,03/16/2015,Veritecnica SRL,,1,0,0
28868,03/16/2015,Veritecnica SRL,,1,0,0
1200000448,03/16/2015,Veritecnica SRL,,1,0,0
28869,03/16/2015,Veritecnica SRL,,1,0,0
1200000449,03/16/2015,Veritecnica SRL,,1,0,0
28870,03/16/2015,Veritecnica SRL,,1,0,0
1200000450,03/16/2015,Veritecnica SRL,,1,0,0
1200000451,03/16/2015,Veritecnica SRL,,1,0,0
1100000001,03/16/2015,Veritecnica SRL,,1,0,0
1100000002,03/16/2015,Veritecnica SRL,,1,0,0
1100000003,03/16/2015,Veritecnica SRL,,1,0,0
9102000322,03/16/2015,Veritecnica SRL,,0,1,0
1200000452,03/16/2015,Veritecnica SRL,,1,0,0
9102000323,03/16/2015,Veritecnica SRL,,0,0,1
1100000004,03/16/2015,Veritecnica SRL,,1,0,0
1100000005,03/16/2015,Veritecnica SRL,,1,0,0
9102000324,03/16/2015,Veritecnica SRL,,0,0,1
1100000006,03/16/2015,Veritecnica SRL,,1,0,0
1200000453,03/16/2015,Veritecnica SRL,,1,0,0
9102000325,03/16/2015,Veritecnica SRL,,0,1,0
1200000454,03/16/2015,Veritecnica SRL,,1,0,0
1100000007,03/16/2015,Veritecnica SRL,,1,0,0
1100000009,03/16/2015,Veritecnica SRL,,1,0,0
1100000010,03/16/2015,Veritecnica SRL,,1,0,0
1100000011,03/16/2015,Veritecnica SRL,,1,0,0
1100000012,03/16/2015,Veritecnica SRL,,1,0,0
