Nrocertificado,Fecha,Idtaller,Dominiovehiculo,Aprobado,RechazadoLeveModerado,RechazadoGrave
1200000306,03/12/2015,Control SRL,,1,0,0
28214,03/12/2015,Control SRL,,1,0,0
1200000307,03/12/2015,Control SRL,,1,0,0
28215,03/12/2015,Control SRL,,1,0,0
28216,03/12/2015,Control SRL,,1,0,0
28217,03/12/2015,Control SRL,,1,0,0
28218,03/12/2015,Control SRL,,1,0,0
9203000018,03/12/2015,Control SRL,,0,0,1
28219,03/12/2015,Control SRL,,1,0,0
9103000050,03/12/2015,Control SRL,,0,1,0
1200000308,03/12/2015,Control SRL,,1,0,0
9203000019,03/12/2015,Control SRL,,0,0,1
1200000309,03/12/2015,Control SRL,,1,0,0
1200000310,03/12/2015,Control SRL,,1,0,0
1200000311,03/12/2015,Control SRL,,1,0,0
1200000312,03/12/2015,Control SRL,,1,0,0
28220,03/12/2015,Control SRL,,1,0,0
1200000313,03/12/2015,Control SRL,,1,0,0
9103000051,03/12/2015,Control SRL,,0,0,1
9103000052,03/12/2015,Control SRL,,0,1,0
28221,03/12/2015,Control SRL,,1,0,0
28222,03/12/2015,Control SRL,,1,0,0
9203000020,03/12/2015,Control SRL,,0,0,1
28223,03/12/2015,Control SRL,,1,0,0
28224,03/12/2015,Control SRL,,1,0,0
9103000053,03/12/2015,Control SRL,,0,1,0
28225,03/12/2015,Control SRL,,1,0,0
28226,03/12/2015,Control SRL,,1,0,0
1200000314,03/13/2015,Control SRL,,1,0,0
1200000315,03/13/2015,Control SRL,,1,0,0
1200000316,03/13/2015,Control SRL,,1,0,0
1200000317,03/13/2015,Control SRL,,1,0,0
1200000318,03/13/2015,Control SRL,,1,0,0
28227,03/13/2015,Control SRL,,1,0,0
1200000319,03/13/2015,Control SRL,,1,0,0
9203000021,03/13/2015,Control SRL,,0,0,1
28228,03/13/2015,Control SRL,,1,0,0
28229,03/13/2015,Control SRL,,1,0,0
28230,03/13/2015,Control SRL,,1,0,0
28231,03/13/2015,Control SRL,,1,0,0
28232,03/13/2015,Control SRL,,1,0,0
1200000320,03/13/2015,Control SRL,,1,0,0
28233,03/13/2015,Control SRL,,1,0,0
9203000022,03/13/2015,Control SRL,,0,1,0
28234,03/13/2015,Control SRL,,1,0,0
1200000321,03/13/2015,Control SRL,,1,0,0
1200000322,03/13/2015,Control SRL,,1,0,0
1200000323,03/13/2015,Control SRL,,1,0,0
28235,03/13/2015,Control SRL,,1,0,0
28236,03/13/2015,Control SRL,,1,0,0
1200000324,03/13/2015,Control SRL,,1,0,0
1200000325,03/13/2015,Control SRL,,1,0,0
28237,03/13/2015,Control SRL,,1,0,0
28238,03/13/2015,Control SRL,,1,0,0
28239,03/13/2015,Control SRL,,1,0,0
1200000326,03/13/2015,Control SRL,,1,0,0
1200000327,03/13/2015,Control SRL,,1,0,0
28240,03/13/2015,Control SRL,,1,0,0
1200000328,03/13/2015,Control SRL,,1,0,0
28241,03/13/2015,Control SRL,,1,0,0
9103000054,03/13/2015,Control SRL,,0,0,1
1200000329,03/13/2015,Control SRL,,1,0,0
9201000014,03/12/2015,Asociación de Bomberos Voluntarios - San Martín de los Andes,,0,0,1
28659,03/12/2015,Asociación de Bomberos Voluntarios - San Martín de los Andes,,1,0,0
9101000095,03/12/2015,Asociación de Bomberos Voluntarios - San Martín de los Andes,,0,1,0
28660,03/12/2015,Asociación de Bomberos Voluntarios - San Martín de los Andes,,1,0,0
9101000096,03/12/2015,Asociación de Bomberos Voluntarios - San Martín de los Andes,,0,1,0
9101000097,03/12/2015,Asociación de Bomberos Voluntarios - San Martín de los Andes,,0,1,0
9101000098,03/12/2015,Asociación de Bomberos Voluntarios - San Martín de los Andes,,0,0,1
28661,03/12/2015,Asociación de Bomberos Voluntarios - San Martín de los Andes,,1,0,0
28662,03/12/2015,Asociación de Bomberos Voluntarios - San Martín de los Andes,,1,0,0
9101000099,03/12/2015,Asociación de Bomberos Voluntarios - San Martín de los Andes,,0,1,0
28663,03/12/2015,Asociación de Bomberos Voluntarios - San Martín de los Andes,,1,0,0
9101000100,03/12/2015,Asociación de Bomberos Voluntarios - San Martín de los Andes,,0,1,0
9101000101,03/12/2015,Asociación de Bomberos Voluntarios - San Martín de los Andes,,0,1,0
28664,03/12/2015,Asociación de Bomberos Voluntarios - San Martín de los Andes,,1,0,0
28665,03/12/2015,Asociación de Bomberos Voluntarios - San Martín de los Andes,,1,0,0
9101000102,03/12/2015,Asociación de Bomberos Voluntarios - San Martín de los Andes,,0,1,0
28666,03/12/2015,Asociación de Bomberos Voluntarios - San Martín de los Andes,,1,0,0
28667,03/12/2015,Asociación de Bomberos Voluntarios - San Martín de los Andes,,1,0,0
28668,03/12/2015,Asociación de Bomberos Voluntarios - San Martín de los Andes,,1,0,0
1200000127,03/12/2015,Asociación de Bomberos Voluntarios - San Martín de los Andes,,1,0,0
1200000128,03/13/2015,Asociación de Bomberos Voluntarios - San Martín de los Andes,,1,0,0
1200000129,03/13/2015,Asociación de Bomberos Voluntarios - San Martín de los Andes,,1,0,0
28669,03/13/2015,Asociación de Bomberos Voluntarios - San Martín de los Andes,,1,0,0
28670,03/13/2015,Asociación de Bomberos Voluntarios - San Martín de los Andes,,1,0,0
9101000103,03/13/2015,Asociación de Bomberos Voluntarios - San Martín de los Andes,,0,0,1
28671,03/13/2015,Asociación de Bomberos Voluntarios - San Martín de los Andes,,1,0,0
28672,03/13/2015,Asociación de Bomberos Voluntarios - San Martín de los Andes,,1,0,0
28673,03/13/2015,Asociación de Bomberos Voluntarios - San Martín de los Andes,,1,0,0
1200000130,03/13/2015,Asociación de Bomberos Voluntarios - San Martín de los Andes,,1,0,0
9101000104,03/13/2015,Asociación de Bomberos Voluntarios - San Martín de los Andes,,0,1,0
28674,03/13/2015,Asociación de Bomberos Voluntarios - San Martín de los Andes,,1,0,0
1200000131,03/13/2015,Asociación de Bomberos Voluntarios - San Martín de los Andes,,1,0,0
9101000105,03/13/2015,Asociación de Bomberos Voluntarios - San Martín de los Andes,,0,1,0
28675,03/13/2015,Asociación de Bomberos Voluntarios - San Martín de los Andes,,1,0,0
21868,03/13/2015,Asociación de Bomberos Voluntarios - San Martín de los Andes,,1,0,0
21869,03/13/2015,Asociación de Bomberos Voluntarios - San Martín de los Andes,,1,0,0
28676,03/13/2015,Asociación de Bomberos Voluntarios - San Martín de los Andes,,1,0,0
28677,03/13/2015,Asociación de Bomberos Voluntarios - San Martín de los Andes,,1,0,0
9101000106,03/13/2015,Asociación de Bomberos Voluntarios - San Martín de los Andes,,0,1,0
28678,03/13/2015,Asociación de Bomberos Voluntarios - San Martín de los Andes,,1,0,0
21870,03/13/2015,Asociación de Bomberos Voluntarios - San Martín de los Andes,,1,0,0
9101000107,03/13/2015,Asociación de Bomberos Voluntarios - San Martín de los Andes,,0,0,1
28679,03/13/2015,Asociación de Bomberos Voluntarios - San Martín de los Andes,,1,0,0
28680,03/13/2015,Asociación de Bomberos Voluntarios - San Martín de los Andes,,1,0,0
9101000108,03/13/2015,Asociación de Bomberos Voluntarios - San Martín de los Andes,,0,0,1
9101000109,03/13/2015,Asociación de Bomberos Voluntarios - San Martín de los Andes,,0,1,0
9101000110,03/13/2015,Asociación de Bomberos Voluntarios - San Martín de los Andes,,0,0,1
28592,03/12/2015,Veritecnica SRL,,1,0,0
9102000291,03/12/2015,Veritecnica SRL,,0,0,1
28593,03/12/2015,Veritecnica SRL,,1,0,0
28594,03/12/2015,Veritecnica SRL,,1,0,0
28595,03/12/2015,Veritecnica SRL,,1,0,0
9102000292,03/12/2015,Veritecnica SRL,,0,1,0
28596,03/12/2015,Veritecnica SRL,,1,0,0
28597,03/12/2015,Veritecnica SRL,,1,0,0
28598,03/12/2015,Veritecnica SRL,,1,0,0
9202000053,03/12/2015,Veritecnica SRL,,0,0,1
1200000421,03/12/2015,Veritecnica SRL,,1,0,0
28599,03/12/2015,Veritecnica SRL,,1,0,0
28600,03/12/2015,Veritecnica SRL,,1,0,0
28801,03/12/2015,Veritecnica SRL,,1,0,0
1200000422,03/12/2015,Veritecnica SRL,,1,0,0
9102000293,03/12/2015,Veritecnica SRL,,0,1,0
28802,03/12/2015,Veritecnica SRL,,1,0,0
28803,03/12/2015,Veritecnica SRL,,1,0,0
28804,03/12/2015,Veritecnica SRL,,1,0,0
28805,03/12/2015,Veritecnica SRL,,1,0,0
9102000294,03/12/2015,Veritecnica SRL,,0,0,1
1200000423,03/12/2015,Veritecnica SRL,,1,0,0
9102000295,03/12/2015,Veritecnica SRL,,0,1,0
9102000296,03/12/2015,Veritecnica SRL,,0,0,1
9102000297,03/12/2015,Veritecnica SRL,,0,0,1
28806,03/12/2015,Veritecnica SRL,,1,0,0
1200000424,03/12/2015,Veritecnica SRL,,1,0,0
28807,03/12/2015,Veritecnica SRL,,1,0,0
1200000425,03/12/2015,Veritecnica SRL,,1,0,0
1200000426,03/12/2015,Veritecnica SRL,,1,0,0
28808,03/12/2015,Veritecnica SRL,,1,0,0
28809,03/12/2015,Veritecnica SRL,,1,0,0
28810,03/12/2015,Veritecnica SRL,,1,0,0
28811,03/12/2015,Veritecnica SRL,,1,0,0
9102000298,03/12/2015,Veritecnica SRL,,0,1,0
9102000299,03/12/2015,Veritecnica SRL,,0,0,1
1200000427,03/12/2015,Veritecnica SRL,,1,0,0
1200000428,03/12/2015,Veritecnica SRL,,1,0,0
28812,03/12/2015,Veritecnica SRL,,1,0,0
28813,03/12/2015,Veritecnica SRL,,1,0,0
9102000300,03/12/2015,Veritecnica SRL,,0,0,1
9102000301,03/12/2015,Veritecnica SRL,,0,1,0
28814,03/12/2015,Veritecnica SRL,,1,0,0
9102000302,03/12/2015,Veritecnica SRL,,0,1,0
28815,03/12/2015,Veritecnica SRL,,1,0,0
28816,03/12/2015,Veritecnica SRL,,1,0,0
28817,03/12/2015,Veritecnica SRL,,1,0,0
28818,03/12/2015,Veritecnica SRL,,1,0,0
1200000429,03/12/2015,Veritecnica SRL,,1,0,0
1200000430,03/12/2015,Veritecnica SRL,,1,0,0
28819,03/12/2015,Veritecnica SRL,,1,0,0
28820,03/12/2015,Veritecnica SRL,,1,0,0
9102000303,03/13/2015,Veritecnica SRL,,0,1,0
1200000431,03/13/2015,Veritecnica SRL,,1,0,0
1200000432,03/13/2015,Veritecnica SRL,,1,0,0
28821,03/13/2015,Veritecnica SRL,,1,0,0
1200000433,03/13/2015,Veritecnica SRL,,1,0,0
28822,03/13/2015,Veritecnica SRL,,1,0,0
9102000304,03/13/2015,Veritecnica SRL,,0,1,0
28823,03/13/2015,Veritecnica SRL,,1,0,0
1200000434,03/13/2015,Veritecnica SRL,,1,0,0
28824,03/13/2015,Veritecnica SRL,,1,0,0
1200000435,03/13/2015,Veritecnica SRL,,1,0,0
28825,03/13/2015,Veritecnica SRL,,1,0,0
9102000305,03/13/2015,Veritecnica SRL,,0,1,0
28826,03/13/2015,Veritecnica SRL,,1,0,0
28827,03/13/2015,Veritecnica SRL,,1,0,0
28828,03/13/2015,Veritecnica SRL,,1,0,0
9102000306,03/13/2015,Veritecnica SRL,,0,1,0
28829,03/13/2015,Veritecnica SRL,,1,0,0
28830,03/13/2015,Veritecnica SRL,,1,0,0
28831,03/13/2015,Veritecnica SRL,,1,0,0
28832,03/13/2015,Veritecnica SRL,,1,0,0
28833,03/13/2015,Veritecnica SRL,,1,0,0
28834,03/13/2015,Veritecnica SRL,,1,0,0
1200000436,03/13/2015,Veritecnica SRL,,1,0,0
9102000307,03/13/2015,Veritecnica SRL,,0,1,0
9102000308,03/13/2015,Veritecnica SRL,,0,1,0
9102000309,03/13/2015,Veritecnica SRL,,0,0,1
1200000437,03/13/2015,Veritecnica SRL,,1,0,0
28835,03/13/2015,Veritecnica SRL,,1,0,0
1200000438,03/13/2015,Veritecnica SRL,,1,0,0
9202000054,03/13/2015,Veritecnica SRL,,0,0,1
28836,03/13/2015,Veritecnica SRL,,1,0,0
1200000439,03/13/2015,Veritecnica SRL,,1,0,0
9102000310,03/13/2015,Veritecnica SRL,,0,0,1
9102000311,03/13/2015,Veritecnica SRL,,0,0,1
28837,03/13/2015,Veritecnica SRL,,1,0,0
9102000312,03/13/2015,Veritecnica SRL,,0,0,1
1200000440,03/13/2015,Veritecnica SRL,,1,0,0
1200000441,03/13/2015,Veritecnica SRL,,1,0,0
28838,03/13/2015,Veritecnica SRL,,1,0,0
1200000442,03/13/2015,Veritecnica SRL,,1,0,0
28839,03/13/2015,Veritecnica SRL,,1,0,0
28840,03/13/2015,Veritecnica SRL,,1,0,0
28841,03/13/2015,Veritecnica SRL,,1,0,0
9102000313,03/13/2015,Veritecnica SRL,,0,0,1
28842,03/13/2015,Veritecnica SRL,,1,0,0
1200000443,03/13/2015,Veritecnica SRL,,1,0,0
1200000444,03/13/2015,Veritecnica SRL,,1,0,0
28843,03/13/2015,Veritecnica SRL,,1,0,0
28844,03/13/2015,Veritecnica SRL,,1,0,0
28845,03/13/2015,Veritecnica SRL,,1,0,0
9102000314,03/13/2015,Veritecnica SRL,,0,0,1
28846,03/13/2015,Veritecnica SRL,,1,0,0
