Nrocertificado,Fecha,Idtaller,Dominiovehiculo,Aprobado,RechazadoLeveModerado,RechazadoGrave
1100002814,07/01/2015,Control SRL,,1,0,0
1100002815,07/01/2015,Control SRL,,1,0,0
1100002817,07/01/2015,Control SRL,,1,0,0
1100002816,07/01/2015,Control SRL,,1,0,0
9203000099,07/01/2015,Control SRL,,0,0,1
1100002818,07/01/2015,Control SRL,,1,0,0
9103000248,07/01/2015,Control SRL,,0,0,1
9103000249,07/01/2015,Control SRL,,0,0,1
1100002819,07/01/2015,Control SRL,,1,0,0
1100002820,07/01/2015,Control SRL,,1,0,0
1100002821,07/01/2015,Control SRL,,1,0,0
1100002822,07/01/2015,Control SRL,,1,0,0
1200002484,07/01/2015,Control SRL,,1,0,0
1100002823,07/01/2015,Control SRL,,1,0,0
1100002824,07/01/2015,Control SRL,,1,0,0
1200002329,07/01/2015,Control SRL,,1,0,0
1200002485,07/01/2015,Control SRL,,1,0,0
1100002825,07/01/2015,Control SRL,,1,0,0
1100002826,07/01/2015,Control SRL,,1,0,0
1100002827,07/01/2015,Control SRL,,1,0,0
1100002828,07/01/2015,Control SRL,,1,0,0
1100002829,07/01/2015,Control SRL,,1,0,0
1100002830,07/01/2015,Control SRL,,1,0,0
1200002482,07/01/2015,Control SRL,,1,0,0
1100003091,07/01/2015,Control SRL,,1,0,0
1100003092,07/01/2015,Control SRL,,1,0,0
1100003093,07/01/2015,Control SRL,,1,0,0
1200002486,07/01/2015,Control SRL,,1,0,0
1100003094,07/01/2015,Control SRL,,1,0,0
1100003095,07/01/2015,Control SRL,,1,0,0
1200002488,07/01/2015,Control SRL,,1,0,0
1200002487,07/01/2015,Control SRL,,1,0,0
1100003096,07/01/2015,Control SRL,,1,0,0
1100003097,07/01/2015,Control SRL,,1,0,0
1100003098,07/01/2015,Control SRL,,1,0,0
9103000250,07/01/2015,Control SRL,,0,0,1
1100003099,07/01/2015,Control SRL,,1,0,0
1100003100,07/01/2015,Control SRL,,1,0,0
1200002490,07/01/2015,Control SRL,,1,0,0
9203000100,07/01/2015,Control SRL,,0,0,1
1200002489,07/01/2015,Control SRL,,1,0,0
1100003111,07/01/2015,Control SRL,,1,0,0
1100003112,07/01/2015,Control SRL,,1,0,0
1100003113,07/01/2015,Control SRL,,1,0,0
1100003114,07/02/2015,Control SRL,,1,0,0
1100003115,07/02/2015,Control SRL,,1,0,0
1100003116,07/02/2015,Control SRL,,1,0,0
1100003117,07/02/2015,Control SRL,,1,0,0
1100003118,07/02/2015,Control SRL,,1,0,0
1100003119,07/02/2015,Control SRL,,1,0,0
9103000251,07/02/2015,Control SRL,,0,0,1
1100003120,07/02/2015,Control SRL,,1,0,0
1100002802,07/02/2015,Control SRL,,1,0,0
1100003121,07/02/2015,Control SRL,,1,0,0
1100003122,07/02/2015,Control SRL,,1,0,0
1100003123,07/02/2015,Control SRL,,1,0,0
1100003124,07/02/2015,Control SRL,,1,0,0
9203000101,07/02/2015,Control SRL,,0,0,1
1200002492,07/02/2015,Control SRL,,1,0,0
1100003125,07/02/2015,Control SRL,,1,0,0
9103000252,07/02/2015,Control SRL,,0,0,1
9103000253,07/02/2015,Control SRL,,0,1,0
1100003126,07/02/2015,Control SRL,,1,0,0
1100003127,07/02/2015,Control SRL,,1,0,0
1100003128,07/02/2015,Control SRL,,1,0,0
1100003129,07/02/2015,Control SRL,,1,0,0
1200002493,07/02/2015,Control SRL,,1,0,0
1200002491,07/02/2015,Control SRL,,1,0,0
1100003130,07/02/2015,Control SRL,,1,0,0
1200002494,07/02/2015,Control SRL,,1,0,0
1200002495,07/02/2015,Control SRL,,1,0,0
1100003131,07/02/2015,Control SRL,,1,0,0
1200002496,07/02/2015,Control SRL,,1,0,0
1100003132,07/02/2015,Control SRL,,1,0,0
1200002497,07/02/2015,Control SRL,,1,0,0
9103000254,07/02/2015,Control SRL,,0,0,1
1200002498,07/02/2015,Control SRL,,1,0,0
9103000255,07/02/2015,Control SRL,,0,0,1
1200002499,07/02/2015,Control SRL,,1,0,0
1200002500,07/02/2015,Control SRL,,1,0,0
1100003133,07/02/2015,Control SRL,,1,0,0
1200002501,07/02/2015,Control SRL,,1,0,0
1200002502,07/02/2015,Control SRL,,1,0,0
1200002503,07/02/2015,Control SRL,,1,0,0
1100003134,07/02/2015,Control SRL,,1,0,0
1200002504,07/02/2015,Control SRL,,1,0,0
1200002505,07/02/2015,Control SRL,,1,0,0
9203000102,07/02/2015,Control SRL,,0,1,0
1100003135,07/02/2015,Control SRL,,1,0,0
1100003136,07/02/2015,Control SRL,,1,0,0
1200002506,07/02/2015,Control SRL,,1,0,0
1100003137,07/02/2015,Control SRL,,1,0,0
1100003138,07/02/2015,Control SRL,,1,0,0
1100003139,07/02/2015,Control SRL,,1,0,0
1200002507,07/02/2015,Control SRL,,1,0,0
1100003140,07/02/2015,Control SRL,,1,0,0
1100003141,07/02/2015,Control SRL,,1,0,0
1200002508,07/02/2015,Control SRL,,1,0,0
1100003142,07/02/2015,Control SRL,,1,0,0
1100003143,07/02/2015,Control SRL,,1,0,0
1100003144,07/02/2015,Control SRL,,1,0,0
1100003145,07/02/2015,Control SRL,,1,0,0
9103000256,07/02/2015,Control SRL,,0,0,1
1100002903,07/01/2015,Asociación de Bomberos Voluntarios - San Martín de los Andes,,1,0,0
9101000390,07/01/2015,Asociación de Bomberos Voluntarios - San Martín de los Andes,,0,1,0
1100002904,07/01/2015,Asociación de Bomberos Voluntarios - San Martín de los Andes,,1,0,0
1100002905,07/01/2015,Asociación de Bomberos Voluntarios - San Martín de los Andes,,1,0,0
1100002906,07/01/2015,Asociación de Bomberos Voluntarios - San Martín de los Andes,,1,0,0
1100002907,07/01/2015,Asociación de Bomberos Voluntarios - San Martín de los Andes,,1,0,0
1200000867,07/01/2015,Asociación de Bomberos Voluntarios - San Martín de los Andes,,1,0,0
1100002908,07/01/2015,Asociación de Bomberos Voluntarios - San Martín de los Andes,,1,0,0
1100002909,07/01/2015,Asociación de Bomberos Voluntarios - San Martín de los Andes,,1,0,0
1100002910,07/01/2015,Asociación de Bomberos Voluntarios - San Martín de los Andes,,1,0,0
1100002911,07/01/2015,Asociación de Bomberos Voluntarios - San Martín de los Andes,,1,0,0
1100002912,07/01/2015,Asociación de Bomberos Voluntarios - San Martín de los Andes,,1,0,0
1200000868,07/01/2015,Asociación de Bomberos Voluntarios - San Martín de los Andes,,1,0,0
9201000088,07/01/2015,Asociación de Bomberos Voluntarios - San Martín de los Andes,,0,0,1
1100002913,07/01/2015,Asociación de Bomberos Voluntarios - San Martín de los Andes,,1,0,0
1100002914,07/01/2015,Asociación de Bomberos Voluntarios - San Martín de los Andes,,1,0,0
9101000391,07/01/2015,Asociación de Bomberos Voluntarios - San Martín de los Andes,,0,0,1
1100002915,07/01/2015,Asociación de Bomberos Voluntarios - San Martín de los Andes,,1,0,0
9101000392,07/01/2015,Asociación de Bomberos Voluntarios - San Martín de los Andes,,0,1,0
1100002916,07/01/2015,Asociación de Bomberos Voluntarios - San Martín de los Andes,,1,0,0
1200000869,07/01/2015,Asociación de Bomberos Voluntarios - San Martín de los Andes,,1,0,0
1100002917,07/01/2015,Asociación de Bomberos Voluntarios - San Martín de los Andes,,1,0,0
1100002918,07/01/2015,Asociación de Bomberos Voluntarios - San Martín de los Andes,,1,0,0
9101000393,07/02/2015,Asociación de Bomberos Voluntarios - San Martín de los Andes,,0,1,0
1100002919,07/02/2015,Asociación de Bomberos Voluntarios - San Martín de los Andes,,1,0,0
1100002920,07/02/2015,Asociación de Bomberos Voluntarios - San Martín de los Andes,,1,0,0
1100002921,07/02/2015,Asociación de Bomberos Voluntarios - San Martín de los Andes,,1,0,0
1100002922,07/02/2015,Asociación de Bomberos Voluntarios - San Martín de los Andes,,1,0,0
1100002923,07/02/2015,Asociación de Bomberos Voluntarios - San Martín de los Andes,,1,0,0
1100002924,07/02/2015,Asociación de Bomberos Voluntarios - San Martín de los Andes,,1,0,0
1100002925,07/02/2015,Asociación de Bomberos Voluntarios - San Martín de los Andes,,1,0,0
1100002926,07/02/2015,Asociación de Bomberos Voluntarios - San Martín de los Andes,,1,0,0
9101000394,07/02/2015,Asociación de Bomberos Voluntarios - San Martín de los Andes,,0,1,0
9101000395,07/02/2015,Asociación de Bomberos Voluntarios - San Martín de los Andes,,0,1,0
1100002930,07/02/2015,Asociación de Bomberos Voluntarios - San Martín de los Andes,,1,0,0
9101000396,07/02/2015,Asociación de Bomberos Voluntarios - San Martín de los Andes,,0,0,1
9101000397,07/02/2015,Asociación de Bomberos Voluntarios - San Martín de los Andes,,0,1,0
1100003554,07/01/2015,Veritecnica SRL,,1,0,0
1100003555,07/01/2015,Veritecnica SRL,,1,0,0
1100003556,07/01/2015,Veritecnica SRL,,1,0,0
1100003557,07/01/2015,Veritecnica SRL,,1,0,0
9102000833,07/01/2015,Veritecnica SRL,,0,0,1
1100003558,07/01/2015,Veritecnica SRL,,1,0,0
1100003559,07/01/2015,Veritecnica SRL,,1,0,0
1100003560,07/01/2015,Veritecnica SRL,,1,0,0
1100003561,07/01/2015,Veritecnica SRL,,1,0,0
1200001921,07/01/2015,Veritecnica SRL,,1,0,0
1100003562,07/01/2015,Veritecnica SRL,,1,0,0
9102000834,07/01/2015,Veritecnica SRL,,0,0,1
1100003563,07/01/2015,Veritecnica SRL,,1,0,0
1100003564,07/01/2015,Veritecnica SRL,,1,0,0
9102000835,07/01/2015,Veritecnica SRL,,0,1,0
9202000182,07/01/2015,Veritecnica SRL,,0,0,1
1200001922,07/01/2015,Veritecnica SRL,,1,0,0
9102000836,07/01/2015,Veritecnica SRL,,0,0,1
1100003565,07/01/2015,Veritecnica SRL,,1,0,0
9102000837,07/01/2015,Veritecnica SRL,,0,0,1
1100003566,07/01/2015,Veritecnica SRL,,1,0,0
9202000183,07/01/2015,Veritecnica SRL,,0,0,1
9102000838,07/01/2015,Veritecnica SRL,,0,0,1
1200001923,07/01/2015,Veritecnica SRL,,1,0,0
1200001924,07/01/2015,Veritecnica SRL,,1,0,0
1200001925,07/01/2015,Veritecnica SRL,,1,0,0
1100003567,07/01/2015,Veritecnica SRL,,1,0,0
1100003568,07/01/2015,Veritecnica SRL,,1,0,0
1100003569,07/01/2015,Veritecnica SRL,,1,0,0
9102000839,07/01/2015,Veritecnica SRL,,0,1,0
1100003570,07/01/2015,Veritecnica SRL,,1,0,0
1100003571,07/01/2015,Veritecnica SRL,,1,0,0
9102000840,07/01/2015,Veritecnica SRL,,0,1,0
1100003572,07/01/2015,Veritecnica SRL,,1,0,0
1100003573,07/01/2015,Veritecnica SRL,,1,0,0
9102000841,07/01/2015,Veritecnica SRL,,0,1,0
1100003574,07/01/2015,Veritecnica SRL,,1,0,0
1200001926,07/01/2015,Veritecnica SRL,,1,0,0
1200001927,07/01/2015,Veritecnica SRL,,1,0,0
1100003575,07/01/2015,Veritecnica SRL,,1,0,0
1100003576,07/01/2015,Veritecnica SRL,,1,0,0
1200001928,07/01/2015,Veritecnica SRL,,1,0,0
1100003577,07/01/2015,Veritecnica SRL,,1,0,0
1100003578,07/01/2015,Veritecnica SRL,,1,0,0
1200001929,07/01/2015,Veritecnica SRL,,1,0,0
9102000842,07/02/2015,Veritecnica SRL,,0,0,1
1100003579,07/02/2015,Veritecnica SRL,,1,0,0
9102000843,07/02/2015,Veritecnica SRL,,0,1,0
1100003580,07/02/2015,Veritecnica SRL,,1,0,0
9102000844,07/02/2015,Veritecnica SRL,,0,0,1
1100003581,07/02/2015,Veritecnica SRL,,1,0,0
1100003582,07/02/2015,Veritecnica SRL,,1,0,0
1200001930,07/02/2015,Veritecnica SRL,,1,0,0
1100003583,07/02/2015,Veritecnica SRL,,1,0,0
1200001931,07/02/2015,Veritecnica SRL,,1,0,0
9202000184,07/02/2015,Veritecnica SRL,,0,0,1
1200001932,07/02/2015,Veritecnica SRL,,1,0,0
1100003584,07/02/2015,Veritecnica SRL,,1,0,0
1100003585,07/02/2015,Veritecnica SRL,,1,0,0
9202000185,07/02/2015,Veritecnica SRL,,0,0,1
1100003586,07/02/2015,Veritecnica SRL,,1,0,0
1200001933,07/02/2015,Veritecnica SRL,,1,0,0
9202000186,07/02/2015,Veritecnica SRL,,0,0,1
1100003587,07/02/2015,Veritecnica SRL,,1,0,0
9102000845,07/02/2015,Veritecnica SRL,,0,0,1
1100003588,07/02/2015,Veritecnica SRL,,1,0,0
1100003589,07/02/2015,Veritecnica SRL,,1,0,0
9102000846,07/02/2015,Veritecnica SRL,,0,0,1
1100003590,07/02/2015,Veritecnica SRL,,1,0,0
1200001934,07/02/2015,Veritecnica SRL,,1,0,0
1200001935,07/02/2015,Veritecnica SRL,,1,0,0
1200001936,07/02/2015,Veritecnica SRL,,1,0,0
1200001937,07/02/2015,Veritecnica SRL,,1,0,0
1100003591,07/02/2015,Veritecnica SRL,,1,0,0
1100003592,07/02/2015,Veritecnica SRL,,1,0,0
1100003593,07/02/2015,Veritecnica SRL,,1,0,0
1100003594,07/02/2015,Veritecnica SRL,,1,0,0
9102000847,07/02/2015,Veritecnica SRL,,0,0,1
1100003595,07/02/2015,Veritecnica SRL,,1,0,0
1200001938,07/02/2015,Veritecnica SRL,,1,0,0
1100003596,07/02/2015,Veritecnica SRL,,1,0,0
1100003597,07/02/2015,Veritecnica SRL,,1,0,0
1100003598,07/02/2015,Veritecnica SRL,,1,0,0
1100003600,07/02/2015,Veritecnica SRL,,1,0,0
1100003599,07/02/2015,Veritecnica SRL,,1,0,0
1200001939,07/02/2015,Veritecnica SRL,,1,0,0
1100003601,07/02/2015,Veritecnica SRL,,1,0,0
1100003602,07/02/2015,Veritecnica SRL,,1,0,0
9102000848,07/02/2015,Veritecnica SRL,,0,0,1
1100003603,07/02/2015,Veritecnica SRL,,1,0,0
1200001940,07/02/2015,Veritecnica SRL,,1,0,0
