Nrocertificado,Fecha,Idtaller,Dominiovehiculo,Aprobado,RechazadoLeveModerado,RechazadoGrave
1100008347,11/26/2015,Control SRL,,1,0,0
1100008348,11/26/2015,Control SRL,,1,0,0
1100008349,11/26/2015,Control SRL,,1,0,0
1100008350,11/26/2015,Control SRL,,1,0,0
1100008351,11/26/2015,Control SRL,,1,0,0
9103000596,11/26/2015,Control SRL,,0,0,1
1100008353,11/26/2015,Control SRL,,1,0,0
1100008354,11/26/2015,Control SRL,,1,0,0
1100008352,11/26/2015,Control SRL,,1,0,0
1100008355,11/26/2015,Control SRL,,1,0,0
1100008356,11/26/2015,Control SRL,,1,0,0
9203000243,11/26/2015,Control SRL,,0,0,1
1100008357,11/26/2015,Control SRL,,1,0,0
1100008358,11/26/2015,Control SRL,,1,0,0
1100008359,11/26/2015,Control SRL,,1,0,0
1100008360,11/26/2015,Control SRL,,1,0,0
1100008361,11/26/2015,Control SRL,,1,0,0
1100008362,11/26/2015,Control SRL,,1,0,0
1100008363,11/26/2015,Control SRL,,1,0,0
1100008364,11/26/2015,Control SRL,,1,0,0
9103000597,11/26/2015,Control SRL,,0,0,1
1100008365,11/26/2015,Control SRL,,1,0,0
1100008366,11/26/2015,Control SRL,,1,0,0
1200004830,11/26/2015,Control SRL,,1,0,0
1100008367,11/26/2015,Control SRL,,1,0,0
1100008368,11/26/2015,Control SRL,,1,0,0
1100008369,11/26/2015,Control SRL,,1,0,0
1100008370,11/26/2015,Control SRL,,1,0,0
1100008371,11/26/2015,Control SRL,,1,0,0
1100008372,11/26/2015,Control SRL,,1,0,0
1100008373,11/26/2015,Control SRL,,1,0,0
1100008374,11/26/2015,Control SRL,,1,0,0
1100008375,11/26/2015,Control SRL,,1,0,0
1200004831,11/26/2015,Control SRL,,1,0,0
1200004832,11/26/2015,Control SRL,,1,0,0
1100008211,11/26/2015,Asociación de Bomberos Voluntarios - San Martín de los Andes,,1,0,0
1100008212,11/26/2015,Asociación de Bomberos Voluntarios - San Martín de los Andes,,1,0,0
1100008213,11/26/2015,Asociación de Bomberos Voluntarios - San Martín de los Andes,,1,0,0
1100008214,11/26/2015,Asociación de Bomberos Voluntarios - San Martín de los Andes,,1,0,0
1100008215,11/26/2015,Asociación de Bomberos Voluntarios - San Martín de los Andes,,1,0,0
9101000816,11/26/2015,Asociación de Bomberos Voluntarios - San Martín de los Andes,,0,0,1
1100008216,11/26/2015,Asociación de Bomberos Voluntarios - San Martín de los Andes,,1,0,0
9101000817,11/26/2015,Asociación de Bomberos Voluntarios - San Martín de los Andes,,0,1,0
1100008217,11/26/2015,Asociación de Bomberos Voluntarios - San Martín de los Andes,,1,0,0
9101000818,11/26/2015,Asociación de Bomberos Voluntarios - San Martín de los Andes,,0,1,0
1100008218,11/26/2015,Asociación de Bomberos Voluntarios - San Martín de los Andes,,1,0,0
1100008219,11/26/2015,Asociación de Bomberos Voluntarios - San Martín de los Andes,,1,0,0
1100008220,11/26/2015,Asociación de Bomberos Voluntarios - San Martín de los Andes,,1,0,0
1100008222,11/26/2015,Asociación de Bomberos Voluntarios - San Martín de los Andes,,1,0,0
1100008221,11/26/2015,Asociación de Bomberos Voluntarios - San Martín de los Andes,,1,0,0
9101000819,11/26/2015,Asociación de Bomberos Voluntarios - San Martín de los Andes,,0,1,0
9101000820,11/26/2015,Asociación de Bomberos Voluntarios - San Martín de los Andes,,0,1,0
1100008223,11/26/2015,Asociación de Bomberos Voluntarios - San Martín de los Andes,,1,0,0
1100008224,11/26/2015,Asociación de Bomberos Voluntarios - San Martín de los Andes,,1,0,0
1100008225,11/26/2015,Asociación de Bomberos Voluntarios - San Martín de los Andes,,1,0,0
1100008226,11/26/2015,Asociación de Bomberos Voluntarios - San Martín de los Andes,,1,0,0
1100008227,11/26/2015,Asociación de Bomberos Voluntarios - San Martín de los Andes,,1,0,0
1100008228,11/26/2015,Asociación de Bomberos Voluntarios - San Martín de los Andes,,1,0,0
9101000821,11/26/2015,Asociación de Bomberos Voluntarios - San Martín de los Andes,,0,1,0
1100008229,11/26/2015,Asociación de Bomberos Voluntarios - San Martín de los Andes,,1,0,0
9101000822,11/26/2015,Asociación de Bomberos Voluntarios - San Martín de los Andes,,0,1,0
1100008230,11/26/2015,Asociación de Bomberos Voluntarios - San Martín de los Andes,,1,0,0
1100008231,11/26/2015,Asociación de Bomberos Voluntarios - San Martín de los Andes,,1,0,0
1100008232,11/26/2015,Asociación de Bomberos Voluntarios - San Martín de los Andes,,1,0,0
1100008233,11/26/2015,Asociación de Bomberos Voluntarios - San Martín de los Andes,,1,0,0
9101000823,11/26/2015,Asociación de Bomberos Voluntarios - San Martín de los Andes,,0,1,0
1100008234,11/26/2015,Asociación de Bomberos Voluntarios - San Martín de los Andes,,1,0,0
1100008235,11/26/2015,Asociación de Bomberos Voluntarios - San Martín de los Andes,,1,0,0
1100008236,11/26/2015,Asociación de Bomberos Voluntarios - San Martín de los Andes,,1,0,0
1100008237,11/26/2015,Asociación de Bomberos Voluntarios - San Martín de los Andes,,1,0,0
9101000824,11/26/2015,Asociación de Bomberos Voluntarios - San Martín de los Andes,,0,0,1
9201000176,11/26/2015,Asociación de Bomberos Voluntarios - San Martín de los Andes,,0,0,1
1200002932,11/26/2015,Asociación de Bomberos Voluntarios - San Martín de los Andes,,1,0,0
1100008238,11/26/2015,Asociación de Bomberos Voluntarios - San Martín de los Andes,,1,0,0
1100008239,11/26/2015,Asociación de Bomberos Voluntarios - San Martín de los Andes,,1,0,0
1100008240,11/26/2015,Asociación de Bomberos Voluntarios - San Martín de los Andes,,1,0,0
1100008241,11/26/2015,Asociación de Bomberos Voluntarios - San Martín de los Andes,,1,0,0
9101000825,11/26/2015,Asociación de Bomberos Voluntarios - San Martín de los Andes,,0,1,0
1100008668,11/26/2015,Veritecnica SRL,,1,0,0
1100008667,11/26/2015,Veritecnica SRL,,1,0,0
1100008669,11/26/2015,Veritecnica SRL,,1,0,0
9102001771,11/26/2015,Veritecnica SRL,,0,1,0
1100008670,11/26/2015,Veritecnica SRL,,1,0,0
1100008671,11/26/2015,Veritecnica SRL,,1,0,0
1100008672,11/26/2015,Veritecnica SRL,,1,0,0
1100008673,11/26/2015,Veritecnica SRL,,1,0,0
1100008674,11/26/2015,Veritecnica SRL,,1,0,0
1200004549,11/26/2015,Veritecnica SRL,,1,0,0
9102001772,11/26/2015,Veritecnica SRL,,0,0,1
1100008675,11/26/2015,Veritecnica SRL,,1,0,0
1200004548,11/26/2015,Veritecnica SRL,,1,0,0
1100008676,11/26/2015,Veritecnica SRL,,1,0,0
1100008677,11/26/2015,Veritecnica SRL,,1,0,0
1100008678,11/26/2015,Veritecnica SRL,,1,0,0
9102001773,11/26/2015,Veritecnica SRL,,0,1,0
1200004550,11/26/2015,Veritecnica SRL,,1,0,0
1100008679,11/26/2015,Veritecnica SRL,,1,0,0
1100008680,11/26/2015,Veritecnica SRL,,1,0,0
9102001774,11/26/2015,Veritecnica SRL,,0,0,1
1100008681,11/26/2015,Veritecnica SRL,,1,0,0
9102001775,11/26/2015,Veritecnica SRL,,0,1,0
1100008682,11/26/2015,Veritecnica SRL,,1,0,0
1100008683,11/26/2015,Veritecnica SRL,,1,0,0
1200004551,11/26/2015,Veritecnica SRL,,1,0,0
1200004552,11/26/2015,Veritecnica SRL,,1,0,0
9102001776,11/26/2015,Veritecnica SRL,,0,1,0
1100008684,11/26/2015,Veritecnica SRL,,1,0,0
9102001777,11/26/2015,Veritecnica SRL,,0,1,0
1200004553,11/26/2015,Veritecnica SRL,,1,0,0
9202000415,11/26/2015,Veritecnica SRL,,0,0,1
1100008685,11/26/2015,Veritecnica SRL,,1,0,0
1100008686,11/26/2015,Veritecnica SRL,,1,0,0
9102001778,11/26/2015,Veritecnica SRL,,0,1,0
9102001779,11/26/2015,Veritecnica SRL,,0,1,0
9102001780,11/26/2015,Veritecnica SRL,,0,1,0
1100008687,11/26/2015,Veritecnica SRL,,1,0,0
1100008688,11/26/2015,Veritecnica SRL,,1,0,0
1100008689,11/26/2015,Veritecnica SRL,,1,0,0
9102001781,11/26/2015,Veritecnica SRL,,0,1,0
1100008690,11/26/2015,Veritecnica SRL,,1,0,0
9102001782,11/26/2015,Veritecnica SRL,,0,1,0
1100008691,11/26/2015,Veritecnica SRL,,1,0,0
1100008692,11/26/2015,Veritecnica SRL,,1,0,0
1100008693,11/26/2015,Veritecnica SRL,,1,0,0
1100008694,11/26/2015,Veritecnica SRL,,1,0,0
9102001783,11/26/2015,Veritecnica SRL,,0,0,1
1100008695,11/26/2015,Veritecnica SRL,,1,0,0
1100008696,11/26/2015,Veritecnica SRL,,1,0,0
