Nrocertificado,Fecha,Idtaller,Dominiovehiculo,Aprobado,RechazadoLeveModerado,RechazadoGrave
1100006534,10/17/2015,Asociación de Bomberos Voluntarios - San Martín de los Andes,,1,0,0
1200002874,10/17/2015,Asociación de Bomberos Voluntarios - San Martín de los Andes,,1,0,0
1100006535,10/17/2015,Asociación de Bomberos Voluntarios - San Martín de los Andes,,1,0,0
1100006536,10/17/2015,Asociación de Bomberos Voluntarios - San Martín de los Andes,,1,0,0
1100006537,10/17/2015,Asociación de Bomberos Voluntarios - San Martín de los Andes,,1,0,0
1200002875,10/17/2015,Asociación de Bomberos Voluntarios - San Martín de los Andes,,1,0,0
9101000636,10/17/2015,Asociación de Bomberos Voluntarios - San Martín de los Andes,,0,0,1
1100006538,10/17/2015,Asociación de Bomberos Voluntarios - San Martín de los Andes,,1,0,0
1100007047,10/17/2015,Veritecnica SRL,,1,0,0
1100007048,10/17/2015,Veritecnica SRL,,1,0,0
1100007049,10/17/2015,Veritecnica SRL,,1,0,0
1200003999,10/17/2015,Veritecnica SRL,,1,0,0
9102001504,10/17/2015,Veritecnica SRL,,0,0,1
1100007050,10/17/2015,Veritecnica SRL,,1,0,0
1200004000,10/17/2015,Veritecnica SRL,,1,0,0
1100007051,10/17/2015,Veritecnica SRL,,1,0,0
1200004001,10/17/2015,Veritecnica SRL,,1,0,0
1100007052,10/17/2015,Veritecnica SRL,,1,0,0
1100007053,10/17/2015,Veritecnica SRL,,1,0,0
9102001505,10/17/2015,Veritecnica SRL,,0,0,1
9102001506,10/17/2015,Veritecnica SRL,,0,1,0
9202000354,10/17/2015,Veritecnica SRL,,0,0,1
1100007054,10/17/2015,Veritecnica SRL,,1,0,0
