Nrocertificado,Fecha,Idtaller,Dominiovehiculo,Aprobado,RechazadoLeveModerado,RechazadoGrave
26759,02/21/2015,Asociación de Bomberos Voluntarios - San Martín de los Andes,,1,0,0
9101000001,02/21/2015,Asociación de Bomberos Voluntarios - San Martín de los Andes,,0,1,0
9101000002,02/21/2015,Asociación de Bomberos Voluntarios - San Martín de los Andes,,0,1,0
21851,02/21/2015,Asociación de Bomberos Voluntarios - San Martín de los Andes,,1,0,0
26760,02/21/2015,Asociación de Bomberos Voluntarios - San Martín de los Andes,,1,0,0
26761,02/21/2015,Asociación de Bomberos Voluntarios - San Martín de los Andes,,1,0,0
26762,02/21/2015,Asociación de Bomberos Voluntarios - San Martín de los Andes,,1,0,0
26763,02/21/2015,Asociación de Bomberos Voluntarios - San Martín de los Andes,,1,0,0
26764,02/21/2015,Asociación de Bomberos Voluntarios - San Martín de los Andes,,1,0,0
9201000001,02/21/2015,Asociación de Bomberos Voluntarios - San Martín de los Andes,,0,0,1
26765,02/21/2015,Asociación de Bomberos Voluntarios - San Martín de los Andes,,1,0,0
1200000101,02/21/2015,Asociación de Bomberos Voluntarios - San Martín de los Andes,,1,0,0
9101000003,02/21/2015,Asociación de Bomberos Voluntarios - San Martín de los Andes,,0,0,1
9101000004,02/21/2015,Asociación de Bomberos Voluntarios - San Martín de los Andes,,0,1,0
26766,02/21/2015,Asociación de Bomberos Voluntarios - San Martín de los Andes,,1,0,0
9201000002,02/21/2015,Asociación de Bomberos Voluntarios - San Martín de los Andes,,0,1,0
9101000005,02/21/2015,Asociación de Bomberos Voluntarios - San Martín de los Andes,,0,0,1
26767,02/21/2015,Asociación de Bomberos Voluntarios - San Martín de los Andes,,1,0,0
1200000102,02/21/2015,Asociación de Bomberos Voluntarios - San Martín de los Andes,,1,0,0
23893,02/21/2015,Veritecnica SRL,,1,0,0
23894,02/21/2015,Veritecnica SRL,,1,0,0
9102000191,02/21/2015,Veritecnica SRL,,0,0,1
23895,02/21/2015,Veritecnica SRL,,1,0,0
28309,02/21/2015,Veritecnica SRL,,1,0,0
28310,02/21/2015,Veritecnica SRL,,1,0,0
23896,02/21/2015,Veritecnica SRL,,1,0,0
28311,02/21/2015,Veritecnica SRL,,1,0,0
28312,02/21/2015,Veritecnica SRL,,1,0,0
28313,02/21/2015,Veritecnica SRL,,1,0,0
28314,02/21/2015,Veritecnica SRL,,1,0,0
28315,02/21/2015,Veritecnica SRL,,1,0,0
28316,02/21/2015,Veritecnica SRL,,1,0,0
9102000192,02/21/2015,Veritecnica SRL,,0,1,0
9102000193,02/21/2015,Veritecnica SRL,,0,1,0
9102000194,02/21/2015,Veritecnica SRL,,0,0,1
23897,02/21/2015,Veritecnica SRL,,1,0,0
28318,02/21/2015,Veritecnica SRL,,1,0,0
23898,02/21/2015,Veritecnica SRL,,1,0,0
