Nrocertificado,Fecha,Idtaller,Dominiovehiculo,Aprobado,RechazadoLeveModerado,RechazadoGrave
1200002211,07/23/2015,Control SRL,,1,0,0
1100003645,07/23/2015,Control SRL,,1,0,0
1200002212,07/23/2015,Control SRL,,1,0,0
9103000304,07/23/2015,Control SRL,,0,0,1
9103000305,07/23/2015,Control SRL,,0,0,1
1100003646,07/23/2015,Control SRL,,1,0,0
1100003647,07/23/2015,Control SRL,,1,0,0
9203000124,07/23/2015,Control SRL,,0,0,1
1200002213,07/23/2015,Control SRL,,1,0,0
1100003648,07/23/2015,Control SRL,,1,0,0
1100003649,07/23/2015,Control SRL,,1,0,0
1100003650,07/23/2015,Control SRL,,1,0,0
1100003651,07/23/2015,Control SRL,,1,0,0
1100003652,07/23/2015,Control SRL,,1,0,0
1100003653,07/23/2015,Control SRL,,1,0,0
9103000306,07/23/2015,Control SRL,,0,0,1
1200002214,07/23/2015,Control SRL,,1,0,0
1200002215,07/23/2015,Control SRL,,1,0,0
1100003654,07/23/2015,Control SRL,,1,0,0
1100003655,07/23/2015,Control SRL,,1,0,0
1100003656,07/23/2015,Control SRL,,1,0,0
1100003657,07/24/2015,Control SRL,,1,0,0
9103000307,07/24/2015,Control SRL,,0,0,1
1100003661,07/24/2015,Control SRL,,1,0,0
9203000125,07/24/2015,Control SRL,,0,0,1
1100003662,07/24/2015,Control SRL,,1,0,0
1100003663,07/24/2015,Control SRL,,1,0,0
1100003664,07/24/2015,Control SRL,,1,0,0
1100003665,07/24/2015,Control SRL,,1,0,0
1100003666,07/24/2015,Control SRL,,1,0,0
1100003667,07/24/2015,Control SRL,,1,0,0
1100003668,07/24/2015,Control SRL,,1,0,0
1100003669,07/24/2015,Control SRL,,1,0,0
1200002216,07/24/2015,Control SRL,,1,0,0
1200002217,07/24/2015,Control SRL,,1,0,0
1100003670,07/24/2015,Control SRL,,1,0,0
9103000308,07/24/2015,Control SRL,,0,0,1
1100003671,07/24/2015,Control SRL,,1,0,0
1100003672,07/24/2015,Control SRL,,1,0,0
1100003673,07/24/2015,Control SRL,,1,0,0
1100003674,07/24/2015,Control SRL,,1,0,0
1100003675,07/24/2015,Control SRL,,1,0,0
1100003676,07/24/2015,Control SRL,,1,0,0
1100003677,07/24/2015,Control SRL,,1,0,0
1100003045,07/23/2015,Asociación de Bomberos Voluntarios - San Martín de los Andes,,1,0,0
1100003046,07/23/2015,Asociación de Bomberos Voluntarios - San Martín de los Andes,,1,0,0
9201000095,07/23/2015,Asociación de Bomberos Voluntarios - San Martín de los Andes,,0,0,1
1100003047,07/23/2015,Asociación de Bomberos Voluntarios - San Martín de los Andes,,1,0,0
9101000434,07/23/2015,Asociación de Bomberos Voluntarios - San Martín de los Andes,,0,1,0
9201000096,07/23/2015,Asociación de Bomberos Voluntarios - San Martín de los Andes,,0,0,1
9201000097,07/23/2015,Asociación de Bomberos Voluntarios - San Martín de los Andes,,0,1,0
1200000898,07/23/2015,Asociación de Bomberos Voluntarios - San Martín de los Andes,,1,0,0
1100003048,07/23/2015,Asociación de Bomberos Voluntarios - San Martín de los Andes,,1,0,0
1100003049,07/23/2015,Asociación de Bomberos Voluntarios - San Martín de los Andes,,1,0,0
1100003050,07/23/2015,Asociación de Bomberos Voluntarios - San Martín de los Andes,,1,0,0
1100003051,07/23/2015,Asociación de Bomberos Voluntarios - San Martín de los Andes,,1,0,0
1100003052,07/24/2015,Asociación de Bomberos Voluntarios - San Martín de los Andes,,1,0,0
9101000435,07/24/2015,Asociación de Bomberos Voluntarios - San Martín de los Andes,,0,0,1
9101000436,07/24/2015,Asociación de Bomberos Voluntarios - San Martín de los Andes,,0,1,0
1100003053,07/24/2015,Asociación de Bomberos Voluntarios - San Martín de los Andes,,1,0,0
1200000899,07/24/2015,Asociación de Bomberos Voluntarios - San Martín de los Andes,,1,0,0
1100003054,07/24/2015,Asociación de Bomberos Voluntarios - San Martín de los Andes,,1,0,0
1100003055,07/24/2015,Asociación de Bomberos Voluntarios - San Martín de los Andes,,1,0,0
9101000437,07/24/2015,Asociación de Bomberos Voluntarios - San Martín de los Andes,,0,0,1
9101000438,07/24/2015,Asociación de Bomberos Voluntarios - San Martín de los Andes,,0,1,0
1200000900,07/24/2015,Asociación de Bomberos Voluntarios - San Martín de los Andes,,1,0,0
1100003056,07/24/2015,Asociación de Bomberos Voluntarios - San Martín de los Andes,,1,0,0
1100003057,07/24/2015,Asociación de Bomberos Voluntarios - San Martín de los Andes,,1,0,0
1100003058,07/24/2015,Asociación de Bomberos Voluntarios - San Martín de los Andes,,1,0,0
1100004185,07/23/2015,Veritecnica SRL,,1,0,0
9102001023,07/23/2015,Veritecnica SRL,,0,0,1
1100004186,07/23/2015,Veritecnica SRL,,1,0,0
1200002641,07/23/2015,Veritecnica SRL,,1,0,0
1100004187,07/23/2015,Veritecnica SRL,,1,0,0
1100004188,07/23/2015,Veritecnica SRL,,1,0,0
9202000225,07/23/2015,Veritecnica SRL,,0,0,1
1100004189,07/23/2015,Veritecnica SRL,,1,0,0
1100004190,07/23/2015,Veritecnica SRL,,1,0,0
1100004191,07/23/2015,Veritecnica SRL,,1,0,0
1200002642,07/23/2015,Veritecnica SRL,,1,0,0
1100004192,07/23/2015,Veritecnica SRL,,1,0,0
1100004193,07/23/2015,Veritecnica SRL,,1,0,0
1200002643,07/23/2015,Veritecnica SRL,,1,0,0
1100004194,07/23/2015,Veritecnica SRL,,1,0,0
9102001024,07/23/2015,Veritecnica SRL,,0,0,1
1100004195,07/23/2015,Veritecnica SRL,,1,0,0
1200002644,07/23/2015,Veritecnica SRL,,1,0,0
1200002645,07/23/2015,Veritecnica SRL,,1,0,0
1100004196,07/23/2015,Veritecnica SRL,,1,0,0
1200002646,07/23/2015,Veritecnica SRL,,1,0,0
1200002647,07/23/2015,Veritecnica SRL,,1,0,0
1200002648,07/23/2015,Veritecnica SRL,,1,0,0
1100004197,07/23/2015,Veritecnica SRL,,1,0,0
9102001025,07/23/2015,Veritecnica SRL,,0,0,1
1100004198,07/23/2015,Veritecnica SRL,,1,0,0
9102001026,07/23/2015,Veritecnica SRL,,0,1,0
1100004199,07/23/2015,Veritecnica SRL,,1,0,0
1100004200,07/23/2015,Veritecnica SRL,,1,0,0
9102001027,07/23/2015,Veritecnica SRL,,0,1,0
1100004201,07/23/2015,Veritecnica SRL,,1,0,0
1100004202,07/23/2015,Veritecnica SRL,,1,0,0
1200002649,07/23/2015,Veritecnica SRL,,1,0,0
1100004203,07/23/2015,Veritecnica SRL,,1,0,0
1100004204,07/23/2015,Veritecnica SRL,,1,0,0
1100004205,07/23/2015,Veritecnica SRL,,1,0,0
9202000226,07/24/2015,Veritecnica SRL,,0,0,1
1100004206,07/24/2015,Veritecnica SRL,,1,0,0
1200002650,07/24/2015,Veritecnica SRL,,1,0,0
1100004207,07/24/2015,Veritecnica SRL,,1,0,0
1100004208,07/24/2015,Veritecnica SRL,,1,0,0
9102001028,07/24/2015,Veritecnica SRL,,0,0,1
1200002651,07/24/2015,Veritecnica SRL,,1,0,0
1200002652,07/24/2015,Veritecnica SRL,,1,0,0
1100004209,07/24/2015,Veritecnica SRL,,1,0,0
1100004210,07/24/2015,Veritecnica SRL,,1,0,0
1100004211,07/24/2015,Veritecnica SRL,,1,0,0
9102001029,07/24/2015,Veritecnica SRL,,0,1,0
1100004212,07/24/2015,Veritecnica SRL,,1,0,0
1200002653,07/24/2015,Veritecnica SRL,,1,0,0
1200002654,07/24/2015,Veritecnica SRL,,1,0,0
9202000227,07/24/2015,Veritecnica SRL,,0,0,1
1200002655,07/24/2015,Veritecnica SRL,,1,0,0
1200002656,07/24/2015,Veritecnica SRL,,1,0,0
9202000228,07/24/2015,Veritecnica SRL,,0,0,1
1200002658,07/24/2015,Veritecnica SRL,,1,0,0
1200002659,07/24/2015,Veritecnica SRL,,1,0,0
1200002660,07/24/2015,Veritecnica SRL,,1,0,0
9102001030,07/24/2015,Veritecnica SRL,,0,1,0
9202000229,07/24/2015,Veritecnica SRL,,0,0,1
9102001031,07/24/2015,Veritecnica SRL,,0,1,0
1100004213,07/24/2015,Veritecnica SRL,,1,0,0
1100004214,07/24/2015,Veritecnica SRL,,1,0,0
1200002661,07/24/2015,Veritecnica SRL,,1,0,0
9202000230,07/24/2015,Veritecnica SRL,,0,0,1
1100004215,07/24/2015,Veritecnica SRL,,1,0,0
1100004216,07/24/2015,Veritecnica SRL,,1,0,0
1200002662,07/24/2015,Veritecnica SRL,,1,0,0
9102001032,07/24/2015,Veritecnica SRL,,0,0,1
1200002663,07/24/2015,Veritecnica SRL,,1,0,0
9102001033,07/24/2015,Veritecnica SRL,,0,1,0
1100004217,07/24/2015,Veritecnica SRL,,1,0,0
1100004218,07/24/2015,Veritecnica SRL,,1,0,0
9102001034,07/24/2015,Veritecnica SRL,,0,1,0
1100004219,07/24/2015,Veritecnica SRL,,1,0,0
