Nrocertificado,Fecha,Idtaller,Dominiovehiculo,Aprobado,RechazadoLeveModerado,RechazadoGrave
9103000401,09/29/2015,Control SRL,,0,0,1
9203000191,09/29/2015,Control SRL,,0,0,1
1100005922,09/29/2015,Control SRL,,1,0,0
1100005923,09/29/2015,Control SRL,,1,0,0
1100005924,09/29/2015,Control SRL,,1,0,0
9103000402,09/29/2015,Control SRL,,0,0,1
9103000403,09/29/2015,Control SRL,,0,0,1
1100005925,09/29/2015,Control SRL,,1,0,0
9103000404,09/29/2015,Control SRL,,0,0,1
1100005926,09/29/2015,Control SRL,,1,0,0
9103000405,09/29/2015,Control SRL,,0,0,1
9103000406,09/29/2015,Control SRL,,0,0,1
9103000407,09/29/2015,Control SRL,,0,0,1
1100005927,09/29/2015,Control SRL,,1,0,0
1100005931,09/29/2015,Control SRL,,1,0,0
1100005932,09/29/2015,Control SRL,,1,0,0
1200003650,09/29/2015,Control SRL,,1,0,0
1100005933,09/29/2015,Control SRL,,1,0,0
1100005934,09/29/2015,Control SRL,,1,0,0
1100005935,09/29/2015,Control SRL,,1,0,0
9103000408,09/29/2015,Control SRL,,0,0,1
9103000409,09/29/2015,Control SRL,,0,0,1
1100005936,09/29/2015,Control SRL,,1,0,0
1100005937,09/29/2015,Control SRL,,1,0,0
1100005938,09/29/2015,Control SRL,,1,0,0
1200003803,09/29/2015,Control SRL,,1,0,0
1200003801,09/29/2015,Control SRL,,1,0,0
1200003802,09/29/2015,Control SRL,,1,0,0
1100005939,09/29/2015,Control SRL,,1,0,0
1100005940,09/29/2015,Control SRL,,1,0,0
1100005941,09/30/2015,Control SRL,,1,0,0
1100005942,09/30/2015,Control SRL,,1,0,0
1100005943,09/30/2015,Control SRL,,1,0,0
1100005944,09/30/2015,Control SRL,,1,0,0
1100005945,09/30/2015,Control SRL,,1,0,0
1100005946,09/30/2015,Control SRL,,1,0,0
1200003804,09/30/2015,Control SRL,,1,0,0
9103000410,09/30/2015,Control SRL,,0,0,1
1100005947,09/30/2015,Control SRL,,1,0,0
1200003805,09/30/2015,Control SRL,,1,0,0
1200003806,09/30/2015,Control SRL,,1,0,0
9103000411,09/30/2015,Control SRL,,0,0,1
9103000412,09/30/2015,Control SRL,,0,0,1
1100005948,09/30/2015,Control SRL,,1,0,0
1200003807,09/30/2015,Control SRL,,1,0,0
1100005949,09/30/2015,Control SRL,,1,0,0
1200003808,09/30/2015,Control SRL,,1,0,0
1200003809,09/30/2015,Control SRL,,1,0,0
1200003810,09/30/2015,Control SRL,,1,0,0
1100005950,09/30/2015,Control SRL,,1,0,0
9103000413,09/30/2015,Control SRL,,0,0,1
1200003811,09/30/2015,Control SRL,,1,0,0
9103000414,09/30/2015,Control SRL,,0,0,1
1100005951,09/30/2015,Control SRL,,1,0,0
1100005952,09/30/2015,Control SRL,,1,0,0
9103000415,09/30/2015,Control SRL,,0,0,1
1200002857,09/29/2015,Asociación de Bomberos Voluntarios - San Martín de los Andes,,1,0,0
1100005751,09/29/2015,Asociación de Bomberos Voluntarios - San Martín de los Andes,,1,0,0
1100005752,09/29/2015,Asociación de Bomberos Voluntarios - San Martín de los Andes,,1,0,0
1100005753,09/29/2015,Asociación de Bomberos Voluntarios - San Martín de los Andes,,1,0,0
9101000576,09/29/2015,Asociación de Bomberos Voluntarios - San Martín de los Andes,,0,0,1
1100005754,09/29/2015,Asociación de Bomberos Voluntarios - San Martín de los Andes,,1,0,0
1100005755,09/29/2015,Asociación de Bomberos Voluntarios - San Martín de los Andes,,1,0,0
1100005756,09/29/2015,Asociación de Bomberos Voluntarios - San Martín de los Andes,,1,0,0
1200002858,09/29/2015,Asociación de Bomberos Voluntarios - San Martín de los Andes,,1,0,0
1100005757,09/29/2015,Asociación de Bomberos Voluntarios - San Martín de los Andes,,1,0,0
1100005758,09/29/2015,Asociación de Bomberos Voluntarios - San Martín de los Andes,,1,0,0
9101000577,09/29/2015,Asociación de Bomberos Voluntarios - San Martín de los Andes,,0,1,0
9101000578,09/29/2015,Asociación de Bomberos Voluntarios - San Martín de los Andes,,0,0,1
1200002859,09/29/2015,Asociación de Bomberos Voluntarios - San Martín de los Andes,,1,0,0
1100005759,09/29/2015,Asociación de Bomberos Voluntarios - San Martín de los Andes,,1,0,0
1100005760,09/29/2015,Asociación de Bomberos Voluntarios - San Martín de los Andes,,1,0,0
1100005761,09/30/2015,Asociación de Bomberos Voluntarios - San Martín de los Andes,,1,0,0
9101000579,09/30/2015,Asociación de Bomberos Voluntarios - San Martín de los Andes,,0,0,1
1100005762,09/30/2015,Asociación de Bomberos Voluntarios - San Martín de los Andes,,1,0,0
9101000580,09/30/2015,Asociación de Bomberos Voluntarios - San Martín de los Andes,,0,0,1
1100005763,09/30/2015,Asociación de Bomberos Voluntarios - San Martín de los Andes,,1,0,0
9101000581,09/30/2015,Asociación de Bomberos Voluntarios - San Martín de los Andes,,0,0,1
9101000582,09/30/2015,Asociación de Bomberos Voluntarios - San Martín de los Andes,,0,1,0
1100005764,09/30/2015,Asociación de Bomberos Voluntarios - San Martín de los Andes,,1,0,0
1100005765,09/30/2015,Asociación de Bomberos Voluntarios - San Martín de los Andes,,1,0,0
1100005766,09/30/2015,Asociación de Bomberos Voluntarios - San Martín de los Andes,,1,0,0
1100005767,09/30/2015,Asociación de Bomberos Voluntarios - San Martín de los Andes,,1,0,0
9201000140,09/30/2015,Asociación de Bomberos Voluntarios - San Martín de los Andes,,0,0,1
1100005768,09/30/2015,Asociación de Bomberos Voluntarios - San Martín de los Andes,,1,0,0
9101000583,09/30/2015,Asociación de Bomberos Voluntarios - San Martín de los Andes,,0,1,0
1100005769,09/30/2015,Asociación de Bomberos Voluntarios - San Martín de los Andes,,1,0,0
9101000584,09/30/2015,Asociación de Bomberos Voluntarios - San Martín de los Andes,,0,1,0
1100005770,09/30/2015,Asociación de Bomberos Voluntarios - San Martín de los Andes,,1,0,0
1100006317,09/29/2015,Veritecnica SRL,,1,0,0
9102001390,09/29/2015,Veritecnica SRL,,0,1,0
9102001391,09/29/2015,Veritecnica SRL,,0,1,0
1200003748,09/29/2015,Veritecnica SRL,,1,0,0
1100006318,09/29/2015,Veritecnica SRL,,1,0,0
1100006319,09/29/2015,Veritecnica SRL,,1,0,0
1200003749,09/29/2015,Veritecnica SRL,,1,0,0
9102001392,09/29/2015,Veritecnica SRL,,0,0,1
9102001393,09/29/2015,Veritecnica SRL,,0,0,1
1100006320,09/29/2015,Veritecnica SRL,,1,0,0
1100006321,09/29/2015,Veritecnica SRL,,1,0,0
1100006322,09/29/2015,Veritecnica SRL,,1,0,0
1200003750,09/29/2015,Veritecnica SRL,,1,0,0
1100006323,09/29/2015,Veritecnica SRL,,1,0,0
1100006324,09/29/2015,Veritecnica SRL,,1,0,0
9102001394,09/29/2015,Veritecnica SRL,,0,0,1
1100006325,09/29/2015,Veritecnica SRL,,1,0,0
9102001395,09/29/2015,Veritecnica SRL,,0,0,1
9102001396,09/29/2015,Veritecnica SRL,,0,0,1
1100006326,09/29/2015,Veritecnica SRL,,1,0,0
1100006327,09/29/2015,Veritecnica SRL,,1,0,0
1200003751,09/29/2015,Veritecnica SRL,,1,0,0
9202000312,09/29/2015,Veritecnica SRL,,0,0,1
1100006328,09/29/2015,Veritecnica SRL,,1,0,0
1200003752,09/29/2015,Veritecnica SRL,,1,0,0
1200003753,09/29/2015,Veritecnica SRL,,1,0,0
1100006329,09/29/2015,Veritecnica SRL,,1,0,0
9202000313,09/29/2015,Veritecnica SRL,,0,0,1
1200003754,09/29/2015,Veritecnica SRL,,1,0,0
1200003755,09/29/2015,Veritecnica SRL,,1,0,0
1200003756,09/29/2015,Veritecnica SRL,,1,0,0
1200003757,09/29/2015,Veritecnica SRL,,1,0,0
1200003758,09/29/2015,Veritecnica SRL,,1,0,0
1100006330,09/29/2015,Veritecnica SRL,,1,0,0
1200003759,09/29/2015,Veritecnica SRL,,1,0,0
9102001397,09/29/2015,Veritecnica SRL,,0,0,1
1100006331,09/29/2015,Veritecnica SRL,,1,0,0
1100006332,09/29/2015,Veritecnica SRL,,1,0,0
1200003760,09/29/2015,Veritecnica SRL,,1,0,0
1200003761,09/29/2015,Veritecnica SRL,,1,0,0
1200003762,09/29/2015,Veritecnica SRL,,1,0,0
1200003764,09/29/2015,Veritecnica SRL,,1,0,0
1200003763,09/29/2015,Veritecnica SRL,,1,0,0
1100006333,09/29/2015,Veritecnica SRL,,1,0,0
9202000314,09/29/2015,Veritecnica SRL,,0,0,1
1100006334,09/29/2015,Veritecnica SRL,,1,0,0
1100006335,09/29/2015,Veritecnica SRL,,1,0,0
1100006336,09/29/2015,Veritecnica SRL,,1,0,0
1100006337,09/29/2015,Veritecnica SRL,,1,0,0
1200003765,09/29/2015,Veritecnica SRL,,1,0,0
9102001398,09/29/2015,Veritecnica SRL,,0,0,1
1100006338,09/30/2015,Veritecnica SRL,,1,0,0
1100006339,09/30/2015,Veritecnica SRL,,1,0,0
1100006340,09/30/2015,Veritecnica SRL,,1,0,0
1100006341,09/30/2015,Veritecnica SRL,,1,0,0
9102001399,09/30/2015,Veritecnica SRL,,0,0,1
9102001400,09/30/2015,Veritecnica SRL,,0,1,0
1100006342,09/30/2015,Veritecnica SRL,,1,0,0
1100006343,09/30/2015,Veritecnica SRL,,1,0,0
1200003766,09/30/2015,Veritecnica SRL,,1,0,0
1200003767,09/30/2015,Veritecnica SRL,,1,0,0
9102001401,09/30/2015,Veritecnica SRL,,0,0,1
9102001402,09/30/2015,Veritecnica SRL,,0,0,1
1100006344,09/30/2015,Veritecnica SRL,,1,0,0
9102001403,09/30/2015,Veritecnica SRL,,0,0,1
9102001404,09/30/2015,Veritecnica SRL,,0,0,1
1100006345,09/30/2015,Veritecnica SRL,,1,0,0
9202000315,09/30/2015,Veritecnica SRL,,0,0,1
9202000316,09/30/2015,Veritecnica SRL,,0,0,1
1200003768,09/30/2015,Veritecnica SRL,,1,0,0
1100006346,09/30/2015,Veritecnica SRL,,1,0,0
1100006347,09/30/2015,Veritecnica SRL,,1,0,0
1200003769,09/30/2015,Veritecnica SRL,,1,0,0
1100006348,09/30/2015,Veritecnica SRL,,1,0,0
1100006349,09/30/2015,Veritecnica SRL,,1,0,0
1200003770,09/30/2015,Veritecnica SRL,,1,0,0
1100006351,09/30/2015,Veritecnica SRL,,1,0,0
1100006350,09/30/2015,Veritecnica SRL,,1,0,0
1200003771,09/30/2015,Veritecnica SRL,,1,0,0
1100006352,09/30/2015,Veritecnica SRL,,1,0,0
1200003772,09/30/2015,Veritecnica SRL,,1,0,0
9202000317,09/30/2015,Veritecnica SRL,,0,0,1
1100006353,09/30/2015,Veritecnica SRL,,1,0,0
