Nrocertificado,Fecha,Idtaller,Dominiovehiculo,Aprobado,RechazadoLeveModerado,RechazadoGrave
23534,01/03/2015,Veritecnica SRL,,1,0,0
24762,01/03/2015,Veritecnica SRL,,1,0,0
23535,01/03/2015,Veritecnica SRL,,1,0,0
7280,01/03/2015,Veritecnica SRL,,0,1,0
7281,01/03/2015,Veritecnica SRL,,0,1,0
24763,01/03/2015,Veritecnica SRL,,1,0,0
7282,01/03/2015,Veritecnica SRL,,0,1,0
7283,01/03/2015,Veritecnica SRL,,0,1,0
23536,01/03/2015,Veritecnica SRL,,1,0,0
24764,01/03/2015,Veritecnica SRL,,1,0,0
24765,01/03/2015,Veritecnica SRL,,1,0,0
24766,01/03/2015,Veritecnica SRL,,1,0,0
23537,01/03/2015,Veritecnica SRL,,1,0,0
24767,01/03/2015,Veritecnica SRL,,1,0,0
7284,01/03/2015,Veritecnica SRL,,0,1,0
24768,01/03/2015,Veritecnica SRL,,1,0,0
7285,01/03/2015,Veritecnica SRL,,0,1,0
7286,01/03/2015,Veritecnica SRL,,0,1,0
23538,01/03/2015,Veritecnica SRL,,1,0,0
24769,01/03/2015,Veritecnica SRL,,1,0,0
24770,01/03/2015,Veritecnica SRL,,1,0,0
24771,01/03/2015,Veritecnica SRL,,1,0,0
24772,01/03/2015,Veritecnica SRL,,1,0,0
3456,01/03/2015,Veritecnica SRL,,1,0,0
24773,01/03/2015,Veritecnica SRL,,1,0,0
24774,01/03/2015,Veritecnica SRL,,1,0,0
24775,01/03/2015,Veritecnica SRL,,1,0,0
7287,01/03/2015,Veritecnica SRL,,0,0,1
3457,01/03/2015,Veritecnica SRL,,1,0,0
7288,01/03/2015,Veritecnica SRL,,0,1,0
7289,01/03/2015,Veritecnica SRL,,0,1,0
7290,01/03/2015,Veritecnica SRL,,0,1,0
23539,01/03/2015,Veritecnica SRL,,1,0,0
24776,01/03/2015,Veritecnica SRL,,1,0,0
24777,01/03/2015,Veritecnica SRL,,1,0,0
24778,01/03/2015,Veritecnica SRL,,1,0,0
24779,01/03/2015,Veritecnica SRL,,1,0,0
7291,01/03/2015,Veritecnica SRL,,0,1,0
7292,01/03/2015,Veritecnica SRL,,0,1,0
24780,01/03/2015,Veritecnica SRL,,1,0,0
24781,01/03/2015,Veritecnica SRL,,1,0,0
3458,01/03/2015,Veritecnica SRL,,1,0,0
23540,01/03/2015,Veritecnica SRL,,1,0,0
24782,01/03/2015,Veritecnica SRL,,1,0,0
24783,01/03/2015,Veritecnica SRL,,1,0,0
23541,01/03/2015,Veritecnica SRL,,1,0,0
24784,01/03/2015,Veritecnica SRL,,1,0,0
24785,01/03/2015,Veritecnica SRL,,1,0,0
7293,01/03/2015,Veritecnica SRL,,0,1,0
7294,01/03/2015,Veritecnica SRL,,0,1,0
24786,01/03/2015,Veritecnica SRL,,1,0,0
24787,01/03/2015,Veritecnica SRL,,1,0,0
7295,01/03/2015,Veritecnica SRL,,0,1,0
24788,01/03/2015,Veritecnica SRL,,1,0,0
7297,01/03/2015,Veritecnica SRL,,0,1,0
7296,01/03/2015,Veritecnica SRL,,0,0,1
24789,01/03/2015,Veritecnica SRL,,1,0,0
