Nrocertificado,Fecha,Idtaller,Dominiovehiculo,Aprobado,RechazadoLeveModerado,RechazadoGrave
24603,01/07/2015,Control SRL,,1,0,0
24604,01/07/2015,Control SRL,,1,0,0
24605,01/07/2015,Control SRL,,1,0,0
24606,01/07/2015,Control SRL,,1,0,0
24607,01/07/2015,Control SRL,,1,0,0
24608,01/07/2015,Control SRL,,1,0,0
24609,01/07/2015,Control SRL,,1,0,0
24610,01/07/2015,Control SRL,,1,0,0
3151,01/07/2015,Control SRL,,1,0,0
23348,01/07/2015,Control SRL,,1,0,0
3449,01/07/2015,Control SRL,,0,1,0
24611,01/07/2015,Control SRL,,1,0,0
23349,01/07/2015,Control SRL,,1,0,0
23350,01/07/2015,Control SRL,,1,0,0
24612,01/07/2015,Control SRL,,1,0,0
23352,01/07/2015,Control SRL,,1,0,0
24613,01/07/2015,Control SRL,,1,0,0
24614,01/07/2015,Control SRL,,1,0,0
24615,01/07/2015,Control SRL,,1,0,0
24616,01/07/2015,Control SRL,,1,0,0
23353,01/07/2015,Control SRL,,1,0,0
24617,01/07/2015,Control SRL,,1,0,0
24618,01/07/2015,Control SRL,,1,0,0
3450,01/07/2015,Control SRL,,0,1,0
3451,01/07/2015,Control SRL,,0,1,0
24619,01/07/2015,Control SRL,,1,0,0
24620,01/07/2015,Control SRL,,1,0,0
24621,01/07/2015,Control SRL,,1,0,0
24622,01/07/2015,Control SRL,,1,0,0
23354,01/07/2015,Control SRL,,1,0,0
24623,01/07/2015,Control SRL,,1,0,0
3452,01/07/2015,Control SRL,,0,1,0
23355,01/07/2015,Control SRL,,1,0,0
3453,01/07/2015,Control SRL,,0,0,1
24624,01/07/2015,Control SRL,,1,0,0
23356,01/07/2015,Control SRL,,1,0,0
24625,01/07/2015,Control SRL,,1,0,0
24626,01/07/2015,Control SRL,,1,0,0
24627,01/07/2015,Control SRL,,1,0,0
24628,01/07/2015,Control SRL,,1,0,0
24629,01/07/2015,Control SRL,,1,0,0
23357,01/07/2015,Control SRL,,1,0,0
24630,01/07/2015,Control SRL,,1,0,0
24631,01/07/2015,Control SRL,,1,0,0
24632,01/07/2015,Control SRL,,1,0,0
24633,01/07/2015,Control SRL,,1,0,0
24634,01/07/2015,Control SRL,,1,0,0
23358,01/07/2015,Control SRL,,1,0,0
3454,01/07/2015,Control SRL,,0,1,0
24635,01/07/2015,Control SRL,,1,0,0
24636,01/07/2015,Control SRL,,1,0,0
24637,01/07/2015,Control SRL,,1,0,0
24638,01/07/2015,Control SRL,,1,0,0
3455,01/07/2015,Control SRL,,0,1,0
24639,01/07/2015,Control SRL,,1,0,0
24640,01/07/2015,Control SRL,,1,0,0
24641,01/07/2015,Control SRL,,1,0,0
3456,01/07/2015,Control SRL,,0,1,0
3457,01/07/2015,Control SRL,,0,0,1
24642,01/08/2015,Control SRL,,1,0,0
24643,01/08/2015,Control SRL,,1,0,0
23359,01/08/2015,Control SRL,,1,0,0
24644,01/08/2015,Control SRL,,1,0,0
24646,01/08/2015,Control SRL,,1,0,0
24645,01/08/2015,Control SRL,,1,0,0
24647,01/08/2015,Control SRL,,1,0,0
24648,01/08/2015,Control SRL,,1,0,0
23360,01/08/2015,Control SRL,,1,0,0
24649,01/08/2015,Control SRL,,1,0,0
24650,01/08/2015,Control SRL,,1,0,0
3434,01/08/2015,Control SRL,,1,0,0
3458,01/08/2015,Control SRL,,0,1,0
24651,01/08/2015,Control SRL,,1,0,0
24652,01/08/2015,Control SRL,,1,0,0
24653,01/08/2015,Control SRL,,1,0,0
23361,01/08/2015,Control SRL,,1,0,0
24654,01/08/2015,Control SRL,,1,0,0
23362,01/08/2015,Control SRL,,1,0,0
24655,01/08/2015,Control SRL,,1,0,0
24656,01/08/2015,Control SRL,,1,0,0
24657,01/08/2015,Control SRL,,1,0,0
23363,01/08/2015,Control SRL,,1,0,0
24658,01/08/2015,Control SRL,,1,0,0
24659,01/08/2015,Control SRL,,1,0,0
24660,01/08/2015,Control SRL,,1,0,0
24661,01/08/2015,Control SRL,,1,0,0
24662,01/08/2015,Control SRL,,1,0,0
24663,01/08/2015,Control SRL,,1,0,0
23364,01/08/2015,Control SRL,,1,0,0
24664,01/08/2015,Control SRL,,1,0,0
24665,01/08/2015,Control SRL,,1,0,0
24666,01/08/2015,Control SRL,,1,0,0
24667,01/08/2015,Control SRL,,1,0,0
24668,01/08/2015,Control SRL,,1,0,0
3134,01/08/2015,Control SRL,,1,0,0
24669,01/08/2015,Control SRL,,1,0,0
24670,01/08/2015,Control SRL,,1,0,0
23365,01/08/2015,Control SRL,,1,0,0
3135,01/08/2015,Control SRL,,1,0,0
24671,01/08/2015,Control SRL,,1,0,0
3459,01/08/2015,Control SRL,,0,0,1
24672,01/08/2015,Control SRL,,1,0,0
24673,01/08/2015,Control SRL,,1,0,0
23366,01/08/2015,Control SRL,,1,0,0
3435,01/08/2015,Control SRL,,1,0,0
3436,01/08/2015,Control SRL,,1,0,0
24674,01/08/2015,Control SRL,,1,0,0
24675,01/08/2015,Control SRL,,1,0,0
24676,01/08/2015,Control SRL,,1,0,0
24677,01/08/2015,Control SRL,,1,0,0
24678,01/08/2015,Control SRL,,1,0,0
24679,01/08/2015,Control SRL,,1,0,0
23367,01/08/2015,Control SRL,,1,0,0
24680,01/08/2015,Control SRL,,1,0,0
3461,01/08/2015,Control SRL,,0,0,1
24681,01/08/2015,Control SRL,,1,0,0
24682,01/08/2015,Control SRL,,1,0,0
24683,01/08/2015,Control SRL,,1,0,0
24684,01/08/2015,Control SRL,,1,0,0
3462,01/08/2015,Control SRL,,0,1,0
24685,01/08/2015,Control SRL,,1,0,0
24686,01/08/2015,Control SRL,,1,0,0
24687,01/08/2015,Control SRL,,1,0,0
3136,01/08/2015,Control SRL,,1,0,0
24688,01/08/2015,Control SRL,,1,0,0
24689,01/08/2015,Control SRL,,1,0,0
3463,01/08/2015,Control SRL,,0,1,0
24690,01/08/2015,Control SRL,,1,0,0
24691,01/08/2015,Control SRL,,1,0,0
23368,01/08/2015,Control SRL,,1,0,0
24079,01/07/2015,Asociación de Bomberos Voluntarios - San Martín de los Andes,,1,0,0
24080,01/07/2015,Asociación de Bomberos Voluntarios - San Martín de los Andes,,1,0,0
6784,01/07/2015,Asociación de Bomberos Voluntarios - San Martín de los Andes,,0,0,1
24081,01/07/2015,Asociación de Bomberos Voluntarios - San Martín de los Andes,,1,0,0
24082,01/07/2015,Asociación de Bomberos Voluntarios - San Martín de los Andes,,1,0,0
24083,01/07/2015,Asociación de Bomberos Voluntarios - San Martín de los Andes,,1,0,0
24084,01/07/2015,Asociación de Bomberos Voluntarios - San Martín de los Andes,,1,0,0
24085,01/07/2015,Asociación de Bomberos Voluntarios - San Martín de los Andes,,1,0,0
6785,01/07/2015,Asociación de Bomberos Voluntarios - San Martín de los Andes,,0,0,1
24086,01/07/2015,Asociación de Bomberos Voluntarios - San Martín de los Andes,,1,0,0
6786,01/07/2015,Asociación de Bomberos Voluntarios - San Martín de los Andes,,0,1,0
3273,01/07/2015,Asociación de Bomberos Voluntarios - San Martín de los Andes,,1,0,0
24087,01/07/2015,Asociación de Bomberos Voluntarios - San Martín de los Andes,,1,0,0
24088,01/07/2015,Asociación de Bomberos Voluntarios - San Martín de los Andes,,1,0,0
24089,01/07/2015,Asociación de Bomberos Voluntarios - San Martín de los Andes,,1,0,0
6787,01/07/2015,Asociación de Bomberos Voluntarios - San Martín de los Andes,,0,1,0
6788,01/07/2015,Asociación de Bomberos Voluntarios - San Martín de los Andes,,0,1,0
21811,01/07/2015,Asociación de Bomberos Voluntarios - San Martín de los Andes,,1,0,0
24090,01/07/2015,Asociación de Bomberos Voluntarios - San Martín de los Andes,,1,0,0
24091,01/07/2015,Asociación de Bomberos Voluntarios - San Martín de los Andes,,1,0,0
24092,01/07/2015,Asociación de Bomberos Voluntarios - San Martín de los Andes,,1,0,0
6789,01/07/2015,Asociación de Bomberos Voluntarios - San Martín de los Andes,,0,1,0
24093,01/07/2015,Asociación de Bomberos Voluntarios - San Martín de los Andes,,1,0,0
24094,01/07/2015,Asociación de Bomberos Voluntarios - San Martín de los Andes,,1,0,0
24095,01/07/2015,Asociación de Bomberos Voluntarios - San Martín de los Andes,,1,0,0
6790,01/07/2015,Asociación de Bomberos Voluntarios - San Martín de los Andes,,0,1,0
24096,01/07/2015,Asociación de Bomberos Voluntarios - San Martín de los Andes,,1,0,0
6791,01/07/2015,Asociación de Bomberos Voluntarios - San Martín de los Andes,,0,1,0
6792,01/07/2015,Asociación de Bomberos Voluntarios - San Martín de los Andes,,0,1,0
24097,01/07/2015,Asociación de Bomberos Voluntarios - San Martín de los Andes,,1,0,0
6793,01/07/2015,Asociación de Bomberos Voluntarios - San Martín de los Andes,,0,0,1
24098,01/07/2015,Asociación de Bomberos Voluntarios - San Martín de los Andes,,1,0,0
24099,01/07/2015,Asociación de Bomberos Voluntarios - San Martín de los Andes,,1,0,0
24100,01/07/2015,Asociación de Bomberos Voluntarios - San Martín de los Andes,,1,0,0
24101,01/07/2015,Asociación de Bomberos Voluntarios - San Martín de los Andes,,1,0,0
24102,01/07/2015,Asociación de Bomberos Voluntarios - San Martín de los Andes,,1,0,0
6794,01/07/2015,Asociación de Bomberos Voluntarios - San Martín de los Andes,,0,1,0
24103,01/07/2015,Asociación de Bomberos Voluntarios - San Martín de los Andes,,1,0,0
21812,01/07/2015,Asociación de Bomberos Voluntarios - San Martín de los Andes,,1,0,0
6795,01/07/2015,Asociación de Bomberos Voluntarios - San Martín de los Andes,,0,1,0
24104,01/07/2015,Asociación de Bomberos Voluntarios - San Martín de los Andes,,1,0,0
24105,01/07/2015,Asociación de Bomberos Voluntarios - San Martín de los Andes,,1,0,0
6796,01/07/2015,Asociación de Bomberos Voluntarios - San Martín de los Andes,,0,1,0
21813,01/07/2015,Asociación de Bomberos Voluntarios - San Martín de los Andes,,1,0,0
3274,01/07/2015,Asociación de Bomberos Voluntarios - San Martín de los Andes,,1,0,0
24106,01/07/2015,Asociación de Bomberos Voluntarios - San Martín de los Andes,,1,0,0
24107,01/07/2015,Asociación de Bomberos Voluntarios - San Martín de los Andes,,1,0,0
2943,01/07/2015,Asociación de Bomberos Voluntarios - San Martín de los Andes,,1,0,0
24108,01/08/2015,Asociación de Bomberos Voluntarios - San Martín de los Andes,,1,0,0
24109,01/08/2015,Asociación de Bomberos Voluntarios - San Martín de los Andes,,1,0,0
24110,01/08/2015,Asociación de Bomberos Voluntarios - San Martín de los Andes,,1,0,0
24111,01/08/2015,Asociación de Bomberos Voluntarios - San Martín de los Andes,,1,0,0
24112,01/08/2015,Asociación de Bomberos Voluntarios - San Martín de los Andes,,1,0,0
24113,01/08/2015,Asociación de Bomberos Voluntarios - San Martín de los Andes,,1,0,0
3275,01/08/2015,Asociación de Bomberos Voluntarios - San Martín de los Andes,,1,0,0
24114,01/08/2015,Asociación de Bomberos Voluntarios - San Martín de los Andes,,1,0,0
24115,01/08/2015,Asociación de Bomberos Voluntarios - San Martín de los Andes,,1,0,0
24116,01/08/2015,Asociación de Bomberos Voluntarios - San Martín de los Andes,,1,0,0
24117,01/08/2015,Asociación de Bomberos Voluntarios - San Martín de los Andes,,1,0,0
24118,01/08/2015,Asociación de Bomberos Voluntarios - San Martín de los Andes,,1,0,0
24119,01/08/2015,Asociación de Bomberos Voluntarios - San Martín de los Andes,,1,0,0
24120,01/08/2015,Asociación de Bomberos Voluntarios - San Martín de los Andes,,1,0,0
24121,01/08/2015,Asociación de Bomberos Voluntarios - San Martín de los Andes,,1,0,0
6797,01/08/2015,Asociación de Bomberos Voluntarios - San Martín de los Andes,,0,0,1
24122,01/08/2015,Asociación de Bomberos Voluntarios - San Martín de los Andes,,1,0,0
24123,01/08/2015,Asociación de Bomberos Voluntarios - San Martín de los Andes,,1,0,0
24124,01/08/2015,Asociación de Bomberos Voluntarios - San Martín de los Andes,,1,0,0
24125,01/08/2015,Asociación de Bomberos Voluntarios - San Martín de los Andes,,1,0,0
24126,01/08/2015,Asociación de Bomberos Voluntarios - San Martín de los Andes,,1,0,0
21814,01/08/2015,Asociación de Bomberos Voluntarios - San Martín de los Andes,,1,0,0
24127,01/08/2015,Asociación de Bomberos Voluntarios - San Martín de los Andes,,1,0,0
24128,01/08/2015,Asociación de Bomberos Voluntarios - San Martín de los Andes,,1,0,0
24129,01/08/2015,Asociación de Bomberos Voluntarios - San Martín de los Andes,,1,0,0
24130,01/08/2015,Asociación de Bomberos Voluntarios - San Martín de los Andes,,1,0,0
24131,01/08/2015,Asociación de Bomberos Voluntarios - San Martín de los Andes,,1,0,0
24132,01/08/2015,Asociación de Bomberos Voluntarios - San Martín de los Andes,,1,0,0
6798,01/08/2015,Asociación de Bomberos Voluntarios - San Martín de los Andes,,0,1,0
24133,01/08/2015,Asociación de Bomberos Voluntarios - San Martín de los Andes,,1,0,0
24134,01/08/2015,Asociación de Bomberos Voluntarios - San Martín de los Andes,,1,0,0
24135,01/08/2015,Asociación de Bomberos Voluntarios - San Martín de los Andes,,1,0,0
6799,01/08/2015,Asociación de Bomberos Voluntarios - San Martín de los Andes,,0,1,0
6800,01/08/2015,Asociación de Bomberos Voluntarios - San Martín de los Andes,,0,0,1
6801,01/08/2015,Asociación de Bomberos Voluntarios - San Martín de los Andes,,0,0,1
24136,01/08/2015,Asociación de Bomberos Voluntarios - San Martín de los Andes,,1,0,0
24137,01/08/2015,Asociación de Bomberos Voluntarios - San Martín de los Andes,,1,0,0
6802,01/08/2015,Asociación de Bomberos Voluntarios - San Martín de los Andes,,0,0,1
24909,01/07/2015,Veritecnica SRL,,1,0,0
24910,01/07/2015,Veritecnica SRL,,1,0,0
7358,01/07/2015,Veritecnica SRL,,0,1,0
24911,01/07/2015,Veritecnica SRL,,1,0,0
24912,01/07/2015,Veritecnica SRL,,1,0,0
24913,01/07/2015,Veritecnica SRL,,1,0,0
3472,01/07/2015,Veritecnica SRL,,1,0,0
7359,01/07/2015,Veritecnica SRL,,0,0,1
24914,01/07/2015,Veritecnica SRL,,1,0,0
24915,01/07/2015,Veritecnica SRL,,1,0,0
24916,01/07/2015,Veritecnica SRL,,1,0,0
24917,01/07/2015,Veritecnica SRL,,1,0,0
7360,01/07/2015,Veritecnica SRL,,0,0,1
23574,01/07/2015,Veritecnica SRL,,1,0,0
24918,01/07/2015,Veritecnica SRL,,1,0,0
7361,01/07/2015,Veritecnica SRL,,0,0,1
24919,01/07/2015,Veritecnica SRL,,1,0,0
24920,01/07/2015,Veritecnica SRL,,1,0,0
7362,01/07/2015,Veritecnica SRL,,0,1,0
24921,01/07/2015,Veritecnica SRL,,1,0,0
24922,01/07/2015,Veritecnica SRL,,1,0,0
7363,01/07/2015,Veritecnica SRL,,0,1,0
24923,01/07/2015,Veritecnica SRL,,1,0,0
24924,01/07/2015,Veritecnica SRL,,1,0,0
23575,01/07/2015,Veritecnica SRL,,1,0,0
24925,01/07/2015,Veritecnica SRL,,1,0,0
24926,01/07/2015,Veritecnica SRL,,1,0,0
24927,01/07/2015,Veritecnica SRL,,1,0,0
24928,01/07/2015,Veritecnica SRL,,1,0,0
24929,01/07/2015,Veritecnica SRL,,1,0,0
23576,01/07/2015,Veritecnica SRL,,1,0,0
24930,01/07/2015,Veritecnica SRL,,1,0,0
24931,01/07/2015,Veritecnica SRL,,1,0,0
24932,01/07/2015,Veritecnica SRL,,1,0,0
23577,01/07/2015,Veritecnica SRL,,1,0,0
24933,01/07/2015,Veritecnica SRL,,1,0,0
24934,01/07/2015,Veritecnica SRL,,1,0,0
24935,01/07/2015,Veritecnica SRL,,1,0,0
23578,01/07/2015,Veritecnica SRL,,1,0,0
24936,01/07/2015,Veritecnica SRL,,1,0,0
24937,01/07/2015,Veritecnica SRL,,1,0,0
7364,01/07/2015,Veritecnica SRL,,0,0,1
24938,01/07/2015,Veritecnica SRL,,1,0,0
23579,01/07/2015,Veritecnica SRL,,1,0,0
23580,01/07/2015,Veritecnica SRL,,1,0,0
23581,01/07/2015,Veritecnica SRL,,1,0,0
24939,01/07/2015,Veritecnica SRL,,1,0,0
23582,01/07/2015,Veritecnica SRL,,1,0,0
24940,01/07/2015,Veritecnica SRL,,1,0,0
24941,01/07/2015,Veritecnica SRL,,1,0,0
7365,01/07/2015,Veritecnica SRL,,0,0,1
7366,01/07/2015,Veritecnica SRL,,0,0,1
24942,01/07/2015,Veritecnica SRL,,1,0,0
24943,01/07/2015,Veritecnica SRL,,1,0,0
23583,01/07/2015,Veritecnica SRL,,1,0,0
23584,01/07/2015,Veritecnica SRL,,1,0,0
3257,01/07/2015,Veritecnica SRL,,1,0,0
3258,01/07/2015,Veritecnica SRL,,1,0,0
7367,01/07/2015,Veritecnica SRL,,0,1,0
24944,01/07/2015,Veritecnica SRL,,1,0,0
24945,01/07/2015,Veritecnica SRL,,1,0,0
24946,01/07/2015,Veritecnica SRL,,1,0,0
24947,01/07/2015,Veritecnica SRL,,1,0,0
7368,01/07/2015,Veritecnica SRL,,0,1,0
3259,01/07/2015,Veritecnica SRL,,1,0,0
24948,01/07/2015,Veritecnica SRL,,1,0,0
7369,01/07/2015,Veritecnica SRL,,0,1,0
24949,01/07/2015,Veritecnica SRL,,1,0,0
24950,01/07/2015,Veritecnica SRL,,1,0,0
24951,01/07/2015,Veritecnica SRL,,1,0,0
24952,01/07/2015,Veritecnica SRL,,1,0,0
24953,01/07/2015,Veritecnica SRL,,1,0,0
23585,01/07/2015,Veritecnica SRL,,1,0,0
23586,01/07/2015,Veritecnica SRL,,1,0,0
24954,01/07/2015,Veritecnica SRL,,1,0,0
7370,01/07/2015,Veritecnica SRL,,0,1,0
24955,01/07/2015,Veritecnica SRL,,1,0,0
3260,01/07/2015,Veritecnica SRL,,1,0,0
24956,01/07/2015,Veritecnica SRL,,1,0,0
3473,01/07/2015,Veritecnica SRL,,1,0,0
23587,01/07/2015,Veritecnica SRL,,1,0,0
24957,01/07/2015,Veritecnica SRL,,1,0,0
7371,01/07/2015,Veritecnica SRL,,0,1,0
24958,01/07/2015,Veritecnica SRL,,1,0,0
24959,01/07/2015,Veritecnica SRL,,1,0,0
23588,01/07/2015,Veritecnica SRL,,1,0,0
7372,01/07/2015,Veritecnica SRL,,0,1,0
7373,01/07/2015,Veritecnica SRL,,0,1,0
23589,01/07/2015,Veritecnica SRL,,1,0,0
24960,01/07/2015,Veritecnica SRL,,1,0,0
24961,01/07/2015,Veritecnica SRL,,1,0,0
24962,01/07/2015,Veritecnica SRL,,1,0,0
24963,01/07/2015,Veritecnica SRL,,1,0,0
24964,01/07/2015,Veritecnica SRL,,1,0,0
3474,01/07/2015,Veritecnica SRL,,1,0,0
7374,01/07/2015,Veritecnica SRL,,0,1,0
7375,01/07/2015,Veritecnica SRL,,0,0,1
7376,01/07/2015,Veritecnica SRL,,0,1,0
23590,01/07/2015,Veritecnica SRL,,1,0,0
24965,01/07/2015,Veritecnica SRL,,1,0,0
3475,01/07/2015,Veritecnica SRL,,1,0,0
24966,01/07/2015,Veritecnica SRL,,1,0,0
3261,01/07/2015,Veritecnica SRL,,1,0,0
7377,01/07/2015,Veritecnica SRL,,0,1,0
24967,01/07/2015,Veritecnica SRL,,1,0,0
24968,01/07/2015,Veritecnica SRL,,1,0,0
24969,01/07/2015,Veritecnica SRL,,1,0,0
7379,01/07/2015,Veritecnica SRL,,0,1,0
7378,01/07/2015,Veritecnica SRL,,0,1,0
24970,01/07/2015,Veritecnica SRL,,1,0,0
24971,01/07/2015,Veritecnica SRL,,1,0,0
24972,01/08/2015,Veritecnica SRL,,1,0,0
7380,01/08/2015,Veritecnica SRL,,0,1,0
24973,01/08/2015,Veritecnica SRL,,1,0,0
24974,01/08/2015,Veritecnica SRL,,1,0,0
24975,01/08/2015,Veritecnica SRL,,1,0,0
7381,01/08/2015,Veritecnica SRL,,0,1,0
24976,01/08/2015,Veritecnica SRL,,1,0,0
24977,01/08/2015,Veritecnica SRL,,1,0,0
7382,01/08/2015,Veritecnica SRL,,0,1,0
24978,01/08/2015,Veritecnica SRL,,1,0,0
24979,01/08/2015,Veritecnica SRL,,1,0,0
24980,01/08/2015,Veritecnica SRL,,1,0,0
23591,01/08/2015,Veritecnica SRL,,1,0,0
24981,01/08/2015,Veritecnica SRL,,1,0,0
24983,01/08/2015,Veritecnica SRL,,1,0,0
24982,01/08/2015,Veritecnica SRL,,1,0,0
24984,01/08/2015,Veritecnica SRL,,1,0,0
24985,01/08/2015,Veritecnica SRL,,1,0,0
7383,01/08/2015,Veritecnica SRL,,0,1,0
24986,01/08/2015,Veritecnica SRL,,1,0,0
23592,01/08/2015,Veritecnica SRL,,1,0,0
23593,01/08/2015,Veritecnica SRL,,1,0,0
3476,01/08/2015,Veritecnica SRL,,1,0,0
7384,01/08/2015,Veritecnica SRL,,0,0,1
24987,01/08/2015,Veritecnica SRL,,1,0,0
24988,01/08/2015,Veritecnica SRL,,1,0,0
23595,01/08/2015,Veritecnica SRL,,1,0,0
23596,01/08/2015,Veritecnica SRL,,1,0,0
7385,01/08/2015,Veritecnica SRL,,0,1,0
24989,01/08/2015,Veritecnica SRL,,1,0,0
24990,01/08/2015,Veritecnica SRL,,1,0,0
24991,01/08/2015,Veritecnica SRL,,1,0,0
24992,01/08/2015,Veritecnica SRL,,1,0,0
24993,01/08/2015,Veritecnica SRL,,1,0,0
24994,01/08/2015,Veritecnica SRL,,1,0,0
23597,01/08/2015,Veritecnica SRL,,1,0,0
24995,01/08/2015,Veritecnica SRL,,1,0,0
24996,01/08/2015,Veritecnica SRL,,1,0,0
3477,01/08/2015,Veritecnica SRL,,1,0,0
24997,01/08/2015,Veritecnica SRL,,1,0,0
23598,01/08/2015,Veritecnica SRL,,1,0,0
3262,01/08/2015,Veritecnica SRL,,1,0,0
24998,01/08/2015,Veritecnica SRL,,1,0,0
24999,01/08/2015,Veritecnica SRL,,1,0,0
23599,01/08/2015,Veritecnica SRL,,1,0,0
25000,01/08/2015,Veritecnica SRL,,1,0,0
25001,01/08/2015,Veritecnica SRL,,1,0,0
25002,01/08/2015,Veritecnica SRL,,1,0,0
25003,01/08/2015,Veritecnica SRL,,1,0,0
25004,01/08/2015,Veritecnica SRL,,1,0,0
7386,01/08/2015,Veritecnica SRL,,0,1,0
23600,01/08/2015,Veritecnica SRL,,1,0,0
7387,01/08/2015,Veritecnica SRL,,0,0,1
25005,01/08/2015,Veritecnica SRL,,1,0,0
25006,01/08/2015,Veritecnica SRL,,1,0,0
23601,01/08/2015,Veritecnica SRL,,1,0,0
25007,01/08/2015,Veritecnica SRL,,1,0,0
25008,01/08/2015,Veritecnica SRL,,1,0,0
25009,01/08/2015,Veritecnica SRL,,1,0,0
3263,01/08/2015,Veritecnica SRL,,1,0,0
3264,01/08/2015,Veritecnica SRL,,1,0,0
25010,01/08/2015,Veritecnica SRL,,1,0,0
25011,01/08/2015,Veritecnica SRL,,1,0,0
25012,01/08/2015,Veritecnica SRL,,1,0,0
7388,01/08/2015,Veritecnica SRL,,0,1,0
25013,01/08/2015,Veritecnica SRL,,1,0,0
25014,01/08/2015,Veritecnica SRL,,1,0,0
25015,01/08/2015,Veritecnica SRL,,1,0,0
25016,01/08/2015,Veritecnica SRL,,1,0,0
7389,01/08/2015,Veritecnica SRL,,0,0,1
25017,01/08/2015,Veritecnica SRL,,1,0,0
7390,01/08/2015,Veritecnica SRL,,0,1,0
25018,01/08/2015,Veritecnica SRL,,1,0,0
25019,01/08/2015,Veritecnica SRL,,1,0,0
23602,01/08/2015,Veritecnica SRL,,1,0,0
25020,01/08/2015,Veritecnica SRL,,1,0,0
25021,01/08/2015,Veritecnica SRL,,1,0,0
25022,01/08/2015,Veritecnica SRL,,1,0,0
25023,01/08/2015,Veritecnica SRL,,1,0,0
25024,01/08/2015,Veritecnica SRL,,1,0,0
25025,01/08/2015,Veritecnica SRL,,1,0,0
25026,01/08/2015,Veritecnica SRL,,1,0,0
23603,01/08/2015,Veritecnica SRL,,1,0,0
25027,01/08/2015,Veritecnica SRL,,1,0,0
25028,01/08/2015,Veritecnica SRL,,1,0,0
7391,01/08/2015,Veritecnica SRL,,0,1,0
3265,01/08/2015,Veritecnica SRL,,1,0,0
23604,01/08/2015,Veritecnica SRL,,1,0,0
25029,01/08/2015,Veritecnica SRL,,1,0,0
25030,01/08/2015,Veritecnica SRL,,1,0,0
7392,01/08/2015,Veritecnica SRL,,0,1,0
25031,01/08/2015,Veritecnica SRL,,1,0,0
23605,01/08/2015,Veritecnica SRL,,1,0,0
25032,01/08/2015,Veritecnica SRL,,1,0,0
25033,01/08/2015,Veritecnica SRL,,1,0,0
25034,01/08/2015,Veritecnica SRL,,1,0,0
25035,01/08/2015,Veritecnica SRL,,1,0,0
25036,01/08/2015,Veritecnica SRL,,1,0,0
25037,01/08/2015,Veritecnica SRL,,1,0,0
25038,01/08/2015,Veritecnica SRL,,1,0,0
25039,01/08/2015,Veritecnica SRL,,1,0,0
25040,01/08/2015,Veritecnica SRL,,1,0,0
25041,01/08/2015,Veritecnica SRL,,1,0,0
25042,01/08/2015,Veritecnica SRL,,1,0,0
