Nrocertificado,Fecha,Idtaller,Dominiovehiculo,Aprobado,RechazadoLeveModerado,RechazadoGrave
1100000810,04/17/2015,Control SRL,,1,0,0
1100000811,04/17/2015,Control SRL,,1,0,0
1200001276,04/17/2015,Control SRL,,1,0,0
1100000812,04/17/2015,Control SRL,,1,0,0
1100000813,04/17/2015,Control SRL,,1,0,0
1200001277,04/17/2015,Control SRL,,1,0,0
1200001278,04/17/2015,Control SRL,,1,0,0
1200001279,04/17/2015,Control SRL,,1,0,0
1100000814,04/17/2015,Control SRL,,1,0,0
1100000815,04/17/2015,Control SRL,,1,0,0
1100000816,04/17/2015,Control SRL,,1,0,0
1100000817,04/17/2015,Control SRL,,1,0,0
1100000818,04/17/2015,Control SRL,,1,0,0
1100000819,04/17/2015,Control SRL,,1,0,0
1100000820,04/17/2015,Control SRL,,1,0,0
1100000702,04/17/2015,Asociación de Bomberos Voluntarios - San Martín de los Andes,,1,0,0
1100000703,04/17/2015,Asociación de Bomberos Voluntarios - San Martín de los Andes,,1,0,0
9101000235,04/17/2015,Asociación de Bomberos Voluntarios - San Martín de los Andes,,0,1,0
1200000370,04/17/2015,Asociación de Bomberos Voluntarios - San Martín de los Andes,,1,0,0
1100000704,04/17/2015,Asociación de Bomberos Voluntarios - San Martín de los Andes,,1,0,0
1100000705,04/17/2015,Asociación de Bomberos Voluntarios - San Martín de los Andes,,1,0,0
1100000706,04/17/2015,Asociación de Bomberos Voluntarios - San Martín de los Andes,,1,0,0
1100000707,04/17/2015,Asociación de Bomberos Voluntarios - San Martín de los Andes,,1,0,0
9101000236,04/17/2015,Asociación de Bomberos Voluntarios - San Martín de los Andes,,0,1,0
1100000708,04/17/2015,Asociación de Bomberos Voluntarios - San Martín de los Andes,,1,0,0
1100000709,04/17/2015,Asociación de Bomberos Voluntarios - San Martín de los Andes,,1,0,0
1100000710,04/17/2015,Asociación de Bomberos Voluntarios - San Martín de los Andes,,1,0,0
9101000237,04/17/2015,Asociación de Bomberos Voluntarios - San Martín de los Andes,,0,1,0
1200000371,04/17/2015,Asociación de Bomberos Voluntarios - San Martín de los Andes,,1,0,0
1200000372,04/17/2015,Asociación de Bomberos Voluntarios - San Martín de los Andes,,1,0,0
1100000711,04/17/2015,Asociación de Bomberos Voluntarios - San Martín de los Andes,,1,0,0
9101000238,04/17/2015,Asociación de Bomberos Voluntarios - San Martín de los Andes,,0,1,0
1200000373,04/17/2015,Asociación de Bomberos Voluntarios - San Martín de los Andes,,1,0,0
9101000239,04/17/2015,Asociación de Bomberos Voluntarios - San Martín de los Andes,,0,0,1
1100000712,04/17/2015,Asociación de Bomberos Voluntarios - San Martín de los Andes,,1,0,0
1100000713,04/17/2015,Asociación de Bomberos Voluntarios - San Martín de los Andes,,1,0,0
1100000714,04/18/2015,Asociación de Bomberos Voluntarios - San Martín de los Andes,,1,0,0
9201000043,04/18/2015,Asociación de Bomberos Voluntarios - San Martín de los Andes,,0,1,0
1100000715,04/18/2015,Asociación de Bomberos Voluntarios - San Martín de los Andes,,1,0,0
1100000716,04/18/2015,Asociación de Bomberos Voluntarios - San Martín de los Andes,,1,0,0
1100000717,04/18/2015,Asociación de Bomberos Voluntarios - San Martín de los Andes,,1,0,0
1100000718,04/18/2015,Asociación de Bomberos Voluntarios - San Martín de los Andes,,1,0,0
9101000240,04/18/2015,Asociación de Bomberos Voluntarios - San Martín de los Andes,,0,0,1
1100000719,04/18/2015,Asociación de Bomberos Voluntarios - San Martín de los Andes,,1,0,0
1100000720,04/18/2015,Asociación de Bomberos Voluntarios - San Martín de los Andes,,1,0,0
1100000721,04/18/2015,Asociación de Bomberos Voluntarios - San Martín de los Andes,,1,0,0
1100001175,04/17/2015,Veritecnica SRL,,1,0,0
1100001176,04/17/2015,Veritecnica SRL,,1,0,0
1100001177,04/17/2015,Veritecnica SRL,,1,0,0
1100001178,04/17/2015,Veritecnica SRL,,1,0,0
1200000846,04/17/2015,Veritecnica SRL,,1,0,0
1200000847,04/17/2015,Veritecnica SRL,,1,0,0
1100001179,04/17/2015,Veritecnica SRL,,1,0,0
1200000848,04/17/2015,Veritecnica SRL,,1,0,0
1100001180,04/17/2015,Veritecnica SRL,,1,0,0
1100001181,04/17/2015,Veritecnica SRL,,1,0,0
9202000085,04/17/2015,Veritecnica SRL,,0,0,1
1100001182,04/17/2015,Veritecnica SRL,,1,0,0
9102000471,04/17/2015,Veritecnica SRL,,0,0,1
1100001183,04/17/2015,Veritecnica SRL,,1,0,0
1200000849,04/17/2015,Veritecnica SRL,,1,0,0
9102000472,04/17/2015,Veritecnica SRL,,0,0,1
9102000473,04/17/2015,Veritecnica SRL,,0,0,1
1100001184,04/17/2015,Veritecnica SRL,,1,0,0
1100001185,04/17/2015,Veritecnica SRL,,1,0,0
1100001186,04/17/2015,Veritecnica SRL,,1,0,0
1100001187,04/17/2015,Veritecnica SRL,,1,0,0
9102000474,04/17/2015,Veritecnica SRL,,0,0,1
1100001189,04/17/2015,Veritecnica SRL,,1,0,0
1100001188,04/17/2015,Veritecnica SRL,,1,0,0
1100001190,04/17/2015,Veritecnica SRL,,1,0,0
9102000475,04/17/2015,Veritecnica SRL,,0,1,0
9102000476,04/17/2015,Veritecnica SRL,,0,0,1
1200000850,04/17/2015,Veritecnica SRL,,1,0,0
1100001191,04/17/2015,Veritecnica SRL,,1,0,0
1100001192,04/17/2015,Veritecnica SRL,,1,0,0
1200001321,04/17/2015,Veritecnica SRL,,1,0,0
1100001193,04/17/2015,Veritecnica SRL,,1,0,0
9102000477,04/17/2015,Veritecnica SRL,,0,1,0
1200001322,04/17/2015,Veritecnica SRL,,1,0,0
1200001323,04/17/2015,Veritecnica SRL,,1,0,0
1100001194,04/18/2015,Veritecnica SRL,,1,0,0
1100001195,04/18/2015,Veritecnica SRL,,1,0,0
1100001196,04/18/2015,Veritecnica SRL,,1,0,0
9102000478,04/18/2015,Veritecnica SRL,,0,1,0
1100001197,04/18/2015,Veritecnica SRL,,1,0,0
9102000479,04/18/2015,Veritecnica SRL,,0,0,1
1200001324,04/18/2015,Veritecnica SRL,,1,0,0
1200001325,04/18/2015,Veritecnica SRL,,1,0,0
1100001198,04/18/2015,Veritecnica SRL,,1,0,0
1100001199,04/18/2015,Veritecnica SRL,,1,0,0
1200001326,04/18/2015,Veritecnica SRL,,1,0,0
1100001200,04/18/2015,Veritecnica SRL,,1,0,0
1100001201,04/18/2015,Veritecnica SRL,,1,0,0
1100001202,04/18/2015,Veritecnica SRL,,1,0,0
1200001327,04/18/2015,Veritecnica SRL,,1,0,0
1100001203,04/18/2015,Veritecnica SRL,,1,0,0
1100001204,04/18/2015,Veritecnica SRL,,1,0,0
1200001328,04/18/2015,Veritecnica SRL,,1,0,0
9202000086,04/18/2015,Veritecnica SRL,,0,0,1
