Nrocertificado,Fecha,Idtaller,Dominiovehiculo,Aprobado,RechazadoLeveModerado,RechazadoGrave
9103000566,11/17/2015,Control SRL,,0,0,1
1100008011,11/17/2015,Control SRL,,1,0,0
9103000567,11/17/2015,Control SRL,,0,0,1
1100008012,11/17/2015,Control SRL,,1,0,0
1200004385,11/17/2015,Control SRL,,1,0,0
1100008013,11/17/2015,Control SRL,,1,0,0
1100008014,11/17/2015,Control SRL,,1,0,0
1200004386,11/17/2015,Control SRL,,1,0,0
1100008015,11/17/2015,Control SRL,,1,0,0
1100008016,11/17/2015,Control SRL,,1,0,0
1200004371,11/17/2015,Control SRL,,1,0,0
1200004387,11/17/2015,Control SRL,,1,0,0
9203000235,11/17/2015,Control SRL,,0,0,1
1100008017,11/17/2015,Control SRL,,1,0,0
1200004372,11/17/2015,Control SRL,,1,0,0
1100008018,11/17/2015,Control SRL,,1,0,0
1100008019,11/17/2015,Control SRL,,1,0,0
1200004373,11/17/2015,Control SRL,,1,0,0
9203000236,11/17/2015,Control SRL,,0,0,1
9103000568,11/17/2015,Control SRL,,0,0,1
1200004374,11/17/2015,Control SRL,,1,0,0
9103000569,11/17/2015,Control SRL,,0,0,1
1100008020,11/17/2015,Control SRL,,1,0,0
1200004375,11/17/2015,Control SRL,,1,0,0
1200004376,11/17/2015,Control SRL,,1,0,0
1200004377,11/17/2015,Control SRL,,1,0,0
1200004388,11/17/2015,Control SRL,,1,0,0
1200004389,11/17/2015,Control SRL,,1,0,0
1200004390,11/17/2015,Control SRL,,1,0,0
1100008021,11/17/2015,Control SRL,,1,0,0
1100008022,11/17/2015,Control SRL,,1,0,0
1200004351,11/17/2015,Control SRL,,1,0,0
1100008023,11/17/2015,Control SRL,,1,0,0
9103000570,11/17/2015,Control SRL,,0,0,1
1200004352,11/17/2015,Control SRL,,1,0,0
1200004353,11/17/2015,Control SRL,,1,0,0
9103000571,11/17/2015,Control SRL,,0,0,1
1200004354,11/17/2015,Control SRL,,1,0,0
9103000572,11/17/2015,Control SRL,,0,0,1
1200003898,11/18/2015,Control SRL,,1,0,0
1200004355,11/18/2015,Control SRL,,1,0,0
1100008024,11/18/2015,Control SRL,,1,0,0
1100008025,11/18/2015,Control SRL,,1,0,0
1100008026,11/18/2015,Control SRL,,1,0,0
1100008027,11/18/2015,Control SRL,,1,0,0
9103000573,11/18/2015,Control SRL,,0,0,1
1100008028,11/18/2015,Control SRL,,1,0,0
1200004357,11/18/2015,Control SRL,,1,0,0
1200004358,11/18/2015,Control SRL,,1,0,0
9103000574,11/18/2015,Control SRL,,0,0,1
9103000575,11/18/2015,Control SRL,,0,0,1
1100008029,11/18/2015,Control SRL,,1,0,0
1100008030,11/18/2015,Control SRL,,1,0,0
9103000576,11/18/2015,Control SRL,,0,0,1
1100008031,11/18/2015,Control SRL,,1,0,0
9103000577,11/18/2015,Control SRL,,0,0,1
1100008032,11/18/2015,Control SRL,,1,0,0
1200004359,11/18/2015,Control SRL,,1,0,0
1100008033,11/18/2015,Control SRL,,1,0,0
1200004360,11/18/2015,Control SRL,,1,0,0
1100008034,11/18/2015,Control SRL,,1,0,0
1200004361,11/18/2015,Control SRL,,1,0,0
1200004362,11/18/2015,Control SRL,,1,0,0
1100008035,11/18/2015,Control SRL,,1,0,0
1200004363,11/18/2015,Control SRL,,1,0,0
1100008036,11/18/2015,Control SRL,,1,0,0
1100008037,11/18/2015,Control SRL,,1,0,0
1100008038,11/18/2015,Control SRL,,1,0,0
1100008039,11/18/2015,Control SRL,,1,0,0
1200004364,11/18/2015,Control SRL,,1,0,0
1100008040,11/18/2015,Control SRL,,1,0,0
1200004365,11/18/2015,Control SRL,,1,0,0
1100008517,11/17/2015,Asociación de Bomberos Voluntarios - San Martín de los Andes,,1,0,0
9101000782,11/17/2015,Asociación de Bomberos Voluntarios - San Martín de los Andes,,0,0,1
9101000783,11/17/2015,Asociación de Bomberos Voluntarios - San Martín de los Andes,,0,1,0
1200002916,11/17/2015,Asociación de Bomberos Voluntarios - San Martín de los Andes,,1,0,0
9101000784,11/17/2015,Asociación de Bomberos Voluntarios - San Martín de los Andes,,0,1,0
1200002917,11/17/2015,Asociación de Bomberos Voluntarios - San Martín de los Andes,,1,0,0
9101000785,11/17/2015,Asociación de Bomberos Voluntarios - San Martín de los Andes,,0,1,0
1100008518,11/17/2015,Asociación de Bomberos Voluntarios - San Martín de los Andes,,1,0,0
1100008519,11/17/2015,Asociación de Bomberos Voluntarios - San Martín de los Andes,,1,0,0
1100008520,11/17/2015,Asociación de Bomberos Voluntarios - San Martín de los Andes,,1,0,0
1100008521,11/17/2015,Asociación de Bomberos Voluntarios - San Martín de los Andes,,1,0,0
9101000786,11/17/2015,Asociación de Bomberos Voluntarios - San Martín de los Andes,,0,1,0
1100008522,11/17/2015,Asociación de Bomberos Voluntarios - San Martín de los Andes,,1,0,0
1100008523,11/17/2015,Asociación de Bomberos Voluntarios - San Martín de los Andes,,1,0,0
9101000787,11/17/2015,Asociación de Bomberos Voluntarios - San Martín de los Andes,,0,0,1
1100008524,11/17/2015,Asociación de Bomberos Voluntarios - San Martín de los Andes,,1,0,0
1100008525,11/17/2015,Asociación de Bomberos Voluntarios - San Martín de los Andes,,1,0,0
1100008526,11/17/2015,Asociación de Bomberos Voluntarios - San Martín de los Andes,,1,0,0
1100008527,11/17/2015,Asociación de Bomberos Voluntarios - San Martín de los Andes,,1,0,0
9201000171,11/17/2015,Asociación de Bomberos Voluntarios - San Martín de los Andes,,0,1,0
1100008528,11/17/2015,Asociación de Bomberos Voluntarios - San Martín de los Andes,,1,0,0
9101000788,11/17/2015,Asociación de Bomberos Voluntarios - San Martín de los Andes,,0,1,0
1100008529,11/17/2015,Asociación de Bomberos Voluntarios - San Martín de los Andes,,1,0,0
1100008530,11/17/2015,Asociación de Bomberos Voluntarios - San Martín de los Andes,,1,0,0
1100008531,11/17/2015,Asociación de Bomberos Voluntarios - San Martín de los Andes,,1,0,0
9101000789,11/17/2015,Asociación de Bomberos Voluntarios - San Martín de los Andes,,0,1,0
1100008532,11/17/2015,Asociación de Bomberos Voluntarios - San Martín de los Andes,,1,0,0
9101000790,11/17/2015,Asociación de Bomberos Voluntarios - San Martín de los Andes,,0,1,0
1100008533,11/17/2015,Asociación de Bomberos Voluntarios - San Martín de los Andes,,1,0,0
1100008534,11/17/2015,Asociación de Bomberos Voluntarios - San Martín de los Andes,,1,0,0
1100008535,11/17/2015,Asociación de Bomberos Voluntarios - San Martín de los Andes,,1,0,0
1100008537,11/17/2015,Asociación de Bomberos Voluntarios - San Martín de los Andes,,1,0,0
9101000791,11/17/2015,Asociación de Bomberos Voluntarios - San Martín de los Andes,,0,1,0
9101000792,11/18/2015,Asociación de Bomberos Voluntarios - San Martín de los Andes,,0,0,1
9101000793,11/18/2015,Asociación de Bomberos Voluntarios - San Martín de los Andes,,0,1,0
1100008536,11/18/2015,Asociación de Bomberos Voluntarios - San Martín de los Andes,,1,0,0
1100008538,11/18/2015,Asociación de Bomberos Voluntarios - San Martín de los Andes,,1,0,0
1100008539,11/18/2015,Asociación de Bomberos Voluntarios - San Martín de los Andes,,1,0,0
1200002918,11/18/2015,Asociación de Bomberos Voluntarios - San Martín de los Andes,,1,0,0
1100008540,11/18/2015,Asociación de Bomberos Voluntarios - San Martín de los Andes,,1,0,0
1200002919,11/18/2015,Asociación de Bomberos Voluntarios - San Martín de los Andes,,1,0,0
1100008541,11/18/2015,Asociación de Bomberos Voluntarios - San Martín de los Andes,,1,0,0
1100008542,11/18/2015,Asociación de Bomberos Voluntarios - San Martín de los Andes,,1,0,0
9101000794,11/18/2015,Asociación de Bomberos Voluntarios - San Martín de los Andes,,0,1,0
1100008543,11/18/2015,Asociación de Bomberos Voluntarios - San Martín de los Andes,,1,0,0
1100008544,11/18/2015,Asociación de Bomberos Voluntarios - San Martín de los Andes,,1,0,0
1100008545,11/18/2015,Asociación de Bomberos Voluntarios - San Martín de los Andes,,1,0,0
1100008546,11/18/2015,Asociación de Bomberos Voluntarios - San Martín de los Andes,,1,0,0
1100008547,11/18/2015,Asociación de Bomberos Voluntarios - San Martín de los Andes,,1,0,0
1200002920,11/18/2015,Asociación de Bomberos Voluntarios - San Martín de los Andes,,1,0,0
1100008548,11/18/2015,Asociación de Bomberos Voluntarios - San Martín de los Andes,,1,0,0
1100008549,11/18/2015,Asociación de Bomberos Voluntarios - San Martín de los Andes,,1,0,0
9101000795,11/18/2015,Asociación de Bomberos Voluntarios - San Martín de los Andes,,0,0,1
9102001683,11/17/2015,Veritecnica SRL,,0,1,0
9102001684,11/17/2015,Veritecnica SRL,,0,0,1
9102001685,11/17/2015,Veritecnica SRL,,0,0,1
1100008157,11/17/2015,Veritecnica SRL,,1,0,0
1100008158,11/17/2015,Veritecnica SRL,,1,0,0
9102001686,11/17/2015,Veritecnica SRL,,0,0,1
1100008159,11/17/2015,Veritecnica SRL,,1,0,0
1100008160,11/17/2015,Veritecnica SRL,,1,0,0
1100008161,11/17/2015,Veritecnica SRL,,1,0,0
9102001687,11/17/2015,Veritecnica SRL,,0,0,1
1100008162,11/17/2015,Veritecnica SRL,,1,0,0
1100008163,11/17/2015,Veritecnica SRL,,1,0,0
9102001688,11/17/2015,Veritecnica SRL,,0,0,1
1100008164,11/17/2015,Veritecnica SRL,,1,0,0
1100008165,11/17/2015,Veritecnica SRL,,1,0,0
9202000403,11/17/2015,Veritecnica SRL,,0,0,1
1100008166,11/17/2015,Veritecnica SRL,,1,0,0
1100008167,11/17/2015,Veritecnica SRL,,1,0,0
1100008168,11/17/2015,Veritecnica SRL,,1,0,0
9102001689,11/17/2015,Veritecnica SRL,,0,1,0
1100008169,11/17/2015,Veritecnica SRL,,1,0,0
9202000404,11/17/2015,Veritecnica SRL,,0,0,1
1100008170,11/17/2015,Veritecnica SRL,,1,0,0
1200004468,11/17/2015,Veritecnica SRL,,1,0,0
1100008171,11/17/2015,Veritecnica SRL,,1,0,0
1200004469,11/17/2015,Veritecnica SRL,,1,0,0
1100008172,11/17/2015,Veritecnica SRL,,1,0,0
1100008173,11/17/2015,Veritecnica SRL,,1,0,0
1100008174,11/17/2015,Veritecnica SRL,,1,0,0
9102001690,11/17/2015,Veritecnica SRL,,0,1,0
1100008175,11/17/2015,Veritecnica SRL,,1,0,0
1100008176,11/17/2015,Veritecnica SRL,,1,0,0
9102001691,11/17/2015,Veritecnica SRL,,0,0,1
1100008177,11/17/2015,Veritecnica SRL,,1,0,0
1200004470,11/17/2015,Veritecnica SRL,,1,0,0
1100008178,11/17/2015,Veritecnica SRL,,1,0,0
1100008179,11/17/2015,Veritecnica SRL,,1,0,0
1200004471,11/17/2015,Veritecnica SRL,,1,0,0
1200004472,11/17/2015,Veritecnica SRL,,1,0,0
1200004473,11/17/2015,Veritecnica SRL,,1,0,0
1100008180,11/17/2015,Veritecnica SRL,,1,0,0
1200004474,11/17/2015,Veritecnica SRL,,1,0,0
1200004475,11/17/2015,Veritecnica SRL,,1,0,0
1200004476,11/17/2015,Veritecnica SRL,,1,0,0
1100008181,11/17/2015,Veritecnica SRL,,1,0,0
1100008182,11/17/2015,Veritecnica SRL,,1,0,0
1100008183,11/18/2015,Veritecnica SRL,,1,0,0
1100008184,11/18/2015,Veritecnica SRL,,1,0,0
1100008185,11/18/2015,Veritecnica SRL,,1,0,0
1100008186,11/18/2015,Veritecnica SRL,,1,0,0
9102001692,11/18/2015,Veritecnica SRL,,0,1,0
1200004477,11/18/2015,Veritecnica SRL,,1,0,0
9102001693,11/18/2015,Veritecnica SRL,,0,1,0
9102001694,11/18/2015,Veritecnica SRL,,0,0,1
1100008187,11/18/2015,Veritecnica SRL,,1,0,0
1100008188,11/18/2015,Veritecnica SRL,,1,0,0
1100008189,11/18/2015,Veritecnica SRL,,1,0,0
1200004478,11/18/2015,Veritecnica SRL,,1,0,0
9102001695,11/18/2015,Veritecnica SRL,,0,1,0
9102001696,11/18/2015,Veritecnica SRL,,0,0,1
1100008190,11/18/2015,Veritecnica SRL,,1,0,0
1200004479,11/18/2015,Veritecnica SRL,,1,0,0
1100008191,11/18/2015,Veritecnica SRL,,1,0,0
1200004480,11/18/2015,Veritecnica SRL,,1,0,0
9102001697,11/18/2015,Veritecnica SRL,,0,0,1
1100008192,11/18/2015,Veritecnica SRL,,1,0,0
1100008193,11/18/2015,Veritecnica SRL,,1,0,0
1100008195,11/18/2015,Veritecnica SRL,,1,0,0
1100008194,11/18/2015,Veritecnica SRL,,1,0,0
9202000405,11/18/2015,Veritecnica SRL,,0,0,1
1200004481,11/18/2015,Veritecnica SRL,,1,0,0
1200004482,11/18/2015,Veritecnica SRL,,1,0,0
1100008196,11/18/2015,Veritecnica SRL,,1,0,0
1200004483,11/18/2015,Veritecnica SRL,,1,0,0
1200004484,11/18/2015,Veritecnica SRL,,1,0,0
9102001698,11/18/2015,Veritecnica SRL,,0,1,0
1200004485,11/18/2015,Veritecnica SRL,,1,0,0
1100008197,11/18/2015,Veritecnica SRL,,1,0,0
9102001699,11/18/2015,Veritecnica SRL,,0,1,0
1100008198,11/18/2015,Veritecnica SRL,,1,0,0
9102001700,11/18/2015,Veritecnica SRL,,0,0,1
9102001701,11/18/2015,Veritecnica SRL,,0,1,0
1200004486,11/18/2015,Veritecnica SRL,,1,0,0
1100008199,11/18/2015,Veritecnica SRL,,1,0,0
1200004487,11/18/2015,Veritecnica SRL,,1,0,0
9102001702,11/18/2015,Veritecnica SRL,,0,1,0
1100008200,11/18/2015,Veritecnica SRL,,1,0,0
1100008201,11/18/2015,Veritecnica SRL,,1,0,0
9202000406,11/18/2015,Veritecnica SRL,,0,0,1
1100008202,11/18/2015,Veritecnica SRL,,1,0,0
1100008203,11/18/2015,Veritecnica SRL,,1,0,0
1100008204,11/18/2015,Veritecnica SRL,,1,0,0
9102001703,11/18/2015,Veritecnica SRL,,0,1,0
9102001704,11/18/2015,Veritecnica SRL,,0,1,0
1100008205,11/18/2015,Veritecnica SRL,,1,0,0
1100008206,11/18/2015,Veritecnica SRL,,1,0,0
9102001705,11/18/2015,Veritecnica SRL,,0,1,0
