Nrocertificado,Fecha,Idtaller,Dominiovehiculo,Aprobado,RechazadoLeveModerado,RechazadoGrave
1100001554,05/20/2015,Control SRL,,1,0,0
9203000064,05/20/2015,Control SRL,,0,1,0
9103000184,05/20/2015,Control SRL,,0,1,0
1200002043,05/20/2015,Control SRL,,1,0,0
1200002044,05/20/2015,Control SRL,,1,0,0
9103000185,05/20/2015,Control SRL,,0,1,0
1100001555,05/20/2015,Control SRL,,1,0,0
1100001556,05/20/2015,Control SRL,,1,0,0
9103000186,05/20/2015,Control SRL,,0,0,1
1200002045,05/20/2015,Control SRL,,1,0,0
1200002046,05/20/2015,Control SRL,,1,0,0
1200002047,05/20/2015,Control SRL,,1,0,0
1200002048,05/20/2015,Control SRL,,1,0,0
1200002049,05/20/2015,Control SRL,,1,0,0
1200002050,05/20/2015,Control SRL,,1,0,0
1100001557,05/20/2015,Control SRL,,1,0,0
1200002051,05/20/2015,Control SRL,,1,0,0
1100001558,05/20/2015,Control SRL,,1,0,0
1100001559,05/20/2015,Control SRL,,1,0,0
1100001560,05/20/2015,Control SRL,,1,0,0
1100001561,05/20/2015,Control SRL,,1,0,0
1100001562,05/20/2015,Control SRL,,1,0,0
1200002052,05/20/2015,Control SRL,,1,0,0
1200002053,05/21/2015,Control SRL,,1,0,0
1100001563,05/21/2015,Control SRL,,1,0,0
9103000187,05/21/2015,Control SRL,,0,0,1
1100001564,05/21/2015,Control SRL,,1,0,0
1100001565,05/21/2015,Control SRL,,1,0,0
9103000188,05/21/2015,Control SRL,,0,1,0
9103000189,05/21/2015,Control SRL,,0,0,1
9103000190,05/21/2015,Control SRL,,0,1,0
1200002054,05/21/2015,Control SRL,,1,0,0
1100001566,05/21/2015,Control SRL,,1,0,0
1100001567,05/21/2015,Control SRL,,1,0,0
1100001568,05/21/2015,Control SRL,,1,0,0
1100001569,05/21/2015,Control SRL,,1,0,0
9203000065,05/21/2015,Control SRL,,0,0,1
1200002055,05/21/2015,Control SRL,,1,0,0
1200002056,05/21/2015,Control SRL,,1,0,0
1200002057,05/21/2015,Control SRL,,1,0,0
1100001570,05/21/2015,Control SRL,,1,0,0
1100001571,05/21/2015,Control SRL,,1,0,0
1100001572,05/21/2015,Control SRL,,1,0,0
1100001573,05/21/2015,Control SRL,,1,0,0
1200002058,05/21/2015,Control SRL,,1,0,0
1100002104,05/20/2015,Asociación de Bomberos Voluntarios - San Martín de los Andes,,1,0,0
1100002105,05/20/2015,Asociación de Bomberos Voluntarios - San Martín de los Andes,,1,0,0
1100002106,05/20/2015,Asociación de Bomberos Voluntarios - San Martín de los Andes,,1,0,0
9101000300,05/20/2015,Asociación de Bomberos Voluntarios - San Martín de los Andes,,0,1,0
1100002107,05/20/2015,Asociación de Bomberos Voluntarios - San Martín de los Andes,,1,0,0
1100002108,05/20/2015,Asociación de Bomberos Voluntarios - San Martín de los Andes,,1,0,0
1100002109,05/20/2015,Asociación de Bomberos Voluntarios - San Martín de los Andes,,1,0,0
1100002110,05/20/2015,Asociación de Bomberos Voluntarios - San Martín de los Andes,,1,0,0
1100002111,05/20/2015,Asociación de Bomberos Voluntarios - San Martín de los Andes,,1,0,0
1100002112,05/20/2015,Asociación de Bomberos Voluntarios - San Martín de los Andes,,1,0,0
1100002113,05/20/2015,Asociación de Bomberos Voluntarios - San Martín de los Andes,,1,0,0
1100002114,05/20/2015,Asociación de Bomberos Voluntarios - San Martín de los Andes,,1,0,0
1100002115,05/20/2015,Asociación de Bomberos Voluntarios - San Martín de los Andes,,1,0,0
1100002116,05/20/2015,Asociación de Bomberos Voluntarios - San Martín de los Andes,,1,0,0
1100002117,05/20/2015,Asociación de Bomberos Voluntarios - San Martín de los Andes,,1,0,0
9101000301,05/20/2015,Asociación de Bomberos Voluntarios - San Martín de los Andes,,0,0,1
1100002118,05/20/2015,Asociación de Bomberos Voluntarios - San Martín de los Andes,,1,0,0
9101000302,05/21/2015,Asociación de Bomberos Voluntarios - San Martín de los Andes,,0,0,1
1200000513,05/21/2015,Asociación de Bomberos Voluntarios - San Martín de los Andes,,1,0,0
1100002119,05/21/2015,Asociación de Bomberos Voluntarios - San Martín de los Andes,,1,0,0
1100002120,05/21/2015,Asociación de Bomberos Voluntarios - San Martín de los Andes,,1,0,0
1100002121,05/21/2015,Asociación de Bomberos Voluntarios - San Martín de los Andes,,1,0,0
1100002122,05/21/2015,Asociación de Bomberos Voluntarios - San Martín de los Andes,,1,0,0
1100002123,05/21/2015,Asociación de Bomberos Voluntarios - San Martín de los Andes,,1,0,0
1200000514,05/21/2015,Asociación de Bomberos Voluntarios - San Martín de los Andes,,1,0,0
1100002124,05/21/2015,Asociación de Bomberos Voluntarios - San Martín de los Andes,,1,0,0
9201000059,05/21/2015,Asociación de Bomberos Voluntarios - San Martín de los Andes,,0,1,0
1100002125,05/21/2015,Asociación de Bomberos Voluntarios - San Martín de los Andes,,1,0,0
1100002126,05/21/2015,Asociación de Bomberos Voluntarios - San Martín de los Andes,,1,0,0
1100002127,05/21/2015,Asociación de Bomberos Voluntarios - San Martín de los Andes,,1,0,0
1100002128,05/21/2015,Asociación de Bomberos Voluntarios - San Martín de los Andes,,1,0,0
1100001959,05/20/2015,Veritecnica SRL,,1,0,0
1100001960,05/20/2015,Veritecnica SRL,,1,0,0
1100001961,05/20/2015,Veritecnica SRL,,1,0,0
9102000621,05/20/2015,Veritecnica SRL,,0,1,0
1100001962,05/20/2015,Veritecnica SRL,,1,0,0
1100001963,05/20/2015,Veritecnica SRL,,1,0,0
1100001964,05/20/2015,Veritecnica SRL,,1,0,0
9102000622,05/20/2015,Veritecnica SRL,,0,0,1
1200001564,05/20/2015,Veritecnica SRL,,1,0,0
1100001965,05/20/2015,Veritecnica SRL,,1,0,0
9102000623,05/20/2015,Veritecnica SRL,,0,1,0
1100001966,05/20/2015,Veritecnica SRL,,1,0,0
9202000139,05/20/2015,Veritecnica SRL,,0,0,1
9102000624,05/20/2015,Veritecnica SRL,,0,0,1
1100001967,05/20/2015,Veritecnica SRL,,1,0,0
1100001968,05/20/2015,Veritecnica SRL,,1,0,0
1100001969,05/20/2015,Veritecnica SRL,,1,0,0
1100001970,05/20/2015,Veritecnica SRL,,1,0,0
9202000140,05/20/2015,Veritecnica SRL,,0,0,1
9202000141,05/20/2015,Veritecnica SRL,,0,0,1
1200001565,05/20/2015,Veritecnica SRL,,1,0,0
1200001566,05/20/2015,Veritecnica SRL,,1,0,0
1200001567,05/20/2015,Veritecnica SRL,,1,0,0
1100001971,05/20/2015,Veritecnica SRL,,1,0,0
1100001972,05/20/2015,Veritecnica SRL,,1,0,0
1100001973,05/20/2015,Veritecnica SRL,,1,0,0
1100001974,05/20/2015,Veritecnica SRL,,1,0,0
1100001975,05/20/2015,Veritecnica SRL,,1,0,0
1200001568,05/20/2015,Veritecnica SRL,,1,0,0
9102000625,05/20/2015,Veritecnica SRL,,0,1,0
1200001569,05/20/2015,Veritecnica SRL,,1,0,0
1100001976,05/20/2015,Veritecnica SRL,,1,0,0
9202000142,05/20/2015,Veritecnica SRL,,0,0,1
9102000626,05/20/2015,Veritecnica SRL,,0,0,1
9102000627,05/20/2015,Veritecnica SRL,,0,0,1
9102000628,05/20/2015,Veritecnica SRL,,0,0,1
1200001570,05/20/2015,Veritecnica SRL,,1,0,0
1100001977,05/20/2015,Veritecnica SRL,,1,0,0
9102000629,05/20/2015,Veritecnica SRL,,0,1,0
1100001978,05/21/2015,Veritecnica SRL,,1,0,0
1100001979,05/21/2015,Veritecnica SRL,,1,0,0
9102000630,05/21/2015,Veritecnica SRL,,0,0,1
1100001980,05/21/2015,Veritecnica SRL,,1,0,0
9102000631,05/21/2015,Veritecnica SRL,,0,0,1
1100001981,05/21/2015,Veritecnica SRL,,1,0,0
1200001571,05/21/2015,Veritecnica SRL,,1,0,0
9102000632,05/21/2015,Veritecnica SRL,,0,0,1
9202000143,05/21/2015,Veritecnica SRL,,0,0,1
1200001572,05/21/2015,Veritecnica SRL,,1,0,0
9102000633,05/21/2015,Veritecnica SRL,,0,0,1
1200001573,05/21/2015,Veritecnica SRL,,1,0,0
1100001982,05/21/2015,Veritecnica SRL,,1,0,0
1100001983,05/21/2015,Veritecnica SRL,,1,0,0
1100001984,05/21/2015,Veritecnica SRL,,1,0,0
1100001985,05/21/2015,Veritecnica SRL,,1,0,0
1200001574,05/21/2015,Veritecnica SRL,,1,0,0
1100001986,05/21/2015,Veritecnica SRL,,1,0,0
9102000634,05/21/2015,Veritecnica SRL,,0,1,0
9202000144,05/21/2015,Veritecnica SRL,,0,0,1
1100001987,05/21/2015,Veritecnica SRL,,1,0,0
1200001575,05/21/2015,Veritecnica SRL,,1,0,0
1200001576,05/21/2015,Veritecnica SRL,,1,0,0
1100001988,05/21/2015,Veritecnica SRL,,1,0,0
1100001989,05/21/2015,Veritecnica SRL,,1,0,0
9202000145,05/21/2015,Veritecnica SRL,,0,0,1
1200001577,05/21/2015,Veritecnica SRL,,1,0,0
9102000635,05/21/2015,Veritecnica SRL,,0,0,1
1200001578,05/21/2015,Veritecnica SRL,,1,0,0
1200001579,05/21/2015,Veritecnica SRL,,1,0,0
1200001580,05/21/2015,Veritecnica SRL,,1,0,0
1200001651,05/21/2015,Veritecnica SRL,,1,0,0
1200001652,05/21/2015,Veritecnica SRL,,1,0,0
1200001653,05/21/2015,Veritecnica SRL,,1,0,0
1200001654,05/21/2015,Veritecnica SRL,,1,0,0
