Nrocertificado,Fecha,Idtaller,Dominiovehiculo,Aprobado,RechazadoLeveModerado,RechazadoGrave
1100001627,05/02/2015,Veritecnica SRL,,1,0,0
9102000536,05/02/2015,Veritecnica SRL,,0,0,1
9102000537,05/02/2015,Veritecnica SRL,,0,1,0
1100001628,05/02/2015,Veritecnica SRL,,1,0,0
9102000538,05/02/2015,Veritecnica SRL,,0,0,1
1100001629,05/02/2015,Veritecnica SRL,,1,0,0
1100001630,05/02/2015,Veritecnica SRL,,1,0,0
1100001681,05/02/2015,Veritecnica SRL,,1,0,0
1100001682,05/02/2015,Veritecnica SRL,,1,0,0
9102000539,05/02/2015,Veritecnica SRL,,0,1,0
1100001683,05/02/2015,Veritecnica SRL,,1,0,0
1100001684,05/02/2015,Veritecnica SRL,,1,0,0
1100001685,05/02/2015,Veritecnica SRL,,1,0,0
1200001434,05/02/2015,Veritecnica SRL,,1,0,0
1100001686,05/02/2015,Veritecnica SRL,,1,0,0
1100001687,05/02/2015,Veritecnica SRL,,1,0,0
9102000540,05/02/2015,Veritecnica SRL,,0,1,0
