Nrocertificado,Fecha,Idtaller,Dominiovehiculo,Aprobado,RechazadoLeveModerado,RechazadoGrave
24501,01/05/2015,Control SRL,,1,0,0
24502,01/05/2015,Control SRL,,1,0,0
24503,01/05/2015,Control SRL,,1,0,0
3439,01/05/2015,Control SRL,,0,1,0
3440,01/05/2015,Control SRL,,0,1,0
24504,01/05/2015,Control SRL,,1,0,0
24505,01/05/2015,Control SRL,,1,0,0
24506,01/05/2015,Control SRL,,1,0,0
3442,01/05/2015,Control SRL,,0,1,0
24507,01/05/2015,Control SRL,,1,0,0
24508,01/05/2015,Control SRL,,1,0,0
24509,01/05/2015,Control SRL,,1,0,0
24510,01/05/2015,Control SRL,,1,0,0
24511,01/05/2015,Control SRL,,1,0,0
24512,01/05/2015,Control SRL,,1,0,0
23338,01/05/2015,Control SRL,,1,0,0
24513,01/05/2015,Control SRL,,1,0,0
23339,01/05/2015,Control SRL,,1,0,0
3441,01/05/2015,Control SRL,,0,1,0
24514,01/05/2015,Control SRL,,1,0,0
3443,01/05/2015,Control SRL,,0,1,0
24515,01/05/2015,Control SRL,,1,0,0
24516,01/05/2015,Control SRL,,1,0,0
24517,01/05/2015,Control SRL,,1,0,0
24518,01/05/2015,Control SRL,,1,0,0
23340,01/05/2015,Control SRL,,1,0,0
24519,01/05/2015,Control SRL,,1,0,0
3444,01/05/2015,Control SRL,,0,1,0
24520,01/05/2015,Control SRL,,1,0,0
24521,01/05/2015,Control SRL,,1,0,0
24522,01/05/2015,Control SRL,,1,0,0
24523,01/05/2015,Control SRL,,1,0,0
24524,01/05/2015,Control SRL,,1,0,0
24525,01/05/2015,Control SRL,,1,0,0
24526,01/05/2015,Control SRL,,1,0,0
24527,01/05/2015,Control SRL,,1,0,0
24528,01/05/2015,Control SRL,,1,0,0
24529,01/05/2015,Control SRL,,1,0,0
24530,01/05/2015,Control SRL,,1,0,0
24531,01/05/2015,Control SRL,,1,0,0
24532,01/05/2015,Control SRL,,1,0,0
24533,01/05/2015,Control SRL,,1,0,0
24534,01/05/2015,Control SRL,,1,0,0
3445,01/05/2015,Control SRL,,0,1,0
24535,01/05/2015,Control SRL,,1,0,0
24536,01/05/2015,Control SRL,,1,0,0
24537,01/05/2015,Control SRL,,1,0,0
24538,01/05/2015,Control SRL,,1,0,0
24539,01/05/2015,Control SRL,,1,0,0
24540,01/05/2015,Control SRL,,1,0,0
23341,01/05/2015,Control SRL,,1,0,0
24541,01/05/2015,Control SRL,,1,0,0
3446,01/05/2015,Control SRL,,0,1,0
24542,01/05/2015,Control SRL,,1,0,0
24543,01/05/2015,Control SRL,,1,0,0
24544,01/05/2015,Control SRL,,1,0,0
24545,01/05/2015,Control SRL,,1,0,0
24546,01/05/2015,Control SRL,,1,0,0
3447,01/05/2015,Control SRL,,0,1,0
24547,01/05/2015,Control SRL,,1,0,0
24548,01/05/2015,Control SRL,,1,0,0
24549,01/05/2015,Control SRL,,1,0,0
6769,01/05/2015,Asociación de Bomberos Voluntarios - San Martín de los Andes,,0,1,0
24001,01/05/2015,Asociación de Bomberos Voluntarios - San Martín de los Andes,,1,0,0
24002,01/05/2015,Asociación de Bomberos Voluntarios - San Martín de los Andes,,1,0,0
24003,01/05/2015,Asociación de Bomberos Voluntarios - San Martín de los Andes,,1,0,0
24004,01/05/2015,Asociación de Bomberos Voluntarios - San Martín de los Andes,,1,0,0
24005,01/05/2015,Asociación de Bomberos Voluntarios - San Martín de los Andes,,1,0,0
24006,01/05/2015,Asociación de Bomberos Voluntarios - San Martín de los Andes,,1,0,0
6770,01/05/2015,Asociación de Bomberos Voluntarios - San Martín de los Andes,,0,0,1
24007,01/05/2015,Asociación de Bomberos Voluntarios - San Martín de los Andes,,1,0,0
24008,01/05/2015,Asociación de Bomberos Voluntarios - San Martín de los Andes,,1,0,0
24009,01/05/2015,Asociación de Bomberos Voluntarios - San Martín de los Andes,,1,0,0
24010,01/05/2015,Asociación de Bomberos Voluntarios - San Martín de los Andes,,1,0,0
24011,01/05/2015,Asociación de Bomberos Voluntarios - San Martín de los Andes,,1,0,0
24012,01/05/2015,Asociación de Bomberos Voluntarios - San Martín de los Andes,,1,0,0
6771,01/05/2015,Asociación de Bomberos Voluntarios - San Martín de los Andes,,0,0,1
21809,01/05/2015,Asociación de Bomberos Voluntarios - San Martín de los Andes,,1,0,0
24013,01/05/2015,Asociación de Bomberos Voluntarios - San Martín de los Andes,,1,0,0
6772,01/05/2015,Asociación de Bomberos Voluntarios - San Martín de los Andes,,0,0,1
24014,01/05/2015,Asociación de Bomberos Voluntarios - San Martín de los Andes,,1,0,0
24015,01/05/2015,Asociación de Bomberos Voluntarios - San Martín de los Andes,,1,0,0
24016,01/05/2015,Asociación de Bomberos Voluntarios - San Martín de los Andes,,1,0,0
24017,01/05/2015,Asociación de Bomberos Voluntarios - San Martín de los Andes,,1,0,0
24018,01/05/2015,Asociación de Bomberos Voluntarios - San Martín de los Andes,,1,0,0
24019,01/05/2015,Asociación de Bomberos Voluntarios - San Martín de los Andes,,1,0,0
6773,01/05/2015,Asociación de Bomberos Voluntarios - San Martín de los Andes,,0,1,0
24020,01/05/2015,Asociación de Bomberos Voluntarios - San Martín de los Andes,,1,0,0
24021,01/05/2015,Asociación de Bomberos Voluntarios - San Martín de los Andes,,1,0,0
24022,01/05/2015,Asociación de Bomberos Voluntarios - San Martín de los Andes,,1,0,0
6774,01/05/2015,Asociación de Bomberos Voluntarios - San Martín de los Andes,,0,0,1
24023,01/05/2015,Asociación de Bomberos Voluntarios - San Martín de los Andes,,1,0,0
6775,01/05/2015,Asociación de Bomberos Voluntarios - San Martín de los Andes,,0,0,1
6776,01/05/2015,Asociación de Bomberos Voluntarios - San Martín de los Andes,,0,1,0
24024,01/05/2015,Asociación de Bomberos Voluntarios - San Martín de los Andes,,1,0,0
24025,01/05/2015,Asociación de Bomberos Voluntarios - San Martín de los Andes,,1,0,0
24026,01/05/2015,Asociación de Bomberos Voluntarios - San Martín de los Andes,,1,0,0
24027,01/05/2015,Asociación de Bomberos Voluntarios - San Martín de los Andes,,1,0,0
6777,01/05/2015,Asociación de Bomberos Voluntarios - San Martín de los Andes,,0,0,1
24028,01/05/2015,Asociación de Bomberos Voluntarios - San Martín de los Andes,,1,0,0
24029,01/05/2015,Asociación de Bomberos Voluntarios - San Martín de los Andes,,1,0,0
24030,01/05/2015,Asociación de Bomberos Voluntarios - San Martín de los Andes,,1,0,0
24031,01/05/2015,Asociación de Bomberos Voluntarios - San Martín de los Andes,,1,0,0
24032,01/05/2015,Asociación de Bomberos Voluntarios - San Martín de los Andes,,1,0,0
24033,01/05/2015,Asociación de Bomberos Voluntarios - San Martín de los Andes,,1,0,0
24034,01/05/2015,Asociación de Bomberos Voluntarios - San Martín de los Andes,,1,0,0
24035,01/05/2015,Asociación de Bomberos Voluntarios - San Martín de los Andes,,1,0,0
24036,01/05/2015,Asociación de Bomberos Voluntarios - San Martín de los Andes,,1,0,0
6778,01/05/2015,Asociación de Bomberos Voluntarios - San Martín de los Andes,,0,1,0
24037,01/05/2015,Asociación de Bomberos Voluntarios - San Martín de los Andes,,1,0,0
21810,01/05/2015,Asociación de Bomberos Voluntarios - San Martín de los Andes,,1,0,0
24790,01/05/2015,Veritecnica SRL,,1,0,0
24791,01/05/2015,Veritecnica SRL,,1,0,0
24792,01/05/2015,Veritecnica SRL,,1,0,0
7298,01/05/2015,Veritecnica SRL,,0,1,0
7299,01/05/2015,Veritecnica SRL,,0,0,1
23542,01/05/2015,Veritecnica SRL,,1,0,0
7300,01/05/2015,Veritecnica SRL,,0,0,1
24793,01/05/2015,Veritecnica SRL,,1,0,0
23543,01/05/2015,Veritecnica SRL,,1,0,0
7301,01/05/2015,Veritecnica SRL,,0,1,0
3459,01/05/2015,Veritecnica SRL,,1,0,0
24794,01/05/2015,Veritecnica SRL,,1,0,0
24795,01/05/2015,Veritecnica SRL,,1,0,0
24796,01/05/2015,Veritecnica SRL,,1,0,0
23544,01/05/2015,Veritecnica SRL,,1,0,0
7302,01/05/2015,Veritecnica SRL,,0,1,0
23545,01/05/2015,Veritecnica SRL,,1,0,0
24797,01/05/2015,Veritecnica SRL,,1,0,0
23546,01/05/2015,Veritecnica SRL,,1,0,0
23547,01/05/2015,Veritecnica SRL,,1,0,0
24798,01/05/2015,Veritecnica SRL,,1,0,0
23548,01/05/2015,Veritecnica SRL,,1,0,0
24799,01/05/2015,Veritecnica SRL,,1,0,0
24800,01/05/2015,Veritecnica SRL,,1,0,0
7303,01/05/2015,Veritecnica SRL,,0,1,0
23549,01/05/2015,Veritecnica SRL,,1,0,0
24801,01/05/2015,Veritecnica SRL,,1,0,0
24802,01/05/2015,Veritecnica SRL,,1,0,0
23550,01/05/2015,Veritecnica SRL,,1,0,0
24803,01/05/2015,Veritecnica SRL,,1,0,0
24804,01/05/2015,Veritecnica SRL,,1,0,0
7304,01/05/2015,Veritecnica SRL,,0,1,0
7305,01/05/2015,Veritecnica SRL,,0,0,1
24805,01/05/2015,Veritecnica SRL,,1,0,0
23551,01/05/2015,Veritecnica SRL,,1,0,0
23552,01/05/2015,Veritecnica SRL,,1,0,0
7306,01/05/2015,Veritecnica SRL,,0,0,1
23553,01/05/2015,Veritecnica SRL,,1,0,0
23554,01/05/2015,Veritecnica SRL,,1,0,0
23555,01/05/2015,Veritecnica SRL,,1,0,0
7307,01/05/2015,Veritecnica SRL,,0,1,0
24806,01/05/2015,Veritecnica SRL,,1,0,0
24807,01/05/2015,Veritecnica SRL,,1,0,0
7308,01/05/2015,Veritecnica SRL,,0,1,0
23556,01/05/2015,Veritecnica SRL,,1,0,0
7309,01/05/2015,Veritecnica SRL,,0,1,0
24808,01/05/2015,Veritecnica SRL,,1,0,0
24809,01/05/2015,Veritecnica SRL,,1,0,0
7310,01/05/2015,Veritecnica SRL,,0,0,1
7311,01/05/2015,Veritecnica SRL,,0,0,1
23557,01/05/2015,Veritecnica SRL,,1,0,0
24810,01/05/2015,Veritecnica SRL,,1,0,0
24811,01/05/2015,Veritecnica SRL,,1,0,0
24812,01/05/2015,Veritecnica SRL,,1,0,0
7312,01/05/2015,Veritecnica SRL,,0,1,0
24813,01/05/2015,Veritecnica SRL,,1,0,0
24814,01/05/2015,Veritecnica SRL,,1,0,0
7313,01/05/2015,Veritecnica SRL,,0,0,1
7314,01/05/2015,Veritecnica SRL,,0,0,1
7315,01/05/2015,Veritecnica SRL,,0,1,0
24815,01/05/2015,Veritecnica SRL,,1,0,0
7317,01/05/2015,Veritecnica SRL,,0,0,1
7317,01/05/2015,Veritecnica SRL,,0,0,1
24816,01/05/2015,Veritecnica SRL,,1,0,0
3460,01/05/2015,Veritecnica SRL,,1,0,0
24817,01/05/2015,Veritecnica SRL,,1,0,0
3461,01/05/2015,Veritecnica SRL,,1,0,0
3462,01/05/2015,Veritecnica SRL,,1,0,0
24818,01/05/2015,Veritecnica SRL,,1,0,0
3251,01/05/2015,Veritecnica SRL,,1,0,0
24819,01/05/2015,Veritecnica SRL,,1,0,0
24820,01/05/2015,Veritecnica SRL,,1,0,0
24821,01/05/2015,Veritecnica SRL,,1,0,0
7318,01/05/2015,Veritecnica SRL,,0,1,0
24822,01/05/2015,Veritecnica SRL,,1,0,0
24823,01/05/2015,Veritecnica SRL,,1,0,0
24824,01/05/2015,Veritecnica SRL,,1,0,0
24825,01/05/2015,Veritecnica SRL,,1,0,0
24826,01/05/2015,Veritecnica SRL,,1,0,0
7319,01/05/2015,Veritecnica SRL,,0,1,0
23558,01/05/2015,Veritecnica SRL,,1,0,0
24827,01/05/2015,Veritecnica SRL,,1,0,0
7320,01/05/2015,Veritecnica SRL,,0,1,0
24829,01/05/2015,Veritecnica SRL,,1,0,0
24828,01/05/2015,Veritecnica SRL,,1,0,0
24830,01/05/2015,Veritecnica SRL,,1,0,0
24831,01/05/2015,Veritecnica SRL,,1,0,0
7321,01/05/2015,Veritecnica SRL,,0,0,1
24832,01/05/2015,Veritecnica SRL,,1,0,0
7322,01/05/2015,Veritecnica SRL,,0,0,1
24833,01/05/2015,Veritecnica SRL,,1,0,0
7323,01/05/2015,Veritecnica SRL,,0,0,1
7324,01/05/2015,Veritecnica SRL,,0,1,0
7325,01/05/2015,Veritecnica SRL,,0,1,0
7326,01/05/2015,Veritecnica SRL,,0,1,0
24834,01/05/2015,Veritecnica SRL,,1,0,0
24835,01/05/2015,Veritecnica SRL,,1,0,0
24836,01/05/2015,Veritecnica SRL,,1,0,0
24837,01/05/2015,Veritecnica SRL,,1,0,0
24838,01/05/2015,Veritecnica SRL,,1,0,0
7327,01/05/2015,Veritecnica SRL,,0,1,0
24839,01/05/2015,Veritecnica SRL,,1,0,0
23559,01/05/2015,Veritecnica SRL,,1,0,0
7328,01/05/2015,Veritecnica SRL,,0,0,1
24840,01/05/2015,Veritecnica SRL,,1,0,0
3252,01/05/2015,Veritecnica SRL,,1,0,0
24841,01/05/2015,Veritecnica SRL,,1,0,0
7329,01/05/2015,Veritecnica SRL,,0,1,0
7330,01/05/2015,Veritecnica SRL,,0,1,0
3253,01/05/2015,Veritecnica SRL,,1,0,0
7331,01/05/2015,Veritecnica SRL,,0,1,0
23560,01/05/2015,Veritecnica SRL,,1,0,0
24842,01/05/2015,Veritecnica SRL,,1,0,0
24843,01/05/2015,Veritecnica SRL,,1,0,0
3463,01/05/2015,Veritecnica SRL,,1,0,0
7332,01/05/2015,Veritecnica SRL,,0,0,1
