Nrocertificado,Fecha,Idtaller,Dominiovehiculo,Aprobado,RechazadoLeveModerado,RechazadoGrave
1100002758,06/25/2015,Control SRL,,1,0,0
1200002306,06/25/2015,Control SRL,,1,0,0
1200002317,06/25/2015,Control SRL,,1,0,0
1200002320,06/25/2015,Control SRL,,1,0,0
1100002759,06/25/2015,Control SRL,,1,0,0
1100002761,06/25/2015,Control SRL,,1,0,0
1100002762,06/25/2015,Control SRL,,1,0,0
1100002763,06/25/2015,Control SRL,,1,0,0
1100002764,06/25/2015,Control SRL,,1,0,0
1100002766,06/25/2015,Control SRL,,1,0,0
1100002765,06/25/2015,Control SRL,,1,0,0
1100002767,06/25/2015,Control SRL,,1,0,0
1200002321,06/25/2015,Control SRL,,1,0,0
1200002322,06/25/2015,Control SRL,,1,0,0
1200002323,06/25/2015,Control SRL,,1,0,0
1100002768,06/25/2015,Control SRL,,1,0,0
9203000091,06/25/2015,Control SRL,,0,0,1
1100002769,06/25/2015,Control SRL,,1,0,0
1100002770,06/25/2015,Control SRL,,1,0,0
1200002324,06/25/2015,Control SRL,,1,0,0
1200002325,06/25/2015,Control SRL,,1,0,0
1200002326,06/25/2015,Control SRL,,1,0,0
1200002327,06/25/2015,Control SRL,,1,0,0
9203000092,06/25/2015,Control SRL,,0,0,1
1200002328,06/25/2015,Control SRL,,1,0,0
1100002771,06/25/2015,Control SRL,,1,0,0
1100002772,06/25/2015,Control SRL,,1,0,0
1100002773,06/25/2015,Control SRL,,1,0,0
1200002448,06/25/2015,Control SRL,,1,0,0
1200002450,06/25/2015,Control SRL,,1,0,0
1200002449,06/25/2015,Control SRL,,1,0,0
1200002330,06/25/2015,Control SRL,,1,0,0
1100002774,06/25/2015,Control SRL,,1,0,0
1100002775,06/25/2015,Control SRL,,1,0,0
1100002776,06/25/2015,Control SRL,,1,0,0
1100002777,06/25/2015,Control SRL,,1,0,0
1100002778,06/25/2015,Control SRL,,1,0,0
1200002447,06/25/2015,Control SRL,,1,0,0
1200002446,06/26/2015,Control SRL,,1,0,0
1200002442,06/26/2015,Control SRL,,1,0,0
1200002441,06/26/2015,Control SRL,,1,0,0
1200002443,06/26/2015,Control SRL,,1,0,0
1200002444,06/26/2015,Control SRL,,1,0,0
1200002440,06/26/2015,Control SRL,,1,0,0
1100002779,06/26/2015,Control SRL,,1,0,0
1200002445,06/26/2015,Control SRL,,1,0,0
1100002780,06/26/2015,Control SRL,,1,0,0
1200002439,06/26/2015,Control SRL,,1,0,0
1100002781,06/26/2015,Control SRL,,1,0,0
1200002438,06/26/2015,Control SRL,,1,0,0
1200002437,06/26/2015,Control SRL,,1,0,0
1100002782,06/26/2015,Control SRL,,1,0,0
9103000238,06/26/2015,Control SRL,,0,1,0
1200002434,06/26/2015,Control SRL,,1,0,0
1100002783,06/26/2015,Control SRL,,1,0,0
1200002435,06/26/2015,Control SRL,,1,0,0
1200002436,06/26/2015,Control SRL,,1,0,0
1100002790,06/26/2015,Control SRL,,1,0,0
1200002433,06/26/2015,Control SRL,,1,0,0
1100002789,06/26/2015,Control SRL,,1,0,0
1200002431,06/26/2015,Control SRL,,1,0,0
1200002432,06/26/2015,Control SRL,,1,0,0
1200002451,06/26/2015,Control SRL,,1,0,0
1100002860,06/25/2015,Asociación de Bomberos Voluntarios - San Martín de los Andes,,1,0,0
1100002861,06/25/2015,Asociación de Bomberos Voluntarios - San Martín de los Andes,,1,0,0
1200000859,06/25/2015,Asociación de Bomberos Voluntarios - San Martín de los Andes,,1,0,0
1100002862,06/25/2015,Asociación de Bomberos Voluntarios - San Martín de los Andes,,1,0,0
1100002863,06/25/2015,Asociación de Bomberos Voluntarios - San Martín de los Andes,,1,0,0
1200000860,06/25/2015,Asociación de Bomberos Voluntarios - San Martín de los Andes,,1,0,0
1100002864,06/25/2015,Asociación de Bomberos Voluntarios - San Martín de los Andes,,1,0,0
9101000371,06/25/2015,Asociación de Bomberos Voluntarios - San Martín de los Andes,,0,1,0
9101000372,06/25/2015,Asociación de Bomberos Voluntarios - San Martín de los Andes,,0,1,0
1100002865,06/25/2015,Asociación de Bomberos Voluntarios - San Martín de los Andes,,1,0,0
9101000373,06/25/2015,Asociación de Bomberos Voluntarios - San Martín de los Andes,,0,0,1
9101000374,06/25/2015,Asociación de Bomberos Voluntarios - San Martín de los Andes,,0,0,1
9101000375,06/25/2015,Asociación de Bomberos Voluntarios - San Martín de los Andes,,0,1,0
1100002866,06/25/2015,Asociación de Bomberos Voluntarios - San Martín de los Andes,,1,0,0
1100002867,06/25/2015,Asociación de Bomberos Voluntarios - San Martín de los Andes,,1,0,0
1100002868,06/25/2015,Asociación de Bomberos Voluntarios - San Martín de los Andes,,1,0,0
1100002869,06/25/2015,Asociación de Bomberos Voluntarios - San Martín de los Andes,,1,0,0
9201000082,06/26/2015,Asociación de Bomberos Voluntarios - San Martín de los Andes,,0,1,0
9101000376,06/26/2015,Asociación de Bomberos Voluntarios - San Martín de los Andes,,0,1,0
1100002870,06/26/2015,Asociación de Bomberos Voluntarios - San Martín de los Andes,,1,0,0
1200000861,06/26/2015,Asociación de Bomberos Voluntarios - San Martín de los Andes,,1,0,0
1100002871,06/26/2015,Asociación de Bomberos Voluntarios - San Martín de los Andes,,1,0,0
9101000377,06/26/2015,Asociación de Bomberos Voluntarios - San Martín de los Andes,,0,0,1
1200000862,06/26/2015,Asociación de Bomberos Voluntarios - San Martín de los Andes,,1,0,0
9201000083,06/26/2015,Asociación de Bomberos Voluntarios - San Martín de los Andes,,0,0,1
1100002872,06/26/2015,Asociación de Bomberos Voluntarios - San Martín de los Andes,,1,0,0
1100002873,06/26/2015,Asociación de Bomberos Voluntarios - San Martín de los Andes,,1,0,0
1100002874,06/26/2015,Asociación de Bomberos Voluntarios - San Martín de los Andes,,1,0,0
1100002875,06/26/2015,Asociación de Bomberos Voluntarios - San Martín de los Andes,,1,0,0
1100002876,06/26/2015,Asociación de Bomberos Voluntarios - San Martín de los Andes,,1,0,0
1200000863,06/26/2015,Asociación de Bomberos Voluntarios - San Martín de los Andes,,1,0,0
1100002877,06/26/2015,Asociación de Bomberos Voluntarios - San Martín de los Andes,,1,0,0
1100003451,06/25/2015,Veritecnica SRL,,1,0,0
1100003452,06/25/2015,Veritecnica SRL,,1,0,0
9102000796,06/25/2015,Veritecnica SRL,,0,0,1
1200001888,06/25/2015,Veritecnica SRL,,1,0,0
9102000797,06/25/2015,Veritecnica SRL,,0,0,1
9102000798,06/25/2015,Veritecnica SRL,,0,0,1
1100003453,06/25/2015,Veritecnica SRL,,1,0,0
1100003454,06/25/2015,Veritecnica SRL,,1,0,0
1200001889,06/25/2015,Veritecnica SRL,,1,0,0
9102000799,06/25/2015,Veritecnica SRL,,0,1,0
9102000800,06/25/2015,Veritecnica SRL,,0,0,1
9102000801,06/25/2015,Veritecnica SRL,,0,1,0
1100003456,06/25/2015,Veritecnica SRL,,1,0,0
1200001890,06/25/2015,Veritecnica SRL,,1,0,0
1100003457,06/25/2015,Veritecnica SRL,,1,0,0
1200001891,06/25/2015,Veritecnica SRL,,1,0,0
1200001892,06/25/2015,Veritecnica SRL,,1,0,0
1100003458,06/25/2015,Veritecnica SRL,,1,0,0
9102000802,06/25/2015,Veritecnica SRL,,0,0,1
9102000803,06/25/2015,Veritecnica SRL,,0,1,0
1100003459,06/25/2015,Veritecnica SRL,,1,0,0
1100003460,06/25/2015,Veritecnica SRL,,1,0,0
1100003461,06/25/2015,Veritecnica SRL,,1,0,0
9102000804,06/25/2015,Veritecnica SRL,,0,1,0
1100003462,06/25/2015,Veritecnica SRL,,1,0,0
1200001893,06/25/2015,Veritecnica SRL,,1,0,0
1200001894,06/25/2015,Veritecnica SRL,,1,0,0
1200001895,06/25/2015,Veritecnica SRL,,1,0,0
1100003463,06/25/2015,Veritecnica SRL,,1,0,0
9102000805,06/25/2015,Veritecnica SRL,,0,0,1
9102000806,06/25/2015,Veritecnica SRL,,0,0,1
1100003464,06/25/2015,Veritecnica SRL,,1,0,0
1100003465,06/25/2015,Veritecnica SRL,,1,0,0
1100003467,06/25/2015,Veritecnica SRL,,1,0,0
1100003466,06/25/2015,Veritecnica SRL,,1,0,0
1200001896,06/25/2015,Veritecnica SRL,,1,0,0
1100003468,06/26/2015,Veritecnica SRL,,1,0,0
9102000807,06/26/2015,Veritecnica SRL,,0,0,1
1100003469,06/26/2015,Veritecnica SRL,,1,0,0
1200001897,06/26/2015,Veritecnica SRL,,1,0,0
1200001898,06/26/2015,Veritecnica SRL,,1,0,0
9102000808,06/26/2015,Veritecnica SRL,,0,1,0
1100003470,06/26/2015,Veritecnica SRL,,1,0,0
1100003471,06/26/2015,Veritecnica SRL,,1,0,0
1200001899,06/26/2015,Veritecnica SRL,,1,0,0
1100003472,06/26/2015,Veritecnica SRL,,1,0,0
1100003473,06/26/2015,Veritecnica SRL,,1,0,0
1200001900,06/26/2015,Veritecnica SRL,,1,0,0
1100003474,06/26/2015,Veritecnica SRL,,1,0,0
1100003476,06/26/2015,Veritecnica SRL,,1,0,0
1100003475,06/26/2015,Veritecnica SRL,,1,0,0
9102000809,06/26/2015,Veritecnica SRL,,0,0,1
9102000810,06/26/2015,Veritecnica SRL,,0,0,1
1100003477,06/26/2015,Veritecnica SRL,,1,0,0
1100003478,06/26/2015,Veritecnica SRL,,1,0,0
1200001901,06/26/2015,Veritecnica SRL,,1,0,0
1100003479,06/26/2015,Veritecnica SRL,,1,0,0
1100003480,06/26/2015,Veritecnica SRL,,1,0,0
1200001902,06/26/2015,Veritecnica SRL,,1,0,0
9102000811,06/26/2015,Veritecnica SRL,,0,0,1
1200001903,06/26/2015,Veritecnica SRL,,1,0,0
1200001904,06/26/2015,Veritecnica SRL,,1,0,0
1100003481,06/26/2015,Veritecnica SRL,,1,0,0
1100003482,06/26/2015,Veritecnica SRL,,1,0,0
1100003483,06/26/2015,Veritecnica SRL,,1,0,0
1200001905,06/26/2015,Veritecnica SRL,,1,0,0
