Nrocertificado,Fecha,Idtaller,Dominiovehiculo,Aprobado,RechazadoLeveModerado,RechazadoGrave
1100000714,04/18/2015,Asociación de Bomberos Voluntarios - San Martín de los Andes,,1,0,0
9201000043,04/18/2015,Asociación de Bomberos Voluntarios - San Martín de los Andes,,0,1,0
1100000715,04/18/2015,Asociación de Bomberos Voluntarios - San Martín de los Andes,,1,0,0
1100000716,04/18/2015,Asociación de Bomberos Voluntarios - San Martín de los Andes,,1,0,0
1100000717,04/18/2015,Asociación de Bomberos Voluntarios - San Martín de los Andes,,1,0,0
1100000718,04/18/2015,Asociación de Bomberos Voluntarios - San Martín de los Andes,,1,0,0
9101000240,04/18/2015,Asociación de Bomberos Voluntarios - San Martín de los Andes,,0,0,1
1100000719,04/18/2015,Asociación de Bomberos Voluntarios - San Martín de los Andes,,1,0,0
1100000720,04/18/2015,Asociación de Bomberos Voluntarios - San Martín de los Andes,,1,0,0
1100000721,04/18/2015,Asociación de Bomberos Voluntarios - San Martín de los Andes,,1,0,0
1100001194,04/18/2015,Veritecnica SRL,,1,0,0
1100001195,04/18/2015,Veritecnica SRL,,1,0,0
1100001196,04/18/2015,Veritecnica SRL,,1,0,0
9102000478,04/18/2015,Veritecnica SRL,,0,1,0
1100001197,04/18/2015,Veritecnica SRL,,1,0,0
9102000479,04/18/2015,Veritecnica SRL,,0,0,1
1200001324,04/18/2015,Veritecnica SRL,,1,0,0
1200001325,04/18/2015,Veritecnica SRL,,1,0,0
1100001198,04/18/2015,Veritecnica SRL,,1,0,0
1100001199,04/18/2015,Veritecnica SRL,,1,0,0
1200001326,04/18/2015,Veritecnica SRL,,1,0,0
1100001200,04/18/2015,Veritecnica SRL,,1,0,0
1100001201,04/18/2015,Veritecnica SRL,,1,0,0
1100001202,04/18/2015,Veritecnica SRL,,1,0,0
1200001327,04/18/2015,Veritecnica SRL,,1,0,0
1100001203,04/18/2015,Veritecnica SRL,,1,0,0
1100001204,04/18/2015,Veritecnica SRL,,1,0,0
1200001328,04/18/2015,Veritecnica SRL,,1,0,0
9202000086,04/18/2015,Veritecnica SRL,,0,0,1
