Nrocertificado,Fecha,Idtaller,Dominiovehiculo,Aprobado,RechazadoLeveModerado,RechazadoGrave
9103000463,10/19/2015,Control SRL,,0,0,1
9103000464,10/19/2015,Control SRL,,0,0,1
1100006943,10/19/2015,Control SRL,,1,0,0
1100006944,10/19/2015,Control SRL,,1,0,0
1100006945,10/19/2015,Control SRL,,1,0,0
9103000465,10/19/2015,Control SRL,,0,0,1
1200003671,10/19/2015,Control SRL,,1,0,0
1100006946,10/19/2015,Control SRL,,1,0,0
1100006947,10/19/2015,Control SRL,,1,0,0
1100006948,10/19/2015,Control SRL,,1,0,0
1200003672,10/19/2015,Control SRL,,1,0,0
9103000466,10/19/2015,Control SRL,,0,0,1
1100006949,10/19/2015,Control SRL,,1,0,0
1200003674,10/19/2015,Control SRL,,1,0,0
1200003673,10/19/2015,Control SRL,,1,0,0
9103000467,10/19/2015,Control SRL,,0,0,1
1200003675,10/19/2015,Control SRL,,1,0,0
1100006950,10/19/2015,Control SRL,,1,0,0
1100006952,10/19/2015,Control SRL,,1,0,0
1200003676,10/19/2015,Control SRL,,1,0,0
1100006951,10/19/2015,Control SRL,,1,0,0
1100006953,10/19/2015,Control SRL,,1,0,0
9103000468,10/19/2015,Control SRL,,0,0,1
1200003677,10/19/2015,Control SRL,,1,0,0
1100006954,10/19/2015,Control SRL,,1,0,0
1100006955,10/19/2015,Control SRL,,1,0,0
1100006956,10/19/2015,Control SRL,,1,0,0
1100006539,10/19/2015,Asociación de Bomberos Voluntarios - San Martín de los Andes,,1,0,0
1100006540,10/19/2015,Asociación de Bomberos Voluntarios - San Martín de los Andes,,1,0,0
1100006541,10/19/2015,Asociación de Bomberos Voluntarios - San Martín de los Andes,,1,0,0
1100006542,10/19/2015,Asociación de Bomberos Voluntarios - San Martín de los Andes,,1,0,0
1100006543,10/19/2015,Asociación de Bomberos Voluntarios - San Martín de los Andes,,1,0,0
1100006544,10/19/2015,Asociación de Bomberos Voluntarios - San Martín de los Andes,,1,0,0
1100006545,10/19/2015,Asociación de Bomberos Voluntarios - San Martín de los Andes,,1,0,0
1100006546,10/19/2015,Asociación de Bomberos Voluntarios - San Martín de los Andes,,1,0,0
1100006547,10/19/2015,Asociación de Bomberos Voluntarios - San Martín de los Andes,,1,0,0
9201000148,10/19/2015,Asociación de Bomberos Voluntarios - San Martín de los Andes,,0,0,1
9101000637,10/19/2015,Asociación de Bomberos Voluntarios - San Martín de los Andes,,0,0,1
9101000638,10/19/2015,Asociación de Bomberos Voluntarios - San Martín de los Andes,,0,1,0
1100006548,10/19/2015,Asociación de Bomberos Voluntarios - San Martín de los Andes,,1,0,0
1100006549,10/19/2015,Asociación de Bomberos Voluntarios - San Martín de los Andes,,1,0,0
1100006550,10/19/2015,Asociación de Bomberos Voluntarios - San Martín de los Andes,,1,0,0
1100006551,10/19/2015,Asociación de Bomberos Voluntarios - San Martín de los Andes,,1,0,0
1100006552,10/19/2015,Asociación de Bomberos Voluntarios - San Martín de los Andes,,1,0,0
1100006553,10/19/2015,Asociación de Bomberos Voluntarios - San Martín de los Andes,,1,0,0
9101000639,10/19/2015,Asociación de Bomberos Voluntarios - San Martín de los Andes,,0,1,0
1100006554,10/19/2015,Asociación de Bomberos Voluntarios - San Martín de los Andes,,1,0,0
9101000640,10/19/2015,Asociación de Bomberos Voluntarios - San Martín de los Andes,,0,0,1
1100006555,10/19/2015,Asociación de Bomberos Voluntarios - San Martín de los Andes,,1,0,0
1100006556,10/19/2015,Asociación de Bomberos Voluntarios - San Martín de los Andes,,1,0,0
1200004002,10/19/2015,Veritecnica SRL,,1,0,0
1100007055,10/19/2015,Veritecnica SRL,,1,0,0
1100007056,10/19/2015,Veritecnica SRL,,1,0,0
9202000355,10/19/2015,Veritecnica SRL,,0,0,1
1100007057,10/19/2015,Veritecnica SRL,,1,0,0
1100007058,10/19/2015,Veritecnica SRL,,1,0,0
1100007059,10/19/2015,Veritecnica SRL,,1,0,0
9102001507,10/19/2015,Veritecnica SRL,,0,0,1
9102001508,10/19/2015,Veritecnica SRL,,0,0,1
1100007060,10/19/2015,Veritecnica SRL,,1,0,0
9102001509,10/19/2015,Veritecnica SRL,,0,1,0
1200004003,10/19/2015,Veritecnica SRL,,1,0,0
1100007061,10/19/2015,Veritecnica SRL,,1,0,0
9202000356,10/19/2015,Veritecnica SRL,,0,0,1
1100007062,10/19/2015,Veritecnica SRL,,1,0,0
1200004004,10/19/2015,Veritecnica SRL,,1,0,0
1200004005,10/19/2015,Veritecnica SRL,,1,0,0
1200004006,10/19/2015,Veritecnica SRL,,1,0,0
1100007063,10/19/2015,Veritecnica SRL,,1,0,0
1100007064,10/19/2015,Veritecnica SRL,,1,0,0
1200004007,10/19/2015,Veritecnica SRL,,1,0,0
9202000357,10/19/2015,Veritecnica SRL,,0,0,1
1100007065,10/19/2015,Veritecnica SRL,,1,0,0
9102001510,10/19/2015,Veritecnica SRL,,0,0,1
1100007066,10/19/2015,Veritecnica SRL,,1,0,0
1100007067,10/19/2015,Veritecnica SRL,,1,0,0
1100007068,10/19/2015,Veritecnica SRL,,1,0,0
1100007069,10/19/2015,Veritecnica SRL,,1,0,0
9202000358,10/19/2015,Veritecnica SRL,,0,0,1
1200004008,10/19/2015,Veritecnica SRL,,1,0,0
1200004009,10/19/2015,Veritecnica SRL,,1,0,0
9102001511,10/19/2015,Veritecnica SRL,,0,0,1
1100007070,10/19/2015,Veritecnica SRL,,1,0,0
1200004010,10/19/2015,Veritecnica SRL,,1,0,0
1200004011,10/19/2015,Veritecnica SRL,,1,0,0
9202000359,10/19/2015,Veritecnica SRL,,0,0,1
