Nrocertificado,Fecha,Idtaller,Dominiovehiculo,Aprobado,RechazadoLeveModerado,RechazadoGrave
1100000922,04/30/2015,Control SRL,,1,0,0
9103000142,04/30/2015,Control SRL,,0,0,1
1100000923,04/30/2015,Control SRL,,1,0,0
1100000924,04/30/2015,Control SRL,,1,0,0
1100000925,04/30/2015,Control SRL,,1,0,0
1100000926,04/30/2015,Control SRL,,1,0,0
1200001590,04/30/2015,Control SRL,,1,0,0
1200001591,04/30/2015,Control SRL,,1,0,0
1200001592,04/30/2015,Control SRL,,1,0,0
1100000927,04/30/2015,Control SRL,,1,0,0
1200001593,04/30/2015,Control SRL,,1,0,0
1200001594,04/30/2015,Control SRL,,1,0,0
1100000928,04/30/2015,Control SRL,,1,0,0
1200001595,04/30/2015,Control SRL,,1,0,0
9103000143,04/30/2015,Control SRL,,0,0,1
1100000929,04/30/2015,Control SRL,,1,0,0
1100000930,04/30/2015,Control SRL,,1,0,0
1200001596,04/30/2015,Control SRL,,1,0,0
1100000931,04/30/2015,Control SRL,,1,0,0
1100000932,04/30/2015,Control SRL,,1,0,0
1200001597,04/30/2015,Control SRL,,1,0,0
1200001598,04/30/2015,Control SRL,,1,0,0
1200000379,04/30/2015,Asociación de Bomberos Voluntarios - San Martín de los Andes,,1,0,0
1100001617,04/30/2015,Veritecnica SRL,,1,0,0
1100001618,04/30/2015,Veritecnica SRL,,1,0,0
1200001421,04/30/2015,Veritecnica SRL,,1,0,0
9202000101,04/30/2015,Veritecnica SRL,,0,0,1
1200001422,04/30/2015,Veritecnica SRL,,1,0,0
9102000530,04/30/2015,Veritecnica SRL,,0,0,1
1100001619,04/30/2015,Veritecnica SRL,,1,0,0
1100001620,04/30/2015,Veritecnica SRL,,1,0,0
1100001621,04/30/2015,Veritecnica SRL,,1,0,0
1200001423,04/30/2015,Veritecnica SRL,,1,0,0
1200001424,04/30/2015,Veritecnica SRL,,1,0,0
1100001622,04/30/2015,Veritecnica SRL,,1,0,0
1100001623,04/30/2015,Veritecnica SRL,,1,0,0
1100001624,04/30/2015,Veritecnica SRL,,1,0,0
1200001425,04/30/2015,Veritecnica SRL,,1,0,0
9102000531,04/30/2015,Veritecnica SRL,,0,0,1
1200001426,04/30/2015,Veritecnica SRL,,1,0,0
9102000532,04/30/2015,Veritecnica SRL,,0,0,1
9102000533,04/30/2015,Veritecnica SRL,,0,0,1
1200001427,04/30/2015,Veritecnica SRL,,1,0,0
9202000102,04/30/2015,Veritecnica SRL,,0,0,1
9102000534,04/30/2015,Veritecnica SRL,,0,0,1
9102000535,04/30/2015,Veritecnica SRL,,0,0,1
1100001625,04/30/2015,Veritecnica SRL,,1,0,0
1200001428,04/30/2015,Veritecnica SRL,,1,0,0
1200001429,04/30/2015,Veritecnica SRL,,1,0,0
1200001430,04/30/2015,Veritecnica SRL,,1,0,0
1200001431,04/30/2015,Veritecnica SRL,,1,0,0
1200001432,04/30/2015,Veritecnica SRL,,1,0,0
1200001433,04/30/2015,Veritecnica SRL,,1,0,0
1100001626,04/30/2015,Veritecnica SRL,,1,0,0
