Nrocertificado,Fecha,Idtaller,Dominiovehiculo,Aprobado,RechazadoLeveModerado,RechazadoGrave
1100010096,12/23/2015,Control SRL,,1,0,0
1100010097,12/23/2015,Control SRL,,1,0,0
1100010098,12/23/2015,Control SRL,,1,0,0
1100010099,12/23/2015,Control SRL,,1,0,0
1100010100,12/23/2015,Control SRL,,1,0,0
1100010201,12/23/2015,Control SRL,,1,0,0
1100010202,12/23/2015,Control SRL,,1,0,0
1100010203,12/23/2015,Control SRL,,1,0,0
9103000708,12/23/2015,Control SRL,,0,0,1
9103000709,12/23/2015,Control SRL,,0,0,1
1100010204,12/23/2015,Control SRL,,1,0,0
1100010206,12/23/2015,Control SRL,,1,0,0
1100010205,12/23/2015,Control SRL,,1,0,0
1100010207,12/23/2015,Control SRL,,1,0,0
1100010208,12/23/2015,Control SRL,,1,0,0
1100010209,12/23/2015,Control SRL,,1,0,0
1100010210,12/23/2015,Control SRL,,1,0,0
9103000710,12/23/2015,Control SRL,,0,0,1
1100010211,12/23/2015,Control SRL,,1,0,0
1100010212,12/23/2015,Control SRL,,1,0,0
1100010213,12/23/2015,Control SRL,,1,0,0
1100010214,12/23/2015,Control SRL,,1,0,0
1100010215,12/23/2015,Control SRL,,1,0,0
1100010216,12/23/2015,Control SRL,,1,0,0
9203000258,12/23/2015,Control SRL,,0,0,1
9103000711,12/23/2015,Control SRL,,0,0,1
9103000712,12/23/2015,Control SRL,,0,0,1
1100010217,12/23/2015,Control SRL,,1,0,0
1100010218,12/23/2015,Control SRL,,1,0,0
1100010219,12/23/2015,Control SRL,,1,0,0
1100010220,12/23/2015,Control SRL,,1,0,0
9103000713,12/23/2015,Control SRL,,0,0,1
1100010221,12/23/2015,Control SRL,,1,0,0
1100010222,12/23/2015,Control SRL,,1,0,0
1100010223,12/23/2015,Control SRL,,1,0,0
1100010224,12/23/2015,Control SRL,,1,0,0
1100010225,12/23/2015,Control SRL,,1,0,0
1100010226,12/23/2015,Control SRL,,1,0,0
1200004971,12/23/2015,Control SRL,,1,0,0
1100010227,12/23/2015,Control SRL,,1,0,0
1100010228,12/23/2015,Control SRL,,1,0,0
1200004972,12/23/2015,Control SRL,,1,0,0
1100010229,12/23/2015,Control SRL,,1,0,0
1200004973,12/23/2015,Control SRL,,1,0,0
1100010230,12/23/2015,Control SRL,,1,0,0
1100010231,12/23/2015,Control SRL,,1,0,0
9103000714,12/23/2015,Control SRL,,0,0,1
9103000715,12/23/2015,Control SRL,,0,0,1
1100010232,12/23/2015,Control SRL,,1,0,0
1100010233,12/23/2015,Control SRL,,1,0,0
1100010234,12/23/2015,Control SRL,,1,0,0
9103000716,12/23/2015,Control SRL,,0,0,1
9103000717,12/23/2015,Control SRL,,0,0,1
1100010235,12/23/2015,Control SRL,,1,0,0
1100010236,12/23/2015,Control SRL,,1,0,0
1100010237,12/23/2015,Control SRL,,1,0,0
9101000972,12/23/2015,Asociación de Bomberos Voluntarios - San Martín de los Andes,,0,0,1
9101000973,12/23/2015,Asociación de Bomberos Voluntarios - San Martín de los Andes,,0,0,1
9101000974,12/23/2015,Asociación de Bomberos Voluntarios - San Martín de los Andes,,0,0,1
1100010351,12/23/2015,Asociación de Bomberos Voluntarios - San Martín de los Andes,,1,0,0
9101000975,12/23/2015,Asociación de Bomberos Voluntarios - San Martín de los Andes,,0,1,0
1100010352,12/23/2015,Asociación de Bomberos Voluntarios - San Martín de los Andes,,1,0,0
1200002967,12/23/2015,Asociación de Bomberos Voluntarios - San Martín de los Andes,,1,0,0
1100010353,12/23/2015,Asociación de Bomberos Voluntarios - San Martín de los Andes,,1,0,0
1100010354,12/23/2015,Asociación de Bomberos Voluntarios - San Martín de los Andes,,1,0,0
1100010355,12/23/2015,Asociación de Bomberos Voluntarios - San Martín de los Andes,,1,0,0
1100010356,12/23/2015,Asociación de Bomberos Voluntarios - San Martín de los Andes,,1,0,0
1100010357,12/23/2015,Asociación de Bomberos Voluntarios - San Martín de los Andes,,1,0,0
1200002968,12/23/2015,Asociación de Bomberos Voluntarios - San Martín de los Andes,,1,0,0
9101000976,12/23/2015,Asociación de Bomberos Voluntarios - San Martín de los Andes,,0,0,1
1100010358,12/23/2015,Asociación de Bomberos Voluntarios - San Martín de los Andes,,1,0,0
1100010359,12/23/2015,Asociación de Bomberos Voluntarios - San Martín de los Andes,,1,0,0
1100010360,12/23/2015,Asociación de Bomberos Voluntarios - San Martín de los Andes,,1,0,0
1100010361,12/23/2015,Asociación de Bomberos Voluntarios - San Martín de los Andes,,1,0,0
1100010362,12/23/2015,Asociación de Bomberos Voluntarios - San Martín de los Andes,,1,0,0
1100010363,12/23/2015,Asociación de Bomberos Voluntarios - San Martín de los Andes,,1,0,0
1100010364,12/23/2015,Asociación de Bomberos Voluntarios - San Martín de los Andes,,1,0,0
1100010365,12/23/2015,Asociación de Bomberos Voluntarios - San Martín de los Andes,,1,0,0
1100010366,12/23/2015,Asociación de Bomberos Voluntarios - San Martín de los Andes,,1,0,0
1200002969,12/23/2015,Asociación de Bomberos Voluntarios - San Martín de los Andes,,1,0,0
1100010367,12/23/2015,Asociación de Bomberos Voluntarios - San Martín de los Andes,,1,0,0
1100010368,12/23/2015,Asociación de Bomberos Voluntarios - San Martín de los Andes,,1,0,0
9101000977,12/23/2015,Asociación de Bomberos Voluntarios - San Martín de los Andes,,0,1,0
1100010369,12/23/2015,Asociación de Bomberos Voluntarios - San Martín de los Andes,,1,0,0
1100010370,12/23/2015,Asociación de Bomberos Voluntarios - San Martín de los Andes,,1,0,0
1200002970,12/23/2015,Asociación de Bomberos Voluntarios - San Martín de los Andes,,1,0,0
1100010371,12/23/2015,Asociación de Bomberos Voluntarios - San Martín de los Andes,,1,0,0
1100010372,12/23/2015,Asociación de Bomberos Voluntarios - San Martín de los Andes,,1,0,0
1100010374,12/23/2015,Asociación de Bomberos Voluntarios - San Martín de los Andes,,1,0,0
1100010373,12/23/2015,Asociación de Bomberos Voluntarios - San Martín de los Andes,,1,0,0
9101000978,12/23/2015,Asociación de Bomberos Voluntarios - San Martín de los Andes,,0,0,1
1100010375,12/23/2015,Asociación de Bomberos Voluntarios - San Martín de los Andes,,1,0,0
9101000979,12/23/2015,Asociación de Bomberos Voluntarios - San Martín de los Andes,,0,1,0
1100010376,12/23/2015,Asociación de Bomberos Voluntarios - San Martín de los Andes,,1,0,0
9101000980,12/23/2015,Asociación de Bomberos Voluntarios - San Martín de los Andes,,0,1,0
1100010377,12/23/2015,Asociación de Bomberos Voluntarios - San Martín de los Andes,,1,0,0
1100010378,12/23/2015,Asociación de Bomberos Voluntarios - San Martín de los Andes,,1,0,0
1100010379,12/23/2015,Asociación de Bomberos Voluntarios - San Martín de los Andes,,1,0,0
9101000981,12/23/2015,Asociación de Bomberos Voluntarios - San Martín de los Andes,,0,1,0
9101000982,12/23/2015,Asociación de Bomberos Voluntarios - San Martín de los Andes,,0,0,1
1100010380,12/23/2015,Asociación de Bomberos Voluntarios - San Martín de los Andes,,1,0,0
1100010381,12/23/2015,Asociación de Bomberos Voluntarios - San Martín de los Andes,,1,0,0
1100010382,12/23/2015,Asociación de Bomberos Voluntarios - San Martín de los Andes,,1,0,0
1100010383,12/23/2015,Asociación de Bomberos Voluntarios - San Martín de los Andes,,1,0,0
1100010384,12/23/2015,Asociación de Bomberos Voluntarios - San Martín de los Andes,,1,0,0
1100010462,12/23/2015,Veritecnica SRL,,1,0,0
1100010463,12/23/2015,Veritecnica SRL,,1,0,0
1100010464,12/23/2015,Veritecnica SRL,,1,0,0
1100010465,12/23/2015,Veritecnica SRL,,1,0,0
9102002094,12/23/2015,Veritecnica SRL,,0,0,1
9102002095,12/23/2015,Veritecnica SRL,,0,0,1
9102002096,12/23/2015,Veritecnica SRL,,0,1,0
9102002097,12/23/2015,Veritecnica SRL,,0,1,0
1100010466,12/23/2015,Veritecnica SRL,,1,0,0
1100010467,12/23/2015,Veritecnica SRL,,1,0,0
1100010468,12/23/2015,Veritecnica SRL,,1,0,0
1100010469,12/23/2015,Veritecnica SRL,,1,0,0
1100010470,12/23/2015,Veritecnica SRL,,1,0,0
9102002098,12/23/2015,Veritecnica SRL,,0,1,0
1100010471,12/23/2015,Veritecnica SRL,,1,0,0
9102002099,12/23/2015,Veritecnica SRL,,0,0,1
1100010472,12/23/2015,Veritecnica SRL,,1,0,0
1200004760,12/23/2015,Veritecnica SRL,,1,0,0
1100010473,12/23/2015,Veritecnica SRL,,1,0,0
1100010474,12/23/2015,Veritecnica SRL,,1,0,0
1100010475,12/23/2015,Veritecnica SRL,,1,0,0
1100010476,12/23/2015,Veritecnica SRL,,1,0,0
1100010477,12/23/2015,Veritecnica SRL,,1,0,0
1100010478,12/23/2015,Veritecnica SRL,,1,0,0
1100010479,12/23/2015,Veritecnica SRL,,1,0,0
1100010480,12/23/2015,Veritecnica SRL,,1,0,0
9102002100,12/23/2015,Veritecnica SRL,,0,1,0
1200004761,12/23/2015,Veritecnica SRL,,1,0,0
9202000448,12/23/2015,Veritecnica SRL,,0,0,1
1200004762,12/23/2015,Veritecnica SRL,,1,0,0
1200004763,12/23/2015,Veritecnica SRL,,1,0,0
1100010481,12/23/2015,Veritecnica SRL,,1,0,0
1200004764,12/23/2015,Veritecnica SRL,,1,0,0
9102002101,12/23/2015,Veritecnica SRL,,0,0,1
1100010482,12/23/2015,Veritecnica SRL,,1,0,0
1100010483,12/23/2015,Veritecnica SRL,,1,0,0
1100010484,12/23/2015,Veritecnica SRL,,1,0,0
9202000449,12/23/2015,Veritecnica SRL,,0,0,1
9102002102,12/23/2015,Veritecnica SRL,,0,0,1
1100010485,12/23/2015,Veritecnica SRL,,1,0,0
1100010486,12/23/2015,Veritecnica SRL,,1,0,0
1100010487,12/23/2015,Veritecnica SRL,,1,0,0
1100010488,12/23/2015,Veritecnica SRL,,1,0,0
9102002103,12/23/2015,Veritecnica SRL,,0,0,1
1100010489,12/23/2015,Veritecnica SRL,,1,0,0
1100010490,12/23/2015,Veritecnica SRL,,1,0,0
9102002104,12/23/2015,Veritecnica SRL,,0,0,1
1100010491,12/23/2015,Veritecnica SRL,,1,0,0
9102002105,12/23/2015,Veritecnica SRL,,0,1,0
9202000450,12/23/2015,Veritecnica SRL,,0,0,1
1200004765,12/23/2015,Veritecnica SRL,,1,0,0
1100010492,12/23/2015,Veritecnica SRL,,1,0,0
9102002106,12/23/2015,Veritecnica SRL,,0,0,1
9102002107,12/23/2015,Veritecnica SRL,,0,1,0
1100010493,12/23/2015,Veritecnica SRL,,1,0,0
1100010494,12/23/2015,Veritecnica SRL,,1,0,0
1100010495,12/23/2015,Veritecnica SRL,,1,0,0
9102002108,12/23/2015,Veritecnica SRL,,0,1,0
1100010496,12/23/2015,Veritecnica SRL,,1,0,0
9102002109,12/23/2015,Veritecnica SRL,,0,0,1
1100010497,12/23/2015,Veritecnica SRL,,1,0,0
1200004766,12/23/2015,Veritecnica SRL,,1,0,0
9102002110,12/23/2015,Veritecnica SRL,,0,0,1
1100010498,12/23/2015,Veritecnica SRL,,1,0,0
1200004767,12/23/2015,Veritecnica SRL,,1,0,0
1100010499,12/23/2015,Veritecnica SRL,,1,0,0
1100010500,12/23/2015,Veritecnica SRL,,1,0,0
1200004768,12/23/2015,Veritecnica SRL,,1,0,0
1100010601,12/23/2015,Veritecnica SRL,,1,0,0
1100010602,12/23/2015,Veritecnica SRL,,1,0,0
1100010603,12/23/2015,Veritecnica SRL,,1,0,0
9202000451,12/23/2015,Veritecnica SRL,,0,0,1
1200004769,12/23/2015,Veritecnica SRL,,1,0,0
1100010604,12/23/2015,Veritecnica SRL,,1,0,0
1100010605,12/23/2015,Veritecnica SRL,,1,0,0
1100010606,12/23/2015,Veritecnica SRL,,1,0,0
1100010607,12/23/2015,Veritecnica SRL,,1,0,0
1100010608,12/24/2015,Veritecnica SRL,,1,0,0
1100010609,12/24/2015,Veritecnica SRL,,1,0,0
1100010610,12/24/2015,Veritecnica SRL,,1,0,0
1100010611,12/24/2015,Veritecnica SRL,,1,0,0
9102002111,12/24/2015,Veritecnica SRL,,0,1,0
9102002112,12/24/2015,Veritecnica SRL,,0,1,0
9102002113,12/24/2015,Veritecnica SRL,,0,1,0
9102002114,12/24/2015,Veritecnica SRL,,0,1,0
1100010612,12/24/2015,Veritecnica SRL,,1,0,0
1100010613,12/24/2015,Veritecnica SRL,,1,0,0
1100010614,12/24/2015,Veritecnica SRL,,1,0,0
9102002115,12/24/2015,Veritecnica SRL,,0,1,0
9102002116,12/24/2015,Veritecnica SRL,,0,0,1
9102002117,12/24/2015,Veritecnica SRL,,0,1,0
9102002118,12/24/2015,Veritecnica SRL,,0,1,0
1100010615,12/24/2015,Veritecnica SRL,,1,0,0
1100010616,12/24/2015,Veritecnica SRL,,1,0,0
1100010617,12/24/2015,Veritecnica SRL,,1,0,0
1100010618,12/24/2015,Veritecnica SRL,,1,0,0
1100010619,12/24/2015,Veritecnica SRL,,1,0,0
1100010620,12/24/2015,Veritecnica SRL,,1,0,0
1100010621,12/24/2015,Veritecnica SRL,,1,0,0
1100010622,12/24/2015,Veritecnica SRL,,1,0,0
1100010623,12/24/2015,Veritecnica SRL,,1,0,0
1100010624,12/24/2015,Veritecnica SRL,,1,0,0
9102002119,12/24/2015,Veritecnica SRL,,0,1,0
1200004770,12/24/2015,Veritecnica SRL,,1,0,0
1100010625,12/24/2015,Veritecnica SRL,,1,0,0
1100010626,12/24/2015,Veritecnica SRL,,1,0,0
1100010627,12/24/2015,Veritecnica SRL,,1,0,0
1100010628,12/24/2015,Veritecnica SRL,,1,0,0
9102002120,12/24/2015,Veritecnica SRL,,0,1,0
1100010630,12/24/2015,Veritecnica SRL,,1,0,0
1100010629,12/24/2015,Veritecnica SRL,,1,0,0
1100010631,12/24/2015,Veritecnica SRL,,1,0,0
9102002121,12/24/2015,Veritecnica SRL,,0,1,0
1100010632,12/24/2015,Veritecnica SRL,,1,0,0
9102002122,12/24/2015,Veritecnica SRL,,0,0,1
1100010633,12/24/2015,Veritecnica SRL,,1,0,0
1100010634,12/24/2015,Veritecnica SRL,,1,0,0
1100010635,12/24/2015,Veritecnica SRL,,1,0,0
1100010636,12/24/2015,Veritecnica SRL,,1,0,0
1100010637,12/24/2015,Veritecnica SRL,,1,0,0
1100010638,12/24/2015,Veritecnica SRL,,1,0,0
1100010639,12/24/2015,Veritecnica SRL,,1,0,0
