Nrocertificado,Fecha,Idtaller,Dominiovehiculo,Aprobado,RechazadoLeveModerado,RechazadoGrave
1100000880,04/24/2015,Control SRL,,1,0,0
1100000881,04/24/2015,Control SRL,,1,0,0
1100000882,04/24/2015,Control SRL,,1,0,0
1100000883,04/24/2015,Control SRL,,1,0,0
1100000884,04/24/2015,Control SRL,,1,0,0
1200001371,04/24/2015,Veritecnica SRL,,1,0,0
9202000093,04/24/2015,Veritecnica SRL,,0,0,1
1100001498,04/24/2015,Veritecnica SRL,,1,0,0
9102000497,04/24/2015,Veritecnica SRL,,0,0,1
1100001499,04/24/2015,Veritecnica SRL,,1,0,0
9102000498,04/24/2015,Veritecnica SRL,,0,0,1
1100001500,04/24/2015,Veritecnica SRL,,1,0,0
1200001372,04/24/2015,Veritecnica SRL,,1,0,0
1200001373,04/24/2015,Veritecnica SRL,,1,0,0
1100001501,04/24/2015,Veritecnica SRL,,1,0,0
1100001502,04/24/2015,Veritecnica SRL,,1,0,0
9102000499,04/24/2015,Veritecnica SRL,,0,0,1
1100001503,04/24/2015,Veritecnica SRL,,1,0,0
1100001504,04/24/2015,Veritecnica SRL,,1,0,0
1100001505,04/24/2015,Veritecnica SRL,,1,0,0
1200001374,04/24/2015,Veritecnica SRL,,1,0,0
9202000094,04/24/2015,Veritecnica SRL,,0,0,1
9102000500,04/24/2015,Veritecnica SRL,,0,0,1
1200001375,04/24/2015,Veritecnica SRL,,1,0,0
1200001376,04/24/2015,Veritecnica SRL,,1,0,0
1200001377,04/24/2015,Veritecnica SRL,,1,0,0
1200001378,04/24/2015,Veritecnica SRL,,1,0,0
1200001379,04/24/2015,Veritecnica SRL,,1,0,0
1200001380,04/24/2015,Veritecnica SRL,,1,0,0
1200001381,04/24/2015,Veritecnica SRL,,1,0,0
1200001382,04/24/2015,Veritecnica SRL,,1,0,0
1200001383,04/24/2015,Veritecnica SRL,,1,0,0
1200001384,04/24/2015,Veritecnica SRL,,1,0,0
1100001506,04/24/2015,Veritecnica SRL,,1,0,0
1100001507,04/24/2015,Veritecnica SRL,,1,0,0
1200001385,04/24/2015,Veritecnica SRL,,1,0,0
1100001508,04/24/2015,Veritecnica SRL,,1,0,0
9102000501,04/24/2015,Veritecnica SRL,,0,1,0
1200001386,04/24/2015,Veritecnica SRL,,1,0,0
1100001509,04/24/2015,Veritecnica SRL,,1,0,0
9102000502,04/24/2015,Veritecnica SRL,,0,0,1
1100001510,04/24/2015,Veritecnica SRL,,1,0,0
1200001387,04/24/2015,Veritecnica SRL,,1,0,0
1200001388,04/24/2015,Veritecnica SRL,,1,0,0
1200001389,04/24/2015,Veritecnica SRL,,1,0,0
1100001511,04/25/2015,Veritecnica SRL,,1,0,0
1100001512,04/25/2015,Veritecnica SRL,,1,0,0
9102000503,04/25/2015,Veritecnica SRL,,0,0,1
9102000504,04/25/2015,Veritecnica SRL,,0,1,0
9102000505,04/25/2015,Veritecnica SRL,,0,1,0
1200001390,04/25/2015,Veritecnica SRL,,1,0,0
1200001391,04/25/2015,Veritecnica SRL,,1,0,0
1100001513,04/25/2015,Veritecnica SRL,,1,0,0
1100001514,04/25/2015,Veritecnica SRL,,1,0,0
9102000506,04/25/2015,Veritecnica SRL,,0,0,1
1100001515,04/25/2015,Veritecnica SRL,,1,0,0
1200001392,04/25/2015,Veritecnica SRL,,1,0,0
