Nrocertificado,Fecha,Idtaller,Dominiovehiculo,Aprobado,RechazadoLeveModerado,RechazadoGrave
1100002137,05/23/2015,Asociación de Bomberos Voluntarios - San Martín de los Andes,,1,0,0
1100002138,05/23/2015,Asociación de Bomberos Voluntarios - San Martín de los Andes,,1,0,0
1200000517,05/23/2015,Asociación de Bomberos Voluntarios - San Martín de los Andes,,1,0,0
1200000518,05/23/2015,Asociación de Bomberos Voluntarios - San Martín de los Andes,,1,0,0
1100002139,05/23/2015,Asociación de Bomberos Voluntarios - San Martín de los Andes,,1,0,0
1100002007,05/23/2015,Veritecnica SRL,,1,0,0
1100002008,05/23/2015,Veritecnica SRL,,1,0,0
1100002009,05/23/2015,Veritecnica SRL,,1,0,0
1200001663,05/23/2015,Veritecnica SRL,,1,0,0
9202000147,05/23/2015,Veritecnica SRL,,0,0,1
9102000645,05/23/2015,Veritecnica SRL,,0,0,1
1100002010,05/23/2015,Veritecnica SRL,,1,0,0
1100002011,05/23/2015,Veritecnica SRL,,1,0,0
1100002012,05/23/2015,Veritecnica SRL,,1,0,0
9202000148,05/23/2015,Veritecnica SRL,,0,0,1
1200001664,05/23/2015,Veritecnica SRL,,1,0,0
1200001665,05/23/2015,Veritecnica SRL,,1,0,0
1200001666,05/23/2015,Veritecnica SRL,,1,0,0
1100002013,05/23/2015,Veritecnica SRL,,1,0,0
1200001667,05/23/2015,Veritecnica SRL,,1,0,0
1100002014,05/23/2015,Veritecnica SRL,,1,0,0
1100002015,05/23/2015,Veritecnica SRL,,1,0,0
1100002016,05/23/2015,Veritecnica SRL,,1,0,0
1100002017,05/23/2015,Veritecnica SRL,,1,0,0
9102000646,05/23/2015,Veritecnica SRL,,0,0,1
1100002018,05/23/2015,Veritecnica SRL,,1,0,0
9102000647,05/23/2015,Veritecnica SRL,,0,1,0
1100002019,05/23/2015,Veritecnica SRL,,1,0,0
1100002020,05/23/2015,Veritecnica SRL,,1,0,0
1100002021,05/23/2015,Veritecnica SRL,,1,0,0
9102000648,05/23/2015,Veritecnica SRL,,0,0,1
1200001668,05/23/2015,Veritecnica SRL,,1,0,0
1200001669,05/23/2015,Veritecnica SRL,,1,0,0
