Nrocertificado,Fecha,Idtaller,Dominiovehiculo,Aprobado,RechazadoLeveModerado,RechazadoGrave
1100000197,03/30/2015,Control SRL,,1,0,0
1100000199,03/30/2015,Control SRL,,1,0,0
9103000087,03/30/2015,Control SRL,,0,1,0
1100000198,03/30/2015,Control SRL,,1,0,0
1100000200,03/30/2015,Control SRL,,1,0,0
1200001062,03/30/2015,Control SRL,,1,0,0
1200001063,03/30/2015,Control SRL,,1,0,0
1200001064,03/30/2015,Control SRL,,1,0,0
1200001065,03/30/2015,Control SRL,,1,0,0
9203000031,03/30/2015,Control SRL,,0,1,0
1200001067,03/30/2015,Control SRL,,1,0,0
9103000088,03/30/2015,Control SRL,,0,1,0
1200001068,03/30/2015,Control SRL,,1,0,0
1200001066,03/30/2015,Control SRL,,1,0,0
9103000089,03/30/2015,Control SRL,,0,0,1
1100000201,03/30/2015,Control SRL,,1,0,0
1200001069,03/30/2015,Control SRL,,1,0,0
1200001070,03/30/2015,Control SRL,,1,0,0
1100000202,03/30/2015,Control SRL,,1,0,0
1200001071,03/30/2015,Control SRL,,1,0,0
1100000203,03/30/2015,Control SRL,,1,0,0
1200001072,03/30/2015,Control SRL,,1,0,0
1100000204,03/30/2015,Control SRL,,1,0,0
1100000205,03/30/2015,Control SRL,,1,0,0
1200001073,03/30/2015,Control SRL,,1,0,0
1200001074,03/30/2015,Control SRL,,1,0,0
1200001075,03/30/2015,Control SRL,,1,0,0
1100000206,03/30/2015,Control SRL,,1,0,0
9103000090,03/30/2015,Control SRL,,0,0,1
1200001076,03/30/2015,Control SRL,,1,0,0
1200001077,03/30/2015,Control SRL,,1,0,0
1200001078,03/30/2015,Control SRL,,1,0,0
1200001079,03/30/2015,Control SRL,,1,0,0
1100000207,03/30/2015,Control SRL,,1,0,0
1200001080,03/30/2015,Control SRL,,1,0,0
1200001081,03/30/2015,Control SRL,,1,0,0
1200001082,03/30/2015,Control SRL,,1,0,0
9203000032,03/30/2015,Control SRL,,0,1,0
9103000091,03/30/2015,Control SRL,,0,1,0
1200001083,03/30/2015,Control SRL,,1,0,0
1100000541,03/30/2015,Asociación de Bomberos Voluntarios - San Martín de los Andes,,1,0,0
1100000542,03/30/2015,Asociación de Bomberos Voluntarios - San Martín de los Andes,,1,0,0
1100000543,03/30/2015,Asociación de Bomberos Voluntarios - San Martín de los Andes,,1,0,0
9201000024,03/30/2015,Asociación de Bomberos Voluntarios - San Martín de los Andes,,0,1,0
1200000145,03/30/2015,Asociación de Bomberos Voluntarios - San Martín de los Andes,,1,0,0
9101000175,03/30/2015,Asociación de Bomberos Voluntarios - San Martín de los Andes,,0,1,0
1100000544,03/30/2015,Asociación de Bomberos Voluntarios - San Martín de los Andes,,1,0,0
1100000545,03/30/2015,Asociación de Bomberos Voluntarios - San Martín de los Andes,,1,0,0
1100000546,03/30/2015,Asociación de Bomberos Voluntarios - San Martín de los Andes,,1,0,0
1100000547,03/30/2015,Asociación de Bomberos Voluntarios - San Martín de los Andes,,1,0,0
9101000176,03/30/2015,Asociación de Bomberos Voluntarios - San Martín de los Andes,,0,1,0
1100000548,03/30/2015,Asociación de Bomberos Voluntarios - San Martín de los Andes,,1,0,0
1100000549,03/30/2015,Asociación de Bomberos Voluntarios - San Martín de los Andes,,1,0,0
9201000025,03/30/2015,Asociación de Bomberos Voluntarios - San Martín de los Andes,,0,1,0
9101000177,03/30/2015,Asociación de Bomberos Voluntarios - San Martín de los Andes,,0,1,0
1100000550,03/30/2015,Asociación de Bomberos Voluntarios - San Martín de los Andes,,1,0,0
1100000551,03/30/2015,Asociación de Bomberos Voluntarios - San Martín de los Andes,,1,0,0
1200000146,03/30/2015,Asociación de Bomberos Voluntarios - San Martín de los Andes,,1,0,0
1100000384,03/30/2015,Veritecnica SRL,,1,0,0
1100000385,03/30/2015,Veritecnica SRL,,1,0,0
9102000396,03/30/2015,Veritecnica SRL,,0,1,0
1100000386,03/30/2015,Veritecnica SRL,,1,0,0
1100000387,03/30/2015,Veritecnica SRL,,1,0,0
1100000388,03/30/2015,Veritecnica SRL,,1,0,0
1200000701,03/30/2015,Veritecnica SRL,,1,0,0
1100000389,03/30/2015,Veritecnica SRL,,1,0,0
9102000397,03/30/2015,Veritecnica SRL,,0,0,1
9102000398,03/30/2015,Veritecnica SRL,,0,0,1
9102000399,03/30/2015,Veritecnica SRL,,0,0,1
1100000390,03/30/2015,Veritecnica SRL,,1,0,0
1100000391,03/30/2015,Veritecnica SRL,,1,0,0
1100000392,03/30/2015,Veritecnica SRL,,1,0,0
1100000393,03/30/2015,Veritecnica SRL,,1,0,0
1200000704,03/30/2015,Veritecnica SRL,,1,0,0
1100000394,03/30/2015,Veritecnica SRL,,1,0,0
1100000395,03/30/2015,Veritecnica SRL,,1,0,0
1100000396,03/30/2015,Veritecnica SRL,,1,0,0
1100000397,03/30/2015,Veritecnica SRL,,1,0,0
1200000702,03/30/2015,Veritecnica SRL,,1,0,0
1100000398,03/30/2015,Veritecnica SRL,,1,0,0
9102000400,03/30/2015,Veritecnica SRL,,0,1,0
9102000401,03/30/2015,Veritecnica SRL,,0,1,0
1100000399,03/30/2015,Veritecnica SRL,,1,0,0
1200000703,03/30/2015,Veritecnica SRL,,1,0,0
1200000705,03/30/2015,Veritecnica SRL,,1,0,0
9102000402,03/30/2015,Veritecnica SRL,,0,0,1
9102000403,03/30/2015,Veritecnica SRL,,0,0,1
1100000400,03/30/2015,Veritecnica SRL,,1,0,0
1100000401,03/30/2015,Veritecnica SRL,,1,0,0
1100000402,03/30/2015,Veritecnica SRL,,1,0,0
1200000706,03/30/2015,Veritecnica SRL,,1,0,0
1100000403,03/30/2015,Veritecnica SRL,,1,0,0
1200000707,03/30/2015,Veritecnica SRL,,1,0,0
1200000708,03/30/2015,Veritecnica SRL,,1,0,0
1100000404,03/30/2015,Veritecnica SRL,,1,0,0
1100000405,03/30/2015,Veritecnica SRL,,1,0,0
9202000066,03/30/2015,Veritecnica SRL,,0,1,0
1100000406,03/30/2015,Veritecnica SRL,,1,0,0
1200000709,03/30/2015,Veritecnica SRL,,1,0,0
1100000407,03/30/2015,Veritecnica SRL,,1,0,0
1100000408,03/30/2015,Veritecnica SRL,,1,0,0
1200000710,03/30/2015,Veritecnica SRL,,1,0,0
9102000404,03/30/2015,Veritecnica SRL,,0,1,0
1200000711,03/30/2015,Veritecnica SRL,,1,0,0
1100000409,03/30/2015,Veritecnica SRL,,1,0,0
1100000410,03/30/2015,Veritecnica SRL,,1,0,0
1200000712,03/30/2015,Veritecnica SRL,,1,0,0
