Nrocertificado,Fecha,Idtaller,Dominiovehiculo,Aprobado,RechazadoLeveModerado,RechazadoGrave
1200000872,07/04/2015,Asociación de Bomberos Voluntarios - San Martín de los Andes,,1,0,0
1100002936,07/04/2015,Asociación de Bomberos Voluntarios - San Martín de los Andes,,1,0,0
1100002937,07/04/2015,Asociación de Bomberos Voluntarios - San Martín de los Andes,,1,0,0
1200000873,07/04/2015,Asociación de Bomberos Voluntarios - San Martín de los Andes,,1,0,0
1100002938,07/04/2015,Asociación de Bomberos Voluntarios - San Martín de los Andes,,1,0,0
1200000874,07/04/2015,Asociación de Bomberos Voluntarios - San Martín de los Andes,,1,0,0
1100002939,07/04/2015,Asociación de Bomberos Voluntarios - San Martín de los Andes,,1,0,0
1100002940,07/04/2015,Asociación de Bomberos Voluntarios - San Martín de los Andes,,1,0,0
1100003891,07/04/2015,Veritecnica SRL,,1,0,0
9102000862,07/04/2015,Veritecnica SRL,,0,1,0
9102000863,07/04/2015,Veritecnica SRL,,0,0,1
9202000188,07/04/2015,Veritecnica SRL,,0,0,1
1100003892,07/04/2015,Veritecnica SRL,,1,0,0
1100003893,07/04/2015,Veritecnica SRL,,1,0,0
9102000864,07/04/2015,Veritecnica SRL,,0,0,1
9102000865,07/04/2015,Veritecnica SRL,,0,0,1
9102000866,07/04/2015,Veritecnica SRL,,0,1,0
1100003894,07/04/2015,Veritecnica SRL,,1,0,0
1100003895,07/04/2015,Veritecnica SRL,,1,0,0
1100003896,07/04/2015,Veritecnica SRL,,1,0,0
9102000867,07/04/2015,Veritecnica SRL,,0,0,1
9102000868,07/04/2015,Veritecnica SRL,,0,0,1
1100003897,07/04/2015,Veritecnica SRL,,1,0,0
1100003898,07/04/2015,Veritecnica SRL,,1,0,0
1100003899,07/04/2015,Veritecnica SRL,,1,0,0
1200001950,07/04/2015,Veritecnica SRL,,1,0,0
9102000869,07/04/2015,Veritecnica SRL,,0,1,0
9102000870,07/04/2015,Veritecnica SRL,,0,1,0
1200001951,07/04/2015,Veritecnica SRL,,1,0,0
9102000871,07/04/2015,Veritecnica SRL,,0,0,1
1100003900,07/04/2015,Veritecnica SRL,,1,0,0
1100003901,07/04/2015,Veritecnica SRL,,1,0,0
1100003902,07/04/2015,Veritecnica SRL,,1,0,0
