Nrocertificado,Fecha,Idtaller,Dominiovehiculo,Aprobado,RechazadoLeveModerado,RechazadoGrave
1100001679,06/01/2015,Control SRL,,1,0,0
1100001680,06/01/2015,Control SRL,,1,0,0
1200002088,06/01/2015,Control SRL,,1,0,0
1200002086,06/01/2015,Control SRL,,1,0,0
1200002087,06/01/2015,Control SRL,,1,0,0
1100001731,06/01/2015,Control SRL,,1,0,0
1200002090,06/01/2015,Control SRL,,1,0,0
1100001732,06/01/2015,Control SRL,,1,0,0
1200002089,06/01/2015,Control SRL,,1,0,0
1100001733,06/01/2015,Control SRL,,1,0,0
1100001734,06/01/2015,Control SRL,,1,0,0
9103000199,06/01/2015,Control SRL,,0,1,0
1100001735,06/01/2015,Control SRL,,1,0,0
1200002128,06/01/2015,Control SRL,,1,0,0
1100001736,06/01/2015,Control SRL,,1,0,0
1100001737,06/01/2015,Control SRL,,1,0,0
9203000074,06/01/2015,Control SRL,,0,0,1
9203000075,06/01/2015,Control SRL,,0,1,0
1100001738,06/01/2015,Control SRL,,1,0,0
9203000076,06/01/2015,Control SRL,,0,1,0
1200002096,06/01/2015,Control SRL,,1,0,0
1100001739,06/01/2015,Control SRL,,1,0,0
1200002097,06/01/2015,Control SRL,,1,0,0
1100001740,06/01/2015,Control SRL,,1,0,0
9203000077,06/01/2015,Control SRL,,0,0,1
1100001741,06/02/2015,Control SRL,,1,0,0
9103000200,06/02/2015,Control SRL,,0,0,1
1100001742,06/02/2015,Control SRL,,1,0,0
9103000201,06/02/2015,Control SRL,,0,0,1
1100001743,06/02/2015,Control SRL,,1,0,0
1100001744,06/02/2015,Control SRL,,1,0,0
1100001745,06/02/2015,Control SRL,,1,0,0
1100001746,06/02/2015,Control SRL,,1,0,0
1200002098,06/02/2015,Control SRL,,1,0,0
1200002099,06/02/2015,Control SRL,,1,0,0
1100001747,06/02/2015,Control SRL,,1,0,0
1200002100,06/02/2015,Control SRL,,1,0,0
9103000202,06/02/2015,Control SRL,,0,0,1
1200002101,06/02/2015,Control SRL,,1,0,0
1100001748,06/02/2015,Control SRL,,1,0,0
1100001749,06/02/2015,Control SRL,,1,0,0
1200002104,06/02/2015,Control SRL,,1,0,0
1200002103,06/02/2015,Control SRL,,1,0,0
1200002102,06/02/2015,Control SRL,,1,0,0
1100001750,06/02/2015,Control SRL,,1,0,0
1200002105,06/02/2015,Control SRL,,1,0,0
1100002176,06/01/2015,Asociación de Bomberos Voluntarios - San Martín de los Andes,,1,0,0
1100002177,06/01/2015,Asociación de Bomberos Voluntarios - San Martín de los Andes,,1,0,0
1100002178,06/01/2015,Asociación de Bomberos Voluntarios - San Martín de los Andes,,1,0,0
1100002179,06/01/2015,Asociación de Bomberos Voluntarios - San Martín de los Andes,,1,0,0
9101000314,06/01/2015,Asociación de Bomberos Voluntarios - San Martín de los Andes,,0,1,0
1100002180,06/01/2015,Asociación de Bomberos Voluntarios - San Martín de los Andes,,1,0,0
1100002181,06/01/2015,Asociación de Bomberos Voluntarios - San Martín de los Andes,,1,0,0
1100002182,06/01/2015,Asociación de Bomberos Voluntarios - San Martín de los Andes,,1,0,0
1100002183,06/01/2015,Asociación de Bomberos Voluntarios - San Martín de los Andes,,1,0,0
1100002184,06/01/2015,Asociación de Bomberos Voluntarios - San Martín de los Andes,,1,0,0
1100002185,06/01/2015,Asociación de Bomberos Voluntarios - San Martín de los Andes,,1,0,0
1100002186,06/01/2015,Asociación de Bomberos Voluntarios - San Martín de los Andes,,1,0,0
9101000315,06/01/2015,Asociación de Bomberos Voluntarios - San Martín de los Andes,,0,0,1
1100002187,06/01/2015,Asociación de Bomberos Voluntarios - San Martín de los Andes,,1,0,0
9101000316,06/01/2015,Asociación de Bomberos Voluntarios - San Martín de los Andes,,0,0,1
1100002188,06/01/2015,Asociación de Bomberos Voluntarios - San Martín de los Andes,,1,0,0
9101000317,06/01/2015,Asociación de Bomberos Voluntarios - San Martín de los Andes,,0,1,0
9201000062,06/02/2015,Asociación de Bomberos Voluntarios - San Martín de los Andes,,0,1,0
1100002189,06/02/2015,Asociación de Bomberos Voluntarios - San Martín de los Andes,,1,0,0
1200000522,06/02/2015,Asociación de Bomberos Voluntarios - San Martín de los Andes,,1,0,0
1100002190,06/02/2015,Asociación de Bomberos Voluntarios - San Martín de los Andes,,1,0,0
1100002191,06/02/2015,Asociación de Bomberos Voluntarios - San Martín de los Andes,,1,0,0
9101000318,06/02/2015,Asociación de Bomberos Voluntarios - San Martín de los Andes,,0,1,0
1100002192,06/02/2015,Asociación de Bomberos Voluntarios - San Martín de los Andes,,1,0,0
1100002193,06/02/2015,Asociación de Bomberos Voluntarios - San Martín de los Andes,,1,0,0
1100002194,06/02/2015,Asociación de Bomberos Voluntarios - San Martín de los Andes,,1,0,0
9201000063,06/02/2015,Asociación de Bomberos Voluntarios - San Martín de los Andes,,0,0,1
1200000523,06/02/2015,Asociación de Bomberos Voluntarios - San Martín de los Andes,,1,0,0
1100002364,06/01/2015,Veritecnica SRL,,1,0,0
1100002365,06/01/2015,Veritecnica SRL,,1,0,0
1200001713,06/01/2015,Veritecnica SRL,,1,0,0
1100002366,06/01/2015,Veritecnica SRL,,1,0,0
1200001714,06/01/2015,Veritecnica SRL,,1,0,0
1200001715,06/01/2015,Veritecnica SRL,,1,0,0
1100002367,06/01/2015,Veritecnica SRL,,1,0,0
9102000675,06/01/2015,Veritecnica SRL,,0,0,1
1100002368,06/01/2015,Veritecnica SRL,,1,0,0
1100002369,06/01/2015,Veritecnica SRL,,1,0,0
9102000676,06/01/2015,Veritecnica SRL,,0,1,0
1200001716,06/01/2015,Veritecnica SRL,,1,0,0
1100002370,06/01/2015,Veritecnica SRL,,1,0,0
9102000677,06/01/2015,Veritecnica SRL,,0,0,1
1100002371,06/01/2015,Veritecnica SRL,,1,0,0
1100002372,06/01/2015,Veritecnica SRL,,1,0,0
1100002373,06/01/2015,Veritecnica SRL,,1,0,0
1200001717,06/01/2015,Veritecnica SRL,,1,0,0
1200001718,06/01/2015,Veritecnica SRL,,1,0,0
1200001719,06/01/2015,Veritecnica SRL,,1,0,0
1200001720,06/01/2015,Veritecnica SRL,,1,0,0
1200001721,06/01/2015,Veritecnica SRL,,1,0,0
9102000678,06/01/2015,Veritecnica SRL,,0,0,1
1200001722,06/01/2015,Veritecnica SRL,,1,0,0
1200001723,06/01/2015,Veritecnica SRL,,1,0,0
1200001724,06/01/2015,Veritecnica SRL,,1,0,0
1200001725,06/01/2015,Veritecnica SRL,,1,0,0
1200001726,06/01/2015,Veritecnica SRL,,1,0,0
9202000156,06/01/2015,Veritecnica SRL,,0,0,1
9102000679,06/01/2015,Veritecnica SRL,,0,1,0
1200001727,06/01/2015,Veritecnica SRL,,1,0,0
9102000680,06/01/2015,Veritecnica SRL,,0,1,0
9102000681,06/01/2015,Veritecnica SRL,,0,1,0
1100002374,06/01/2015,Veritecnica SRL,,1,0,0
1200001728,06/01/2015,Veritecnica SRL,,1,0,0
9102000682,06/01/2015,Veritecnica SRL,,0,0,1
1100002375,06/01/2015,Veritecnica SRL,,1,0,0
1100002376,06/01/2015,Veritecnica SRL,,1,0,0
1200001729,06/01/2015,Veritecnica SRL,,1,0,0
1100002377,06/01/2015,Veritecnica SRL,,1,0,0
1100002378,06/01/2015,Veritecnica SRL,,1,0,0
1100002379,06/01/2015,Veritecnica SRL,,1,0,0
1200001730,06/01/2015,Veritecnica SRL,,1,0,0
1100002380,06/02/2015,Veritecnica SRL,,1,0,0
1100002381,06/02/2015,Veritecnica SRL,,1,0,0
1200001731,06/02/2015,Veritecnica SRL,,1,0,0
1200001732,06/02/2015,Veritecnica SRL,,1,0,0
9102000683,06/02/2015,Veritecnica SRL,,0,0,1
9102000684,06/02/2015,Veritecnica SRL,,0,0,1
1200001733,06/02/2015,Veritecnica SRL,,1,0,0
9102000685,06/02/2015,Veritecnica SRL,,0,0,1
1100002382,06/02/2015,Veritecnica SRL,,1,0,0
1100002383,06/02/2015,Veritecnica SRL,,1,0,0
1100002384,06/02/2015,Veritecnica SRL,,1,0,0
1100002385,06/02/2015,Veritecnica SRL,,1,0,0
1200001734,06/02/2015,Veritecnica SRL,,1,0,0
1200001735,06/02/2015,Veritecnica SRL,,1,0,0
9102000686,06/02/2015,Veritecnica SRL,,0,1,0
1200001736,06/02/2015,Veritecnica SRL,,1,0,0
1100002386,06/02/2015,Veritecnica SRL,,1,0,0
1100002387,06/02/2015,Veritecnica SRL,,1,0,0
1200001737,06/02/2015,Veritecnica SRL,,1,0,0
1100002388,06/02/2015,Veritecnica SRL,,1,0,0
1200001738,06/02/2015,Veritecnica SRL,,1,0,0
1100002389,06/02/2015,Veritecnica SRL,,1,0,0
1200001739,06/02/2015,Veritecnica SRL,,1,0,0
1200001740,06/02/2015,Veritecnica SRL,,1,0,0
1200001741,06/02/2015,Veritecnica SRL,,1,0,0
1200001742,06/02/2015,Veritecnica SRL,,1,0,0
1200001743,06/02/2015,Veritecnica SRL,,1,0,0
