Nrocertificado,Fecha,Idtaller,Dominiovehiculo,Aprobado,RechazadoLeveModerado,RechazadoGrave
9101000068,03/07/2015,Asociación de Bomberos Voluntarios - San Martín de los Andes,,0,1,0
28615,03/07/2015,Asociación de Bomberos Voluntarios - San Martín de los Andes,,1,0,0
28616,03/07/2015,Asociación de Bomberos Voluntarios - San Martín de los Andes,,1,0,0
28617,03/07/2015,Asociación de Bomberos Voluntarios - San Martín de los Andes,,1,0,0
28618,03/07/2015,Asociación de Bomberos Voluntarios - San Martín de los Andes,,1,0,0
9101000069,03/07/2015,Asociación de Bomberos Voluntarios - San Martín de los Andes,,0,1,0
28619,03/07/2015,Asociación de Bomberos Voluntarios - San Martín de los Andes,,1,0,0
9101000070,03/07/2015,Asociación de Bomberos Voluntarios - San Martín de los Andes,,0,1,0
28620,03/07/2015,Asociación de Bomberos Voluntarios - San Martín de los Andes,,1,0,0
9201000011,03/07/2015,Asociación de Bomberos Voluntarios - San Martín de los Andes,,0,1,0
9101000071,03/07/2015,Asociación de Bomberos Voluntarios - San Martín de los Andes,,0,0,1
28504,03/07/2015,Veritecnica SRL,,1,0,0
28505,03/07/2015,Veritecnica SRL,,1,0,0
1200000224,03/07/2015,Veritecnica SRL,,1,0,0
28506,03/07/2015,Veritecnica SRL,,1,0,0
28507,03/07/2015,Veritecnica SRL,,1,0,0
1200000225,03/07/2015,Veritecnica SRL,,1,0,0
28508,03/07/2015,Veritecnica SRL,,1,0,0
1200000226,03/07/2015,Veritecnica SRL,,1,0,0
1200000227,03/07/2015,Veritecnica SRL,,1,0,0
28509,03/07/2015,Veritecnica SRL,,1,0,0
1200000228,03/07/2015,Veritecnica SRL,,1,0,0
28510,03/07/2015,Veritecnica SRL,,1,0,0
28511,03/07/2015,Veritecnica SRL,,1,0,0
28512,03/07/2015,Veritecnica SRL,,1,0,0
1200000229,03/07/2015,Veritecnica SRL,,1,0,0
28513,03/07/2015,Veritecnica SRL,,1,0,0
28514,03/07/2015,Veritecnica SRL,,1,0,0
1200000230,03/07/2015,Veritecnica SRL,,1,0,0
28515,03/07/2015,Veritecnica SRL,,1,0,0
1200000231,03/07/2015,Veritecnica SRL,,1,0,0
1200000232,03/07/2015,Veritecnica SRL,,1,0,0
9102000265,03/07/2015,Veritecnica SRL,,0,0,1
28516,03/07/2015,Veritecnica SRL,,1,0,0
9102000266,03/07/2015,Veritecnica SRL,,0,0,1
28517,03/07/2015,Veritecnica SRL,,1,0,0
28518,03/07/2015,Veritecnica SRL,,1,0,0
28519,03/07/2015,Veritecnica SRL,,1,0,0
28520,03/07/2015,Veritecnica SRL,,1,0,0
28521,03/07/2015,Veritecnica SRL,,1,0,0
9102000267,03/07/2015,Veritecnica SRL,,0,1,0
9102000268,03/07/2015,Veritecnica SRL,,0,1,0
28522,03/07/2015,Veritecnica SRL,,1,0,0
9102000269,03/07/2015,Veritecnica SRL,,0,0,1
