Nrocertificado,Fecha,Idtaller,Dominiovehiculo,Aprobado,RechazadoLeveModerado,RechazadoGrave
1100006976,10/21/2015,Control SRL,,1,0,0
1200003691,10/21/2015,Control SRL,,1,0,0
1200003690,10/21/2015,Control SRL,,1,0,0
1200003692,10/21/2015,Control SRL,,1,0,0
1200003694,10/21/2015,Control SRL,,1,0,0
1200003693,10/21/2015,Control SRL,,1,0,0
1200003695,10/21/2015,Control SRL,,1,0,0
1100006977,10/21/2015,Control SRL,,1,0,0
1100006978,10/21/2015,Control SRL,,1,0,0
1200003697,10/21/2015,Control SRL,,1,0,0
1200003696,10/21/2015,Control SRL,,1,0,0
1200003698,10/21/2015,Control SRL,,1,0,0
9103000473,10/21/2015,Control SRL,,0,0,1
1100006979,10/21/2015,Control SRL,,1,0,0
9103000474,10/21/2015,Control SRL,,0,0,1
1100006980,10/21/2015,Control SRL,,1,0,0
1100006981,10/21/2015,Control SRL,,1,0,0
9103000475,10/21/2015,Control SRL,,0,0,1
1200003869,10/21/2015,Control SRL,,1,0,0
1200003699,10/21/2015,Control SRL,,1,0,0
1200003700,10/21/2015,Control SRL,,1,0,0
1200003870,10/21/2015,Control SRL,,1,0,0
9203000208,10/21/2015,Control SRL,,0,0,1
1100006982,10/21/2015,Control SRL,,1,0,0
1200003871,10/21/2015,Control SRL,,1,0,0
1200003867,10/21/2015,Control SRL,,1,0,0
9103000476,10/21/2015,Control SRL,,0,0,1
1200003868,10/21/2015,Control SRL,,1,0,0
1100006983,10/21/2015,Control SRL,,1,0,0
1100006984,10/21/2015,Control SRL,,1,0,0
1200003872,10/21/2015,Control SRL,,1,0,0
9103000477,10/21/2015,Control SRL,,0,0,1
1200003873,10/21/2015,Control SRL,,1,0,0
1100006985,10/22/2015,Control SRL,,1,0,0
1100006986,10/22/2015,Control SRL,,1,0,0
9203000209,10/22/2015,Control SRL,,0,0,1
1100006987,10/22/2015,Control SRL,,1,0,0
1100006988,10/22/2015,Control SRL,,1,0,0
1200003874,10/22/2015,Control SRL,,1,0,0
9103000478,10/22/2015,Control SRL,,0,0,1
9203000210,10/22/2015,Control SRL,,0,0,1
9103000479,10/22/2015,Control SRL,,0,0,1
1200003875,10/22/2015,Control SRL,,1,0,0
9103000480,10/22/2015,Control SRL,,0,0,1
1100006989,10/22/2015,Control SRL,,1,0,0
1100006990,10/22/2015,Control SRL,,1,0,0
1200003876,10/22/2015,Control SRL,,1,0,0
1200003877,10/22/2015,Control SRL,,1,0,0
9103000481,10/22/2015,Control SRL,,0,0,1
1100006991,10/22/2015,Control SRL,,1,0,0
1100006992,10/22/2015,Control SRL,,1,0,0
1200003878,10/22/2015,Control SRL,,1,0,0
1200003879,10/22/2015,Control SRL,,1,0,0
1100006993,10/22/2015,Control SRL,,1,0,0
1200003880,10/22/2015,Control SRL,,1,0,0
1200003881,10/22/2015,Control SRL,,1,0,0
1200003882,10/22/2015,Control SRL,,1,0,0
1100006994,10/22/2015,Control SRL,,1,0,0
1100006995,10/22/2015,Control SRL,,1,0,0
1100006996,10/22/2015,Control SRL,,1,0,0
1100006997,10/22/2015,Control SRL,,1,0,0
1100006998,10/22/2015,Control SRL,,1,0,0
1100006999,10/22/2015,Control SRL,,1,0,0
9103000482,10/22/2015,Control SRL,,0,0,1
1100007000,10/22/2015,Control SRL,,1,0,0
1100007191,10/22/2015,Control SRL,,1,0,0
1200003884,10/22/2015,Control SRL,,1,0,0
1200003883,10/22/2015,Control SRL,,1,0,0
1100007192,10/22/2015,Control SRL,,1,0,0
1200003885,10/22/2015,Control SRL,,1,0,0
1200003886,10/22/2015,Control SRL,,1,0,0
1100006573,10/21/2015,Asociación de Bomberos Voluntarios - San Martín de los Andes,,1,0,0
9101000647,10/21/2015,Asociación de Bomberos Voluntarios - San Martín de los Andes,,0,1,0
9101000648,10/21/2015,Asociación de Bomberos Voluntarios - San Martín de los Andes,,0,1,0
1100006574,10/21/2015,Asociación de Bomberos Voluntarios - San Martín de los Andes,,1,0,0
1200002877,10/21/2015,Asociación de Bomberos Voluntarios - San Martín de los Andes,,1,0,0
1100006575,10/21/2015,Asociación de Bomberos Voluntarios - San Martín de los Andes,,1,0,0
1100006576,10/21/2015,Asociación de Bomberos Voluntarios - San Martín de los Andes,,1,0,0
1100006577,10/21/2015,Asociación de Bomberos Voluntarios - San Martín de los Andes,,1,0,0
1100006578,10/21/2015,Asociación de Bomberos Voluntarios - San Martín de los Andes,,1,0,0
1100006579,10/21/2015,Asociación de Bomberos Voluntarios - San Martín de los Andes,,1,0,0
1100006580,10/21/2015,Asociación de Bomberos Voluntarios - San Martín de los Andes,,1,0,0
1100006581,10/21/2015,Asociación de Bomberos Voluntarios - San Martín de los Andes,,1,0,0
9101000649,10/21/2015,Asociación de Bomberos Voluntarios - San Martín de los Andes,,0,1,0
1100006582,10/21/2015,Asociación de Bomberos Voluntarios - San Martín de los Andes,,1,0,0
9101000650,10/21/2015,Asociación de Bomberos Voluntarios - San Martín de los Andes,,0,1,0
1100006583,10/21/2015,Asociación de Bomberos Voluntarios - San Martín de los Andes,,1,0,0
1100006584,10/21/2015,Asociación de Bomberos Voluntarios - San Martín de los Andes,,1,0,0
9201000149,10/21/2015,Asociación de Bomberos Voluntarios - San Martín de los Andes,,0,1,0
1100006585,10/21/2015,Asociación de Bomberos Voluntarios - San Martín de los Andes,,1,0,0
9101000651,10/22/2015,Asociación de Bomberos Voluntarios - San Martín de los Andes,,0,1,0
1100006586,10/22/2015,Asociación de Bomberos Voluntarios - San Martín de los Andes,,1,0,0
1100006587,10/22/2015,Asociación de Bomberos Voluntarios - San Martín de los Andes,,1,0,0
9101000652,10/22/2015,Asociación de Bomberos Voluntarios - San Martín de los Andes,,0,1,0
1100006588,10/22/2015,Asociación de Bomberos Voluntarios - San Martín de los Andes,,1,0,0
9101000653,10/22/2015,Asociación de Bomberos Voluntarios - San Martín de los Andes,,0,1,0
1100006589,10/22/2015,Asociación de Bomberos Voluntarios - San Martín de los Andes,,1,0,0
9101000654,10/22/2015,Asociación de Bomberos Voluntarios - San Martín de los Andes,,0,1,0
1100006590,10/22/2015,Asociación de Bomberos Voluntarios - San Martín de los Andes,,1,0,0
1100006591,10/22/2015,Asociación de Bomberos Voluntarios - San Martín de los Andes,,1,0,0
1200002878,10/22/2015,Asociación de Bomberos Voluntarios - San Martín de los Andes,,1,0,0
1100006592,10/22/2015,Asociación de Bomberos Voluntarios - San Martín de los Andes,,1,0,0
1100006593,10/22/2015,Asociación de Bomberos Voluntarios - San Martín de los Andes,,1,0,0
9201000150,10/22/2015,Asociación de Bomberos Voluntarios - San Martín de los Andes,,0,1,0
1100006594,10/22/2015,Asociación de Bomberos Voluntarios - San Martín de los Andes,,1,0,0
1100006595,10/22/2015,Asociación de Bomberos Voluntarios - San Martín de los Andes,,1,0,0
1200002879,10/22/2015,Asociación de Bomberos Voluntarios - San Martín de los Andes,,1,0,0
9201000151,10/22/2015,Asociación de Bomberos Voluntarios - San Martín de los Andes,,0,1,0
9201000152,10/22/2015,Asociación de Bomberos Voluntarios - San Martín de los Andes,,0,0,1
1100006596,10/22/2015,Asociación de Bomberos Voluntarios - San Martín de los Andes,,1,0,0
1100007089,10/21/2015,Veritecnica SRL,,1,0,0
1200004021,10/21/2015,Veritecnica SRL,,1,0,0
1200004022,10/21/2015,Veritecnica SRL,,1,0,0
1100007090,10/21/2015,Veritecnica SRL,,1,0,0
1100007091,10/21/2015,Veritecnica SRL,,1,0,0
9102001518,10/21/2015,Veritecnica SRL,,0,0,1
9102001519,10/21/2015,Veritecnica SRL,,0,1,0
9102001520,10/21/2015,Veritecnica SRL,,0,0,1
1100007092,10/21/2015,Veritecnica SRL,,1,0,0
1100007093,10/21/2015,Veritecnica SRL,,1,0,0
1200004023,10/21/2015,Veritecnica SRL,,1,0,0
1100007094,10/21/2015,Veritecnica SRL,,1,0,0
1200004024,10/21/2015,Veritecnica SRL,,1,0,0
1100007095,10/21/2015,Veritecnica SRL,,1,0,0
1200004025,10/21/2015,Veritecnica SRL,,1,0,0
9102001521,10/21/2015,Veritecnica SRL,,0,0,1
1200004026,10/21/2015,Veritecnica SRL,,1,0,0
9102001522,10/21/2015,Veritecnica SRL,,0,1,0
1100007096,10/21/2015,Veritecnica SRL,,1,0,0
1100007097,10/21/2015,Veritecnica SRL,,1,0,0
1100007098,10/21/2015,Veritecnica SRL,,1,0,0
1100007099,10/21/2015,Veritecnica SRL,,1,0,0
1100007100,10/21/2015,Veritecnica SRL,,1,0,0
1100007301,10/21/2015,Veritecnica SRL,,1,0,0
1200004027,10/21/2015,Veritecnica SRL,,1,0,0
1100007302,10/21/2015,Veritecnica SRL,,1,0,0
1100007303,10/21/2015,Veritecnica SRL,,1,0,0
1100007304,10/21/2015,Veritecnica SRL,,1,0,0
1100007305,10/21/2015,Veritecnica SRL,,1,0,0
1200004028,10/21/2015,Veritecnica SRL,,1,0,0
9102001523,10/21/2015,Veritecnica SRL,,0,0,1
1100007306,10/21/2015,Veritecnica SRL,,1,0,0
1200004029,10/21/2015,Veritecnica SRL,,1,0,0
1100007307,10/21/2015,Veritecnica SRL,,1,0,0
1100007308,10/21/2015,Veritecnica SRL,,1,0,0
1100007309,10/21/2015,Veritecnica SRL,,1,0,0
9102001524,10/21/2015,Veritecnica SRL,,0,0,1
1100007310,10/21/2015,Veritecnica SRL,,1,0,0
9102001525,10/22/2015,Veritecnica SRL,,0,0,1
1100007311,10/22/2015,Veritecnica SRL,,1,0,0
9102001526,10/22/2015,Veritecnica SRL,,0,0,1
1100007312,10/22/2015,Veritecnica SRL,,1,0,0
9102001527,10/22/2015,Veritecnica SRL,,0,0,1
9202000363,10/22/2015,Veritecnica SRL,,0,0,1
9102001528,10/22/2015,Veritecnica SRL,,0,1,0
1200004030,10/22/2015,Veritecnica SRL,,1,0,0
1200004031,10/22/2015,Veritecnica SRL,,1,0,0
1100007313,10/22/2015,Veritecnica SRL,,1,0,0
1100007314,10/22/2015,Veritecnica SRL,,1,0,0
1200004032,10/22/2015,Veritecnica SRL,,1,0,0
1100007315,10/22/2015,Veritecnica SRL,,1,0,0
9102001529,10/22/2015,Veritecnica SRL,,0,0,1
9102001530,10/22/2015,Veritecnica SRL,,0,0,1
1100007316,10/22/2015,Veritecnica SRL,,1,0,0
1100007317,10/22/2015,Veritecnica SRL,,1,0,0
1100007318,10/22/2015,Veritecnica SRL,,1,0,0
9102001531,10/22/2015,Veritecnica SRL,,0,0,1
1200004033,10/22/2015,Veritecnica SRL,,1,0,0
1100007319,10/22/2015,Veritecnica SRL,,1,0,0
1100007320,10/22/2015,Veritecnica SRL,,1,0,0
1100007321,10/22/2015,Veritecnica SRL,,1,0,0
1200004034,10/22/2015,Veritecnica SRL,,1,0,0
1200004035,10/22/2015,Veritecnica SRL,,1,0,0
1100007322,10/22/2015,Veritecnica SRL,,1,0,0
1100007323,10/22/2015,Veritecnica SRL,,1,0,0
1200004036,10/22/2015,Veritecnica SRL,,1,0,0
1200004037,10/22/2015,Veritecnica SRL,,1,0,0
9102001532,10/22/2015,Veritecnica SRL,,0,1,0
1200004038,10/22/2015,Veritecnica SRL,,1,0,0
1100007324,10/22/2015,Veritecnica SRL,,1,0,0
1100007325,10/22/2015,Veritecnica SRL,,1,0,0
1100007326,10/22/2015,Veritecnica SRL,,1,0,0
1100007327,10/22/2015,Veritecnica SRL,,1,0,0
1100007328,10/22/2015,Veritecnica SRL,,1,0,0
1200004039,10/22/2015,Veritecnica SRL,,1,0,0
9102001533,10/22/2015,Veritecnica SRL,,0,1,0
