Nrocertificado,Fecha,Idtaller,Dominiovehiculo,Aprobado,RechazadoLeveModerado,RechazadoGrave
1100003164,07/06/2015,Control SRL,,1,0,0
9103000258,07/06/2015,Control SRL,,0,0,1
1100003165,07/06/2015,Control SRL,,1,0,0
9103000259,07/06/2015,Control SRL,,0,0,1
9103000260,07/06/2015,Control SRL,,0,0,1
9103000261,07/06/2015,Control SRL,,0,0,1
1200002134,07/06/2015,Control SRL,,1,0,0
1200002135,07/06/2015,Control SRL,,1,0,0
1100003166,07/06/2015,Control SRL,,1,0,0
1100003167,07/06/2015,Control SRL,,1,0,0
1100003168,07/06/2015,Control SRL,,1,0,0
1100003169,07/06/2015,Control SRL,,1,0,0
9103000262,07/06/2015,Control SRL,,0,0,1
1100003170,07/06/2015,Control SRL,,1,0,0
1100003171,07/06/2015,Control SRL,,1,0,0
1200002136,07/06/2015,Control SRL,,1,0,0
9203000104,07/06/2015,Control SRL,,0,0,1
9103000263,07/06/2015,Control SRL,,0,1,0
9103000264,07/06/2015,Control SRL,,0,1,0
1100003172,07/06/2015,Control SRL,,1,0,0
1100003173,07/06/2015,Control SRL,,1,0,0
1100003174,07/06/2015,Control SRL,,1,0,0
1100003175,07/06/2015,Control SRL,,1,0,0
9103000265,07/06/2015,Control SRL,,0,0,1
9203000105,07/06/2015,Control SRL,,0,0,1
1100003176,07/06/2015,Control SRL,,1,0,0
1100003177,07/06/2015,Control SRL,,1,0,0
1100003178,07/06/2015,Control SRL,,1,0,0
1200002525,07/06/2015,Control SRL,,1,0,0
1100003179,07/06/2015,Control SRL,,1,0,0
1200002138,07/06/2015,Control SRL,,1,0,0
1100003180,07/06/2015,Control SRL,,1,0,0
1100003181,07/06/2015,Control SRL,,1,0,0
1100003182,07/06/2015,Control SRL,,1,0,0
1100003183,07/06/2015,Control SRL,,1,0,0
1100003185,07/06/2015,Control SRL,,1,0,0
1100003184,07/06/2015,Control SRL,,1,0,0
1200002139,07/06/2015,Control SRL,,1,0,0
1200002526,07/06/2015,Control SRL,,1,0,0
1200002137,07/06/2015,Control SRL,,1,0,0
1200000875,07/06/2015,Asociación de Bomberos Voluntarios - San Martín de los Andes,,1,0,0
9101000399,07/06/2015,Asociación de Bomberos Voluntarios - San Martín de los Andes,,0,1,0
1100002941,07/06/2015,Asociación de Bomberos Voluntarios - San Martín de los Andes,,1,0,0
1200000876,07/06/2015,Asociación de Bomberos Voluntarios - San Martín de los Andes,,1,0,0
9101000400,07/06/2015,Asociación de Bomberos Voluntarios - San Martín de los Andes,,0,1,0
1100002942,07/06/2015,Asociación de Bomberos Voluntarios - San Martín de los Andes,,1,0,0
9101000401,07/06/2015,Asociación de Bomberos Voluntarios - San Martín de los Andes,,0,0,1
1200000877,07/06/2015,Asociación de Bomberos Voluntarios - San Martín de los Andes,,1,0,0
1100002943,07/06/2015,Asociación de Bomberos Voluntarios - San Martín de los Andes,,1,0,0
9101000402,07/06/2015,Asociación de Bomberos Voluntarios - San Martín de los Andes,,0,1,0
1100002944,07/06/2015,Asociación de Bomberos Voluntarios - San Martín de los Andes,,1,0,0
1100002945,07/06/2015,Asociación de Bomberos Voluntarios - San Martín de los Andes,,1,0,0
1200000878,07/06/2015,Asociación de Bomberos Voluntarios - San Martín de los Andes,,1,0,0
1100002946,07/06/2015,Asociación de Bomberos Voluntarios - San Martín de los Andes,,1,0,0
9101000403,07/06/2015,Asociación de Bomberos Voluntarios - San Martín de los Andes,,0,0,1
1100002947,07/06/2015,Asociación de Bomberos Voluntarios - San Martín de los Andes,,1,0,0
1100003903,07/06/2015,Veritecnica SRL,,1,0,0
1100003904,07/06/2015,Veritecnica SRL,,1,0,0
9102000872,07/06/2015,Veritecnica SRL,,0,1,0
9102000873,07/06/2015,Veritecnica SRL,,0,0,1
1100003905,07/06/2015,Veritecnica SRL,,1,0,0
9102000874,07/06/2015,Veritecnica SRL,,0,0,1
1100003906,07/06/2015,Veritecnica SRL,,1,0,0
9102000875,07/06/2015,Veritecnica SRL,,0,1,0
1100003907,07/06/2015,Veritecnica SRL,,1,0,0
1100003908,07/06/2015,Veritecnica SRL,,1,0,0
1100003909,07/06/2015,Veritecnica SRL,,1,0,0
9102000876,07/06/2015,Veritecnica SRL,,0,0,1
1100003910,07/06/2015,Veritecnica SRL,,1,0,0
1100003911,07/06/2015,Veritecnica SRL,,1,0,0
9102000877,07/06/2015,Veritecnica SRL,,0,1,0
1100003912,07/06/2015,Veritecnica SRL,,1,0,0
1200001952,07/06/2015,Veritecnica SRL,,1,0,0
1100003913,07/06/2015,Veritecnica SRL,,1,0,0
9102000878,07/06/2015,Veritecnica SRL,,0,0,1
1100003914,07/06/2015,Veritecnica SRL,,1,0,0
1100003915,07/06/2015,Veritecnica SRL,,1,0,0
1100003916,07/06/2015,Veritecnica SRL,,1,0,0
1200001953,07/06/2015,Veritecnica SRL,,1,0,0
1100003917,07/06/2015,Veritecnica SRL,,1,0,0
1100003918,07/06/2015,Veritecnica SRL,,1,0,0
1100003919,07/06/2015,Veritecnica SRL,,1,0,0
1200001954,07/06/2015,Veritecnica SRL,,1,0,0
1100003920,07/06/2015,Veritecnica SRL,,1,0,0
1100003931,07/06/2015,Veritecnica SRL,,1,0,0
1100003932,07/06/2015,Veritecnica SRL,,1,0,0
1100003933,07/06/2015,Veritecnica SRL,,1,0,0
9202000189,07/06/2015,Veritecnica SRL,,0,0,1
9102000879,07/06/2015,Veritecnica SRL,,0,1,0
9102000880,07/06/2015,Veritecnica SRL,,0,0,1
9102000881,07/06/2015,Veritecnica SRL,,0,0,1
1100003934,07/06/2015,Veritecnica SRL,,1,0,0
9102000882,07/06/2015,Veritecnica SRL,,0,1,0
1100003935,07/06/2015,Veritecnica SRL,,1,0,0
1100003936,07/06/2015,Veritecnica SRL,,1,0,0
1100003937,07/06/2015,Veritecnica SRL,,1,0,0
1100003938,07/06/2015,Veritecnica SRL,,1,0,0
1100003939,07/06/2015,Veritecnica SRL,,1,0,0
9102000883,07/06/2015,Veritecnica SRL,,0,1,0
1100003940,07/06/2015,Veritecnica SRL,,1,0,0
1100003941,07/06/2015,Veritecnica SRL,,1,0,0
9102000884,07/06/2015,Veritecnica SRL,,0,0,1
9102000885,07/06/2015,Veritecnica SRL,,0,0,1
1100003942,07/06/2015,Veritecnica SRL,,1,0,0
9102000886,07/06/2015,Veritecnica SRL,,0,0,1
