Nrocertificado,Fecha,Idtaller,Dominiovehiculo,Aprobado,RechazadoLeveModerado,RechazadoGrave
28045,02/23/2015,Control SRL,,1,0,0
28046,02/23/2015,Control SRL,,1,0,0
23926,02/23/2015,Control SRL,,1,0,0
28047,02/23/2015,Control SRL,,1,0,0
9103000010,02/23/2015,Control SRL,,0,0,1
28048,02/23/2015,Control SRL,,1,0,0
28049,02/23/2015,Control SRL,,1,0,0
28050,02/23/2015,Control SRL,,1,0,0
1200000062,02/23/2015,Control SRL,,1,0,0
1200000063,02/23/2015,Control SRL,,1,0,0
9203000001,02/23/2015,Control SRL,,0,1,0
23927,02/23/2015,Control SRL,,1,0,0
28051,02/23/2015,Control SRL,,1,0,0
28052,02/23/2015,Control SRL,,1,0,0
23928,02/23/2015,Control SRL,,1,0,0
9103000011,02/23/2015,Control SRL,,0,0,1
28053,02/23/2015,Control SRL,,1,0,0
23929,02/23/2015,Control SRL,,1,0,0
9203000002,02/23/2015,Control SRL,,0,1,0
28054,02/23/2015,Control SRL,,1,0,0
23930,02/23/2015,Control SRL,,1,0,0
1200000064,02/23/2015,Control SRL,,1,0,0
28055,02/23/2015,Control SRL,,1,0,0
28056,02/23/2015,Control SRL,,1,0,0
28057,02/23/2015,Control SRL,,1,0,0
23931,02/23/2015,Control SRL,,1,0,0
1200000065,02/23/2015,Control SRL,,1,0,0
1200000066,02/23/2015,Control SRL,,1,0,0
28058,02/23/2015,Control SRL,,1,0,0
9103000012,02/23/2015,Control SRL,,0,1,0
9103000013,02/23/2015,Control SRL,,0,1,0
1200000067,02/23/2015,Control SRL,,1,0,0
28059,02/23/2015,Control SRL,,1,0,0
9103000014,02/23/2015,Control SRL,,0,1,0
23932,02/23/2015,Control SRL,,1,0,0
23933,02/23/2015,Control SRL,,1,0,0
23934,02/24/2015,Control SRL,,1,0,0
9103000015,02/24/2015,Control SRL,,0,1,0
28060,02/24/2015,Control SRL,,1,0,0
28061,02/24/2015,Control SRL,,1,0,0
23935,02/24/2015,Control SRL,,1,0,0
9203000003,02/24/2015,Control SRL,,0,0,1
28062,02/24/2015,Control SRL,,1,0,0
23936,02/24/2015,Control SRL,,1,0,0
23937,02/24/2015,Control SRL,,1,0,0
1200000068,02/24/2015,Control SRL,,1,0,0
9103000016,02/24/2015,Control SRL,,0,0,1
9103000017,02/24/2015,Control SRL,,0,0,1
28063,02/24/2015,Control SRL,,1,0,0
9103000018,02/24/2015,Control SRL,,0,0,1
9103000019,02/24/2015,Control SRL,,0,0,1
23938,02/24/2015,Control SRL,,1,0,0
28064,02/24/2015,Control SRL,,1,0,0
1200000069,02/24/2015,Control SRL,,1,0,0
9103000020,02/24/2015,Control SRL,,0,0,1
9103000021,02/24/2015,Control SRL,,0,0,1
28065,02/24/2015,Control SRL,,1,0,0
9103000022,02/24/2015,Control SRL,,0,0,1
28066,02/24/2015,Control SRL,,1,0,0
23939,02/24/2015,Control SRL,,1,0,0
28067,02/24/2015,Control SRL,,1,0,0
23940,02/24/2015,Control SRL,,1,0,0
23941,02/24/2015,Control SRL,,1,0,0
23942,02/24/2015,Control SRL,,1,0,0
28068,02/24/2015,Control SRL,,1,0,0
9203000004,02/24/2015,Control SRL,,0,0,1
26768,02/23/2015,Asociación de Bomberos Voluntarios - San Martín de los Andes,,1,0,0
26769,02/23/2015,Asociación de Bomberos Voluntarios - San Martín de los Andes,,1,0,0
26770,02/23/2015,Asociación de Bomberos Voluntarios - San Martín de los Andes,,1,0,0
1200000103,02/23/2015,Asociación de Bomberos Voluntarios - San Martín de los Andes,,1,0,0
26771,02/23/2015,Asociación de Bomberos Voluntarios - San Martín de los Andes,,1,0,0
26772,02/23/2015,Asociación de Bomberos Voluntarios - San Martín de los Andes,,1,0,0
26773,02/23/2015,Asociación de Bomberos Voluntarios - San Martín de los Andes,,1,0,0
9101000006,02/23/2015,Asociación de Bomberos Voluntarios - San Martín de los Andes,,0,1,0
26774,02/23/2015,Asociación de Bomberos Voluntarios - San Martín de los Andes,,1,0,0
9101000007,02/23/2015,Asociación de Bomberos Voluntarios - San Martín de los Andes,,0,1,0
26775,02/23/2015,Asociación de Bomberos Voluntarios - San Martín de los Andes,,1,0,0
26776,02/23/2015,Asociación de Bomberos Voluntarios - San Martín de los Andes,,1,0,0
9101000008,02/23/2015,Asociación de Bomberos Voluntarios - San Martín de los Andes,,0,1,0
26777,02/23/2015,Asociación de Bomberos Voluntarios - San Martín de los Andes,,1,0,0
9101000009,02/23/2015,Asociación de Bomberos Voluntarios - San Martín de los Andes,,0,1,0
26778,02/23/2015,Asociación de Bomberos Voluntarios - San Martín de los Andes,,1,0,0
21852,02/23/2015,Asociación de Bomberos Voluntarios - San Martín de los Andes,,1,0,0
26779,02/23/2015,Asociación de Bomberos Voluntarios - San Martín de los Andes,,1,0,0
9101000010,02/23/2015,Asociación de Bomberos Voluntarios - San Martín de los Andes,,0,0,1
9101000011,02/24/2015,Asociación de Bomberos Voluntarios - San Martín de los Andes,,0,0,1
26780,02/24/2015,Asociación de Bomberos Voluntarios - San Martín de los Andes,,1,0,0
26781,02/24/2015,Asociación de Bomberos Voluntarios - San Martín de los Andes,,1,0,0
26782,02/24/2015,Asociación de Bomberos Voluntarios - San Martín de los Andes,,1,0,0
26783,02/24/2015,Asociación de Bomberos Voluntarios - San Martín de los Andes,,1,0,0
26784,02/24/2015,Asociación de Bomberos Voluntarios - San Martín de los Andes,,1,0,0
26785,02/24/2015,Asociación de Bomberos Voluntarios - San Martín de los Andes,,1,0,0
26786,02/24/2015,Asociación de Bomberos Voluntarios - San Martín de los Andes,,1,0,0
26787,02/24/2015,Asociación de Bomberos Voluntarios - San Martín de los Andes,,1,0,0
26788,02/24/2015,Asociación de Bomberos Voluntarios - San Martín de los Andes,,1,0,0
9101000012,02/24/2015,Asociación de Bomberos Voluntarios - San Martín de los Andes,,0,0,1
26789,02/24/2015,Asociación de Bomberos Voluntarios - San Martín de los Andes,,1,0,0
26790,02/24/2015,Asociación de Bomberos Voluntarios - San Martín de los Andes,,1,0,0
26791,02/24/2015,Asociación de Bomberos Voluntarios - San Martín de los Andes,,1,0,0
28319,02/23/2015,Veritecnica SRL,,1,0,0
28320,02/23/2015,Veritecnica SRL,,1,0,0
28321,02/23/2015,Veritecnica SRL,,1,0,0
9102000195,02/23/2015,Veritecnica SRL,,0,1,0
1200000022,02/23/2015,Veritecnica SRL,,1,0,0
23899,02/23/2015,Veritecnica SRL,,1,0,0
28322,02/23/2015,Veritecnica SRL,,1,0,0
23900,02/23/2015,Veritecnica SRL,,1,0,0
9102000196,02/23/2015,Veritecnica SRL,,0,0,1
28323,02/23/2015,Veritecnica SRL,,1,0,0
28324,02/23/2015,Veritecnica SRL,,1,0,0
9102000197,02/23/2015,Veritecnica SRL,,0,0,1
23951,02/23/2015,Veritecnica SRL,,1,0,0
28325,02/23/2015,Veritecnica SRL,,1,0,0
28326,02/23/2015,Veritecnica SRL,,1,0,0
23952,02/23/2015,Veritecnica SRL,,1,0,0
28327,02/23/2015,Veritecnica SRL,,1,0,0
9102000198,02/23/2015,Veritecnica SRL,,0,0,1
23953,02/23/2015,Veritecnica SRL,,1,0,0
28328,02/23/2015,Veritecnica SRL,,1,0,0
28329,02/23/2015,Veritecnica SRL,,1,0,0
28330,02/23/2015,Veritecnica SRL,,1,0,0
1200000023,02/23/2015,Veritecnica SRL,,1,0,0
23954,02/23/2015,Veritecnica SRL,,1,0,0
9102000199,02/23/2015,Veritecnica SRL,,0,0,1
28331,02/23/2015,Veritecnica SRL,,1,0,0
28332,02/23/2015,Veritecnica SRL,,1,0,0
1200000024,02/23/2015,Veritecnica SRL,,1,0,0
9102000200,02/23/2015,Veritecnica SRL,,0,1,0
28333,02/23/2015,Veritecnica SRL,,1,0,0
28334,02/23/2015,Veritecnica SRL,,1,0,0
1200000025,02/23/2015,Veritecnica SRL,,1,0,0
28335,02/23/2015,Veritecnica SRL,,1,0,0
1200000026,02/23/2015,Veritecnica SRL,,1,0,0
9102000201,02/23/2015,Veritecnica SRL,,0,0,1
28336,02/23/2015,Veritecnica SRL,,1,0,0
23955,02/23/2015,Veritecnica SRL,,1,0,0
1200000027,02/23/2015,Veritecnica SRL,,1,0,0
28337,02/23/2015,Veritecnica SRL,,1,0,0
28338,02/23/2015,Veritecnica SRL,,1,0,0
1200000028,02/23/2015,Veritecnica SRL,,1,0,0
23956,02/23/2015,Veritecnica SRL,,1,0,0
28339,02/23/2015,Veritecnica SRL,,1,0,0
28340,02/23/2015,Veritecnica SRL,,1,0,0
28341,02/23/2015,Veritecnica SRL,,1,0,0
22523957,02/23/2015,Veritecnica SRL,,1,0,0
28342,02/23/2015,Veritecnica SRL,,1,0,0
28343,02/23/2015,Veritecnica SRL,,1,0,0
1200000029,02/23/2015,Veritecnica SRL,,1,0,0
23958,02/23/2015,Veritecnica SRL,,1,0,0
28344,02/23/2015,Veritecnica SRL,,1,0,0
1200000030,02/23/2015,Veritecnica SRL,,1,0,0
23959,02/23/2015,Veritecnica SRL,,1,0,0
28345,02/23/2015,Veritecnica SRL,,1,0,0
28346,02/23/2015,Veritecnica SRL,,1,0,0
23960,02/23/2015,Veritecnica SRL,,1,0,0
28347,02/23/2015,Veritecnica SRL,,1,0,0
23961,02/23/2015,Veritecnica SRL,,1,0,0
28348,02/24/2015,Veritecnica SRL,,1,0,0
28349,02/24/2015,Veritecnica SRL,,1,0,0
28350,02/24/2015,Veritecnica SRL,,1,0,0
1200000031,02/24/2015,Veritecnica SRL,,1,0,0
9102000202,02/24/2015,Veritecnica SRL,,0,0,1
28351,02/24/2015,Veritecnica SRL,,1,0,0
23962,02/24/2015,Veritecnica SRL,,1,0,0
28352,02/24/2015,Veritecnica SRL,,1,0,0
1200000032,02/24/2015,Veritecnica SRL,,1,0,0
9202000017,02/24/2015,Veritecnica SRL,,0,0,1
1200000033,02/24/2015,Veritecnica SRL,,1,0,0
23963,02/24/2015,Veritecnica SRL,,1,0,0
23964,02/24/2015,Veritecnica SRL,,1,0,0
28353,02/24/2015,Veritecnica SRL,,1,0,0
23965,02/24/2015,Veritecnica SRL,,1,0,0
1200000034,02/24/2015,Veritecnica SRL,,1,0,0
1200000035,02/24/2015,Veritecnica SRL,,1,0,0
23966,02/24/2015,Veritecnica SRL,,1,0,0
28354,02/24/2015,Veritecnica SRL,,1,0,0
1200000036,02/24/2015,Veritecnica SRL,,1,0,0
1200000037,02/24/2015,Veritecnica SRL,,1,0,0
23967,02/24/2015,Veritecnica SRL,,1,0,0
23968,02/24/2015,Veritecnica SRL,,1,0,0
1200000038,02/24/2015,Veritecnica SRL,,1,0,0
28355,02/24/2015,Veritecnica SRL,,1,0,0
28356,02/24/2015,Veritecnica SRL,,1,0,0
28357,02/24/2015,Veritecnica SRL,,1,0,0
9102000203,02/24/2015,Veritecnica SRL,,0,1,0
23969,02/24/2015,Veritecnica SRL,,1,0,0
9102000204,02/24/2015,Veritecnica SRL,,0,1,0
28358,02/24/2015,Veritecnica SRL,,1,0,0
1200000039,02/24/2015,Veritecnica SRL,,1,0,0
28359,02/24/2015,Veritecnica SRL,,1,0,0
28360,02/24/2015,Veritecnica SRL,,1,0,0
28361,02/24/2015,Veritecnica SRL,,1,0,0
28362,02/24/2015,Veritecnica SRL,,1,0,0
23970,02/24/2015,Veritecnica SRL,,1,0,0
1200000040,02/24/2015,Veritecnica SRL,,1,0,0
1200000041,02/24/2015,Veritecnica SRL,,1,0,0
28363,02/24/2015,Veritecnica SRL,,1,0,0
23971,02/24/2015,Veritecnica SRL,,1,0,0
28364,02/24/2015,Veritecnica SRL,,1,0,0
9102000205,02/24/2015,Veritecnica SRL,,0,0,1
28365,02/24/2015,Veritecnica SRL,,1,0,0
28366,02/24/2015,Veritecnica SRL,,1,0,0
28367,02/24/2015,Veritecnica SRL,,1,0,0
9102000206,02/24/2015,Veritecnica SRL,,0,0,1
23972,02/24/2015,Veritecnica SRL,,1,0,0
28368,02/24/2015,Veritecnica SRL,,1,0,0
