Nrocertificado,Fecha,Idtaller,Dominiovehiculo,Aprobado,RechazadoLeveModerado,RechazadoGrave
1100001409,05/16/2015,Asociación de Bomberos Voluntarios - San Martín de los Andes,,1,0,0
1100001410,05/16/2015,Asociación de Bomberos Voluntarios - San Martín de los Andes,,1,0,0
1100001411,05/16/2015,Asociación de Bomberos Voluntarios - San Martín de los Andes,,1,0,0
1100001412,05/16/2015,Asociación de Bomberos Voluntarios - San Martín de los Andes,,1,0,0
9101000296,05/16/2015,Asociación de Bomberos Voluntarios - San Martín de los Andes,,0,1,0
1100001413,05/16/2015,Asociación de Bomberos Voluntarios - San Martín de los Andes,,1,0,0
1100001414,05/16/2015,Asociación de Bomberos Voluntarios - San Martín de los Andes,,1,0,0
1100001415,05/16/2015,Asociación de Bomberos Voluntarios - San Martín de los Andes,,1,0,0
1100001416,05/16/2015,Asociación de Bomberos Voluntarios - San Martín de los Andes,,1,0,0
1100001417,05/16/2015,Asociación de Bomberos Voluntarios - San Martín de los Andes,,1,0,0
1100001902,05/16/2015,Veritecnica SRL,,1,0,0
9102000603,05/16/2015,Veritecnica SRL,,0,0,1
9202000131,05/16/2015,Veritecnica SRL,,0,0,1
1200001552,05/16/2015,Veritecnica SRL,,1,0,0
1100001903,05/16/2015,Veritecnica SRL,,1,0,0
1100001904,05/16/2015,Veritecnica SRL,,1,0,0
1100001905,05/16/2015,Veritecnica SRL,,1,0,0
1100001906,05/16/2015,Veritecnica SRL,,1,0,0
1100001907,05/16/2015,Veritecnica SRL,,1,0,0
1100001908,05/16/2015,Veritecnica SRL,,1,0,0
9102000604,05/16/2015,Veritecnica SRL,,0,1,0
1100001909,05/16/2015,Veritecnica SRL,,1,0,0
1100001910,05/16/2015,Veritecnica SRL,,1,0,0
1200001553,05/16/2015,Veritecnica SRL,,1,0,0
1100001911,05/16/2015,Veritecnica SRL,,1,0,0
1200001554,05/16/2015,Veritecnica SRL,,1,0,0
9102000605,05/16/2015,Veritecnica SRL,,0,1,0
1100001912,05/16/2015,Veritecnica SRL,,1,0,0
1100001913,05/16/2015,Veritecnica SRL,,1,0,0
1100001914,05/16/2015,Veritecnica SRL,,1,0,0
9102000606,05/16/2015,Veritecnica SRL,,0,0,1
1100001915,05/16/2015,Veritecnica SRL,,1,0,0
1100001916,05/16/2015,Veritecnica SRL,,1,0,0
9102000607,05/16/2015,Veritecnica SRL,,0,0,1
