Nrocertificado,Fecha,Idtaller,Dominiovehiculo,Aprobado,RechazadoLeveModerado,RechazadoGrave
1200000926,08/22/2015,Asociación de Bomberos Voluntarios - San Martín de los Andes,,1,0,0
9202000257,08/22/2015,Veritecnica SRL,,0,0,1
1200003126,08/22/2015,Veritecnica SRL,,1,0,0
9202000258,08/22/2015,Veritecnica SRL,,0,0,1
1200003127,08/22/2015,Veritecnica SRL,,1,0,0
1100005122,08/22/2015,Veritecnica SRL,,1,0,0
1100005123,08/22/2015,Veritecnica SRL,,1,0,0
1100005124,08/22/2015,Veritecnica SRL,,1,0,0
1100005125,08/22/2015,Veritecnica SRL,,1,0,0
1100005126,08/22/2015,Veritecnica SRL,,1,0,0
9102001183,08/22/2015,Veritecnica SRL,,0,1,0
1100005127,08/22/2015,Veritecnica SRL,,1,0,0
1200003128,08/22/2015,Veritecnica SRL,,1,0,0
1100005128,08/22/2015,Veritecnica SRL,,1,0,0
1100005129,08/22/2015,Veritecnica SRL,,1,0,0
1100005130,08/22/2015,Veritecnica SRL,,1,0,0
9102001184,08/22/2015,Veritecnica SRL,,0,0,1
9102001185,08/22/2015,Veritecnica SRL,,0,0,1
1100005131,08/22/2015,Veritecnica SRL,,1,0,0
1100005132,08/22/2015,Veritecnica SRL,,1,0,0
1200003129,08/22/2015,Veritecnica SRL,,1,0,0
1100005133,08/22/2015,Veritecnica SRL,,1,0,0
9102001186,08/22/2015,Veritecnica SRL,,0,0,1
1100005134,08/22/2015,Veritecnica SRL,,1,0,0
1200003130,08/22/2015,Veritecnica SRL,,1,0,0
9102001187,08/22/2015,Veritecnica SRL,,0,0,1
1200003131,08/22/2015,Veritecnica SRL,,1,0,0
1100005135,08/22/2015,Veritecnica SRL,,1,0,0
9102001188,08/22/2015,Veritecnica SRL,,0,0,1
1100005136,08/22/2015,Veritecnica SRL,,1,0,0
1100005137,08/22/2015,Veritecnica SRL,,1,0,0
9102001189,08/22/2015,Veritecnica SRL,,0,0,1
1100005138,08/22/2015,Veritecnica SRL,,1,0,0
