Nrocertificado,Fecha,Idtaller,Dominiovehiculo,Aprobado,RechazadoLeveModerado,RechazadoGrave
23934,02/24/2015,Control SRL,,1,0,0
9103000015,02/24/2015,Control SRL,,0,1,0
28060,02/24/2015,Control SRL,,1,0,0
28061,02/24/2015,Control SRL,,1,0,0
23935,02/24/2015,Control SRL,,1,0,0
9203000003,02/24/2015,Control SRL,,0,0,1
28062,02/24/2015,Control SRL,,1,0,0
23936,02/24/2015,Control SRL,,1,0,0
23937,02/24/2015,Control SRL,,1,0,0
1200000068,02/24/2015,Control SRL,,1,0,0
9103000016,02/24/2015,Control SRL,,0,0,1
9103000017,02/24/2015,Control SRL,,0,0,1
28063,02/24/2015,Control SRL,,1,0,0
9103000018,02/24/2015,Control SRL,,0,0,1
9103000019,02/24/2015,Control SRL,,0,0,1
23938,02/24/2015,Control SRL,,1,0,0
28064,02/24/2015,Control SRL,,1,0,0
1200000069,02/24/2015,Control SRL,,1,0,0
9103000020,02/24/2015,Control SRL,,0,0,1
9103000021,02/24/2015,Control SRL,,0,0,1
28065,02/24/2015,Control SRL,,1,0,0
9103000022,02/24/2015,Control SRL,,0,0,1
28066,02/24/2015,Control SRL,,1,0,0
23939,02/24/2015,Control SRL,,1,0,0
28067,02/24/2015,Control SRL,,1,0,0
23940,02/24/2015,Control SRL,,1,0,0
23941,02/24/2015,Control SRL,,1,0,0
23942,02/24/2015,Control SRL,,1,0,0
28068,02/24/2015,Control SRL,,1,0,0
9203000004,02/24/2015,Control SRL,,0,0,1
28069,02/25/2015,Control SRL,,1,0,0
9103000023,02/25/2015,Control SRL,,0,1,0
1200000070,02/25/2015,Control SRL,,1,0,0
28070,02/25/2015,Control SRL,,1,0,0
23943,02/25/2015,Control SRL,,1,0,0
1200000071,02/25/2015,Control SRL,,1,0,0
28071,02/25/2015,Control SRL,,1,0,0
28072,02/25/2015,Control SRL,,1,0,0
1200000072,02/25/2015,Control SRL,,1,0,0
28073,02/25/2015,Control SRL,,1,0,0
23944,02/25/2015,Control SRL,,1,0,0
23945,02/25/2015,Control SRL,,1,0,0
28074,02/25/2015,Control SRL,,1,0,0
28075,02/25/2015,Control SRL,,1,0,0
28076,02/25/2015,Control SRL,,1,0,0
1200000073,02/25/2015,Control SRL,,1,0,0
28077,02/25/2015,Control SRL,,1,0,0
1200000074,02/25/2015,Control SRL,,1,0,0
28078,02/25/2015,Control SRL,,1,0,0
9103000024,02/25/2015,Control SRL,,0,0,1
28079,02/25/2015,Control SRL,,1,0,0
23946,02/25/2015,Control SRL,,1,0,0
1200000075,02/25/2015,Control SRL,,1,0,0
28080,02/25/2015,Control SRL,,1,0,0
9103000025,02/25/2015,Control SRL,,0,0,1
1200000076,02/25/2015,Control SRL,,1,0,0
23947,02/25/2015,Control SRL,,1,0,0
9103000026,02/25/2015,Control SRL,,0,0,1
23948,02/25/2015,Control SRL,,1,0,0
23949,02/25/2015,Control SRL,,1,0,0
28081,02/25/2015,Control SRL,,1,0,0
9101000011,02/24/2015,Asociación de Bomberos Voluntarios - San Martín de los Andes,,0,0,1
26780,02/24/2015,Asociación de Bomberos Voluntarios - San Martín de los Andes,,1,0,0
26781,02/24/2015,Asociación de Bomberos Voluntarios - San Martín de los Andes,,1,0,0
26782,02/24/2015,Asociación de Bomberos Voluntarios - San Martín de los Andes,,1,0,0
26783,02/24/2015,Asociación de Bomberos Voluntarios - San Martín de los Andes,,1,0,0
26784,02/24/2015,Asociación de Bomberos Voluntarios - San Martín de los Andes,,1,0,0
26785,02/24/2015,Asociación de Bomberos Voluntarios - San Martín de los Andes,,1,0,0
26786,02/24/2015,Asociación de Bomberos Voluntarios - San Martín de los Andes,,1,0,0
26787,02/24/2015,Asociación de Bomberos Voluntarios - San Martín de los Andes,,1,0,0
26788,02/24/2015,Asociación de Bomberos Voluntarios - San Martín de los Andes,,1,0,0
9101000012,02/24/2015,Asociación de Bomberos Voluntarios - San Martín de los Andes,,0,0,1
26789,02/24/2015,Asociación de Bomberos Voluntarios - San Martín de los Andes,,1,0,0
26790,02/24/2015,Asociación de Bomberos Voluntarios - San Martín de los Andes,,1,0,0
26791,02/24/2015,Asociación de Bomberos Voluntarios - San Martín de los Andes,,1,0,0
26792,02/25/2015,Asociación de Bomberos Voluntarios - San Martín de los Andes,,1,0,0
9101000013,02/25/2015,Asociación de Bomberos Voluntarios - San Martín de los Andes,,0,0,1
26793,02/25/2015,Asociación de Bomberos Voluntarios - San Martín de los Andes,,1,0,0
26794,02/25/2015,Asociación de Bomberos Voluntarios - San Martín de los Andes,,1,0,0
9101000014,02/25/2015,Asociación de Bomberos Voluntarios - San Martín de los Andes,,0,1,0
26795,02/25/2015,Asociación de Bomberos Voluntarios - San Martín de los Andes,,1,0,0
26796,02/25/2015,Asociación de Bomberos Voluntarios - San Martín de los Andes,,1,0,0
26797,02/25/2015,Asociación de Bomberos Voluntarios - San Martín de los Andes,,1,0,0
1200000104,02/25/2015,Asociación de Bomberos Voluntarios - San Martín de los Andes,,1,0,0
9101000015,02/25/2015,Asociación de Bomberos Voluntarios - San Martín de los Andes,,0,1,0
26798,02/25/2015,Asociación de Bomberos Voluntarios - San Martín de los Andes,,1,0,0
9101000016,02/25/2015,Asociación de Bomberos Voluntarios - San Martín de los Andes,,0,1,0
26799,02/25/2015,Asociación de Bomberos Voluntarios - San Martín de los Andes,,1,0,0
26800,02/25/2015,Asociación de Bomberos Voluntarios - San Martín de los Andes,,1,0,0
26801,02/25/2015,Asociación de Bomberos Voluntarios - San Martín de los Andes,,1,0,0
26802,02/25/2015,Asociación de Bomberos Voluntarios - San Martín de los Andes,,1,0,0
26803,02/25/2015,Asociación de Bomberos Voluntarios - San Martín de los Andes,,1,0,0
9201000003,02/25/2015,Asociación de Bomberos Voluntarios - San Martín de los Andes,,0,0,1
9201000004,02/25/2015,Asociación de Bomberos Voluntarios - San Martín de los Andes,,0,1,0
26804,02/25/2015,Asociación de Bomberos Voluntarios - San Martín de los Andes,,1,0,0
9101000017,02/25/2015,Asociación de Bomberos Voluntarios - San Martín de los Andes,,0,0,1
26805,02/25/2015,Asociación de Bomberos Voluntarios - San Martín de los Andes,,1,0,0
26806,02/25/2015,Asociación de Bomberos Voluntarios - San Martín de los Andes,,1,0,0
26807,02/25/2015,Asociación de Bomberos Voluntarios - San Martín de los Andes,,1,0,0
26808,02/25/2015,Asociación de Bomberos Voluntarios - San Martín de los Andes,,1,0,0
1200000105,02/25/2015,Asociación de Bomberos Voluntarios - San Martín de los Andes,,1,0,0
9101000018,02/25/2015,Asociación de Bomberos Voluntarios - San Martín de los Andes,,0,1,0
26809,02/25/2015,Asociación de Bomberos Voluntarios - San Martín de los Andes,,1,0,0
28348,02/24/2015,Veritecnica SRL,,1,0,0
28349,02/24/2015,Veritecnica SRL,,1,0,0
28350,02/24/2015,Veritecnica SRL,,1,0,0
1200000031,02/24/2015,Veritecnica SRL,,1,0,0
9102000202,02/24/2015,Veritecnica SRL,,0,0,1
28351,02/24/2015,Veritecnica SRL,,1,0,0
23962,02/24/2015,Veritecnica SRL,,1,0,0
28352,02/24/2015,Veritecnica SRL,,1,0,0
1200000032,02/24/2015,Veritecnica SRL,,1,0,0
9202000017,02/24/2015,Veritecnica SRL,,0,0,1
1200000033,02/24/2015,Veritecnica SRL,,1,0,0
23963,02/24/2015,Veritecnica SRL,,1,0,0
23964,02/24/2015,Veritecnica SRL,,1,0,0
28353,02/24/2015,Veritecnica SRL,,1,0,0
23965,02/24/2015,Veritecnica SRL,,1,0,0
1200000034,02/24/2015,Veritecnica SRL,,1,0,0
1200000035,02/24/2015,Veritecnica SRL,,1,0,0
23966,02/24/2015,Veritecnica SRL,,1,0,0
28354,02/24/2015,Veritecnica SRL,,1,0,0
1200000036,02/24/2015,Veritecnica SRL,,1,0,0
1200000037,02/24/2015,Veritecnica SRL,,1,0,0
23967,02/24/2015,Veritecnica SRL,,1,0,0
23968,02/24/2015,Veritecnica SRL,,1,0,0
1200000038,02/24/2015,Veritecnica SRL,,1,0,0
28355,02/24/2015,Veritecnica SRL,,1,0,0
28356,02/24/2015,Veritecnica SRL,,1,0,0
28357,02/24/2015,Veritecnica SRL,,1,0,0
9102000203,02/24/2015,Veritecnica SRL,,0,1,0
23969,02/24/2015,Veritecnica SRL,,1,0,0
9102000204,02/24/2015,Veritecnica SRL,,0,1,0
28358,02/24/2015,Veritecnica SRL,,1,0,0
1200000039,02/24/2015,Veritecnica SRL,,1,0,0
28359,02/24/2015,Veritecnica SRL,,1,0,0
28360,02/24/2015,Veritecnica SRL,,1,0,0
28361,02/24/2015,Veritecnica SRL,,1,0,0
28362,02/24/2015,Veritecnica SRL,,1,0,0
23970,02/24/2015,Veritecnica SRL,,1,0,0
1200000040,02/24/2015,Veritecnica SRL,,1,0,0
1200000041,02/24/2015,Veritecnica SRL,,1,0,0
28363,02/24/2015,Veritecnica SRL,,1,0,0
23971,02/24/2015,Veritecnica SRL,,1,0,0
28364,02/24/2015,Veritecnica SRL,,1,0,0
9102000205,02/24/2015,Veritecnica SRL,,0,0,1
28365,02/24/2015,Veritecnica SRL,,1,0,0
28366,02/24/2015,Veritecnica SRL,,1,0,0
28367,02/24/2015,Veritecnica SRL,,1,0,0
9102000206,02/24/2015,Veritecnica SRL,,0,0,1
23972,02/24/2015,Veritecnica SRL,,1,0,0
28368,02/24/2015,Veritecnica SRL,,1,0,0
9102000207,02/25/2015,Veritecnica SRL,,0,0,1
28369,02/25/2015,Veritecnica SRL,,1,0,0
28370,02/25/2015,Veritecnica SRL,,1,0,0
23973,02/25/2015,Veritecnica SRL,,1,0,0
23974,02/25/2015,Veritecnica SRL,,1,0,0
28371,02/25/2015,Veritecnica SRL,,1,0,0
1200000042,02/25/2015,Veritecnica SRL,,1,0,0
1200000043,02/25/2015,Veritecnica SRL,,1,0,0
1200000044,02/25/2015,Veritecnica SRL,,1,0,0
9102000208,02/25/2015,Veritecnica SRL,,0,1,0
23975,02/25/2015,Veritecnica SRL,,1,0,0
28372,02/25/2015,Veritecnica SRL,,1,0,0
1200000045,02/25/2015,Veritecnica SRL,,1,0,0
9102000209,02/25/2015,Veritecnica SRL,,0,0,1
9202000018,02/25/2015,Veritecnica SRL,,0,0,1
28373,02/25/2015,Veritecnica SRL,,1,0,0
9102000210,02/25/2015,Veritecnica SRL,,0,0,1
23976,02/25/2015,Veritecnica SRL,,1,0,0
28374,02/25/2015,Veritecnica SRL,,1,0,0
23977,02/25/2015,Veritecnica SRL,,1,0,0
23978,02/25/2015,Veritecnica SRL,,1,0,0
28375,02/25/2015,Veritecnica SRL,,1,0,0
1200000046,02/25/2015,Veritecnica SRL,,1,0,0
23979,02/25/2015,Veritecnica SRL,,1,0,0
28376,02/25/2015,Veritecnica SRL,,1,0,0
28377,02/25/2015,Veritecnica SRL,,1,0,0
28378,02/25/2015,Veritecnica SRL,,1,0,0
23980,02/25/2015,Veritecnica SRL,,1,0,0
23981,02/25/2015,Veritecnica SRL,,1,0,0
9202000019,02/25/2015,Veritecnica SRL,,0,0,1
1200000047,02/25/2015,Veritecnica SRL,,1,0,0
23982,02/25/2015,Veritecnica SRL,,1,0,0
1200000048,02/25/2015,Veritecnica SRL,,1,0,0
23983,02/25/2015,Veritecnica SRL,,1,0,0
28379,02/25/2015,Veritecnica SRL,,1,0,0
28380,02/25/2015,Veritecnica SRL,,1,0,0
9102000211,02/25/2015,Veritecnica SRL,,0,0,1
1200000049,02/25/2015,Veritecnica SRL,,1,0,0
1200000050,02/25/2015,Veritecnica SRL,,1,0,0
28381,02/25/2015,Veritecnica SRL,,1,0,0
9202000020,02/25/2015,Veritecnica SRL,,0,0,1
1200000151,02/25/2015,Veritecnica SRL,,1,0,0
23984,02/25/2015,Veritecnica SRL,,1,0,0
23985,02/25/2015,Veritecnica SRL,,1,0,0
1200000152,02/25/2015,Veritecnica SRL,,1,0,0
1200000153,02/25/2015,Veritecnica SRL,,1,0,0
28382,02/25/2015,Veritecnica SRL,,1,0,0
1200000154,02/25/2015,Veritecnica SRL,,1,0,0
9202000021,02/25/2015,Veritecnica SRL,,0,0,1
1200000155,02/25/2015,Veritecnica SRL,,1,0,0
28383,02/25/2015,Veritecnica SRL,,1,0,0
1200000156,02/25/2015,Veritecnica SRL,,1,0,0
