Nrocertificado,Fecha,Idtaller,Dominiovehiculo,Aprobado,RechazadoLeveModerado,RechazadoGrave
1200002292,06/18/2015,Control SRL,,1,0,0
1200002293,06/18/2015,Control SRL,,1,0,0
1100002691,06/18/2015,Control SRL,,1,0,0
9103000219,06/18/2015,Control SRL,,0,0,1
1100002692,06/18/2015,Control SRL,,1,0,0
1100002693,06/18/2015,Control SRL,,1,0,0
1100002694,06/18/2015,Control SRL,,1,0,0
1100002695,06/18/2015,Control SRL,,1,0,0
9103000220,06/18/2015,Control SRL,,0,0,1
1100002696,06/18/2015,Control SRL,,1,0,0
1100002697,06/18/2015,Control SRL,,1,0,0
9103000221,06/18/2015,Control SRL,,0,0,1
9103000222,06/18/2015,Control SRL,,0,0,1
9103000223,06/18/2015,Control SRL,,0,0,1
1100002698,06/18/2015,Control SRL,,1,0,0
9103000224,06/18/2015,Control SRL,,0,0,1
1100002699,06/18/2015,Control SRL,,1,0,0
1100002700,06/18/2015,Control SRL,,1,0,0
1100002701,06/18/2015,Control SRL,,1,0,0
1100002702,06/18/2015,Control SRL,,1,0,0
1100002703,06/18/2015,Control SRL,,1,0,0
1200002294,06/19/2015,Control SRL,,1,0,0
1100002704,06/19/2015,Control SRL,,1,0,0
9103000225,06/19/2015,Control SRL,,0,0,1
9203000082,06/19/2015,Control SRL,,0,0,1
1100002705,06/19/2015,Control SRL,,1,0,0
1100002706,06/19/2015,Control SRL,,1,0,0
1100002707,06/19/2015,Control SRL,,1,0,0
1200002295,06/19/2015,Control SRL,,1,0,0
9103000226,06/19/2015,Control SRL,,0,0,1
9103000227,06/19/2015,Control SRL,,0,0,1
1100002708,06/19/2015,Control SRL,,1,0,0
1100002709,06/19/2015,Control SRL,,1,0,0
1100002710,06/19/2015,Control SRL,,1,0,0
1100002711,06/19/2015,Control SRL,,1,0,0
1100002712,06/19/2015,Control SRL,,1,0,0
1100002713,06/19/2015,Control SRL,,1,0,0
1100002714,06/19/2015,Control SRL,,1,0,0
9103000228,06/19/2015,Control SRL,,0,0,1
1100002715,06/19/2015,Control SRL,,1,0,0
1100002716,06/19/2015,Control SRL,,1,0,0
1100002717,06/19/2015,Control SRL,,1,0,0
1100002718,06/19/2015,Control SRL,,1,0,0
9203000083,06/19/2015,Control SRL,,0,1,0
1100002719,06/19/2015,Control SRL,,1,0,0
1100002720,06/19/2015,Control SRL,,1,0,0
1100002721,06/19/2015,Control SRL,,1,0,0
9203000084,06/19/2015,Control SRL,,0,0,1
9203000085,06/19/2015,Control SRL,,0,1,0
1100002722,06/19/2015,Control SRL,,1,0,0
9101000359,06/18/2015,Asociación de Bomberos Voluntarios - San Martín de los Andes,,0,0,1
9201000078,06/18/2015,Asociación de Bomberos Voluntarios - San Martín de los Andes,,0,0,1
1100002305,06/18/2015,Asociación de Bomberos Voluntarios - San Martín de los Andes,,1,0,0
1100002306,06/18/2015,Asociación de Bomberos Voluntarios - San Martín de los Andes,,1,0,0
1100002307,06/18/2015,Asociación de Bomberos Voluntarios - San Martín de los Andes,,1,0,0
1100002308,06/18/2015,Asociación de Bomberos Voluntarios - San Martín de los Andes,,1,0,0
9101000360,06/18/2015,Asociación de Bomberos Voluntarios - San Martín de los Andes,,0,1,0
1100002309,06/18/2015,Asociación de Bomberos Voluntarios - San Martín de los Andes,,1,0,0
1100002310,06/18/2015,Asociación de Bomberos Voluntarios - San Martín de los Andes,,1,0,0
1100002311,06/19/2015,Asociación de Bomberos Voluntarios - San Martín de los Andes,,1,0,0
1100002312,06/19/2015,Asociación de Bomberos Voluntarios - San Martín de los Andes,,1,0,0
1100002313,06/19/2015,Asociación de Bomberos Voluntarios - San Martín de los Andes,,1,0,0
9101000361,06/19/2015,Asociación de Bomberos Voluntarios - San Martín de los Andes,,0,1,0
1100002314,06/19/2015,Asociación de Bomberos Voluntarios - San Martín de los Andes,,1,0,0
1100002315,06/19/2015,Asociación de Bomberos Voluntarios - San Martín de los Andes,,1,0,0
1100002316,06/19/2015,Asociación de Bomberos Voluntarios - San Martín de los Andes,,1,0,0
1100002317,06/19/2015,Asociación de Bomberos Voluntarios - San Martín de los Andes,,1,0,0
1100002318,06/19/2015,Asociación de Bomberos Voluntarios - San Martín de los Andes,,1,0,0
9101000362,06/19/2015,Asociación de Bomberos Voluntarios - San Martín de los Andes,,0,0,1
1100002319,06/19/2015,Asociación de Bomberos Voluntarios - San Martín de los Andes,,1,0,0
1100002320,06/19/2015,Asociación de Bomberos Voluntarios - San Martín de los Andes,,1,0,0
1200001843,06/18/2015,Veritecnica SRL,,1,0,0
9102000768,06/18/2015,Veritecnica SRL,,0,1,0
1200001844,06/18/2015,Veritecnica SRL,,1,0,0
1200001845,06/18/2015,Veritecnica SRL,,1,0,0
1200001846,06/18/2015,Veritecnica SRL,,1,0,0
1100003372,06/18/2015,Veritecnica SRL,,1,0,0
9102000769,06/18/2015,Veritecnica SRL,,0,1,0
1200001847,06/18/2015,Veritecnica SRL,,1,0,0
1100003373,06/18/2015,Veritecnica SRL,,1,0,0
9102000770,06/18/2015,Veritecnica SRL,,0,0,1
1100003374,06/18/2015,Veritecnica SRL,,1,0,0
9202000173,06/18/2015,Veritecnica SRL,,0,0,1
1100003375,06/18/2015,Veritecnica SRL,,1,0,0
1100003376,06/18/2015,Veritecnica SRL,,1,0,0
1100003377,06/18/2015,Veritecnica SRL,,1,0,0
1100003378,06/18/2015,Veritecnica SRL,,1,0,0
1100003379,06/18/2015,Veritecnica SRL,,1,0,0
1100003380,06/18/2015,Veritecnica SRL,,1,0,0
1200001848,06/18/2015,Veritecnica SRL,,1,0,0
1200001849,06/18/2015,Veritecnica SRL,,1,0,0
1200001850,06/18/2015,Veritecnica SRL,,1,0,0
1200001851,06/18/2015,Veritecnica SRL,,1,0,0
1200001852,06/18/2015,Veritecnica SRL,,1,0,0
1200001853,06/18/2015,Veritecnica SRL,,1,0,0
1100003381,06/18/2015,Veritecnica SRL,,1,0,0
1100003382,06/18/2015,Veritecnica SRL,,1,0,0
1100003383,06/18/2015,Veritecnica SRL,,1,0,0
1200001854,06/18/2015,Veritecnica SRL,,1,0,0
1200001855,06/18/2015,Veritecnica SRL,,1,0,0
1200001856,06/18/2015,Veritecnica SRL,,1,0,0
1100003385,06/18/2015,Veritecnica SRL,,1,0,0
1100003384,06/18/2015,Veritecnica SRL,,1,0,0
1100003386,06/18/2015,Veritecnica SRL,,1,0,0
9102000771,06/18/2015,Veritecnica SRL,,0,1,0
1100003387,06/18/2015,Veritecnica SRL,,1,0,0
1100003388,06/18/2015,Veritecnica SRL,,1,0,0
1100003389,06/18/2015,Veritecnica SRL,,1,0,0
1100003390,06/18/2015,Veritecnica SRL,,1,0,0
1100003391,06/18/2015,Veritecnica SRL,,1,0,0
1100003392,06/18/2015,Veritecnica SRL,,1,0,0
1200001857,06/18/2015,Veritecnica SRL,,1,0,0
1100003393,06/19/2015,Veritecnica SRL,,1,0,0
1100003394,06/19/2015,Veritecnica SRL,,1,0,0
1100003395,06/19/2015,Veritecnica SRL,,1,0,0
1100003396,06/19/2015,Veritecnica SRL,,1,0,0
1200001858,06/19/2015,Veritecnica SRL,,1,0,0
1200001859,06/19/2015,Veritecnica SRL,,1,0,0
1100003397,06/19/2015,Veritecnica SRL,,1,0,0
1200001860,06/19/2015,Veritecnica SRL,,1,0,0
1100003398,06/19/2015,Veritecnica SRL,,1,0,0
1200001861,06/19/2015,Veritecnica SRL,,1,0,0
1100003399,06/19/2015,Veritecnica SRL,,1,0,0
1200001862,06/19/2015,Veritecnica SRL,,1,0,0
1200001863,06/19/2015,Veritecnica SRL,,1,0,0
1200001864,06/19/2015,Veritecnica SRL,,1,0,0
1200001865,06/19/2015,Veritecnica SRL,,1,0,0
1100003400,06/19/2015,Veritecnica SRL,,1,0,0
1200001866,06/19/2015,Veritecnica SRL,,1,0,0
1100003401,06/19/2015,Veritecnica SRL,,1,0,0
1200001867,06/19/2015,Veritecnica SRL,,1,0,0
1200001868,06/19/2015,Veritecnica SRL,,1,0,0
1200001869,06/19/2015,Veritecnica SRL,,1,0,0
1200001870,06/19/2015,Veritecnica SRL,,1,0,0
9102000772,06/19/2015,Veritecnica SRL,,0,0,1
1100003402,06/19/2015,Veritecnica SRL,,1,0,0
9102000773,06/19/2015,Veritecnica SRL,,0,1,0
