Nrocertificado,Fecha,Idtaller,Dominiovehiculo,Aprobado,RechazadoLeveModerado,RechazadoGrave
9103000197,05/28/2015,Control SRL,,0,0,1
1100001667,05/28/2015,Control SRL,,1,0,0
1200002079,05/28/2015,Control SRL,,1,0,0
1100001668,05/28/2015,Control SRL,,1,0,0
9203000071,05/28/2015,Control SRL,,0,1,0
9203000072,05/28/2015,Control SRL,,0,1,0
1100001669,05/28/2015,Control SRL,,1,0,0
1100001670,05/28/2015,Control SRL,,1,0,0
1100001671,05/28/2015,Control SRL,,1,0,0
1100001672,05/28/2015,Control SRL,,1,0,0
1200002091,05/29/2015,Control SRL,,1,0,0
9103000198,05/29/2015,Control SRL,,0,0,1
1200002092,05/29/2015,Control SRL,,1,0,0
1200002093,05/29/2015,Control SRL,,1,0,0
1200002094,05/29/2015,Control SRL,,1,0,0
1200002080,05/29/2015,Control SRL,,1,0,0
1100001673,05/29/2015,Control SRL,,1,0,0
1100001674,05/29/2015,Control SRL,,1,0,0
1200002081,05/29/2015,Control SRL,,1,0,0
1200002095,05/29/2015,Control SRL,,1,0,0
1100001675,05/29/2015,Control SRL,,1,0,0
1200002082,05/29/2015,Control SRL,,1,0,0
1200002083,05/29/2015,Control SRL,,1,0,0
9203000073,05/29/2015,Control SRL,,0,1,0
1100001676,05/29/2015,Control SRL,,1,0,0
1100001677,05/29/2015,Control SRL,,1,0,0
1100001678,05/29/2015,Control SRL,,1,0,0
1100002158,05/28/2015,Asociación de Bomberos Voluntarios - San Martín de los Andes,,1,0,0
9101000307,05/28/2015,Asociación de Bomberos Voluntarios - San Martín de los Andes,,0,0,1
1200000520,05/28/2015,Asociación de Bomberos Voluntarios - San Martín de los Andes,,1,0,0
1100002159,05/28/2015,Asociación de Bomberos Voluntarios - San Martín de los Andes,,1,0,0
1100002160,05/28/2015,Asociación de Bomberos Voluntarios - San Martín de los Andes,,1,0,0
1100002161,05/28/2015,Asociación de Bomberos Voluntarios - San Martín de los Andes,,1,0,0
1100002162,05/28/2015,Asociación de Bomberos Voluntarios - San Martín de los Andes,,1,0,0
1100002163,05/28/2015,Asociación de Bomberos Voluntarios - San Martín de los Andes,,1,0,0
1100002164,05/28/2015,Asociación de Bomberos Voluntarios - San Martín de los Andes,,1,0,0
9101000308,05/28/2015,Asociación de Bomberos Voluntarios - San Martín de los Andes,,0,1,0
1100002165,05/29/2015,Asociación de Bomberos Voluntarios - San Martín de los Andes,,1,0,0
1100002166,05/29/2015,Asociación de Bomberos Voluntarios - San Martín de los Andes,,1,0,0
1100002167,05/29/2015,Asociación de Bomberos Voluntarios - San Martín de los Andes,,1,0,0
9101000309,05/29/2015,Asociación de Bomberos Voluntarios - San Martín de los Andes,,0,1,0
1200000521,05/29/2015,Asociación de Bomberos Voluntarios - San Martín de los Andes,,1,0,0
1100002168,05/29/2015,Asociación de Bomberos Voluntarios - San Martín de los Andes,,1,0,0
9101000310,05/29/2015,Asociación de Bomberos Voluntarios - San Martín de los Andes,,0,1,0
1100002169,05/29/2015,Asociación de Bomberos Voluntarios - San Martín de los Andes,,1,0,0
1100002170,05/29/2015,Asociación de Bomberos Voluntarios - San Martín de los Andes,,1,0,0
9101000311,05/29/2015,Asociación de Bomberos Voluntarios - San Martín de los Andes,,0,0,1
9101000312,05/29/2015,Asociación de Bomberos Voluntarios - San Martín de los Andes,,0,0,1
1100002171,05/29/2015,Asociación de Bomberos Voluntarios - San Martín de los Andes,,1,0,0
1100002068,05/28/2015,Veritecnica SRL,,1,0,0
1100002069,05/28/2015,Veritecnica SRL,,1,0,0
1100002070,05/28/2015,Veritecnica SRL,,1,0,0
1100002071,05/28/2015,Veritecnica SRL,,1,0,0
1100002072,05/28/2015,Veritecnica SRL,,1,0,0
1100002073,05/28/2015,Veritecnica SRL,,1,0,0
1100002074,05/28/2015,Veritecnica SRL,,1,0,0
1200001694,05/28/2015,Veritecnica SRL,,1,0,0
1100002075,05/28/2015,Veritecnica SRL,,1,0,0
1100002076,05/28/2015,Veritecnica SRL,,1,0,0
9202000150,05/28/2015,Veritecnica SRL,,0,0,1
1200001695,05/28/2015,Veritecnica SRL,,1,0,0
9102000663,05/28/2015,Veritecnica SRL,,0,0,1
9102000664,05/28/2015,Veritecnica SRL,,0,0,1
1100002077,05/28/2015,Veritecnica SRL,,1,0,0
1200001696,05/28/2015,Veritecnica SRL,,1,0,0
1200001697,05/28/2015,Veritecnica SRL,,1,0,0
1100002078,05/28/2015,Veritecnica SRL,,1,0,0
1100002079,05/28/2015,Veritecnica SRL,,1,0,0
1100002080,05/28/2015,Veritecnica SRL,,1,0,0
9102000665,05/28/2015,Veritecnica SRL,,0,0,1
1100002331,05/28/2015,Veritecnica SRL,,1,0,0
1100002332,05/28/2015,Veritecnica SRL,,1,0,0
1100002333,05/28/2015,Veritecnica SRL,,1,0,0
1100002334,05/28/2015,Veritecnica SRL,,1,0,0
1100002335,05/28/2015,Veritecnica SRL,,1,0,0
9202000151,05/28/2015,Veritecnica SRL,,0,0,1
9102000666,05/28/2015,Veritecnica SRL,,0,0,1
9102000667,05/28/2015,Veritecnica SRL,,0,1,0
1100002336,05/28/2015,Veritecnica SRL,,1,0,0
1200001698,05/28/2015,Veritecnica SRL,,1,0,0
9102000668,05/28/2015,Veritecnica SRL,,0,0,1
1100002337,05/29/2015,Veritecnica SRL,,1,0,0
1100002338,05/29/2015,Veritecnica SRL,,1,0,0
1100002339,05/29/2015,Veritecnica SRL,,1,0,0
1100002340,05/29/2015,Veritecnica SRL,,1,0,0
1100002341,05/29/2015,Veritecnica SRL,,1,0,0
1100002342,05/29/2015,Veritecnica SRL,,1,0,0
1100002343,05/29/2015,Veritecnica SRL,,1,0,0
1200001699,05/29/2015,Veritecnica SRL,,1,0,0
1200001700,05/29/2015,Veritecnica SRL,,1,0,0
9102000669,05/29/2015,Veritecnica SRL,,0,0,1
1100002344,05/29/2015,Veritecnica SRL,,1,0,0
1100002345,05/29/2015,Veritecnica SRL,,1,0,0
1200001701,05/29/2015,Veritecnica SRL,,1,0,0
1200001702,05/29/2015,Veritecnica SRL,,1,0,0
1200001703,05/29/2015,Veritecnica SRL,,1,0,0
1200001704,05/29/2015,Veritecnica SRL,,1,0,0
9102000670,05/29/2015,Veritecnica SRL,,0,0,1
9102000671,05/29/2015,Veritecnica SRL,,0,1,0
1100002346,05/29/2015,Veritecnica SRL,,1,0,0
1100002347,05/29/2015,Veritecnica SRL,,1,0,0
1200001705,05/29/2015,Veritecnica SRL,,1,0,0
1200001706,05/29/2015,Veritecnica SRL,,1,0,0
9202000152,05/29/2015,Veritecnica SRL,,0,0,1
9102000672,05/29/2015,Veritecnica SRL,,0,0,1
1100002348,05/29/2015,Veritecnica SRL,,1,0,0
1200001707,05/29/2015,Veritecnica SRL,,1,0,0
9102000673,05/29/2015,Veritecnica SRL,,0,0,1
1200001708,05/29/2015,Veritecnica SRL,,1,0,0
1100002349,05/29/2015,Veritecnica SRL,,1,0,0
1200001709,05/29/2015,Veritecnica SRL,,1,0,0
