Nrocertificado,Fecha,Idtaller,Dominiovehiculo,Aprobado,RechazadoLeveModerado,RechazadoGrave
1100002607,06/10/2015,Control SRL,,1,0,0
1100002608,06/10/2015,Control SRL,,1,0,0
1100002609,06/10/2015,Control SRL,,1,0,0
9103000209,06/10/2015,Control SRL,,0,0,1
1100002610,06/10/2015,Control SRL,,1,0,0
1100002611,06/10/2015,Control SRL,,1,0,0
1200002232,06/10/2015,Control SRL,,1,0,0
1100002612,06/10/2015,Control SRL,,1,0,0
1100002613,06/10/2015,Control SRL,,1,0,0
1200002233,06/10/2015,Control SRL,,1,0,0
1200002234,06/10/2015,Control SRL,,1,0,0
1200002235,06/10/2015,Control SRL,,1,0,0
1100002614,06/10/2015,Control SRL,,1,0,0
1100002615,06/10/2015,Control SRL,,1,0,0
1100002616,06/10/2015,Control SRL,,1,0,0
1100002617,06/10/2015,Control SRL,,1,0,0
1200002236,06/10/2015,Control SRL,,1,0,0
1200002237,06/10/2015,Control SRL,,1,0,0
9103000210,06/10/2015,Control SRL,,0,1,0
1200002238,06/10/2015,Control SRL,,1,0,0
1200002239,06/10/2015,Control SRL,,1,0,0
1100002618,06/10/2015,Control SRL,,1,0,0
1200002240,06/10/2015,Control SRL,,1,0,0
1100002619,06/10/2015,Control SRL,,1,0,0
9103000211,06/10/2015,Control SRL,,0,1,0
1100002620,06/10/2015,Control SRL,,1,0,0
1100002621,06/10/2015,Control SRL,,1,0,0
1100002622,06/10/2015,Control SRL,,1,0,0
1200002241,06/10/2015,Control SRL,,1,0,0
1100002623,06/10/2015,Control SRL,,1,0,0
1100002624,06/11/2015,Control SRL,,1,0,0
1100002625,06/11/2015,Control SRL,,1,0,0
1100002626,06/11/2015,Control SRL,,1,0,0
1100002627,06/11/2015,Control SRL,,1,0,0
1200002242,06/11/2015,Control SRL,,1,0,0
1200002243,06/11/2015,Control SRL,,1,0,0
1100002628,06/11/2015,Control SRL,,1,0,0
1100002629,06/11/2015,Control SRL,,1,0,0
1100002630,06/11/2015,Control SRL,,1,0,0
1100002631,06/11/2015,Control SRL,,1,0,0
1200002244,06/11/2015,Control SRL,,1,0,0
1100002632,06/11/2015,Control SRL,,1,0,0
9203000078,06/11/2015,Control SRL,,0,1,0
1200002245,06/11/2015,Control SRL,,1,0,0
1100002633,06/11/2015,Control SRL,,1,0,0
1100002634,06/11/2015,Control SRL,,1,0,0
1100002635,06/11/2015,Control SRL,,1,0,0
9103000212,06/11/2015,Control SRL,,0,0,1
1100002636,06/11/2015,Control SRL,,1,0,0
1100002637,06/11/2015,Control SRL,,1,0,0
1200002246,06/11/2015,Control SRL,,1,0,0
1200002247,06/11/2015,Control SRL,,1,0,0
1100002638,06/11/2015,Control SRL,,1,0,0
1100002639,06/11/2015,Control SRL,,1,0,0
1100002640,06/11/2015,Control SRL,,1,0,0
1100003341,06/11/2015,Control SRL,,1,0,0
1100003342,06/11/2015,Control SRL,,1,0,0
9203000079,06/11/2015,Control SRL,,0,1,0
1100002252,06/10/2015,Asociación de Bomberos Voluntarios - San Martín de los Andes,,1,0,0
9101000341,06/10/2015,Asociación de Bomberos Voluntarios - San Martín de los Andes,,0,0,1
1100002253,06/10/2015,Asociación de Bomberos Voluntarios - San Martín de los Andes,,1,0,0
9101000342,06/10/2015,Asociación de Bomberos Voluntarios - San Martín de los Andes,,0,0,1
1100002254,06/10/2015,Asociación de Bomberos Voluntarios - San Martín de los Andes,,1,0,0
1100002255,06/10/2015,Asociación de Bomberos Voluntarios - San Martín de los Andes,,1,0,0
1100002256,06/10/2015,Asociación de Bomberos Voluntarios - San Martín de los Andes,,1,0,0
1100002257,06/10/2015,Asociación de Bomberos Voluntarios - San Martín de los Andes,,1,0,0
1100002258,06/10/2015,Asociación de Bomberos Voluntarios - San Martín de los Andes,,1,0,0
1100002259,06/10/2015,Asociación de Bomberos Voluntarios - San Martín de los Andes,,1,0,0
1100002260,06/10/2015,Asociación de Bomberos Voluntarios - San Martín de los Andes,,1,0,0
1100002261,06/10/2015,Asociación de Bomberos Voluntarios - San Martín de los Andes,,1,0,0
9101000343,06/10/2015,Asociación de Bomberos Voluntarios - San Martín de los Andes,,0,1,0
1100002262,06/10/2015,Asociación de Bomberos Voluntarios - San Martín de los Andes,,1,0,0
9101000344,06/10/2015,Asociación de Bomberos Voluntarios - San Martín de los Andes,,0,1,0
1100002263,06/10/2015,Asociación de Bomberos Voluntarios - San Martín de los Andes,,1,0,0
1100002264,06/10/2015,Asociación de Bomberos Voluntarios - San Martín de los Andes,,1,0,0
1100002265,06/10/2015,Asociación de Bomberos Voluntarios - San Martín de los Andes,,1,0,0
1100002266,06/10/2015,Asociación de Bomberos Voluntarios - San Martín de los Andes,,1,0,0
1200000533,06/10/2015,Asociación de Bomberos Voluntarios - San Martín de los Andes,,1,0,0
1100002267,06/10/2015,Asociación de Bomberos Voluntarios - San Martín de los Andes,,1,0,0
9101000345,06/10/2015,Asociación de Bomberos Voluntarios - San Martín de los Andes,,0,0,1
9101000346,06/11/2015,Asociación de Bomberos Voluntarios - San Martín de los Andes,,0,1,0
1100002268,06/11/2015,Asociación de Bomberos Voluntarios - San Martín de los Andes,,1,0,0
9101000347,06/11/2015,Asociación de Bomberos Voluntarios - San Martín de los Andes,,0,0,1
1200000534,06/11/2015,Asociación de Bomberos Voluntarios - San Martín de los Andes,,1,0,0
9101000348,06/11/2015,Asociación de Bomberos Voluntarios - San Martín de los Andes,,0,1,0
9201000066,06/11/2015,Asociación de Bomberos Voluntarios - San Martín de los Andes,,0,0,1
1100002269,06/11/2015,Asociación de Bomberos Voluntarios - San Martín de los Andes,,1,0,0
9201000067,06/11/2015,Asociación de Bomberos Voluntarios - San Martín de los Andes,,0,0,1
1100002270,06/11/2015,Asociación de Bomberos Voluntarios - San Martín de los Andes,,1,0,0
1100002271,06/11/2015,Asociación de Bomberos Voluntarios - San Martín de los Andes,,1,0,0
1100002272,06/11/2015,Asociación de Bomberos Voluntarios - San Martín de los Andes,,1,0,0
9201000068,06/11/2015,Asociación de Bomberos Voluntarios - San Martín de los Andes,,0,0,1
9101000349,06/11/2015,Asociación de Bomberos Voluntarios - San Martín de los Andes,,0,1,0
1100002483,06/10/2015,Veritecnica SRL,,1,0,0
1100002484,06/10/2015,Veritecnica SRL,,1,0,0
9102000723,06/10/2015,Veritecnica SRL,,0,0,1
1200001785,06/10/2015,Veritecnica SRL,,1,0,0
1100002485,06/10/2015,Veritecnica SRL,,1,0,0
1100002486,06/10/2015,Veritecnica SRL,,1,0,0
1200001786,06/10/2015,Veritecnica SRL,,1,0,0
1100002487,06/10/2015,Veritecnica SRL,,1,0,0
1100002488,06/10/2015,Veritecnica SRL,,1,0,0
1100002489,06/10/2015,Veritecnica SRL,,1,0,0
1100002490,06/10/2015,Veritecnica SRL,,1,0,0
1200001787,06/10/2015,Veritecnica SRL,,1,0,0
1200001788,06/10/2015,Veritecnica SRL,,1,0,0
1200001789,06/10/2015,Veritecnica SRL,,1,0,0
1200001790,06/10/2015,Veritecnica SRL,,1,0,0
1200001791,06/10/2015,Veritecnica SRL,,1,0,0
1200001792,06/10/2015,Veritecnica SRL,,1,0,0
1100002491,06/10/2015,Veritecnica SRL,,1,0,0
1100002492,06/10/2015,Veritecnica SRL,,1,0,0
1100002493,06/10/2015,Veritecnica SRL,,1,0,0
1100002494,06/10/2015,Veritecnica SRL,,1,0,0
1100002495,06/10/2015,Veritecnica SRL,,1,0,0
9202000165,06/10/2015,Veritecnica SRL,,0,0,1
1200001793,06/10/2015,Veritecnica SRL,,1,0,0
9102000724,06/10/2015,Veritecnica SRL,,0,1,0
9102000725,06/10/2015,Veritecnica SRL,,0,1,0
9202000166,06/10/2015,Veritecnica SRL,,0,0,1
9102000726,06/10/2015,Veritecnica SRL,,0,1,0
1100002496,06/10/2015,Veritecnica SRL,,1,0,0
9102000727,06/10/2015,Veritecnica SRL,,0,0,1
1100002497,06/10/2015,Veritecnica SRL,,1,0,0
9102000728,06/10/2015,Veritecnica SRL,,0,1,0
1100002498,06/10/2015,Veritecnica SRL,,1,0,0
1100002499,06/10/2015,Veritecnica SRL,,1,0,0
9202000167,06/10/2015,Veritecnica SRL,,0,0,1
1100002500,06/10/2015,Veritecnica SRL,,1,0,0
1200001794,06/10/2015,Veritecnica SRL,,1,0,0
1100002501,06/10/2015,Veritecnica SRL,,1,0,0
1200001795,06/10/2015,Veritecnica SRL,,1,0,0
1200001796,06/10/2015,Veritecnica SRL,,1,0,0
1200001797,06/10/2015,Veritecnica SRL,,1,0,0
1100002502,06/10/2015,Veritecnica SRL,,1,0,0
1100002503,06/11/2015,Veritecnica SRL,,1,0,0
9102000729,06/11/2015,Veritecnica SRL,,0,1,0
1200001798,06/11/2015,Veritecnica SRL,,1,0,0
1100002504,06/11/2015,Veritecnica SRL,,1,0,0
1200001799,06/11/2015,Veritecnica SRL,,1,0,0
1100002505,06/11/2015,Veritecnica SRL,,1,0,0
9102000730,06/11/2015,Veritecnica SRL,,0,0,1
1200001800,06/11/2015,Veritecnica SRL,,1,0,0
1100002506,06/11/2015,Veritecnica SRL,,1,0,0
9102000731,06/11/2015,Veritecnica SRL,,0,0,1
1200001801,06/11/2015,Veritecnica SRL,,1,0,0
1100002507,06/11/2015,Veritecnica SRL,,1,0,0
1200001802,06/11/2015,Veritecnica SRL,,1,0,0
1100002508,06/11/2015,Veritecnica SRL,,1,0,0
1200001803,06/11/2015,Veritecnica SRL,,1,0,0
9202000168,06/11/2015,Veritecnica SRL,,0,0,1
1100002509,06/11/2015,Veritecnica SRL,,1,0,0
1100002510,06/11/2015,Veritecnica SRL,,1,0,0
1200001804,06/11/2015,Veritecnica SRL,,1,0,0
1200001805,06/11/2015,Veritecnica SRL,,1,0,0
1200001806,06/11/2015,Veritecnica SRL,,1,0,0
1100002511,06/11/2015,Veritecnica SRL,,1,0,0
1100002512,06/11/2015,Veritecnica SRL,,1,0,0
9102000732,06/11/2015,Veritecnica SRL,,0,0,1
9102000733,06/11/2015,Veritecnica SRL,,0,0,1
1200001807,06/11/2015,Veritecnica SRL,,1,0,0
1200001808,06/11/2015,Veritecnica SRL,,1,0,0
1200001809,06/11/2015,Veritecnica SRL,,1,0,0
1100002513,06/11/2015,Veritecnica SRL,,1,0,0
