Nrocertificado,Fecha,Idtaller,Dominiovehiculo,Aprobado,RechazadoLeveModerado,RechazadoGrave
1200002294,06/19/2015,Control SRL,,1,0,0
1100002704,06/19/2015,Control SRL,,1,0,0
9103000225,06/19/2015,Control SRL,,0,0,1
9203000082,06/19/2015,Control SRL,,0,0,1
1100002705,06/19/2015,Control SRL,,1,0,0
1100002706,06/19/2015,Control SRL,,1,0,0
1100002707,06/19/2015,Control SRL,,1,0,0
1200002295,06/19/2015,Control SRL,,1,0,0
9103000226,06/19/2015,Control SRL,,0,0,1
9103000227,06/19/2015,Control SRL,,0,0,1
1100002708,06/19/2015,Control SRL,,1,0,0
1100002709,06/19/2015,Control SRL,,1,0,0
1100002710,06/19/2015,Control SRL,,1,0,0
1100002711,06/19/2015,Control SRL,,1,0,0
1100002712,06/19/2015,Control SRL,,1,0,0
1100002713,06/19/2015,Control SRL,,1,0,0
1100002714,06/19/2015,Control SRL,,1,0,0
9103000228,06/19/2015,Control SRL,,0,0,1
1100002715,06/19/2015,Control SRL,,1,0,0
1100002716,06/19/2015,Control SRL,,1,0,0
1100002717,06/19/2015,Control SRL,,1,0,0
1100002718,06/19/2015,Control SRL,,1,0,0
9203000083,06/19/2015,Control SRL,,0,1,0
1100002719,06/19/2015,Control SRL,,1,0,0
1100002720,06/19/2015,Control SRL,,1,0,0
1100002721,06/19/2015,Control SRL,,1,0,0
9203000084,06/19/2015,Control SRL,,0,0,1
9203000085,06/19/2015,Control SRL,,0,1,0
1100002722,06/19/2015,Control SRL,,1,0,0
1100002311,06/19/2015,Asociación de Bomberos Voluntarios - San Martín de los Andes,,1,0,0
1100002312,06/19/2015,Asociación de Bomberos Voluntarios - San Martín de los Andes,,1,0,0
1100002313,06/19/2015,Asociación de Bomberos Voluntarios - San Martín de los Andes,,1,0,0
9101000361,06/19/2015,Asociación de Bomberos Voluntarios - San Martín de los Andes,,0,1,0
1100002314,06/19/2015,Asociación de Bomberos Voluntarios - San Martín de los Andes,,1,0,0
1100002315,06/19/2015,Asociación de Bomberos Voluntarios - San Martín de los Andes,,1,0,0
1100002316,06/19/2015,Asociación de Bomberos Voluntarios - San Martín de los Andes,,1,0,0
1100002317,06/19/2015,Asociación de Bomberos Voluntarios - San Martín de los Andes,,1,0,0
1100002318,06/19/2015,Asociación de Bomberos Voluntarios - San Martín de los Andes,,1,0,0
9101000362,06/19/2015,Asociación de Bomberos Voluntarios - San Martín de los Andes,,0,0,1
1100002319,06/19/2015,Asociación de Bomberos Voluntarios - San Martín de los Andes,,1,0,0
1100002320,06/19/2015,Asociación de Bomberos Voluntarios - San Martín de los Andes,,1,0,0
1100003393,06/19/2015,Veritecnica SRL,,1,0,0
1100003394,06/19/2015,Veritecnica SRL,,1,0,0
1100003395,06/19/2015,Veritecnica SRL,,1,0,0
1100003396,06/19/2015,Veritecnica SRL,,1,0,0
1200001858,06/19/2015,Veritecnica SRL,,1,0,0
1200001859,06/19/2015,Veritecnica SRL,,1,0,0
1100003397,06/19/2015,Veritecnica SRL,,1,0,0
1200001860,06/19/2015,Veritecnica SRL,,1,0,0
1100003398,06/19/2015,Veritecnica SRL,,1,0,0
1200001861,06/19/2015,Veritecnica SRL,,1,0,0
1100003399,06/19/2015,Veritecnica SRL,,1,0,0
1200001862,06/19/2015,Veritecnica SRL,,1,0,0
1200001863,06/19/2015,Veritecnica SRL,,1,0,0
1200001864,06/19/2015,Veritecnica SRL,,1,0,0
1200001865,06/19/2015,Veritecnica SRL,,1,0,0
1100003400,06/19/2015,Veritecnica SRL,,1,0,0
1200001866,06/19/2015,Veritecnica SRL,,1,0,0
1100003401,06/19/2015,Veritecnica SRL,,1,0,0
1200001867,06/19/2015,Veritecnica SRL,,1,0,0
1200001868,06/19/2015,Veritecnica SRL,,1,0,0
1200001869,06/19/2015,Veritecnica SRL,,1,0,0
1200001870,06/19/2015,Veritecnica SRL,,1,0,0
9102000772,06/19/2015,Veritecnica SRL,,0,0,1
1100003402,06/19/2015,Veritecnica SRL,,1,0,0
9102000773,06/19/2015,Veritecnica SRL,,0,1,0
