Nrocertificado,Fecha,Idtaller,Dominiovehiculo,Aprobado,RechazadoLeveModerado,RechazadoGrave
28069,02/25/2015,Control SRL,,1,0,0
9103000023,02/25/2015,Control SRL,,0,1,0
1200000070,02/25/2015,Control SRL,,1,0,0
28070,02/25/2015,Control SRL,,1,0,0
23943,02/25/2015,Control SRL,,1,0,0
1200000071,02/25/2015,Control SRL,,1,0,0
28071,02/25/2015,Control SRL,,1,0,0
28072,02/25/2015,Control SRL,,1,0,0
1200000072,02/25/2015,Control SRL,,1,0,0
28073,02/25/2015,Control SRL,,1,0,0
23944,02/25/2015,Control SRL,,1,0,0
23945,02/25/2015,Control SRL,,1,0,0
28074,02/25/2015,Control SRL,,1,0,0
28075,02/25/2015,Control SRL,,1,0,0
28076,02/25/2015,Control SRL,,1,0,0
1200000073,02/25/2015,Control SRL,,1,0,0
28077,02/25/2015,Control SRL,,1,0,0
1200000074,02/25/2015,Control SRL,,1,0,0
28078,02/25/2015,Control SRL,,1,0,0
9103000024,02/25/2015,Control SRL,,0,0,1
28079,02/25/2015,Control SRL,,1,0,0
23946,02/25/2015,Control SRL,,1,0,0
1200000075,02/25/2015,Control SRL,,1,0,0
28080,02/25/2015,Control SRL,,1,0,0
9103000025,02/25/2015,Control SRL,,0,0,1
1200000076,02/25/2015,Control SRL,,1,0,0
23947,02/25/2015,Control SRL,,1,0,0
9103000026,02/25/2015,Control SRL,,0,0,1
23948,02/25/2015,Control SRL,,1,0,0
23949,02/25/2015,Control SRL,,1,0,0
28081,02/25/2015,Control SRL,,1,0,0
28082,02/26/2015,Control SRL,,1,0,0
9103000027,02/26/2015,Control SRL,,0,0,1
28083,02/26/2015,Control SRL,,1,0,0
28084,02/26/2015,Control SRL,,1,0,0
1200000077,02/26/2015,Control SRL,,1,0,0
9103000028,02/26/2015,Control SRL,,0,1,0
9103000029,02/26/2015,Control SRL,,0,0,1
23950,02/26/2015,Control SRL,,1,0,0
9103000030,02/26/2015,Control SRL,,0,0,1
21901,02/26/2015,Control SRL,,1,0,0
1200000078,02/26/2015,Control SRL,,1,0,0
21902,02/26/2015,Control SRL,,1,0,0
28086,02/26/2015,Control SRL,,1,0,0
28085,02/26/2015,Control SRL,,1,0,0
28087,02/26/2015,Control SRL,,1,0,0
1200000079,02/26/2015,Control SRL,,1,0,0
28088,02/26/2015,Control SRL,,1,0,0
28089,02/26/2015,Control SRL,,1,0,0
1200000080,02/26/2015,Control SRL,,1,0,0
21903,02/26/2015,Control SRL,,1,0,0
28090,02/26/2015,Control SRL,,1,0,0
28091,02/26/2015,Control SRL,,1,0,0
9103000031,02/26/2015,Control SRL,,0,0,1
9103000032,02/26/2015,Control SRL,,0,0,1
21904,02/26/2015,Control SRL,,1,0,0
28092,02/26/2015,Control SRL,,1,0,0
21905,02/26/2015,Control SRL,,1,0,0
26792,02/25/2015,Asociación de Bomberos Voluntarios - San Martín de los Andes,,1,0,0
9101000013,02/25/2015,Asociación de Bomberos Voluntarios - San Martín de los Andes,,0,0,1
26793,02/25/2015,Asociación de Bomberos Voluntarios - San Martín de los Andes,,1,0,0
26794,02/25/2015,Asociación de Bomberos Voluntarios - San Martín de los Andes,,1,0,0
9101000014,02/25/2015,Asociación de Bomberos Voluntarios - San Martín de los Andes,,0,1,0
26795,02/25/2015,Asociación de Bomberos Voluntarios - San Martín de los Andes,,1,0,0
26796,02/25/2015,Asociación de Bomberos Voluntarios - San Martín de los Andes,,1,0,0
26797,02/25/2015,Asociación de Bomberos Voluntarios - San Martín de los Andes,,1,0,0
1200000104,02/25/2015,Asociación de Bomberos Voluntarios - San Martín de los Andes,,1,0,0
9101000015,02/25/2015,Asociación de Bomberos Voluntarios - San Martín de los Andes,,0,1,0
26798,02/25/2015,Asociación de Bomberos Voluntarios - San Martín de los Andes,,1,0,0
9101000016,02/25/2015,Asociación de Bomberos Voluntarios - San Martín de los Andes,,0,1,0
26799,02/25/2015,Asociación de Bomberos Voluntarios - San Martín de los Andes,,1,0,0
26800,02/25/2015,Asociación de Bomberos Voluntarios - San Martín de los Andes,,1,0,0
26801,02/25/2015,Asociación de Bomberos Voluntarios - San Martín de los Andes,,1,0,0
26802,02/25/2015,Asociación de Bomberos Voluntarios - San Martín de los Andes,,1,0,0
26803,02/25/2015,Asociación de Bomberos Voluntarios - San Martín de los Andes,,1,0,0
9201000003,02/25/2015,Asociación de Bomberos Voluntarios - San Martín de los Andes,,0,0,1
9201000004,02/25/2015,Asociación de Bomberos Voluntarios - San Martín de los Andes,,0,1,0
26804,02/25/2015,Asociación de Bomberos Voluntarios - San Martín de los Andes,,1,0,0
9101000017,02/25/2015,Asociación de Bomberos Voluntarios - San Martín de los Andes,,0,0,1
26805,02/25/2015,Asociación de Bomberos Voluntarios - San Martín de los Andes,,1,0,0
26806,02/25/2015,Asociación de Bomberos Voluntarios - San Martín de los Andes,,1,0,0
26807,02/25/2015,Asociación de Bomberos Voluntarios - San Martín de los Andes,,1,0,0
26808,02/25/2015,Asociación de Bomberos Voluntarios - San Martín de los Andes,,1,0,0
1200000105,02/25/2015,Asociación de Bomberos Voluntarios - San Martín de los Andes,,1,0,0
9101000018,02/25/2015,Asociación de Bomberos Voluntarios - San Martín de los Andes,,0,1,0
26809,02/25/2015,Asociación de Bomberos Voluntarios - San Martín de los Andes,,1,0,0
9101000019,02/26/2015,Asociación de Bomberos Voluntarios - San Martín de los Andes,,0,1,0
26810,02/26/2015,Asociación de Bomberos Voluntarios - San Martín de los Andes,,1,0,0
26811,02/26/2015,Asociación de Bomberos Voluntarios - San Martín de los Andes,,1,0,0
26812,02/26/2015,Asociación de Bomberos Voluntarios - San Martín de los Andes,,1,0,0
9101000020,02/26/2015,Asociación de Bomberos Voluntarios - San Martín de los Andes,,0,1,0
26813,02/26/2015,Asociación de Bomberos Voluntarios - San Martín de los Andes,,1,0,0
9101000021,02/26/2015,Asociación de Bomberos Voluntarios - San Martín de los Andes,,0,1,0
26814,02/26/2015,Asociación de Bomberos Voluntarios - San Martín de los Andes,,1,0,0
9101000022,02/26/2015,Asociación de Bomberos Voluntarios - San Martín de los Andes,,0,0,1
21853,02/26/2015,Asociación de Bomberos Voluntarios - San Martín de los Andes,,1,0,0
21854,02/26/2015,Asociación de Bomberos Voluntarios - San Martín de los Andes,,1,0,0
26815,02/26/2015,Asociación de Bomberos Voluntarios - San Martín de los Andes,,1,0,0
9101000023,02/26/2015,Asociación de Bomberos Voluntarios - San Martín de los Andes,,0,1,0
9101000024,02/26/2015,Asociación de Bomberos Voluntarios - San Martín de los Andes,,0,0,1
9101000025,02/26/2015,Asociación de Bomberos Voluntarios - San Martín de los Andes,,0,1,0
1200000106,02/26/2015,Asociación de Bomberos Voluntarios - San Martín de los Andes,,1,0,0
9102000207,02/25/2015,Veritecnica SRL,,0,0,1
28369,02/25/2015,Veritecnica SRL,,1,0,0
28370,02/25/2015,Veritecnica SRL,,1,0,0
23973,02/25/2015,Veritecnica SRL,,1,0,0
23974,02/25/2015,Veritecnica SRL,,1,0,0
28371,02/25/2015,Veritecnica SRL,,1,0,0
1200000042,02/25/2015,Veritecnica SRL,,1,0,0
1200000043,02/25/2015,Veritecnica SRL,,1,0,0
1200000044,02/25/2015,Veritecnica SRL,,1,0,0
9102000208,02/25/2015,Veritecnica SRL,,0,1,0
23975,02/25/2015,Veritecnica SRL,,1,0,0
28372,02/25/2015,Veritecnica SRL,,1,0,0
1200000045,02/25/2015,Veritecnica SRL,,1,0,0
9102000209,02/25/2015,Veritecnica SRL,,0,0,1
9202000018,02/25/2015,Veritecnica SRL,,0,0,1
28373,02/25/2015,Veritecnica SRL,,1,0,0
9102000210,02/25/2015,Veritecnica SRL,,0,0,1
23976,02/25/2015,Veritecnica SRL,,1,0,0
28374,02/25/2015,Veritecnica SRL,,1,0,0
23977,02/25/2015,Veritecnica SRL,,1,0,0
23978,02/25/2015,Veritecnica SRL,,1,0,0
28375,02/25/2015,Veritecnica SRL,,1,0,0
1200000046,02/25/2015,Veritecnica SRL,,1,0,0
23979,02/25/2015,Veritecnica SRL,,1,0,0
28376,02/25/2015,Veritecnica SRL,,1,0,0
28377,02/25/2015,Veritecnica SRL,,1,0,0
28378,02/25/2015,Veritecnica SRL,,1,0,0
23980,02/25/2015,Veritecnica SRL,,1,0,0
23981,02/25/2015,Veritecnica SRL,,1,0,0
9202000019,02/25/2015,Veritecnica SRL,,0,0,1
1200000047,02/25/2015,Veritecnica SRL,,1,0,0
23982,02/25/2015,Veritecnica SRL,,1,0,0
1200000048,02/25/2015,Veritecnica SRL,,1,0,0
23983,02/25/2015,Veritecnica SRL,,1,0,0
28379,02/25/2015,Veritecnica SRL,,1,0,0
28380,02/25/2015,Veritecnica SRL,,1,0,0
9102000211,02/25/2015,Veritecnica SRL,,0,0,1
1200000049,02/25/2015,Veritecnica SRL,,1,0,0
1200000050,02/25/2015,Veritecnica SRL,,1,0,0
28381,02/25/2015,Veritecnica SRL,,1,0,0
9202000020,02/25/2015,Veritecnica SRL,,0,0,1
1200000151,02/25/2015,Veritecnica SRL,,1,0,0
23984,02/25/2015,Veritecnica SRL,,1,0,0
23985,02/25/2015,Veritecnica SRL,,1,0,0
1200000152,02/25/2015,Veritecnica SRL,,1,0,0
1200000153,02/25/2015,Veritecnica SRL,,1,0,0
28382,02/25/2015,Veritecnica SRL,,1,0,0
1200000154,02/25/2015,Veritecnica SRL,,1,0,0
9202000021,02/25/2015,Veritecnica SRL,,0,0,1
1200000155,02/25/2015,Veritecnica SRL,,1,0,0
28383,02/25/2015,Veritecnica SRL,,1,0,0
1200000156,02/25/2015,Veritecnica SRL,,1,0,0
28384,02/26/2015,Veritecnica SRL,,1,0,0
28385,02/26/2015,Veritecnica SRL,,1,0,0
23986,02/26/2015,Veritecnica SRL,,1,0,0
23987,02/26/2015,Veritecnica SRL,,1,0,0
28386,02/26/2015,Veritecnica SRL,,1,0,0
1200000157,02/26/2015,Veritecnica SRL,,1,0,0
28387,02/26/2015,Veritecnica SRL,,1,0,0
1200000158,02/26/2015,Veritecnica SRL,,1,0,0
23988,02/26/2015,Veritecnica SRL,,1,0,0
28388,02/26/2015,Veritecnica SRL,,1,0,0
28389,02/26/2015,Veritecnica SRL,,1,0,0
28390,02/26/2015,Veritecnica SRL,,1,0,0
28391,02/26/2015,Veritecnica SRL,,1,0,0
28392,02/26/2015,Veritecnica SRL,,1,0,0
1200000159,02/26/2015,Veritecnica SRL,,1,0,0
23989,02/26/2015,Veritecnica SRL,,1,0,0
28393,02/26/2015,Veritecnica SRL,,1,0,0
9102000212,02/26/2015,Veritecnica SRL,,0,0,1
1200000160,02/26/2015,Veritecnica SRL,,1,0,0
1200000161,02/26/2015,Veritecnica SRL,,1,0,0
28394,02/26/2015,Veritecnica SRL,,1,0,0
1200000162,02/26/2015,Veritecnica SRL,,1,0,0
9102000213,02/26/2015,Veritecnica SRL,,0,1,0
9102000214,02/26/2015,Veritecnica SRL,,0,0,1
28395,02/26/2015,Veritecnica SRL,,1,0,0
9102000215,02/26/2015,Veritecnica SRL,,0,1,0
28396,02/26/2015,Veritecnica SRL,,1,0,0
23990,02/26/2015,Veritecnica SRL,,1,0,0
9102000216,02/26/2015,Veritecnica SRL,,0,1,0
28397,02/26/2015,Veritecnica SRL,,1,0,0
23991,02/26/2015,Veritecnica SRL,,1,0,0
9102000217,02/26/2015,Veritecnica SRL,,0,1,0
28398,02/26/2015,Veritecnica SRL,,1,0,0
1200000200,02/26/2015,Veritecnica SRL,,1,0,0
9202000022,02/26/2015,Veritecnica SRL,,0,0,1
9202000023,02/26/2015,Veritecnica SRL,,0,0,1
9102000218,02/26/2015,Veritecnica SRL,,0,1,0
28399,02/26/2015,Veritecnica SRL,,1,0,0
28400,02/26/2015,Veritecnica SRL,,1,0,0
9102000219,02/26/2015,Veritecnica SRL,,0,1,0
28401,02/26/2015,Veritecnica SRL,,1,0,0
1200000163,02/26/2015,Veritecnica SRL,,1,0,0
28402,02/26/2015,Veritecnica SRL,,1,0,0
23992,02/26/2015,Veritecnica SRL,,1,0,0
9102000220,02/26/2015,Veritecnica SRL,,0,0,1
23993,02/26/2015,Veritecnica SRL,,1,0,0
28403,02/26/2015,Veritecnica SRL,,1,0,0
23994,02/26/2015,Veritecnica SRL,,1,0,0
28404,02/26/2015,Veritecnica SRL,,1,0,0
23995,02/26/2015,Veritecnica SRL,,1,0,0
1200000164,02/26/2015,Veritecnica SRL,,1,0,0
23996,02/26/2015,Veritecnica SRL,,1,0,0
23997,02/26/2015,Veritecnica SRL,,1,0,0
1200000165,02/26/2015,Veritecnica SRL,,1,0,0
