Nrocertificado,Fecha,Idtaller,Dominiovehiculo,Aprobado,RechazadoLeveModerado,RechazadoGrave
1200002397,08/05/2015,Control SRL,,1,0,0
1100003773,08/05/2015,Control SRL,,1,0,0
1100003774,08/05/2015,Control SRL,,1,0,0
1200002398,08/05/2015,Control SRL,,1,0,0
1200002399,08/05/2015,Control SRL,,1,0,0
1100003775,08/05/2015,Control SRL,,1,0,0
1200002400,08/05/2015,Control SRL,,1,0,0
1200002401,08/05/2015,Control SRL,,1,0,0
1100003776,08/05/2015,Control SRL,,1,0,0
1100003777,08/05/2015,Control SRL,,1,0,0
1200002402,08/05/2015,Control SRL,,1,0,0
1200002403,08/05/2015,Control SRL,,1,0,0
1200002404,08/05/2015,Control SRL,,1,0,0
1100003778,08/05/2015,Control SRL,,1,0,0
1100003779,08/05/2015,Control SRL,,1,0,0
1100003780,08/05/2015,Control SRL,,1,0,0
1100003781,08/05/2015,Control SRL,,1,0,0
1100003782,08/05/2015,Control SRL,,1,0,0
1100003783,08/05/2015,Control SRL,,1,0,0
1200002408,08/06/2015,Control SRL,,1,0,0
1200002409,08/06/2015,Control SRL,,1,0,0
9103000324,08/06/2015,Control SRL,,0,0,1
1100003784,08/06/2015,Control SRL,,1,0,0
1200002410,08/06/2015,Control SRL,,1,0,0
1200002411,08/06/2015,Control SRL,,1,0,0
1200002412,08/06/2015,Control SRL,,1,0,0
1100003786,08/06/2015,Control SRL,,1,0,0
1100003785,08/06/2015,Control SRL,,1,0,0
1100003820,08/06/2015,Control SRL,,1,0,0
1100003819,08/06/2015,Control SRL,,1,0,0
9203000133,08/06/2015,Control SRL,,0,0,1
1100003818,08/06/2015,Control SRL,,1,0,0
1100003817,08/06/2015,Control SRL,,1,0,0
1100003816,08/06/2015,Control SRL,,1,0,0
1200002413,08/06/2015,Control SRL,,1,0,0
9203000134,08/06/2015,Control SRL,,0,0,1
1100003787,08/06/2015,Control SRL,,1,0,0
1200002415,08/06/2015,Control SRL,,1,0,0
1200002416,08/06/2015,Control SRL,,1,0,0
1200002414,08/06/2015,Control SRL,,1,0,0
1200002417,08/06/2015,Control SRL,,1,0,0
9203000135,08/06/2015,Control SRL,,0,1,0
9201000104,08/05/2015,Asociación de Bomberos Voluntarios - San Martín de los Andes,,0,1,0
1100004414,08/05/2015,Asociación de Bomberos Voluntarios - San Martín de los Andes,,1,0,0
1100004415,08/05/2015,Asociación de Bomberos Voluntarios - San Martín de los Andes,,1,0,0
1100004416,08/05/2015,Asociación de Bomberos Voluntarios - San Martín de los Andes,,1,0,0
1100004417,08/05/2015,Asociación de Bomberos Voluntarios - San Martín de los Andes,,1,0,0
9101000453,08/05/2015,Asociación de Bomberos Voluntarios - San Martín de los Andes,,0,1,0
1100004418,08/05/2015,Asociación de Bomberos Voluntarios - San Martín de los Andes,,1,0,0
1100004419,08/05/2015,Asociación de Bomberos Voluntarios - San Martín de los Andes,,1,0,0
1100004420,08/05/2015,Asociación de Bomberos Voluntarios - San Martín de los Andes,,1,0,0
1100004421,08/05/2015,Asociación de Bomberos Voluntarios - San Martín de los Andes,,1,0,0
9101000454,08/05/2015,Asociación de Bomberos Voluntarios - San Martín de los Andes,,0,1,0
9101000455,08/05/2015,Asociación de Bomberos Voluntarios - San Martín de los Andes,,0,1,0
1100004422,08/05/2015,Asociación de Bomberos Voluntarios - San Martín de los Andes,,1,0,0
1100004423,08/05/2015,Asociación de Bomberos Voluntarios - San Martín de los Andes,,1,0,0
1200000911,08/05/2015,Asociación de Bomberos Voluntarios - San Martín de los Andes,,1,0,0
1100004424,08/05/2015,Asociación de Bomberos Voluntarios - San Martín de los Andes,,1,0,0
1100004425,08/05/2015,Asociación de Bomberos Voluntarios - San Martín de los Andes,,1,0,0
1100004426,08/05/2015,Asociación de Bomberos Voluntarios - San Martín de los Andes,,1,0,0
9101000456,08/05/2015,Asociación de Bomberos Voluntarios - San Martín de los Andes,,0,0,1
1100004427,08/06/2015,Asociación de Bomberos Voluntarios - San Martín de los Andes,,1,0,0
1100004428,08/06/2015,Asociación de Bomberos Voluntarios - San Martín de los Andes,,1,0,0
1100004429,08/06/2015,Asociación de Bomberos Voluntarios - San Martín de los Andes,,1,0,0
1100004430,08/06/2015,Asociación de Bomberos Voluntarios - San Martín de los Andes,,1,0,0
9101000457,08/06/2015,Asociación de Bomberos Voluntarios - San Martín de los Andes,,0,1,0
1100004431,08/06/2015,Asociación de Bomberos Voluntarios - San Martín de los Andes,,1,0,0
9101000458,08/06/2015,Asociación de Bomberos Voluntarios - San Martín de los Andes,,0,0,1
1100004710,08/05/2015,Veritecnica SRL,,1,0,0
1100004711,08/05/2015,Veritecnica SRL,,1,0,0
1100004712,08/05/2015,Veritecnica SRL,,1,0,0
1100004713,08/05/2015,Veritecnica SRL,,1,0,0
1100004714,08/05/2015,Veritecnica SRL,,1,0,0
1100004715,08/05/2015,Veritecnica SRL,,1,0,0
1100004716,08/05/2015,Veritecnica SRL,,1,0,0
1100004717,08/05/2015,Veritecnica SRL,,1,0,0
1100004718,08/05/2015,Veritecnica SRL,,1,0,0
9102001095,08/05/2015,Veritecnica SRL,,0,1,0
1100004719,08/05/2015,Veritecnica SRL,,1,0,0
9202000241,08/05/2015,Veritecnica SRL,,0,0,1
1100004720,08/05/2015,Veritecnica SRL,,1,0,0
9102001096,08/05/2015,Veritecnica SRL,,0,0,1
1200002730,08/05/2015,Veritecnica SRL,,1,0,0
1100004721,08/05/2015,Veritecnica SRL,,1,0,0
1100004722,08/05/2015,Veritecnica SRL,,1,0,0
1100004723,08/05/2015,Veritecnica SRL,,1,0,0
1100004724,08/05/2015,Veritecnica SRL,,1,0,0
1100004725,08/05/2015,Veritecnica SRL,,1,0,0
1100004726,08/05/2015,Veritecnica SRL,,1,0,0
1200002731,08/05/2015,Veritecnica SRL,,1,0,0
1100004727,08/05/2015,Veritecnica SRL,,1,0,0
1200002732,08/05/2015,Veritecnica SRL,,1,0,0
1100004728,08/05/2015,Veritecnica SRL,,1,0,0
1200002733,08/05/2015,Veritecnica SRL,,1,0,0
1100004729,08/05/2015,Veritecnica SRL,,1,0,0
1100004730,08/05/2015,Veritecnica SRL,,1,0,0
1200002734,08/05/2015,Veritecnica SRL,,1,0,0
1100004731,08/05/2015,Veritecnica SRL,,1,0,0
1100004732,08/05/2015,Veritecnica SRL,,1,0,0
1100004733,08/05/2015,Veritecnica SRL,,1,0,0
1100004734,08/05/2015,Veritecnica SRL,,1,0,0
9102001097,08/05/2015,Veritecnica SRL,,0,1,0
1200002735,08/05/2015,Veritecnica SRL,,1,0,0
9102001098,08/05/2015,Veritecnica SRL,,0,1,0
9102001099,08/05/2015,Veritecnica SRL,,0,1,0
1200002736,08/05/2015,Veritecnica SRL,,1,0,0
1200002737,08/05/2015,Veritecnica SRL,,1,0,0
1200002738,08/05/2015,Veritecnica SRL,,1,0,0
1100004735,08/05/2015,Veritecnica SRL,,1,0,0
1100004736,08/05/2015,Veritecnica SRL,,1,0,0
9102001100,08/05/2015,Veritecnica SRL,,0,0,1
1100004737,08/05/2015,Veritecnica SRL,,1,0,0
1100004738,08/05/2015,Veritecnica SRL,,1,0,0
1200002739,08/05/2015,Veritecnica SRL,,1,0,0
1200002740,08/05/2015,Veritecnica SRL,,1,0,0
1100004739,08/05/2015,Veritecnica SRL,,1,0,0
1100004740,08/05/2015,Veritecnica SRL,,1,0,0
1100004741,08/06/2015,Veritecnica SRL,,1,0,0
1100004742,08/06/2015,Veritecnica SRL,,1,0,0
1100004743,08/06/2015,Veritecnica SRL,,1,0,0
1100004744,08/06/2015,Veritecnica SRL,,1,0,0
9102001101,08/06/2015,Veritecnica SRL,,0,0,1
1100004745,08/06/2015,Veritecnica SRL,,1,0,0
9102001102,08/06/2015,Veritecnica SRL,,0,0,1
1100004746,08/06/2015,Veritecnica SRL,,1,0,0
1200002741,08/06/2015,Veritecnica SRL,,1,0,0
1100004747,08/06/2015,Veritecnica SRL,,1,0,0
1100004748,08/06/2015,Veritecnica SRL,,1,0,0
1100004749,08/06/2015,Veritecnica SRL,,1,0,0
1100004750,08/06/2015,Veritecnica SRL,,1,0,0
1200002742,08/06/2015,Veritecnica SRL,,1,0,0
9102001103,08/06/2015,Veritecnica SRL,,0,0,1
1100004751,08/06/2015,Veritecnica SRL,,1,0,0
9102001104,08/06/2015,Veritecnica SRL,,0,0,1
9102001105,08/06/2015,Veritecnica SRL,,0,1,0
1100004752,08/06/2015,Veritecnica SRL,,1,0,0
1100004753,08/06/2015,Veritecnica SRL,,1,0,0
1100004754,08/06/2015,Veritecnica SRL,,1,0,0
1100004755,08/06/2015,Veritecnica SRL,,1,0,0
1100004756,08/06/2015,Veritecnica SRL,,1,0,0
1100004757,08/06/2015,Veritecnica SRL,,1,0,0
1100004758,08/06/2015,Veritecnica SRL,,1,0,0
1200002743,08/06/2015,Veritecnica SRL,,1,0,0
1100004759,08/06/2015,Veritecnica SRL,,1,0,0
1100004760,08/06/2015,Veritecnica SRL,,1,0,0
1200002744,08/06/2015,Veritecnica SRL,,1,0,0
1100004761,08/06/2015,Veritecnica SRL,,1,0,0
