Nrocertificado,Fecha,Idtaller,Dominiovehiculo,Aprobado,RechazadoLeveModerado,RechazadoGrave
1100003023,07/18/2015,Asociación de Bomberos Voluntarios - San Martín de los Andes,,1,0,0
1100003024,07/18/2015,Asociación de Bomberos Voluntarios - San Martín de los Andes,,1,0,0
1100004351,07/18/2015,Veritecnica SRL,,1,0,0
1200002589,07/18/2015,Veritecnica SRL,,1,0,0
1100004352,07/18/2015,Veritecnica SRL,,1,0,0
1100004353,07/18/2015,Veritecnica SRL,,1,0,0
1100004354,07/18/2015,Veritecnica SRL,,1,0,0
1100004355,07/18/2015,Veritecnica SRL,,1,0,0
1100004356,07/18/2015,Veritecnica SRL,,1,0,0
1100004357,07/18/2015,Veritecnica SRL,,1,0,0
9102000997,07/18/2015,Veritecnica SRL,,0,1,0
1100004358,07/18/2015,Veritecnica SRL,,1,0,0
1100004359,07/18/2015,Veritecnica SRL,,1,0,0
1200002590,07/18/2015,Veritecnica SRL,,1,0,0
1100004360,07/18/2015,Veritecnica SRL,,1,0,0
1200002611,07/18/2015,Veritecnica SRL,,1,0,0
1100004361,07/18/2015,Veritecnica SRL,,1,0,0
1100004362,07/18/2015,Veritecnica SRL,,1,0,0
1200002612,07/18/2015,Veritecnica SRL,,1,0,0
1200002614,07/18/2015,Veritecnica SRL,,1,0,0
9102000998,07/18/2015,Veritecnica SRL,,0,0,1
9102000999,07/18/2015,Veritecnica SRL,,0,0,1
1100004363,07/18/2015,Veritecnica SRL,,1,0,0
1100004364,07/18/2015,Veritecnica SRL,,1,0,0
1100004365,07/18/2015,Veritecnica SRL,,1,0,0
1100004366,07/18/2015,Veritecnica SRL,,1,0,0
1100004367,07/18/2015,Veritecnica SRL,,1,0,0
