Nrocertificado,Fecha,Idtaller,Dominiovehiculo,Aprobado,RechazadoLeveModerado,RechazadoGrave
1100008242,11/28/2015,Asociación de Bomberos Voluntarios - San Martín de los Andes,,1,0,0
9101000826,11/28/2015,Asociación de Bomberos Voluntarios - San Martín de los Andes,,0,1,0
1100008243,11/28/2015,Asociación de Bomberos Voluntarios - San Martín de los Andes,,1,0,0
1100008244,11/28/2015,Asociación de Bomberos Voluntarios - San Martín de los Andes,,1,0,0
1200002933,11/28/2015,Asociación de Bomberos Voluntarios - San Martín de los Andes,,1,0,0
1100008245,11/28/2015,Asociación de Bomberos Voluntarios - San Martín de los Andes,,1,0,0
1200002934,11/28/2015,Asociación de Bomberos Voluntarios - San Martín de los Andes,,1,0,0
1100008246,11/28/2015,Asociación de Bomberos Voluntarios - San Martín de los Andes,,1,0,0
1100008247,11/28/2015,Asociación de Bomberos Voluntarios - San Martín de los Andes,,1,0,0
1100008248,11/28/2015,Asociación de Bomberos Voluntarios - San Martín de los Andes,,1,0,0
1200002935,11/28/2015,Asociación de Bomberos Voluntarios - San Martín de los Andes,,1,0,0
9101000827,11/28/2015,Asociación de Bomberos Voluntarios - San Martín de los Andes,,0,0,1
1100008697,11/28/2015,Veritecnica SRL,,1,0,0
9102001784,11/28/2015,Veritecnica SRL,,0,0,1
9102001785,11/28/2015,Veritecnica SRL,,0,0,1
9102001786,11/28/2015,Veritecnica SRL,,0,0,1
1100008698,11/28/2015,Veritecnica SRL,,1,0,0
1100008699,11/28/2015,Veritecnica SRL,,1,0,0
1100008700,11/28/2015,Veritecnica SRL,,1,0,0
9202000416,11/28/2015,Veritecnica SRL,,0,0,1
1100008701,11/28/2015,Veritecnica SRL,,1,0,0
9202000417,11/28/2015,Veritecnica SRL,,0,0,1
1100008702,11/28/2015,Veritecnica SRL,,1,0,0
9102001787,11/28/2015,Veritecnica SRL,,0,1,0
1200004554,11/28/2015,Veritecnica SRL,,1,0,0
9102001788,11/28/2015,Veritecnica SRL,,0,0,1
1100008703,11/28/2015,Veritecnica SRL,,1,0,0
1200004555,11/28/2015,Veritecnica SRL,,1,0,0
9102001789,11/28/2015,Veritecnica SRL,,0,0,1
9202000418,11/28/2015,Veritecnica SRL,,0,0,1
1200004556,11/28/2015,Veritecnica SRL,,1,0,0
1100008704,11/28/2015,Veritecnica SRL,,1,0,0
1200004557,11/28/2015,Veritecnica SRL,,1,0,0
9102001790,11/28/2015,Veritecnica SRL,,0,1,0
9102001791,11/28/2015,Veritecnica SRL,,0,0,1
9102001792,11/28/2015,Veritecnica SRL,,0,0,1
1200004558,11/28/2015,Veritecnica SRL,,1,0,0
1200004559,11/28/2015,Veritecnica SRL,,1,0,0
1100008705,11/28/2015,Veritecnica SRL,,1,0,0
1100008706,11/28/2015,Veritecnica SRL,,1,0,0
1200004560,11/28/2015,Veritecnica SRL,,1,0,0
9102001793,11/28/2015,Veritecnica SRL,,0,0,1
1100008707,11/28/2015,Veritecnica SRL,,1,0,0
