Nrocertificado,Fecha,Idtaller,Dominiovehiculo,Aprobado,RechazadoLeveModerado,RechazadoGrave
1200003563,09/14/2015,Control SRL,,1,0,0
1200003575,09/14/2015,Control SRL,,1,0,0
9103000379,09/14/2015,Control SRL,,0,1,0
1100005394,09/14/2015,Control SRL,,1,0,0
1200003576,09/14/2015,Control SRL,,1,0,0
1100005347,09/14/2015,Control SRL,,1,0,0
1100005395,09/14/2015,Control SRL,,1,0,0
1200003583,09/14/2015,Control SRL,,1,0,0
9103000380,09/14/2015,Control SRL,,0,1,0
1100005397,09/14/2015,Control SRL,,1,0,0
1200003584,09/14/2015,Control SRL,,1,0,0
1200003577,09/14/2015,Control SRL,,1,0,0
1200003578,09/14/2015,Control SRL,,1,0,0
1200003579,09/14/2015,Control SRL,,1,0,0
1200003580,09/14/2015,Control SRL,,1,0,0
1200003581,09/14/2015,Control SRL,,1,0,0
1200003582,09/14/2015,Control SRL,,1,0,0
1200003585,09/14/2015,Control SRL,,1,0,0
1100005398,09/14/2015,Control SRL,,1,0,0
1200003586,09/14/2015,Control SRL,,1,0,0
1200003587,09/14/2015,Control SRL,,1,0,0
1100005399,09/14/2015,Control SRL,,1,0,0
1200003588,09/14/2015,Control SRL,,1,0,0
1100005400,09/14/2015,Control SRL,,1,0,0
1100005601,09/14/2015,Control SRL,,1,0,0
1100005602,09/14/2015,Control SRL,,1,0,0
1100005396,09/14/2015,Control SRL,,1,0,0
1200003589,09/14/2015,Control SRL,,1,0,0
1200003590,09/14/2015,Control SRL,,1,0,0
1100005603,09/14/2015,Control SRL,,1,0,0
1100005429,09/14/2015,Asociación de Bomberos Voluntarios - San Martín de los Andes,,1,0,0
1100005430,09/14/2015,Asociación de Bomberos Voluntarios - San Martín de los Andes,,1,0,0
1100005431,09/14/2015,Asociación de Bomberos Voluntarios - San Martín de los Andes,,1,0,0
1100005432,09/14/2015,Asociación de Bomberos Voluntarios - San Martín de los Andes,,1,0,0
1100005433,09/14/2015,Asociación de Bomberos Voluntarios - San Martín de los Andes,,1,0,0
9101000535,09/14/2015,Asociación de Bomberos Voluntarios - San Martín de los Andes,,0,1,0
1100005434,09/14/2015,Asociación de Bomberos Voluntarios - San Martín de los Andes,,1,0,0
1100005435,09/14/2015,Asociación de Bomberos Voluntarios - San Martín de los Andes,,1,0,0
1100005436,09/14/2015,Asociación de Bomberos Voluntarios - San Martín de los Andes,,1,0,0
9201000127,09/14/2015,Asociación de Bomberos Voluntarios - San Martín de los Andes,,0,0,1
9201000128,09/14/2015,Asociación de Bomberos Voluntarios - San Martín de los Andes,,0,1,0
1100005437,09/14/2015,Asociación de Bomberos Voluntarios - San Martín de los Andes,,1,0,0
1100005879,09/14/2015,Veritecnica SRL,,1,0,0
1100005880,09/14/2015,Veritecnica SRL,,1,0,0
1200003335,09/14/2015,Veritecnica SRL,,1,0,0
9102001286,09/14/2015,Veritecnica SRL,,0,1,0
1100005881,09/14/2015,Veritecnica SRL,,1,0,0
1200003336,09/14/2015,Veritecnica SRL,,1,0,0
1100005882,09/14/2015,Veritecnica SRL,,1,0,0
9102001287,09/14/2015,Veritecnica SRL,,0,1,0
1200003337,09/14/2015,Veritecnica SRL,,1,0,0
9102001288,09/14/2015,Veritecnica SRL,,0,1,0
9102001289,09/14/2015,Veritecnica SRL,,0,0,1
1100005883,09/14/2015,Veritecnica SRL,,1,0,0
9102001290,09/14/2015,Veritecnica SRL,,0,1,0
1100005884,09/14/2015,Veritecnica SRL,,1,0,0
9102001291,09/14/2015,Veritecnica SRL,,0,0,1
1100005885,09/14/2015,Veritecnica SRL,,1,0,0
1200003338,09/14/2015,Veritecnica SRL,,1,0,0
1100005886,09/14/2015,Veritecnica SRL,,1,0,0
1100005887,09/14/2015,Veritecnica SRL,,1,0,0
1100005888,09/14/2015,Veritecnica SRL,,1,0,0
9102001292,09/14/2015,Veritecnica SRL,,0,1,0
1200003339,09/14/2015,Veritecnica SRL,,1,0,0
1100005889,09/14/2015,Veritecnica SRL,,1,0,0
1100005890,09/14/2015,Veritecnica SRL,,1,0,0
9102001293,09/14/2015,Veritecnica SRL,,0,1,0
1100005891,09/14/2015,Veritecnica SRL,,1,0,0
1100005892,09/14/2015,Veritecnica SRL,,1,0,0
1200003340,09/14/2015,Veritecnica SRL,,1,0,0
1200003341,09/14/2015,Veritecnica SRL,,1,0,0
9202000295,09/14/2015,Veritecnica SRL,,0,0,1
1100005893,09/14/2015,Veritecnica SRL,,1,0,0
1100005894,09/14/2015,Veritecnica SRL,,1,0,0
9202000296,09/14/2015,Veritecnica SRL,,0,0,1
1100005895,09/14/2015,Veritecnica SRL,,1,0,0
1100005896,09/14/2015,Veritecnica SRL,,1,0,0
1100005897,09/14/2015,Veritecnica SRL,,1,0,0
1200003342,09/14/2015,Veritecnica SRL,,1,0,0
1100005898,09/14/2015,Veritecnica SRL,,1,0,0
1100005899,09/14/2015,Veritecnica SRL,,1,0,0
1200003343,09/14/2015,Veritecnica SRL,,1,0,0
1100005900,09/14/2015,Veritecnica SRL,,1,0,0
1100006101,09/14/2015,Veritecnica SRL,,1,0,0
1100006102,09/14/2015,Veritecnica SRL,,1,0,0
