Nrocertificado,Fecha,Idtaller,Dominiovehiculo,Aprobado,RechazadoLeveModerado,RechazadoGrave
1100006765,10/09/2015,Control SRL,,1,0,0
1100006766,10/09/2015,Control SRL,,1,0,0
9203000202,10/09/2015,Control SRL,,0,0,1
9103000446,10/09/2015,Control SRL,,0,0,1
1200003828,10/09/2015,Control SRL,,1,0,0
1100006767,10/09/2015,Control SRL,,1,0,0
1100006769,10/09/2015,Control SRL,,1,0,0
1100006768,10/09/2015,Control SRL,,1,0,0
9103000447,10/09/2015,Control SRL,,0,0,1
9103000448,10/09/2015,Control SRL,,0,0,1
1100006770,10/09/2015,Control SRL,,1,0,0
1100006771,10/09/2015,Control SRL,,1,0,0
1100006772,10/09/2015,Control SRL,,1,0,0
1100006773,10/09/2015,Control SRL,,1,0,0
1100006774,10/09/2015,Control SRL,,1,0,0
1100006775,10/09/2015,Control SRL,,1,0,0
1100006776,10/09/2015,Control SRL,,1,0,0
1100006777,10/09/2015,Control SRL,,1,0,0
1200003859,10/09/2015,Control SRL,,1,0,0
1200003857,10/09/2015,Control SRL,,1,0,0
1100006778,10/09/2015,Control SRL,,1,0,0
1200003858,10/09/2015,Control SRL,,1,0,0
1100006064,10/09/2015,Asociación de Bomberos Voluntarios - San Martín de los Andes,,1,0,0
9101000609,10/09/2015,Asociación de Bomberos Voluntarios - San Martín de los Andes,,0,0,1
9101000610,10/09/2015,Asociación de Bomberos Voluntarios - San Martín de los Andes,,0,1,0
1100006065,10/09/2015,Asociación de Bomberos Voluntarios - San Martín de los Andes,,1,0,0
9101000611,10/09/2015,Asociación de Bomberos Voluntarios - San Martín de los Andes,,0,0,1
1100006067,10/09/2015,Asociación de Bomberos Voluntarios - San Martín de los Andes,,1,0,0
1100006068,10/09/2015,Asociación de Bomberos Voluntarios - San Martín de los Andes,,1,0,0
1100006069,10/09/2015,Asociación de Bomberos Voluntarios - San Martín de los Andes,,1,0,0
1100006066,10/09/2015,Asociación de Bomberos Voluntarios - San Martín de los Andes,,1,0,0
1100006070,10/09/2015,Asociación de Bomberos Voluntarios - San Martín de los Andes,,1,0,0
1100006071,10/09/2015,Asociación de Bomberos Voluntarios - San Martín de los Andes,,1,0,0
1100006072,10/10/2015,Asociación de Bomberos Voluntarios - San Martín de los Andes,,1,0,0
9101000612,10/10/2015,Asociación de Bomberos Voluntarios - San Martín de los Andes,,0,1,0
1100006073,10/10/2015,Asociación de Bomberos Voluntarios - San Martín de los Andes,,1,0,0
9101000613,10/10/2015,Asociación de Bomberos Voluntarios - San Martín de los Andes,,0,0,1
1100006074,10/10/2015,Asociación de Bomberos Voluntarios - San Martín de los Andes,,1,0,0
1100006075,10/10/2015,Asociación de Bomberos Voluntarios - San Martín de los Andes,,1,0,0
9101000614,10/10/2015,Asociación de Bomberos Voluntarios - San Martín de los Andes,,0,1,0
9101000615,10/10/2015,Asociación de Bomberos Voluntarios - San Martín de los Andes,,0,1,0
1100006804,10/09/2015,Veritecnica SRL,,1,0,0
9102001454,10/09/2015,Veritecnica SRL,,0,1,0
1100006805,10/09/2015,Veritecnica SRL,,1,0,0
1100006806,10/09/2015,Veritecnica SRL,,1,0,0
1100006807,10/09/2015,Veritecnica SRL,,1,0,0
1100006808,10/09/2015,Veritecnica SRL,,1,0,0
9102001455,10/09/2015,Veritecnica SRL,,0,0,1
1100006809,10/09/2015,Veritecnica SRL,,1,0,0
9102001456,10/09/2015,Veritecnica SRL,,0,1,0
1100006810,10/09/2015,Veritecnica SRL,,1,0,0
1100006811,10/09/2015,Veritecnica SRL,,1,0,0
1100006812,10/09/2015,Veritecnica SRL,,1,0,0
1100006813,10/09/2015,Veritecnica SRL,,1,0,0
9102001457,10/09/2015,Veritecnica SRL,,0,0,1
1100006814,10/09/2015,Veritecnica SRL,,1,0,0
9102001458,10/09/2015,Veritecnica SRL,,0,1,0
9102001459,10/09/2015,Veritecnica SRL,,0,1,0
1100006815,10/09/2015,Veritecnica SRL,,1,0,0
1100006816,10/09/2015,Veritecnica SRL,,1,0,0
1100006817,10/09/2015,Veritecnica SRL,,1,0,0
1100006818,10/09/2015,Veritecnica SRL,,1,0,0
9102001460,10/09/2015,Veritecnica SRL,,0,0,1
1200003939,10/09/2015,Veritecnica SRL,,1,0,0
9202000333,10/09/2015,Veritecnica SRL,,0,0,1
1100006819,10/09/2015,Veritecnica SRL,,1,0,0
1100006820,10/09/2015,Veritecnica SRL,,1,0,0
1200003940,10/09/2015,Veritecnica SRL,,1,0,0
1100006821,10/09/2015,Veritecnica SRL,,1,0,0
9102001461,10/09/2015,Veritecnica SRL,,0,0,1
1100006822,10/09/2015,Veritecnica SRL,,1,0,0
1100006823,10/09/2015,Veritecnica SRL,,1,0,0
1100006824,10/09/2015,Veritecnica SRL,,1,0,0
9102001462,10/09/2015,Veritecnica SRL,,0,1,0
1200003941,10/09/2015,Veritecnica SRL,,1,0,0
9102001463,10/09/2015,Veritecnica SRL,,0,1,0
1100006825,10/09/2015,Veritecnica SRL,,1,0,0
1100006826,10/09/2015,Veritecnica SRL,,1,0,0
1200003942,10/09/2015,Veritecnica SRL,,1,0,0
1100006827,10/09/2015,Veritecnica SRL,,1,0,0
1100006828,10/09/2015,Veritecnica SRL,,1,0,0
9102001464,10/09/2015,Veritecnica SRL,,0,1,0
1100006829,10/09/2015,Veritecnica SRL,,1,0,0
9202000334,10/10/2015,Veritecnica SRL,,0,0,1
1100006830,10/10/2015,Veritecnica SRL,,1,0,0
9102001465,10/10/2015,Veritecnica SRL,,0,0,1
9102001466,10/10/2015,Veritecnica SRL,,0,0,1
9102001467,10/10/2015,Veritecnica SRL,,0,1,0
1200003944,10/10/2015,Veritecnica SRL,,1,0,0
1100006831,10/10/2015,Veritecnica SRL,,1,0,0
1100006832,10/10/2015,Veritecnica SRL,,1,0,0
1100006833,10/10/2015,Veritecnica SRL,,1,0,0
1100006834,10/10/2015,Veritecnica SRL,,1,0,0
1100006835,10/10/2015,Veritecnica SRL,,1,0,0
1100006836,10/10/2015,Veritecnica SRL,,1,0,0
1100006837,10/10/2015,Veritecnica SRL,,1,0,0
9202000335,10/10/2015,Veritecnica SRL,,0,0,1
9202000336,10/10/2015,Veritecnica SRL,,0,0,1
1200003943,10/10/2015,Veritecnica SRL,,1,0,0
1100006838,10/10/2015,Veritecnica SRL,,1,0,0
1100006839,10/10/2015,Veritecnica SRL,,1,0,0
1100006840,10/10/2015,Veritecnica SRL,,1,0,0
1200003945,10/10/2015,Veritecnica SRL,,1,0,0
9102001468,10/10/2015,Veritecnica SRL,,0,1,0
