Nrocertificado,Fecha,Idtaller,Dominiovehiculo,Aprobado,RechazadoLeveModerado,RechazadoGrave
1100006738,10/08/2015,Control SRL,,1,0,0
1200003850,10/08/2015,Control SRL,,1,0,0
1100006739,10/08/2015,Control SRL,,1,0,0
1100006741,10/08/2015,Control SRL,,1,0,0
1100006742,10/08/2015,Control SRL,,1,0,0
1100006740,10/08/2015,Control SRL,,1,0,0
1100006743,10/08/2015,Control SRL,,1,0,0
1200003851,10/08/2015,Control SRL,,1,0,0
1100006744,10/08/2015,Control SRL,,1,0,0
1100006745,10/08/2015,Control SRL,,1,0,0
1100006746,10/08/2015,Control SRL,,1,0,0
1100006748,10/08/2015,Control SRL,,1,0,0
1100006747,10/08/2015,Control SRL,,1,0,0
1100006749,10/08/2015,Control SRL,,1,0,0
1200003852,10/08/2015,Control SRL,,1,0,0
9103000442,10/08/2015,Control SRL,,0,0,1
1100006750,10/08/2015,Control SRL,,1,0,0
1100006752,10/08/2015,Control SRL,,1,0,0
1100006751,10/08/2015,Control SRL,,1,0,0
1100006754,10/08/2015,Control SRL,,1,0,0
1100006753,10/08/2015,Control SRL,,1,0,0
1100006755,10/08/2015,Control SRL,,1,0,0
1100006756,10/08/2015,Control SRL,,1,0,0
9103000443,10/08/2015,Control SRL,,0,0,1
1100006759,10/08/2015,Control SRL,,1,0,0
1100006757,10/08/2015,Control SRL,,1,0,0
1100006758,10/08/2015,Control SRL,,1,0,0
1100006760,10/08/2015,Control SRL,,1,0,0
1200003854,10/08/2015,Control SRL,,1,0,0
1100006761,10/08/2015,Control SRL,,1,0,0
1200003855,10/08/2015,Control SRL,,1,0,0
9103000444,10/08/2015,Control SRL,,0,0,1
1100006762,10/08/2015,Control SRL,,1,0,0
1200003856,10/08/2015,Control SRL,,1,0,0
1100006763,10/08/2015,Control SRL,,1,0,0
9103000445,10/08/2015,Control SRL,,0,0,1
1100006764,10/08/2015,Control SRL,,1,0,0
1100006765,10/09/2015,Control SRL,,1,0,0
1100006766,10/09/2015,Control SRL,,1,0,0
9203000202,10/09/2015,Control SRL,,0,0,1
9103000446,10/09/2015,Control SRL,,0,0,1
1200003828,10/09/2015,Control SRL,,1,0,0
1100006767,10/09/2015,Control SRL,,1,0,0
1100006769,10/09/2015,Control SRL,,1,0,0
1100006768,10/09/2015,Control SRL,,1,0,0
9103000447,10/09/2015,Control SRL,,0,0,1
9103000448,10/09/2015,Control SRL,,0,0,1
1100006770,10/09/2015,Control SRL,,1,0,0
1100006771,10/09/2015,Control SRL,,1,0,0
1100006772,10/09/2015,Control SRL,,1,0,0
1100006773,10/09/2015,Control SRL,,1,0,0
1100006774,10/09/2015,Control SRL,,1,0,0
1100006775,10/09/2015,Control SRL,,1,0,0
1100006776,10/09/2015,Control SRL,,1,0,0
1100006777,10/09/2015,Control SRL,,1,0,0
1200003859,10/09/2015,Control SRL,,1,0,0
1200003857,10/09/2015,Control SRL,,1,0,0
1100006778,10/09/2015,Control SRL,,1,0,0
1200003858,10/09/2015,Control SRL,,1,0,0
1200002868,10/08/2015,Asociación de Bomberos Voluntarios - San Martín de los Andes,,1,0,0
1100006059,10/08/2015,Asociación de Bomberos Voluntarios - San Martín de los Andes,,1,0,0
1100006060,10/08/2015,Asociación de Bomberos Voluntarios - San Martín de los Andes,,1,0,0
1200002869,10/08/2015,Asociación de Bomberos Voluntarios - San Martín de los Andes,,1,0,0
1100006061,10/08/2015,Asociación de Bomberos Voluntarios - San Martín de los Andes,,1,0,0
9101000606,10/08/2015,Asociación de Bomberos Voluntarios - San Martín de los Andes,,0,1,0
9101000607,10/08/2015,Asociación de Bomberos Voluntarios - San Martín de los Andes,,0,0,1
9101000608,10/08/2015,Asociación de Bomberos Voluntarios - San Martín de los Andes,,0,1,0
1100006062,10/08/2015,Asociación de Bomberos Voluntarios - San Martín de los Andes,,1,0,0
1100006063,10/08/2015,Asociación de Bomberos Voluntarios - San Martín de los Andes,,1,0,0
1100006064,10/09/2015,Asociación de Bomberos Voluntarios - San Martín de los Andes,,1,0,0
9101000609,10/09/2015,Asociación de Bomberos Voluntarios - San Martín de los Andes,,0,0,1
9101000610,10/09/2015,Asociación de Bomberos Voluntarios - San Martín de los Andes,,0,1,0
1100006065,10/09/2015,Asociación de Bomberos Voluntarios - San Martín de los Andes,,1,0,0
9101000611,10/09/2015,Asociación de Bomberos Voluntarios - San Martín de los Andes,,0,0,1
1100006067,10/09/2015,Asociación de Bomberos Voluntarios - San Martín de los Andes,,1,0,0
1100006068,10/09/2015,Asociación de Bomberos Voluntarios - San Martín de los Andes,,1,0,0
1100006069,10/09/2015,Asociación de Bomberos Voluntarios - San Martín de los Andes,,1,0,0
1100006066,10/09/2015,Asociación de Bomberos Voluntarios - San Martín de los Andes,,1,0,0
1100006070,10/09/2015,Asociación de Bomberos Voluntarios - San Martín de los Andes,,1,0,0
1100006071,10/09/2015,Asociación de Bomberos Voluntarios - San Martín de los Andes,,1,0,0
9102001445,10/08/2015,Veritecnica SRL,,0,0,1
1100006478,10/08/2015,Veritecnica SRL,,1,0,0
1100006479,10/08/2015,Veritecnica SRL,,1,0,0
1200003925,10/08/2015,Veritecnica SRL,,1,0,0
1100006480,10/08/2015,Veritecnica SRL,,1,0,0
9102001446,10/08/2015,Veritecnica SRL,,0,0,1
1100006481,10/08/2015,Veritecnica SRL,,1,0,0
9102001447,10/08/2015,Veritecnica SRL,,0,0,1
9102001448,10/08/2015,Veritecnica SRL,,0,0,1
9102001449,10/08/2015,Veritecnica SRL,,0,0,1
1100006482,10/08/2015,Veritecnica SRL,,1,0,0
1200003926,10/08/2015,Veritecnica SRL,,1,0,0
1100006483,10/08/2015,Veritecnica SRL,,1,0,0
1100006484,10/08/2015,Veritecnica SRL,,1,0,0
1100006485,10/08/2015,Veritecnica SRL,,1,0,0
1200003927,10/08/2015,Veritecnica SRL,,1,0,0
1100006486,10/08/2015,Veritecnica SRL,,1,0,0
1200003928,10/08/2015,Veritecnica SRL,,1,0,0
1100006487,10/08/2015,Veritecnica SRL,,1,0,0
9202000332,10/08/2015,Veritecnica SRL,,0,0,1
1100006488,10/08/2015,Veritecnica SRL,,1,0,0
9102001450,10/08/2015,Veritecnica SRL,,0,0,1
1100006489,10/08/2015,Veritecnica SRL,,1,0,0
1200003929,10/08/2015,Veritecnica SRL,,1,0,0
1100006490,10/08/2015,Veritecnica SRL,,1,0,0
1100006491,10/08/2015,Veritecnica SRL,,1,0,0
1100006492,10/08/2015,Veritecnica SRL,,1,0,0
1200003930,10/08/2015,Veritecnica SRL,,1,0,0
1200003931,10/08/2015,Veritecnica SRL,,1,0,0
1200003932,10/08/2015,Veritecnica SRL,,1,0,0
1200003933,10/08/2015,Veritecnica SRL,,1,0,0
1100006493,10/08/2015,Veritecnica SRL,,1,0,0
1100006494,10/08/2015,Veritecnica SRL,,1,0,0
1100006495,10/08/2015,Veritecnica SRL,,1,0,0
1100006496,10/08/2015,Veritecnica SRL,,1,0,0
9102001451,10/08/2015,Veritecnica SRL,,0,0,1
1100006497,10/08/2015,Veritecnica SRL,,1,0,0
9102001452,10/08/2015,Veritecnica SRL,,0,1,0
1100006498,10/08/2015,Veritecnica SRL,,1,0,0
1100006499,10/08/2015,Veritecnica SRL,,1,0,0
1100006500,10/08/2015,Veritecnica SRL,,1,0,0
1100006801,10/08/2015,Veritecnica SRL,,1,0,0
1100006802,10/08/2015,Veritecnica SRL,,1,0,0
1200003934,10/08/2015,Veritecnica SRL,,1,0,0
1200003935,10/08/2015,Veritecnica SRL,,1,0,0
1100006803,10/08/2015,Veritecnica SRL,,1,0,0
1200003936,10/08/2015,Veritecnica SRL,,1,0,0
1200003937,10/08/2015,Veritecnica SRL,,1,0,0
1200003938,10/08/2015,Veritecnica SRL,,1,0,0
9102001453,10/08/2015,Veritecnica SRL,,0,0,1
1100006804,10/09/2015,Veritecnica SRL,,1,0,0
9102001454,10/09/2015,Veritecnica SRL,,0,1,0
1100006805,10/09/2015,Veritecnica SRL,,1,0,0
1100006806,10/09/2015,Veritecnica SRL,,1,0,0
1100006807,10/09/2015,Veritecnica SRL,,1,0,0
1100006808,10/09/2015,Veritecnica SRL,,1,0,0
9102001455,10/09/2015,Veritecnica SRL,,0,0,1
1100006809,10/09/2015,Veritecnica SRL,,1,0,0
9102001456,10/09/2015,Veritecnica SRL,,0,1,0
1100006810,10/09/2015,Veritecnica SRL,,1,0,0
1100006811,10/09/2015,Veritecnica SRL,,1,0,0
1100006812,10/09/2015,Veritecnica SRL,,1,0,0
1100006813,10/09/2015,Veritecnica SRL,,1,0,0
9102001457,10/09/2015,Veritecnica SRL,,0,0,1
1100006814,10/09/2015,Veritecnica SRL,,1,0,0
9102001458,10/09/2015,Veritecnica SRL,,0,1,0
9102001459,10/09/2015,Veritecnica SRL,,0,1,0
1100006815,10/09/2015,Veritecnica SRL,,1,0,0
1100006816,10/09/2015,Veritecnica SRL,,1,0,0
1100006817,10/09/2015,Veritecnica SRL,,1,0,0
1100006818,10/09/2015,Veritecnica SRL,,1,0,0
9102001460,10/09/2015,Veritecnica SRL,,0,0,1
1200003939,10/09/2015,Veritecnica SRL,,1,0,0
9202000333,10/09/2015,Veritecnica SRL,,0,0,1
1100006819,10/09/2015,Veritecnica SRL,,1,0,0
1100006820,10/09/2015,Veritecnica SRL,,1,0,0
1200003940,10/09/2015,Veritecnica SRL,,1,0,0
1100006821,10/09/2015,Veritecnica SRL,,1,0,0
9102001461,10/09/2015,Veritecnica SRL,,0,0,1
1100006822,10/09/2015,Veritecnica SRL,,1,0,0
1100006823,10/09/2015,Veritecnica SRL,,1,0,0
1100006824,10/09/2015,Veritecnica SRL,,1,0,0
9102001462,10/09/2015,Veritecnica SRL,,0,1,0
1200003941,10/09/2015,Veritecnica SRL,,1,0,0
9102001463,10/09/2015,Veritecnica SRL,,0,1,0
1100006825,10/09/2015,Veritecnica SRL,,1,0,0
1100006826,10/09/2015,Veritecnica SRL,,1,0,0
1200003942,10/09/2015,Veritecnica SRL,,1,0,0
1100006827,10/09/2015,Veritecnica SRL,,1,0,0
1100006828,10/09/2015,Veritecnica SRL,,1,0,0
9102001464,10/09/2015,Veritecnica SRL,,0,1,0
1100006829,10/09/2015,Veritecnica SRL,,1,0,0
