Nrocertificado,Fecha,Idtaller,Dominiovehiculo,Aprobado,RechazadoLeveModerado,RechazadoGrave
1200002053,05/21/2015,Control SRL,,1,0,0
1100001563,05/21/2015,Control SRL,,1,0,0
9103000187,05/21/2015,Control SRL,,0,0,1
1100001564,05/21/2015,Control SRL,,1,0,0
1100001565,05/21/2015,Control SRL,,1,0,0
9103000188,05/21/2015,Control SRL,,0,1,0
9103000189,05/21/2015,Control SRL,,0,0,1
9103000190,05/21/2015,Control SRL,,0,1,0
1200002054,05/21/2015,Control SRL,,1,0,0
1100001566,05/21/2015,Control SRL,,1,0,0
1100001567,05/21/2015,Control SRL,,1,0,0
1100001568,05/21/2015,Control SRL,,1,0,0
1100001569,05/21/2015,Control SRL,,1,0,0
9203000065,05/21/2015,Control SRL,,0,0,1
1200002055,05/21/2015,Control SRL,,1,0,0
1200002056,05/21/2015,Control SRL,,1,0,0
1200002057,05/21/2015,Control SRL,,1,0,0
1100001570,05/21/2015,Control SRL,,1,0,0
1100001571,05/21/2015,Control SRL,,1,0,0
1100001572,05/21/2015,Control SRL,,1,0,0
1100001573,05/21/2015,Control SRL,,1,0,0
1200002058,05/21/2015,Control SRL,,1,0,0
1100001574,05/22/2015,Control SRL,,1,0,0
1100001575,05/22/2015,Control SRL,,1,0,0
9203000066,05/22/2015,Control SRL,,0,1,0
9103000191,05/22/2015,Control SRL,,0,1,0
1100001576,05/22/2015,Control SRL,,1,0,0
1100001577,05/22/2015,Control SRL,,1,0,0
1100001580,05/22/2015,Control SRL,,1,0,0
1100001578,05/22/2015,Control SRL,,1,0,0
1100001579,05/22/2015,Control SRL,,1,0,0
1100001631,05/22/2015,Control SRL,,1,0,0
1100001632,05/22/2015,Control SRL,,1,0,0
1100001633,05/22/2015,Control SRL,,1,0,0
1200002059,05/22/2015,Control SRL,,1,0,0
1200002060,05/22/2015,Control SRL,,1,0,0
1100001634,05/22/2015,Control SRL,,1,0,0
1100001635,05/22/2015,Control SRL,,1,0,0
1100001636,05/22/2015,Control SRL,,1,0,0
1100001637,05/22/2015,Control SRL,,1,0,0
1100001638,05/22/2015,Control SRL,,1,0,0
1100001639,05/22/2015,Control SRL,,1,0,0
1200002061,05/22/2015,Control SRL,,1,0,0
1200002062,05/22/2015,Control SRL,,1,0,0
1100001640,05/22/2015,Control SRL,,1,0,0
1200002063,05/22/2015,Control SRL,,1,0,0
1100001641,05/22/2015,Control SRL,,1,0,0
1100001642,05/22/2015,Control SRL,,1,0,0
1200002064,05/22/2015,Control SRL,,1,0,0
1200002066,05/22/2015,Control SRL,,1,0,0
1200002065,05/22/2015,Control SRL,,1,0,0
9101000302,05/21/2015,Asociación de Bomberos Voluntarios - San Martín de los Andes,,0,0,1
1200000513,05/21/2015,Asociación de Bomberos Voluntarios - San Martín de los Andes,,1,0,0
1100002119,05/21/2015,Asociación de Bomberos Voluntarios - San Martín de los Andes,,1,0,0
1100002120,05/21/2015,Asociación de Bomberos Voluntarios - San Martín de los Andes,,1,0,0
1100002121,05/21/2015,Asociación de Bomberos Voluntarios - San Martín de los Andes,,1,0,0
1100002122,05/21/2015,Asociación de Bomberos Voluntarios - San Martín de los Andes,,1,0,0
1100002123,05/21/2015,Asociación de Bomberos Voluntarios - San Martín de los Andes,,1,0,0
1200000514,05/21/2015,Asociación de Bomberos Voluntarios - San Martín de los Andes,,1,0,0
1100002124,05/21/2015,Asociación de Bomberos Voluntarios - San Martín de los Andes,,1,0,0
9201000059,05/21/2015,Asociación de Bomberos Voluntarios - San Martín de los Andes,,0,1,0
1100002125,05/21/2015,Asociación de Bomberos Voluntarios - San Martín de los Andes,,1,0,0
1100002126,05/21/2015,Asociación de Bomberos Voluntarios - San Martín de los Andes,,1,0,0
1100002127,05/21/2015,Asociación de Bomberos Voluntarios - San Martín de los Andes,,1,0,0
1100002128,05/21/2015,Asociación de Bomberos Voluntarios - San Martín de los Andes,,1,0,0
1200000515,05/22/2015,Asociación de Bomberos Voluntarios - San Martín de los Andes,,1,0,0
9101000303,05/22/2015,Asociación de Bomberos Voluntarios - San Martín de los Andes,,0,1,0
1100002129,05/22/2015,Asociación de Bomberos Voluntarios - San Martín de los Andes,,1,0,0
1100002130,05/22/2015,Asociación de Bomberos Voluntarios - San Martín de los Andes,,1,0,0
1100002131,05/22/2015,Asociación de Bomberos Voluntarios - San Martín de los Andes,,1,0,0
1200000516,05/22/2015,Asociación de Bomberos Voluntarios - San Martín de los Andes,,1,0,0
1100002132,05/22/2015,Asociación de Bomberos Voluntarios - San Martín de los Andes,,1,0,0
1100002133,05/22/2015,Asociación de Bomberos Voluntarios - San Martín de los Andes,,1,0,0
1100002134,05/22/2015,Asociación de Bomberos Voluntarios - San Martín de los Andes,,1,0,0
1100002135,05/22/2015,Asociación de Bomberos Voluntarios - San Martín de los Andes,,1,0,0
9201000060,05/22/2015,Asociación de Bomberos Voluntarios - San Martín de los Andes,,0,1,0
1100002136,05/22/2015,Asociación de Bomberos Voluntarios - San Martín de los Andes,,1,0,0
1100001978,05/21/2015,Veritecnica SRL,,1,0,0
1100001979,05/21/2015,Veritecnica SRL,,1,0,0
9102000630,05/21/2015,Veritecnica SRL,,0,0,1
1100001980,05/21/2015,Veritecnica SRL,,1,0,0
9102000631,05/21/2015,Veritecnica SRL,,0,0,1
1100001981,05/21/2015,Veritecnica SRL,,1,0,0
1200001571,05/21/2015,Veritecnica SRL,,1,0,0
9102000632,05/21/2015,Veritecnica SRL,,0,0,1
9202000143,05/21/2015,Veritecnica SRL,,0,0,1
1200001572,05/21/2015,Veritecnica SRL,,1,0,0
9102000633,05/21/2015,Veritecnica SRL,,0,0,1
1200001573,05/21/2015,Veritecnica SRL,,1,0,0
1100001982,05/21/2015,Veritecnica SRL,,1,0,0
1100001983,05/21/2015,Veritecnica SRL,,1,0,0
1100001984,05/21/2015,Veritecnica SRL,,1,0,0
1100001985,05/21/2015,Veritecnica SRL,,1,0,0
1200001574,05/21/2015,Veritecnica SRL,,1,0,0
1100001986,05/21/2015,Veritecnica SRL,,1,0,0
9102000634,05/21/2015,Veritecnica SRL,,0,1,0
9202000144,05/21/2015,Veritecnica SRL,,0,0,1
1100001987,05/21/2015,Veritecnica SRL,,1,0,0
1200001575,05/21/2015,Veritecnica SRL,,1,0,0
1200001576,05/21/2015,Veritecnica SRL,,1,0,0
1100001988,05/21/2015,Veritecnica SRL,,1,0,0
1100001989,05/21/2015,Veritecnica SRL,,1,0,0
9202000145,05/21/2015,Veritecnica SRL,,0,0,1
1200001577,05/21/2015,Veritecnica SRL,,1,0,0
9102000635,05/21/2015,Veritecnica SRL,,0,0,1
1200001578,05/21/2015,Veritecnica SRL,,1,0,0
1200001579,05/21/2015,Veritecnica SRL,,1,0,0
1200001580,05/21/2015,Veritecnica SRL,,1,0,0
1200001651,05/21/2015,Veritecnica SRL,,1,0,0
1200001652,05/21/2015,Veritecnica SRL,,1,0,0
1200001653,05/21/2015,Veritecnica SRL,,1,0,0
1200001654,05/21/2015,Veritecnica SRL,,1,0,0
1100001990,05/22/2015,Veritecnica SRL,,1,0,0
9102000636,05/22/2015,Veritecnica SRL,,0,0,1
9102000637,05/22/2015,Veritecnica SRL,,0,0,1
1100001991,05/22/2015,Veritecnica SRL,,1,0,0
1100001992,05/22/2015,Veritecnica SRL,,1,0,0
9102000638,05/22/2015,Veritecnica SRL,,0,1,0
1200001655,05/22/2015,Veritecnica SRL,,1,0,0
1200001656,05/22/2015,Veritecnica SRL,,1,0,0
1100001993,05/22/2015,Veritecnica SRL,,1,0,0
1100001994,05/22/2015,Veritecnica SRL,,1,0,0
1200001657,05/22/2015,Veritecnica SRL,,1,0,0
1100001995,05/22/2015,Veritecnica SRL,,1,0,0
1100001996,05/22/2015,Veritecnica SRL,,1,0,0
1100001997,05/22/2015,Veritecnica SRL,,1,0,0
9102000639,05/22/2015,Veritecnica SRL,,0,1,0
1100001998,05/22/2015,Veritecnica SRL,,1,0,0
9102000640,05/22/2015,Veritecnica SRL,,0,1,0
1200001658,05/22/2015,Veritecnica SRL,,1,0,0
1100001999,05/22/2015,Veritecnica SRL,,1,0,0
9102000641,05/22/2015,Veritecnica SRL,,0,1,0
1200001659,05/22/2015,Veritecnica SRL,,1,0,0
9102000642,05/22/2015,Veritecnica SRL,,0,0,1
1100002000,05/22/2015,Veritecnica SRL,,1,0,0
1100002001,05/22/2015,Veritecnica SRL,,1,0,0
9102000643,05/22/2015,Veritecnica SRL,,0,1,0
1100002003,05/22/2015,Veritecnica SRL,,1,0,0
9102000644,05/22/2015,Veritecnica SRL,,0,0,1
1200001660,05/22/2015,Veritecnica SRL,,1,0,0
1100002004,05/22/2015,Veritecnica SRL,,1,0,0
1100002005,05/22/2015,Veritecnica SRL,,1,0,0
9202000146,05/22/2015,Veritecnica SRL,,0,0,1
1200001661,05/22/2015,Veritecnica SRL,,1,0,0
1100002006,05/22/2015,Veritecnica SRL,,1,0,0
1200001662,05/22/2015,Veritecnica SRL,,1,0,0
