Nrocertificado,Fecha,Idtaller,Dominiovehiculo,Aprobado,RechazadoLeveModerado,RechazadoGrave
6593,02/09/2015,Control SRL,,0,1,0
3416,02/09/2015,Control SRL,,1,0,0
27233,02/09/2015,Control SRL,,1,0,0
6594,02/09/2015,Control SRL,,0,1,0
3667,02/09/2015,Control SRL,,1,0,0
3387,02/09/2015,Control SRL,,1,0,0
27234,02/09/2015,Control SRL,,1,0,0
27235,02/09/2015,Control SRL,,1,0,0
27236,02/09/2015,Control SRL,,1,0,0
27237,02/09/2015,Control SRL,,1,0,0
23491,02/09/2015,Control SRL,,1,0,0
27238,02/09/2015,Control SRL,,1,0,0
27239,02/09/2015,Control SRL,,1,0,0
27240,02/09/2015,Control SRL,,1,0,0
27241,02/09/2015,Control SRL,,1,0,0
6595,02/09/2015,Control SRL,,0,1,0
23492,02/09/2015,Control SRL,,1,0,0
3417,02/09/2015,Control SRL,,1,0,0
3418,02/09/2015,Control SRL,,1,0,0
23493,02/09/2015,Control SRL,,1,0,0
27242,02/09/2015,Control SRL,,1,0,0
3419,02/09/2015,Control SRL,,1,0,0
27243,02/09/2015,Control SRL,,1,0,0
27244,02/09/2015,Control SRL,,1,0,0
27245,02/09/2015,Control SRL,,1,0,0
27246,02/09/2015,Control SRL,,1,0,0
3668,02/09/2015,Control SRL,,1,0,0
27247,02/09/2015,Control SRL,,1,0,0
27248,02/09/2015,Control SRL,,1,0,0
27249,02/09/2015,Control SRL,,1,0,0
23494,02/09/2015,Control SRL,,1,0,0
27250,02/09/2015,Control SRL,,1,0,0
27251,02/09/2015,Control SRL,,1,0,0
27252,02/09/2015,Control SRL,,1,0,0
27253,02/09/2015,Control SRL,,1,0,0
27254,02/09/2015,Control SRL,,1,0,0
27255,02/09/2015,Control SRL,,1,0,0
27256,02/09/2015,Control SRL,,1,0,0
27257,02/09/2015,Control SRL,,1,0,0
3669,02/09/2015,Control SRL,,1,0,0
6596,02/09/2015,Control SRL,,0,0,1
27258,02/09/2015,Control SRL,,1,0,0
3421,02/09/2015,Control SRL,,1,0,0
3420,02/09/2015,Control SRL,,1,0,0
27259,02/09/2015,Control SRL,,1,0,0
27260,02/09/2015,Control SRL,,1,0,0
27261,02/09/2015,Control SRL,,1,0,0
3670,02/09/2015,Control SRL,,1,0,0
27262,02/09/2015,Control SRL,,1,0,0
3422,02/09/2015,Control SRL,,1,0,0
6935,02/09/2015,Asociación de Bomberos Voluntarios - San Martín de los Andes,,0,1,0
26615,02/09/2015,Asociación de Bomberos Voluntarios - San Martín de los Andes,,1,0,0
26616,02/09/2015,Asociación de Bomberos Voluntarios - San Martín de los Andes,,1,0,0
26617,02/09/2015,Asociación de Bomberos Voluntarios - San Martín de los Andes,,1,0,0
6936,02/09/2015,Asociación de Bomberos Voluntarios - San Martín de los Andes,,0,1,0
26618,02/09/2015,Asociación de Bomberos Voluntarios - San Martín de los Andes,,1,0,0
26619,02/09/2015,Asociación de Bomberos Voluntarios - San Martín de los Andes,,1,0,0
26620,02/09/2015,Asociación de Bomberos Voluntarios - San Martín de los Andes,,1,0,0
26621,02/09/2015,Asociación de Bomberos Voluntarios - San Martín de los Andes,,1,0,0
26622,02/09/2015,Asociación de Bomberos Voluntarios - San Martín de los Andes,,1,0,0
26623,02/09/2015,Asociación de Bomberos Voluntarios - San Martín de los Andes,,1,0,0
26624,02/09/2015,Asociación de Bomberos Voluntarios - San Martín de los Andes,,1,0,0
26625,02/09/2015,Asociación de Bomberos Voluntarios - San Martín de los Andes,,1,0,0
6937,02/09/2015,Asociación de Bomberos Voluntarios - San Martín de los Andes,,0,0,1
21840,02/09/2015,Asociación de Bomberos Voluntarios - San Martín de los Andes,,1,0,0
26626,02/09/2015,Asociación de Bomberos Voluntarios - San Martín de los Andes,,1,0,0
26627,02/09/2015,Asociación de Bomberos Voluntarios - San Martín de los Andes,,1,0,0
6938,02/09/2015,Asociación de Bomberos Voluntarios - San Martín de los Andes,,0,1,0
3300,02/09/2015,Asociación de Bomberos Voluntarios - San Martín de los Andes,,1,0,0
26628,02/09/2015,Asociación de Bomberos Voluntarios - San Martín de los Andes,,1,0,0
26629,02/09/2015,Asociación de Bomberos Voluntarios - San Martín de los Andes,,1,0,0
26630,02/09/2015,Asociación de Bomberos Voluntarios - San Martín de los Andes,,1,0,0
26631,02/09/2015,Asociación de Bomberos Voluntarios - San Martín de los Andes,,1,0,0
21841,02/09/2015,Asociación de Bomberos Voluntarios - San Martín de los Andes,,1,0,0
3751,02/09/2015,Asociación de Bomberos Voluntarios - San Martín de los Andes,,1,0,0
26632,02/09/2015,Asociación de Bomberos Voluntarios - San Martín de los Andes,,1,0,0
26633,02/09/2015,Asociación de Bomberos Voluntarios - San Martín de los Andes,,1,0,0
26634,02/09/2015,Asociación de Bomberos Voluntarios - San Martín de los Andes,,1,0,0
27610,02/09/2015,Veritecnica SRL,,1,0,0
23823,02/09/2015,Veritecnica SRL,,1,0,0
23824,02/09/2015,Veritecnica SRL,,1,0,0
9102000071,02/09/2015,Veritecnica SRL,,0,1,0
27611,02/09/2015,Veritecnica SRL,,1,0,0
27612,02/09/2015,Veritecnica SRL,,1,0,0
27613,02/09/2015,Veritecnica SRL,,1,0,0
27614,02/09/2015,Veritecnica SRL,,1,0,0
9102000072,02/09/2015,Veritecnica SRL,,0,0,1
27615,02/09/2015,Veritecnica SRL,,1,0,0
9102000073,02/09/2015,Veritecnica SRL,,0,1,0
27616,02/09/2015,Veritecnica SRL,,1,0,0
23825,02/09/2015,Veritecnica SRL,,1,0,0
9102000074,02/09/2015,Veritecnica SRL,,0,1,0
23826,02/09/2015,Veritecnica SRL,,1,0,0
27617,02/09/2015,Veritecnica SRL,,1,0,0
3719,02/09/2015,Veritecnica SRL,,1,0,0
9102000075,02/09/2015,Veritecnica SRL,,0,1,0
9202000006,02/09/2015,Veritecnica SRL,,0,0,1
27618,02/09/2015,Veritecnica SRL,,1,0,0
27619,02/09/2015,Veritecnica SRL,,1,0,0
9102000076,02/09/2015,Veritecnica SRL,,0,1,0
27620,02/09/2015,Veritecnica SRL,,1,0,0
27621,02/09/2015,Veritecnica SRL,,1,0,0
9102000077,02/09/2015,Veritecnica SRL,,0,1,0
3720,02/09/2015,Veritecnica SRL,,1,0,0
9102000078,02/09/2015,Veritecnica SRL,,0,1,0
9202000007,02/09/2015,Veritecnica SRL,,0,0,1
9102000079,02/09/2015,Veritecnica SRL,,0,1,0
9102000080,02/09/2015,Veritecnica SRL,,0,1,0
27622,02/09/2015,Veritecnica SRL,,1,0,0
9102000081,02/09/2015,Veritecnica SRL,,0,0,1
9102000082,02/09/2015,Veritecnica SRL,,0,0,1
23827,02/09/2015,Veritecnica SRL,,1,0,0
27623,02/09/2015,Veritecnica SRL,,1,0,0
3721,02/09/2015,Veritecnica SRL,,1,0,0
3722,02/09/2015,Veritecnica SRL,,1,0,0
27624,02/09/2015,Veritecnica SRL,,1,0,0
27625,02/09/2015,Veritecnica SRL,,1,0,0
27626,02/09/2015,Veritecnica SRL,,1,0,0
27627,02/09/2015,Veritecnica SRL,,1,0,0
27628,02/09/2015,Veritecnica SRL,,1,0,0
27629,02/09/2015,Veritecnica SRL,,1,0,0
27630,02/09/2015,Veritecnica SRL,,1,0,0
9102000083,02/09/2015,Veritecnica SRL,,0,1,0
3723,02/09/2015,Veritecnica SRL,,1,0,0
9102000084,02/09/2015,Veritecnica SRL,,0,1,0
27631,02/09/2015,Veritecnica SRL,,1,0,0
9102000085,02/09/2015,Veritecnica SRL,,0,0,1
27632,02/09/2015,Veritecnica SRL,,1,0,0
23828,02/09/2015,Veritecnica SRL,,1,0,0
23829,02/09/2015,Veritecnica SRL,,1,0,0
9102000086,02/09/2015,Veritecnica SRL,,0,0,1
27633,02/09/2015,Veritecnica SRL,,1,0,0
27635,02/09/2015,Veritecnica SRL,,1,0,0
27634,02/09/2015,Veritecnica SRL,,1,0,0
27636,02/09/2015,Veritecnica SRL,,1,0,0
27637,02/09/2015,Veritecnica SRL,,1,0,0
27638,02/09/2015,Veritecnica SRL,,1,0,0
27639,02/09/2015,Veritecnica SRL,,1,0,0
9102000087,02/09/2015,Veritecnica SRL,,0,1,0
9102000088,02/09/2015,Veritecnica SRL,,0,1,0
27640,02/09/2015,Veritecnica SRL,,1,0,0
