Nrocertificado,Fecha,Idtaller,Dominiovehiculo,Aprobado,RechazadoLeveModerado,RechazadoGrave
1100005941,09/30/2015,Control SRL,,1,0,0
1100005942,09/30/2015,Control SRL,,1,0,0
1100005943,09/30/2015,Control SRL,,1,0,0
1100005944,09/30/2015,Control SRL,,1,0,0
1100005945,09/30/2015,Control SRL,,1,0,0
1100005946,09/30/2015,Control SRL,,1,0,0
1200003804,09/30/2015,Control SRL,,1,0,0
9103000410,09/30/2015,Control SRL,,0,0,1
1100005947,09/30/2015,Control SRL,,1,0,0
1200003805,09/30/2015,Control SRL,,1,0,0
1200003806,09/30/2015,Control SRL,,1,0,0
9103000411,09/30/2015,Control SRL,,0,0,1
9103000412,09/30/2015,Control SRL,,0,0,1
1100005948,09/30/2015,Control SRL,,1,0,0
1200003807,09/30/2015,Control SRL,,1,0,0
1100005949,09/30/2015,Control SRL,,1,0,0
1200003808,09/30/2015,Control SRL,,1,0,0
1200003809,09/30/2015,Control SRL,,1,0,0
1200003810,09/30/2015,Control SRL,,1,0,0
1100005950,09/30/2015,Control SRL,,1,0,0
9103000413,09/30/2015,Control SRL,,0,0,1
1200003811,09/30/2015,Control SRL,,1,0,0
9103000414,09/30/2015,Control SRL,,0,0,1
1100005951,09/30/2015,Control SRL,,1,0,0
1100005952,09/30/2015,Control SRL,,1,0,0
9103000415,09/30/2015,Control SRL,,0,0,1
1100005953,10/01/2015,Control SRL,,1,0,0
9103000416,10/01/2015,Control SRL,,0,0,1
9203000192,10/01/2015,Control SRL,,0,0,1
1100005954,10/01/2015,Control SRL,,1,0,0
1100005955,10/01/2015,Control SRL,,1,0,0
1100005956,10/01/2015,Control SRL,,1,0,0
1100005957,10/01/2015,Control SRL,,1,0,0
1100005958,10/01/2015,Control SRL,,1,0,0
1100005959,10/01/2015,Control SRL,,1,0,0
1100005960,10/01/2015,Control SRL,,1,0,0
1100005962,10/01/2015,Control SRL,,1,0,0
1100005961,10/01/2015,Control SRL,,1,0,0
9103000417,10/01/2015,Control SRL,,0,0,1
1100005963,10/01/2015,Control SRL,,1,0,0
1100005970,10/01/2015,Control SRL,,1,0,0
1100005964,10/01/2015,Control SRL,,1,0,0
1100005969,10/01/2015,Control SRL,,1,0,0
1100005965,10/01/2015,Control SRL,,1,0,0
1100005966,10/01/2015,Control SRL,,1,0,0
1100005967,10/01/2015,Control SRL,,1,0,0
1100005968,10/01/2015,Control SRL,,1,0,0
1100005971,10/01/2015,Control SRL,,1,0,0
9103000418,10/01/2015,Control SRL,,0,0,1
1100005972,10/01/2015,Control SRL,,1,0,0
1200003814,10/01/2015,Control SRL,,1,0,0
1100005973,10/01/2015,Control SRL,,1,0,0
1100005974,10/01/2015,Control SRL,,1,0,0
1100005975,10/01/2015,Control SRL,,1,0,0
1200003816,10/01/2015,Control SRL,,1,0,0
1200003815,10/01/2015,Control SRL,,1,0,0
1200003817,10/01/2015,Control SRL,,1,0,0
9103000419,10/01/2015,Control SRL,,0,0,1
1100005761,09/30/2015,Asociación de Bomberos Voluntarios - San Martín de los Andes,,1,0,0
9101000579,09/30/2015,Asociación de Bomberos Voluntarios - San Martín de los Andes,,0,0,1
1100005762,09/30/2015,Asociación de Bomberos Voluntarios - San Martín de los Andes,,1,0,0
9101000580,09/30/2015,Asociación de Bomberos Voluntarios - San Martín de los Andes,,0,0,1
1100005763,09/30/2015,Asociación de Bomberos Voluntarios - San Martín de los Andes,,1,0,0
9101000581,09/30/2015,Asociación de Bomberos Voluntarios - San Martín de los Andes,,0,0,1
9101000582,09/30/2015,Asociación de Bomberos Voluntarios - San Martín de los Andes,,0,1,0
1100005764,09/30/2015,Asociación de Bomberos Voluntarios - San Martín de los Andes,,1,0,0
1100005765,09/30/2015,Asociación de Bomberos Voluntarios - San Martín de los Andes,,1,0,0
1100005766,09/30/2015,Asociación de Bomberos Voluntarios - San Martín de los Andes,,1,0,0
1100005767,09/30/2015,Asociación de Bomberos Voluntarios - San Martín de los Andes,,1,0,0
9201000140,09/30/2015,Asociación de Bomberos Voluntarios - San Martín de los Andes,,0,0,1
1100005768,09/30/2015,Asociación de Bomberos Voluntarios - San Martín de los Andes,,1,0,0
9101000583,09/30/2015,Asociación de Bomberos Voluntarios - San Martín de los Andes,,0,1,0
1100005769,09/30/2015,Asociación de Bomberos Voluntarios - San Martín de los Andes,,1,0,0
9101000584,09/30/2015,Asociación de Bomberos Voluntarios - San Martín de los Andes,,0,1,0
1100005770,09/30/2015,Asociación de Bomberos Voluntarios - San Martín de los Andes,,1,0,0
1100005771,10/01/2015,Asociación de Bomberos Voluntarios - San Martín de los Andes,,1,0,0
1100005772,10/01/2015,Asociación de Bomberos Voluntarios - San Martín de los Andes,,1,0,0
1100005773,10/01/2015,Asociación de Bomberos Voluntarios - San Martín de los Andes,,1,0,0
1100005774,10/01/2015,Asociación de Bomberos Voluntarios - San Martín de los Andes,,1,0,0
1100005775,10/01/2015,Asociación de Bomberos Voluntarios - San Martín de los Andes,,1,0,0
1100005776,10/01/2015,Asociación de Bomberos Voluntarios - San Martín de los Andes,,1,0,0
1100005777,10/01/2015,Asociación de Bomberos Voluntarios - San Martín de los Andes,,1,0,0
1100005778,10/01/2015,Asociación de Bomberos Voluntarios - San Martín de los Andes,,1,0,0
1100005779,10/01/2015,Asociación de Bomberos Voluntarios - San Martín de los Andes,,1,0,0
1100005780,10/01/2015,Asociación de Bomberos Voluntarios - San Martín de los Andes,,1,0,0
1100005781,10/01/2015,Asociación de Bomberos Voluntarios - San Martín de los Andes,,1,0,0
1100005782,10/01/2015,Asociación de Bomberos Voluntarios - San Martín de los Andes,,1,0,0
9101000585,10/01/2015,Asociación de Bomberos Voluntarios - San Martín de los Andes,,0,1,0
1100005783,10/01/2015,Asociación de Bomberos Voluntarios - San Martín de los Andes,,1,0,0
1100005784,10/01/2015,Asociación de Bomberos Voluntarios - San Martín de los Andes,,1,0,0
1100005785,10/01/2015,Asociación de Bomberos Voluntarios - San Martín de los Andes,,1,0,0
1200002860,10/01/2015,Asociación de Bomberos Voluntarios - San Martín de los Andes,,1,0,0
9101000586,10/01/2015,Asociación de Bomberos Voluntarios - San Martín de los Andes,,0,1,0
1100005786,10/01/2015,Asociación de Bomberos Voluntarios - San Martín de los Andes,,1,0,0
1100005787,10/01/2015,Asociación de Bomberos Voluntarios - San Martín de los Andes,,1,0,0
1100005788,10/01/2015,Asociación de Bomberos Voluntarios - San Martín de los Andes,,1,0,0
1100005789,10/01/2015,Asociación de Bomberos Voluntarios - San Martín de los Andes,,1,0,0
1100005790,10/01/2015,Asociación de Bomberos Voluntarios - San Martín de los Andes,,1,0,0
1100005791,10/01/2015,Asociación de Bomberos Voluntarios - San Martín de los Andes,,1,0,0
1100006338,09/30/2015,Veritecnica SRL,,1,0,0
1100006339,09/30/2015,Veritecnica SRL,,1,0,0
1100006340,09/30/2015,Veritecnica SRL,,1,0,0
1100006341,09/30/2015,Veritecnica SRL,,1,0,0
9102001399,09/30/2015,Veritecnica SRL,,0,0,1
9102001400,09/30/2015,Veritecnica SRL,,0,1,0
1100006342,09/30/2015,Veritecnica SRL,,1,0,0
1100006343,09/30/2015,Veritecnica SRL,,1,0,0
1200003766,09/30/2015,Veritecnica SRL,,1,0,0
1200003767,09/30/2015,Veritecnica SRL,,1,0,0
9102001401,09/30/2015,Veritecnica SRL,,0,0,1
9102001402,09/30/2015,Veritecnica SRL,,0,0,1
1100006344,09/30/2015,Veritecnica SRL,,1,0,0
9102001403,09/30/2015,Veritecnica SRL,,0,0,1
9102001404,09/30/2015,Veritecnica SRL,,0,0,1
1100006345,09/30/2015,Veritecnica SRL,,1,0,0
9202000315,09/30/2015,Veritecnica SRL,,0,0,1
9202000316,09/30/2015,Veritecnica SRL,,0,0,1
1200003768,09/30/2015,Veritecnica SRL,,1,0,0
1100006346,09/30/2015,Veritecnica SRL,,1,0,0
1100006347,09/30/2015,Veritecnica SRL,,1,0,0
1200003769,09/30/2015,Veritecnica SRL,,1,0,0
1100006348,09/30/2015,Veritecnica SRL,,1,0,0
1100006349,09/30/2015,Veritecnica SRL,,1,0,0
1200003770,09/30/2015,Veritecnica SRL,,1,0,0
1100006351,09/30/2015,Veritecnica SRL,,1,0,0
1100006350,09/30/2015,Veritecnica SRL,,1,0,0
1200003771,09/30/2015,Veritecnica SRL,,1,0,0
1100006352,09/30/2015,Veritecnica SRL,,1,0,0
1200003772,09/30/2015,Veritecnica SRL,,1,0,0
9202000317,09/30/2015,Veritecnica SRL,,0,0,1
1100006353,09/30/2015,Veritecnica SRL,,1,0,0
1100006354,10/01/2015,Veritecnica SRL,,1,0,0
1100006355,10/01/2015,Veritecnica SRL,,1,0,0
1100006356,10/01/2015,Veritecnica SRL,,1,0,0
1100006357,10/01/2015,Veritecnica SRL,,1,0,0
1200003773,10/01/2015,Veritecnica SRL,,1,0,0
9202000318,10/01/2015,Veritecnica SRL,,0,0,1
1100006358,10/01/2015,Veritecnica SRL,,1,0,0
9102001405,10/01/2015,Veritecnica SRL,,0,0,1
1200003775,10/01/2015,Veritecnica SRL,,1,0,0
1200003776,10/01/2015,Veritecnica SRL,,1,0,0
1200003774,10/01/2015,Veritecnica SRL,,1,0,0
1100006359,10/01/2015,Veritecnica SRL,,1,0,0
9102001406,10/01/2015,Veritecnica SRL,,0,0,1
1100006360,10/01/2015,Veritecnica SRL,,1,0,0
1100006361,10/01/2015,Veritecnica SRL,,1,0,0
1100006362,10/01/2015,Veritecnica SRL,,1,0,0
9202000319,10/01/2015,Veritecnica SRL,,0,0,1
1200003777,10/01/2015,Veritecnica SRL,,1,0,0
1200003778,10/01/2015,Veritecnica SRL,,1,0,0
9202000320,10/01/2015,Veritecnica SRL,,0,0,1
9102001407,10/01/2015,Veritecnica SRL,,0,0,1
1100006363,10/01/2015,Veritecnica SRL,,1,0,0
9102001408,10/01/2015,Veritecnica SRL,,0,0,1
1200003779,10/01/2015,Veritecnica SRL,,1,0,0
1100006364,10/01/2015,Veritecnica SRL,,1,0,0
1100006365,10/01/2015,Veritecnica SRL,,1,0,0
1100006366,10/01/2015,Veritecnica SRL,,1,0,0
1100006367,10/01/2015,Veritecnica SRL,,1,0,0
1200003780,10/01/2015,Veritecnica SRL,,1,0,0
1100006368,10/01/2015,Veritecnica SRL,,1,0,0
1100006369,10/01/2015,Veritecnica SRL,,1,0,0
