Nrocertificado,Fecha,Idtaller,Dominiovehiculo,Aprobado,RechazadoLeveModerado,RechazadoGrave
1100006072,10/10/2015,Asociación de Bomberos Voluntarios - San Martín de los Andes,,1,0,0
9101000612,10/10/2015,Asociación de Bomberos Voluntarios - San Martín de los Andes,,0,1,0
1100006073,10/10/2015,Asociación de Bomberos Voluntarios - San Martín de los Andes,,1,0,0
9101000613,10/10/2015,Asociación de Bomberos Voluntarios - San Martín de los Andes,,0,0,1
1100006074,10/10/2015,Asociación de Bomberos Voluntarios - San Martín de los Andes,,1,0,0
1100006075,10/10/2015,Asociación de Bomberos Voluntarios - San Martín de los Andes,,1,0,0
9101000614,10/10/2015,Asociación de Bomberos Voluntarios - San Martín de los Andes,,0,1,0
9101000615,10/10/2015,Asociación de Bomberos Voluntarios - San Martín de los Andes,,0,1,0
9202000334,10/10/2015,Veritecnica SRL,,0,0,1
1100006830,10/10/2015,Veritecnica SRL,,1,0,0
9102001465,10/10/2015,Veritecnica SRL,,0,0,1
9102001466,10/10/2015,Veritecnica SRL,,0,0,1
9102001467,10/10/2015,Veritecnica SRL,,0,1,0
1200003944,10/10/2015,Veritecnica SRL,,1,0,0
1100006831,10/10/2015,Veritecnica SRL,,1,0,0
1100006832,10/10/2015,Veritecnica SRL,,1,0,0
1100006833,10/10/2015,Veritecnica SRL,,1,0,0
1100006834,10/10/2015,Veritecnica SRL,,1,0,0
1100006835,10/10/2015,Veritecnica SRL,,1,0,0
1100006836,10/10/2015,Veritecnica SRL,,1,0,0
1100006837,10/10/2015,Veritecnica SRL,,1,0,0
9202000335,10/10/2015,Veritecnica SRL,,0,0,1
9202000336,10/10/2015,Veritecnica SRL,,0,0,1
1200003943,10/10/2015,Veritecnica SRL,,1,0,0
1100006838,10/10/2015,Veritecnica SRL,,1,0,0
1100006839,10/10/2015,Veritecnica SRL,,1,0,0
1100006840,10/10/2015,Veritecnica SRL,,1,0,0
1200003945,10/10/2015,Veritecnica SRL,,1,0,0
9102001468,10/10/2015,Veritecnica SRL,,0,1,0
