Nrocertificado,Fecha,Idtaller,Dominiovehiculo,Aprobado,RechazadoLeveModerado,RechazadoGrave
9103000092,03/31/2015,Control SRL,,0,1,0
1100000208,03/31/2015,Control SRL,,1,0,0
1100000209,03/31/2015,Control SRL,,1,0,0
1200001084,03/31/2015,Control SRL,,1,0,0
1200001085,03/31/2015,Control SRL,,1,0,0
1100000210,03/31/2015,Control SRL,,1,0,0
1200001086,03/31/2015,Control SRL,,1,0,0
1100000211,03/31/2015,Control SRL,,1,0,0
1200001087,03/31/2015,Control SRL,,1,0,0
1100000212,03/31/2015,Control SRL,,1,0,0
1100000213,03/31/2015,Control SRL,,1,0,0
1100000214,03/31/2015,Control SRL,,1,0,0
1100000215,03/31/2015,Control SRL,,1,0,0
1100000216,03/31/2015,Control SRL,,1,0,0
1100000217,03/31/2015,Control SRL,,1,0,0
1100000218,03/31/2015,Control SRL,,1,0,0
1200001088,03/31/2015,Control SRL,,1,0,0
1200001089,03/31/2015,Control SRL,,1,0,0
1200001090,03/31/2015,Control SRL,,1,0,0
1100000219,03/31/2015,Control SRL,,1,0,0
1100000220,03/31/2015,Control SRL,,1,0,0
1100000221,03/31/2015,Control SRL,,1,0,0
1100000222,03/31/2015,Control SRL,,1,0,0
1100000223,03/31/2015,Control SRL,,1,0,0
1200001091,03/31/2015,Control SRL,,1,0,0
1200001092,03/31/2015,Control SRL,,1,0,0
1100000224,03/31/2015,Control SRL,,1,0,0
1200001093,03/31/2015,Control SRL,,1,0,0
1200001094,03/31/2015,Control SRL,,1,0,0
1200001095,03/31/2015,Control SRL,,1,0,0
9103000093,03/31/2015,Control SRL,,0,1,0
1200001096,03/31/2015,Control SRL,,1,0,0
1100000225,03/31/2015,Control SRL,,1,0,0
1200001097,03/31/2015,Control SRL,,1,0,0
1200001102,03/31/2015,Control SRL,,1,0,0
1200001098,03/31/2015,Control SRL,,1,0,0
1200001099,03/31/2015,Control SRL,,1,0,0
1200001100,03/31/2015,Control SRL,,1,0,0
1200001101,03/31/2015,Control SRL,,1,0,0
1200001103,03/31/2015,Control SRL,,1,0,0
1200001104,03/31/2015,Control SRL,,1,0,0
1200001105,03/31/2015,Control SRL,,1,0,0
1200001106,03/31/2015,Control SRL,,1,0,0
1200001107,03/31/2015,Control SRL,,1,0,0
1100000226,03/31/2015,Control SRL,,1,0,0
1100000227,03/31/2015,Control SRL,,1,0,0
1100000228,03/31/2015,Control SRL,,1,0,0
1200001111,04/01/2015,Control SRL,,1,0,0
1200001108,04/01/2015,Control SRL,,1,0,0
1200001109,04/01/2015,Control SRL,,1,0,0
1100000229,04/01/2015,Control SRL,,1,0,0
1200001110,04/01/2015,Control SRL,,1,0,0
1100000230,04/01/2015,Control SRL,,1,0,0
1200001112,04/01/2015,Control SRL,,1,0,0
1100000231,04/01/2015,Control SRL,,1,0,0
9103000094,04/01/2015,Control SRL,,0,0,1
1200001117,04/01/2015,Control SRL,,1,0,0
1200001116,04/01/2015,Control SRL,,1,0,0
1200001113,04/01/2015,Control SRL,,1,0,0
1200001114,04/01/2015,Control SRL,,1,0,0
1200001115,04/01/2015,Control SRL,,1,0,0
9103000095,04/01/2015,Control SRL,,0,0,1
1100000232,04/01/2015,Control SRL,,1,0,0
1100000233,04/01/2015,Control SRL,,1,0,0
1100000234,04/01/2015,Control SRL,,1,0,0
1200001118,04/01/2015,Control SRL,,1,0,0
1100000235,04/01/2015,Control SRL,,1,0,0
1100000236,04/01/2015,Control SRL,,1,0,0
9103000096,04/01/2015,Control SRL,,0,0,1
1200001119,04/01/2015,Control SRL,,1,0,0
1200001120,04/01/2015,Control SRL,,1,0,0
1200001122,04/01/2015,Control SRL,,1,0,0
1200001121,04/01/2015,Control SRL,,1,0,0
1100000237,04/01/2015,Control SRL,,1,0,0
1200001123,04/01/2015,Control SRL,,1,0,0
1200001124,04/01/2015,Control SRL,,1,0,0
1200001125,04/01/2015,Control SRL,,1,0,0
1200001126,04/01/2015,Control SRL,,1,0,0
1100000238,04/01/2015,Control SRL,,1,0,0
1200001127,04/01/2015,Control SRL,,1,0,0
9103000097,04/01/2015,Control SRL,,0,0,1
1200001128,04/01/2015,Control SRL,,1,0,0
1200001129,04/01/2015,Control SRL,,1,0,0
1200001130,04/01/2015,Control SRL,,1,0,0
1200001131,04/01/2015,Control SRL,,1,0,0
1200001132,04/01/2015,Control SRL,,1,0,0
1200001133,04/01/2015,Control SRL,,1,0,0
1200001134,04/01/2015,Control SRL,,1,0,0
1100000552,03/31/2015,Asociación de Bomberos Voluntarios - San Martín de los Andes,,1,0,0
9101000178,03/31/2015,Asociación de Bomberos Voluntarios - San Martín de los Andes,,0,0,1
1100000553,03/31/2015,Asociación de Bomberos Voluntarios - San Martín de los Andes,,1,0,0
1100000554,03/31/2015,Asociación de Bomberos Voluntarios - San Martín de los Andes,,1,0,0
1100000555,03/31/2015,Asociación de Bomberos Voluntarios - San Martín de los Andes,,1,0,0
1100000556,03/31/2015,Asociación de Bomberos Voluntarios - San Martín de los Andes,,1,0,0
1100000557,03/31/2015,Asociación de Bomberos Voluntarios - San Martín de los Andes,,1,0,0
9201000026,03/31/2015,Asociación de Bomberos Voluntarios - San Martín de los Andes,,0,0,1
1100000558,03/31/2015,Asociación de Bomberos Voluntarios - San Martín de los Andes,,1,0,0
1100000559,03/31/2015,Asociación de Bomberos Voluntarios - San Martín de los Andes,,1,0,0
9101000179,03/31/2015,Asociación de Bomberos Voluntarios - San Martín de los Andes,,0,1,0
1100000560,04/01/2015,Asociación de Bomberos Voluntarios - San Martín de los Andes,,1,0,0
9101000180,04/01/2015,Asociación de Bomberos Voluntarios - San Martín de los Andes,,0,1,0
9101000181,04/01/2015,Asociación de Bomberos Voluntarios - San Martín de los Andes,,0,0,1
1100000561,04/01/2015,Asociación de Bomberos Voluntarios - San Martín de los Andes,,1,0,0
1100000562,04/01/2015,Asociación de Bomberos Voluntarios - San Martín de los Andes,,1,0,0
1100000563,04/01/2015,Asociación de Bomberos Voluntarios - San Martín de los Andes,,1,0,0
1100000564,04/01/2015,Asociación de Bomberos Voluntarios - San Martín de los Andes,,1,0,0
1100000565,04/01/2015,Asociación de Bomberos Voluntarios - San Martín de los Andes,,1,0,0
1200000147,04/01/2015,Asociación de Bomberos Voluntarios - San Martín de los Andes,,1,0,0
1100000566,04/01/2015,Asociación de Bomberos Voluntarios - San Martín de los Andes,,1,0,0
9101000182,04/01/2015,Asociación de Bomberos Voluntarios - San Martín de los Andes,,0,1,0
9101000183,04/01/2015,Asociación de Bomberos Voluntarios - San Martín de los Andes,,0,0,1
9101000184,04/01/2015,Asociación de Bomberos Voluntarios - San Martín de los Andes,,0,0,1
1100000567,04/01/2015,Asociación de Bomberos Voluntarios - San Martín de los Andes,,1,0,0
1100000568,04/01/2015,Asociación de Bomberos Voluntarios - San Martín de los Andes,,1,0,0
1100000569,04/01/2015,Asociación de Bomberos Voluntarios - San Martín de los Andes,,1,0,0
9201000027,04/01/2015,Asociación de Bomberos Voluntarios - San Martín de los Andes,,0,0,1
1100000570,04/01/2015,Asociación de Bomberos Voluntarios - San Martín de los Andes,,1,0,0
1100000571,04/01/2015,Asociación de Bomberos Voluntarios - San Martín de los Andes,,1,0,0
9201000028,04/01/2015,Asociación de Bomberos Voluntarios - San Martín de los Andes,,0,0,1
1100000572,04/01/2015,Asociación de Bomberos Voluntarios - San Martín de los Andes,,1,0,0
9101000185,04/01/2015,Asociación de Bomberos Voluntarios - San Martín de los Andes,,0,1,0
1100000573,04/01/2015,Asociación de Bomberos Voluntarios - San Martín de los Andes,,1,0,0
1100000574,04/01/2015,Asociación de Bomberos Voluntarios - San Martín de los Andes,,1,0,0
1100000411,03/31/2015,Veritecnica SRL,,1,0,0
1100000412,03/31/2015,Veritecnica SRL,,1,0,0
9102000405,03/31/2015,Veritecnica SRL,,0,1,0
1100000413,03/31/2015,Veritecnica SRL,,1,0,0
1100000414,03/31/2015,Veritecnica SRL,,1,0,0
1100000415,03/31/2015,Veritecnica SRL,,1,0,0
1100000416,03/31/2015,Veritecnica SRL,,1,0,0
1100000417,03/31/2015,Veritecnica SRL,,1,0,0
1200000713,03/31/2015,Veritecnica SRL,,1,0,0
9202000067,03/31/2015,Veritecnica SRL,,0,0,1
1100000418,03/31/2015,Veritecnica SRL,,1,0,0
1200000714,03/31/2015,Veritecnica SRL,,1,0,0
1100000419,03/31/2015,Veritecnica SRL,,1,0,0
1100000420,03/31/2015,Veritecnica SRL,,1,0,0
1200000715,03/31/2015,Veritecnica SRL,,1,0,0
9102000406,03/31/2015,Veritecnica SRL,,0,1,0
1100000421,03/31/2015,Veritecnica SRL,,1,0,0
1100000422,03/31/2015,Veritecnica SRL,,1,0,0
1100000423,03/31/2015,Veritecnica SRL,,1,0,0
1200000716,03/31/2015,Veritecnica SRL,,1,0,0
9102000407,03/31/2015,Veritecnica SRL,,0,0,1
1100000424,03/31/2015,Veritecnica SRL,,1,0,0
1100000425,03/31/2015,Veritecnica SRL,,1,0,0
1100000426,03/31/2015,Veritecnica SRL,,1,0,0
1100000427,03/31/2015,Veritecnica SRL,,1,0,0
1200000717,03/31/2015,Veritecnica SRL,,1,0,0
1200000718,03/31/2015,Veritecnica SRL,,1,0,0
1100000428,03/31/2015,Veritecnica SRL,,1,0,0
9102000408,03/31/2015,Veritecnica SRL,,0,0,1
1200000719,03/31/2015,Veritecnica SRL,,1,0,0
1100000429,03/31/2015,Veritecnica SRL,,1,0,0
1200000720,03/31/2015,Veritecnica SRL,,1,0,0
1200000721,04/01/2015,Veritecnica SRL,,1,0,0
1100000430,04/01/2015,Veritecnica SRL,,1,0,0
9102000409,04/01/2015,Veritecnica SRL,,0,0,1
9102000410,04/01/2015,Veritecnica SRL,,0,0,1
1100000431,04/01/2015,Veritecnica SRL,,1,0,0
1100000432,04/01/2015,Veritecnica SRL,,1,0,0
1200000722,04/01/2015,Veritecnica SRL,,1,0,0
1100000433,04/01/2015,Veritecnica SRL,,1,0,0
1200000723,04/01/2015,Veritecnica SRL,,1,0,0
1100000434,04/01/2015,Veritecnica SRL,,1,0,0
1100000435,04/01/2015,Veritecnica SRL,,1,0,0
1200000724,04/01/2015,Veritecnica SRL,,1,0,0
1200000725,04/01/2015,Veritecnica SRL,,1,0,0
9102000411,04/01/2015,Veritecnica SRL,,0,0,1
1100000436,04/01/2015,Veritecnica SRL,,1,0,0
1100000437,04/01/2015,Veritecnica SRL,,1,0,0
9102000412,04/01/2015,Veritecnica SRL,,0,0,1
1100000438,04/01/2015,Veritecnica SRL,,1,0,0
1100000439,04/01/2015,Veritecnica SRL,,1,0,0
1100000440,04/01/2015,Veritecnica SRL,,1,0,0
1100000441,04/01/2015,Veritecnica SRL,,1,0,0
1100000442,04/01/2015,Veritecnica SRL,,1,0,0
1100000443,04/01/2015,Veritecnica SRL,,1,0,0
1100000444,04/01/2015,Veritecnica SRL,,1,0,0
1100000445,04/01/2015,Veritecnica SRL,,1,0,0
1200000726,04/01/2015,Veritecnica SRL,,1,0,0
1100000446,04/01/2015,Veritecnica SRL,,1,0,0
1100000447,04/01/2015,Veritecnica SRL,,1,0,0
1100000448,04/01/2015,Veritecnica SRL,,1,0,0
1100000449,04/01/2015,Veritecnica SRL,,1,0,0
1100000450,04/01/2015,Veritecnica SRL,,1,0,0
1200000727,04/01/2015,Veritecnica SRL,,1,0,0
1200000728,04/01/2015,Veritecnica SRL,,1,0,0
1100000451,04/01/2015,Veritecnica SRL,,1,0,0
1100000452,04/01/2015,Veritecnica SRL,,1,0,0
1200000729,04/01/2015,Veritecnica SRL,,1,0,0
1200000730,04/01/2015,Veritecnica SRL,,1,0,0
9102000413,04/01/2015,Veritecnica SRL,,0,1,0
1100000453,04/01/2015,Veritecnica SRL,,1,0,0
9102000414,04/01/2015,Veritecnica SRL,,0,1,0
1100000454,04/01/2015,Veritecnica SRL,,1,0,0
9102000415,04/01/2015,Veritecnica SRL,,0,0,1
1100000455,04/01/2015,Veritecnica SRL,,1,0,0
1200000731,04/01/2015,Veritecnica SRL,,1,0,0
1200000732,04/01/2015,Veritecnica SRL,,1,0,0
1100000456,04/01/2015,Veritecnica SRL,,1,0,0
