Nrocertificado,Fecha,Idtaller,Dominiovehiculo,Aprobado,RechazadoLeveModerado,RechazadoGrave
1100000972,05/07/2015,Control SRL,,1,0,0
9203000049,05/07/2015,Control SRL,,0,0,1
1100000973,05/07/2015,Control SRL,,1,0,0
1100000974,05/07/2015,Control SRL,,1,0,0
1100000975,05/07/2015,Control SRL,,1,0,0
9103000157,05/07/2015,Control SRL,,0,1,0
1100000976,05/07/2015,Control SRL,,1,0,0
1100000977,05/07/2015,Control SRL,,1,0,0
1200001619,05/07/2015,Control SRL,,1,0,0
1100000978,05/07/2015,Control SRL,,1,0,0
9103000158,05/07/2015,Control SRL,,0,0,1
1100000979,05/07/2015,Control SRL,,1,0,0
1100000980,05/07/2015,Control SRL,,1,0,0
1100000981,05/07/2015,Control SRL,,1,0,0
9203000050,05/07/2015,Control SRL,,0,0,1
1200001620,05/07/2015,Control SRL,,1,0,0
1200001621,05/07/2015,Control SRL,,1,0,0
1100000982,05/07/2015,Control SRL,,1,0,0
1200001622,05/07/2015,Control SRL,,1,0,0
1100000983,05/07/2015,Control SRL,,1,0,0
1100000984,05/07/2015,Control SRL,,1,0,0
1100000985,05/07/2015,Control SRL,,1,0,0
1100000986,05/07/2015,Control SRL,,1,0,0
1100000987,05/07/2015,Control SRL,,1,0,0
9103000159,05/07/2015,Control SRL,,0,0,1
9103000160,05/08/2015,Control SRL,,0,0,1
9103000161,05/08/2015,Control SRL,,0,0,1
9103000162,05/08/2015,Control SRL,,0,0,1
1200001623,05/08/2015,Control SRL,,1,0,0
1200001624,05/08/2015,Control SRL,,1,0,0
1200001625,05/08/2015,Control SRL,,1,0,0
1100000988,05/08/2015,Control SRL,,1,0,0
1200001626,05/08/2015,Control SRL,,1,0,0
9103000163,05/08/2015,Control SRL,,0,0,1
1200001627,05/08/2015,Control SRL,,1,0,0
1100000989,05/08/2015,Control SRL,,1,0,0
1100000990,05/08/2015,Control SRL,,1,0,0
9203000051,05/08/2015,Control SRL,,0,0,1
1100000991,05/08/2015,Control SRL,,1,0,0
1200001628,05/08/2015,Control SRL,,1,0,0
1100000992,05/08/2015,Control SRL,,1,0,0
1100000993,05/08/2015,Control SRL,,1,0,0
1100000994,05/08/2015,Control SRL,,1,0,0
9103000164,05/08/2015,Control SRL,,0,0,1
1100000995,05/08/2015,Control SRL,,1,0,0
9203000052,05/08/2015,Control SRL,,0,0,1
1200001629,05/08/2015,Control SRL,,1,0,0
9203000053,05/08/2015,Control SRL,,0,0,1
1100000996,05/08/2015,Control SRL,,1,0,0
9201000049,05/07/2015,Asociación de Bomberos Voluntarios - San Martín de los Andes,,0,0,1
9101000267,05/07/2015,Asociación de Bomberos Voluntarios - San Martín de los Andes,,0,0,1
1100001306,05/07/2015,Asociación de Bomberos Voluntarios - San Martín de los Andes,,1,0,0
1100001307,05/07/2015,Asociación de Bomberos Voluntarios - San Martín de los Andes,,1,0,0
1100001308,05/07/2015,Asociación de Bomberos Voluntarios - San Martín de los Andes,,1,0,0
1100001309,05/07/2015,Asociación de Bomberos Voluntarios - San Martín de los Andes,,1,0,0
1100001310,05/07/2015,Asociación de Bomberos Voluntarios - San Martín de los Andes,,1,0,0
9101000268,05/07/2015,Asociación de Bomberos Voluntarios - San Martín de los Andes,,0,1,0
1200000391,05/07/2015,Asociación de Bomberos Voluntarios - San Martín de los Andes,,1,0,0
9201000050,05/07/2015,Asociación de Bomberos Voluntarios - San Martín de los Andes,,0,1,0
1100001311,05/07/2015,Asociación de Bomberos Voluntarios - San Martín de los Andes,,1,0,0
9101000269,05/07/2015,Asociación de Bomberos Voluntarios - San Martín de los Andes,,0,1,0
1100001312,05/07/2015,Asociación de Bomberos Voluntarios - San Martín de los Andes,,1,0,0
1100001313,05/07/2015,Asociación de Bomberos Voluntarios - San Martín de los Andes,,1,0,0
9101000270,05/07/2015,Asociación de Bomberos Voluntarios - San Martín de los Andes,,0,1,0
9101000271,05/07/2015,Asociación de Bomberos Voluntarios - San Martín de los Andes,,0,1,0
1100001314,05/07/2015,Asociación de Bomberos Voluntarios - San Martín de los Andes,,1,0,0
9101000272,05/07/2015,Asociación de Bomberos Voluntarios - San Martín de los Andes,,0,1,0
9101000273,05/07/2015,Asociación de Bomberos Voluntarios - San Martín de los Andes,,0,1,0
1100001315,05/07/2015,Asociación de Bomberos Voluntarios - San Martín de los Andes,,1,0,0
1100001316,05/07/2015,Asociación de Bomberos Voluntarios - San Martín de los Andes,,1,0,0
9101000274,05/07/2015,Asociación de Bomberos Voluntarios - San Martín de los Andes,,0,0,1
1100001317,05/07/2015,Asociación de Bomberos Voluntarios - San Martín de los Andes,,1,0,0
1100001318,05/07/2015,Asociación de Bomberos Voluntarios - San Martín de los Andes,,1,0,0
9101000275,05/07/2015,Asociación de Bomberos Voluntarios - San Martín de los Andes,,0,1,0
1100001319,05/07/2015,Asociación de Bomberos Voluntarios - San Martín de los Andes,,1,0,0
1200000392,05/07/2015,Asociación de Bomberos Voluntarios - San Martín de los Andes,,1,0,0
9201000051,05/07/2015,Asociación de Bomberos Voluntarios - San Martín de los Andes,,0,0,1
1100001320,05/07/2015,Asociación de Bomberos Voluntarios - San Martín de los Andes,,1,0,0
1100001321,05/07/2015,Asociación de Bomberos Voluntarios - San Martín de los Andes,,1,0,0
1100001322,05/08/2015,Asociación de Bomberos Voluntarios - San Martín de los Andes,,1,0,0
1100001323,05/08/2015,Asociación de Bomberos Voluntarios - San Martín de los Andes,,1,0,0
1100001324,05/08/2015,Asociación de Bomberos Voluntarios - San Martín de los Andes,,1,0,0
1100001325,05/08/2015,Asociación de Bomberos Voluntarios - San Martín de los Andes,,1,0,0
1100001326,05/08/2015,Asociación de Bomberos Voluntarios - San Martín de los Andes,,1,0,0
9101000276,05/08/2015,Asociación de Bomberos Voluntarios - San Martín de los Andes,,0,1,0
1100001327,05/08/2015,Asociación de Bomberos Voluntarios - San Martín de los Andes,,1,0,0
9101000277,05/08/2015,Asociación de Bomberos Voluntarios - San Martín de los Andes,,0,1,0
9201000052,05/08/2015,Asociación de Bomberos Voluntarios - San Martín de los Andes,,0,0,1
9101000278,05/08/2015,Asociación de Bomberos Voluntarios - San Martín de los Andes,,0,1,0
1200000393,05/08/2015,Asociación de Bomberos Voluntarios - San Martín de los Andes,,1,0,0
9101000279,05/08/2015,Asociación de Bomberos Voluntarios - San Martín de los Andes,,0,1,0
1100001328,05/08/2015,Asociación de Bomberos Voluntarios - San Martín de los Andes,,1,0,0
1100001329,05/08/2015,Asociación de Bomberos Voluntarios - San Martín de los Andes,,1,0,0
1100001330,05/08/2015,Asociación de Bomberos Voluntarios - San Martín de los Andes,,1,0,0
1100001331,05/08/2015,Asociación de Bomberos Voluntarios - San Martín de los Andes,,1,0,0
1100001332,05/08/2015,Asociación de Bomberos Voluntarios - San Martín de los Andes,,1,0,0
1100001789,05/07/2015,Veritecnica SRL,,1,0,0
9102000559,05/07/2015,Veritecnica SRL,,0,0,1
1100001790,05/07/2015,Veritecnica SRL,,1,0,0
1100001791,05/07/2015,Veritecnica SRL,,1,0,0
9102000560,05/07/2015,Veritecnica SRL,,0,0,1
9202000113,05/07/2015,Veritecnica SRL,,0,0,1
9102000561,05/07/2015,Veritecnica SRL,,0,1,0
1100001792,05/07/2015,Veritecnica SRL,,1,0,0
1100001793,05/07/2015,Veritecnica SRL,,1,0,0
1200001476,05/07/2015,Veritecnica SRL,,1,0,0
1200001477,05/07/2015,Veritecnica SRL,,1,0,0
1200001478,05/07/2015,Veritecnica SRL,,1,0,0
1100001794,05/07/2015,Veritecnica SRL,,1,0,0
1100001795,05/07/2015,Veritecnica SRL,,1,0,0
1100001796,05/07/2015,Veritecnica SRL,,1,0,0
1200001479,05/07/2015,Veritecnica SRL,,1,0,0
1100001797,05/07/2015,Veritecnica SRL,,1,0,0
1100001798,05/07/2015,Veritecnica SRL,,1,0,0
9202000114,05/07/2015,Veritecnica SRL,,0,0,1
9202000115,05/07/2015,Veritecnica SRL,,0,0,1
1100001799,05/07/2015,Veritecnica SRL,,1,0,0
1100001800,05/07/2015,Veritecnica SRL,,1,0,0
1100001801,05/07/2015,Veritecnica SRL,,1,0,0
1100001802,05/08/2015,Veritecnica SRL,,1,0,0
9102000562,05/08/2015,Veritecnica SRL,,0,0,1
9102000563,05/08/2015,Veritecnica SRL,,0,0,1
1100001803,05/08/2015,Veritecnica SRL,,1,0,0
9102000564,05/08/2015,Veritecnica SRL,,0,0,1
1100001804,05/08/2015,Veritecnica SRL,,1,0,0
1200001480,05/08/2015,Veritecnica SRL,,1,0,0
9102000565,05/08/2015,Veritecnica SRL,,0,0,1
1200001491,05/08/2015,Veritecnica SRL,,1,0,0
9202000116,05/08/2015,Veritecnica SRL,,0,0,1
1200001492,05/08/2015,Veritecnica SRL,,1,0,0
1100001805,05/08/2015,Veritecnica SRL,,1,0,0
1100001806,05/08/2015,Veritecnica SRL,,1,0,0
9202000117,05/08/2015,Veritecnica SRL,,0,0,1
1200001493,05/08/2015,Veritecnica SRL,,1,0,0
1100001807,05/08/2015,Veritecnica SRL,,1,0,0
1100001808,05/08/2015,Veritecnica SRL,,1,0,0
1200001494,05/08/2015,Veritecnica SRL,,1,0,0
1200001495,05/08/2015,Veritecnica SRL,,1,0,0
1200001496,05/08/2015,Veritecnica SRL,,1,0,0
1200001497,05/08/2015,Veritecnica SRL,,1,0,0
9202000118,05/08/2015,Veritecnica SRL,,0,0,1
1100001809,05/08/2015,Veritecnica SRL,,1,0,0
1100001810,05/08/2015,Veritecnica SRL,,1,0,0
1200001498,05/08/2015,Veritecnica SRL,,1,0,0
1100001811,05/08/2015,Veritecnica SRL,,1,0,0
1200001499,05/08/2015,Veritecnica SRL,,1,0,0
1200001500,05/08/2015,Veritecnica SRL,,1,0,0
1100001812,05/08/2015,Veritecnica SRL,,1,0,0
1100001813,05/08/2015,Veritecnica SRL,,1,0,0
1100001814,05/08/2015,Veritecnica SRL,,1,0,0
1200001501,05/08/2015,Veritecnica SRL,,1,0,0
