Nrocertificado,Fecha,Idtaller,Dominiovehiculo,Aprobado,RechazadoLeveModerado,RechazadoGrave
1100005328,09/04/2015,Control SRL,,1,0,0
1100005329,09/04/2015,Control SRL,,1,0,0
9203000171,09/04/2015,Control SRL,,0,0,1
9203000172,09/04/2015,Control SRL,,0,0,1
9203000173,09/04/2015,Control SRL,,0,0,1
1100005330,09/04/2015,Control SRL,,1,0,0
9203000174,09/04/2015,Control SRL,,0,0,1
1100005331,09/04/2015,Control SRL,,1,0,0
1200003510,09/04/2015,Control SRL,,1,0,0
1100005332,09/04/2015,Control SRL,,1,0,0
1200003511,09/04/2015,Control SRL,,1,0,0
1100005333,09/04/2015,Control SRL,,1,0,0
1200003512,09/04/2015,Control SRL,,1,0,0
9203000175,09/04/2015,Control SRL,,0,0,1
9103000369,09/04/2015,Control SRL,,0,0,1
9103000370,09/04/2015,Control SRL,,0,0,1
1100005334,09/04/2015,Control SRL,,1,0,0
1100005335,09/04/2015,Control SRL,,1,0,0
1100005336,09/04/2015,Control SRL,,1,0,0
1200003509,09/04/2015,Control SRL,,1,0,0
1100005337,09/04/2015,Control SRL,,1,0,0
1100005338,09/04/2015,Control SRL,,1,0,0
1100005339,09/04/2015,Control SRL,,1,0,0
9103000371,09/04/2015,Control SRL,,0,0,1
1100005340,09/04/2015,Control SRL,,1,0,0
9103000372,09/04/2015,Control SRL,,0,0,1
1200003513,09/04/2015,Control SRL,,1,0,0
9101000510,09/04/2015,Asociación de Bomberos Voluntarios - San Martín de los Andes,,0,1,0
1100004606,09/04/2015,Asociación de Bomberos Voluntarios - San Martín de los Andes,,1,0,0
1100004607,09/04/2015,Asociación de Bomberos Voluntarios - San Martín de los Andes,,1,0,0
1100004608,09/04/2015,Asociación de Bomberos Voluntarios - San Martín de los Andes,,1,0,0
1100004609,09/04/2015,Asociación de Bomberos Voluntarios - San Martín de los Andes,,1,0,0
1100004610,09/04/2015,Asociación de Bomberos Voluntarios - San Martín de los Andes,,1,0,0
1100004611,09/04/2015,Asociación de Bomberos Voluntarios - San Martín de los Andes,,1,0,0
1200000938,09/04/2015,Asociación de Bomberos Voluntarios - San Martín de los Andes,,1,0,0
1100004612,09/04/2015,Asociación de Bomberos Voluntarios - San Martín de los Andes,,1,0,0
1100004613,09/04/2015,Asociación de Bomberos Voluntarios - San Martín de los Andes,,1,0,0
1200000939,09/04/2015,Asociación de Bomberos Voluntarios - San Martín de los Andes,,1,0,0
9201000122,09/04/2015,Asociación de Bomberos Voluntarios - San Martín de los Andes,,0,0,1
9101000511,09/04/2015,Asociación de Bomberos Voluntarios - San Martín de los Andes,,0,0,1
1100004614,09/04/2015,Asociación de Bomberos Voluntarios - San Martín de los Andes,,1,0,0
9101000512,09/04/2015,Asociación de Bomberos Voluntarios - San Martín de los Andes,,0,1,0
9101000513,09/04/2015,Asociación de Bomberos Voluntarios - San Martín de los Andes,,0,1,0
9101000514,09/04/2015,Asociación de Bomberos Voluntarios - San Martín de los Andes,,0,1,0
1100004615,09/05/2015,Asociación de Bomberos Voluntarios - San Martín de los Andes,,1,0,0
1200000940,09/05/2015,Asociación de Bomberos Voluntarios - San Martín de los Andes,,1,0,0
1200002821,09/05/2015,Asociación de Bomberos Voluntarios - San Martín de los Andes,,1,0,0
1100004616,09/05/2015,Asociación de Bomberos Voluntarios - San Martín de los Andes,,1,0,0
1100004617,09/05/2015,Asociación de Bomberos Voluntarios - San Martín de los Andes,,1,0,0
1100004618,09/05/2015,Asociación de Bomberos Voluntarios - San Martín de los Andes,,1,0,0
1200002822,09/05/2015,Asociación de Bomberos Voluntarios - San Martín de los Andes,,1,0,0
1100005514,09/04/2015,Veritecnica SRL,,1,0,0
1100005515,09/04/2015,Veritecnica SRL,,1,0,0
1100005516,09/04/2015,Veritecnica SRL,,1,0,0
1100005517,09/04/2015,Veritecnica SRL,,1,0,0
1100005518,09/04/2015,Veritecnica SRL,,1,0,0
1100005519,09/04/2015,Veritecnica SRL,,1,0,0
1100005520,09/04/2015,Veritecnica SRL,,1,0,0
1100005521,09/04/2015,Veritecnica SRL,,1,0,0
9102001249,09/04/2015,Veritecnica SRL,,0,1,0
1100005522,09/04/2015,Veritecnica SRL,,1,0,0
1100005523,09/04/2015,Veritecnica SRL,,1,0,0
1200003251,09/04/2015,Veritecnica SRL,,1,0,0
1100005524,09/04/2015,Veritecnica SRL,,1,0,0
1100005525,09/04/2015,Veritecnica SRL,,1,0,0
1200003252,09/04/2015,Veritecnica SRL,,1,0,0
1100005526,09/04/2015,Veritecnica SRL,,1,0,0
1200003253,09/04/2015,Veritecnica SRL,,1,0,0
1200003254,09/04/2015,Veritecnica SRL,,1,0,0
1200003255,09/04/2015,Veritecnica SRL,,1,0,0
9102001250,09/04/2015,Veritecnica SRL,,0,0,1
1200003256,09/04/2015,Veritecnica SRL,,1,0,0
1200003257,09/04/2015,Veritecnica SRL,,1,0,0
1100005527,09/04/2015,Veritecnica SRL,,1,0,0
1100005528,09/04/2015,Veritecnica SRL,,1,0,0
1100005529,09/04/2015,Veritecnica SRL,,1,0,0
1200003259,09/04/2015,Veritecnica SRL,,1,0,0
1100005530,09/04/2015,Veritecnica SRL,,1,0,0
1200003258,09/04/2015,Veritecnica SRL,,1,0,0
1100005531,09/04/2015,Veritecnica SRL,,1,0,0
1100005532,09/04/2015,Veritecnica SRL,,1,0,0
1200003260,09/04/2015,Veritecnica SRL,,1,0,0
1100005533,09/05/2015,Veritecnica SRL,,1,0,0
9102001251,09/05/2015,Veritecnica SRL,,0,1,0
1200003261,09/05/2015,Veritecnica SRL,,1,0,0
9102001252,09/05/2015,Veritecnica SRL,,0,0,1
1100005534,09/05/2015,Veritecnica SRL,,1,0,0
1200003262,09/05/2015,Veritecnica SRL,,1,0,0
1100005535,09/05/2015,Veritecnica SRL,,1,0,0
9102001253,09/05/2015,Veritecnica SRL,,0,0,1
1100005536,09/05/2015,Veritecnica SRL,,1,0,0
1100005537,09/05/2015,Veritecnica SRL,,1,0,0
1100005538,09/05/2015,Veritecnica SRL,,1,0,0
1100005539,09/05/2015,Veritecnica SRL,,1,0,0
1100005540,09/05/2015,Veritecnica SRL,,1,0,0
1100005541,09/05/2015,Veritecnica SRL,,1,0,0
1100005542,09/05/2015,Veritecnica SRL,,1,0,0
1200003263,09/05/2015,Veritecnica SRL,,1,0,0
1100005543,09/05/2015,Veritecnica SRL,,1,0,0
