Nrocertificado,Fecha,Idtaller,Dominiovehiculo,Aprobado,RechazadoLeveModerado,RechazadoGrave
1200004133,10/29/2015,Control SRL,,1,0,0
1100007263,10/29/2015,Control SRL,,1,0,0
9103000497,10/29/2015,Control SRL,,0,0,1
1100007264,10/29/2015,Control SRL,,1,0,0
9103000498,10/29/2015,Control SRL,,0,0,1
9103000499,10/29/2015,Control SRL,,0,0,1
1100007265,10/29/2015,Control SRL,,1,0,0
1100007266,10/29/2015,Control SRL,,1,0,0
1100007267,10/29/2015,Control SRL,,1,0,0
1200004134,10/29/2015,Control SRL,,1,0,0
1100007268,10/29/2015,Control SRL,,1,0,0
1200004135,10/29/2015,Control SRL,,1,0,0
1100007269,10/29/2015,Control SRL,,1,0,0
1100007270,10/29/2015,Control SRL,,1,0,0
9103000500,10/29/2015,Control SRL,,0,0,1
1200004136,10/29/2015,Control SRL,,1,0,0
9103000501,10/29/2015,Control SRL,,0,0,1
9103000502,10/29/2015,Control SRL,,0,0,1
1100007271,10/29/2015,Control SRL,,1,0,0
1100007272,10/29/2015,Control SRL,,1,0,0
1100007273,10/29/2015,Control SRL,,1,0,0
1100007274,10/29/2015,Control SRL,,1,0,0
1100007276,10/30/2015,Control SRL,,1,0,0
1100007277,10/30/2015,Control SRL,,1,0,0
9103000503,10/30/2015,Control SRL,,0,0,1
1100007278,10/30/2015,Control SRL,,1,0,0
1100007279,10/30/2015,Control SRL,,1,0,0
1100007280,10/30/2015,Control SRL,,1,0,0
9103000504,10/30/2015,Control SRL,,0,0,1
9103000505,10/30/2015,Control SRL,,0,0,1
9103000506,10/30/2015,Control SRL,,0,0,1
1100007275,10/30/2015,Control SRL,,1,0,0
1100007282,10/30/2015,Control SRL,,1,0,0
1100007283,10/30/2015,Control SRL,,1,0,0
1100007284,10/30/2015,Control SRL,,1,0,0
1100007285,10/30/2015,Control SRL,,1,0,0
1100007286,10/30/2015,Control SRL,,1,0,0
1100007287,10/30/2015,Control SRL,,1,0,0
1100007288,10/30/2015,Control SRL,,1,0,0
9103000507,10/30/2015,Control SRL,,0,0,1
1100007289,10/30/2015,Control SRL,,1,0,0
1200004137,10/30/2015,Control SRL,,1,0,0
1100007290,10/30/2015,Control SRL,,1,0,0
1100007291,10/30/2015,Control SRL,,1,0,0
1100007292,10/30/2015,Control SRL,,1,0,0
9203000214,10/30/2015,Control SRL,,0,0,1
1200004138,10/30/2015,Control SRL,,1,0,0
1200004139,10/30/2015,Control SRL,,1,0,0
9103000508,10/30/2015,Control SRL,,0,0,1
1100007293,10/30/2015,Control SRL,,1,0,0
1100007294,10/30/2015,Control SRL,,1,0,0
1100007295,10/30/2015,Control SRL,,1,0,0
9103000509,10/30/2015,Control SRL,,0,0,1
1100007296,10/30/2015,Control SRL,,1,0,0
1100007297,10/30/2015,Control SRL,,1,0,0
1200004140,10/30/2015,Control SRL,,1,0,0
1100007298,10/30/2015,Control SRL,,1,0,0
1100007299,10/30/2015,Control SRL,,1,0,0
9103000510,10/30/2015,Control SRL,,0,0,1
1100007300,10/30/2015,Control SRL,,1,0,0
1100006656,10/29/2015,Asociación de Bomberos Voluntarios - San Martín de los Andes,,1,0,0
9201000157,10/29/2015,Asociación de Bomberos Voluntarios - San Martín de los Andes,,0,0,1
9201000158,10/29/2015,Asociación de Bomberos Voluntarios - San Martín de los Andes,,0,0,1
1100006657,10/29/2015,Asociación de Bomberos Voluntarios - San Martín de los Andes,,1,0,0
9101000676,10/29/2015,Asociación de Bomberos Voluntarios - San Martín de los Andes,,0,1,0
1100006658,10/29/2015,Asociación de Bomberos Voluntarios - San Martín de los Andes,,1,0,0
1200002886,10/29/2015,Asociación de Bomberos Voluntarios - San Martín de los Andes,,1,0,0
1100006659,10/29/2015,Asociación de Bomberos Voluntarios - San Martín de los Andes,,1,0,0
1100006660,10/29/2015,Asociación de Bomberos Voluntarios - San Martín de los Andes,,1,0,0
1100006661,10/29/2015,Asociación de Bomberos Voluntarios - San Martín de los Andes,,1,0,0
1100006662,10/29/2015,Asociación de Bomberos Voluntarios - San Martín de los Andes,,1,0,0
9101000677,10/29/2015,Asociación de Bomberos Voluntarios - San Martín de los Andes,,0,0,1
1200002887,10/29/2015,Asociación de Bomberos Voluntarios - San Martín de los Andes,,1,0,0
1100006663,10/29/2015,Asociación de Bomberos Voluntarios - San Martín de los Andes,,1,0,0
9101000678,10/29/2015,Asociación de Bomberos Voluntarios - San Martín de los Andes,,0,0,1
1100006664,10/29/2015,Asociación de Bomberos Voluntarios - San Martín de los Andes,,1,0,0
1100006665,10/29/2015,Asociación de Bomberos Voluntarios - San Martín de los Andes,,1,0,0
1200002888,10/29/2015,Asociación de Bomberos Voluntarios - San Martín de los Andes,,1,0,0
1100006666,10/29/2015,Asociación de Bomberos Voluntarios - San Martín de los Andes,,1,0,0
1100006667,10/29/2015,Asociación de Bomberos Voluntarios - San Martín de los Andes,,1,0,0
1100006668,10/29/2015,Asociación de Bomberos Voluntarios - San Martín de los Andes,,1,0,0
9101000679,10/29/2015,Asociación de Bomberos Voluntarios - San Martín de los Andes,,0,0,1
1200002889,10/29/2015,Asociación de Bomberos Voluntarios - San Martín de los Andes,,1,0,0
1100006669,10/29/2015,Asociación de Bomberos Voluntarios - San Martín de los Andes,,1,0,0
1100006670,10/29/2015,Asociación de Bomberos Voluntarios - San Martín de los Andes,,1,0,0
1100006671,10/29/2015,Asociación de Bomberos Voluntarios - San Martín de los Andes,,1,0,0
1100006672,10/29/2015,Asociación de Bomberos Voluntarios - San Martín de los Andes,,1,0,0
1100006673,10/29/2015,Asociación de Bomberos Voluntarios - San Martín de los Andes,,1,0,0
1100006674,10/30/2015,Asociación de Bomberos Voluntarios - San Martín de los Andes,,1,0,0
1100006675,10/30/2015,Asociación de Bomberos Voluntarios - San Martín de los Andes,,1,0,0
1100006676,10/30/2015,Asociación de Bomberos Voluntarios - San Martín de los Andes,,1,0,0
1100006677,10/30/2015,Asociación de Bomberos Voluntarios - San Martín de los Andes,,1,0,0
1100006678,10/30/2015,Asociación de Bomberos Voluntarios - San Martín de los Andes,,1,0,0
1100006679,10/30/2015,Asociación de Bomberos Voluntarios - San Martín de los Andes,,1,0,0
9101000680,10/30/2015,Asociación de Bomberos Voluntarios - San Martín de los Andes,,0,1,0
9101000681,10/30/2015,Asociación de Bomberos Voluntarios - San Martín de los Andes,,0,1,0
1100006680,10/30/2015,Asociación de Bomberos Voluntarios - San Martín de los Andes,,1,0,0
9201000159,10/30/2015,Asociación de Bomberos Voluntarios - San Martín de los Andes,,0,0,1
1100006681,10/30/2015,Asociación de Bomberos Voluntarios - San Martín de los Andes,,1,0,0
9101000682,10/30/2015,Asociación de Bomberos Voluntarios - San Martín de los Andes,,0,1,0
1200002890,10/30/2015,Asociación de Bomberos Voluntarios - San Martín de los Andes,,1,0,0
1200002891,10/30/2015,Asociación de Bomberos Voluntarios - San Martín de los Andes,,1,0,0
1100006682,10/30/2015,Asociación de Bomberos Voluntarios - San Martín de los Andes,,1,0,0
1100006683,10/30/2015,Asociación de Bomberos Voluntarios - San Martín de los Andes,,1,0,0
1100006684,10/30/2015,Asociación de Bomberos Voluntarios - San Martín de los Andes,,1,0,0
1100006685,10/30/2015,Asociación de Bomberos Voluntarios - San Martín de los Andes,,1,0,0
1100006686,10/30/2015,Asociación de Bomberos Voluntarios - San Martín de los Andes,,1,0,0
1100006687,10/30/2015,Asociación de Bomberos Voluntarios - San Martín de los Andes,,1,0,0
1100006688,10/30/2015,Asociación de Bomberos Voluntarios - San Martín de los Andes,,1,0,0
9101000683,10/30/2015,Asociación de Bomberos Voluntarios - San Martín de los Andes,,0,0,1
1100006689,10/30/2015,Asociación de Bomberos Voluntarios - San Martín de los Andes,,1,0,0
1100006690,10/30/2015,Asociación de Bomberos Voluntarios - San Martín de los Andes,,1,0,0
9101000684,10/30/2015,Asociación de Bomberos Voluntarios - San Martín de los Andes,,0,1,0
1100006691,10/30/2015,Asociación de Bomberos Voluntarios - San Martín de los Andes,,1,0,0
9101000685,10/30/2015,Asociación de Bomberos Voluntarios - San Martín de los Andes,,0,0,1
1200002892,10/30/2015,Asociación de Bomberos Voluntarios - San Martín de los Andes,,1,0,0
1100006692,10/30/2015,Asociación de Bomberos Voluntarios - San Martín de los Andes,,1,0,0
1100006693,10/30/2015,Asociación de Bomberos Voluntarios - San Martín de los Andes,,1,0,0
1100007413,10/29/2015,Veritecnica SRL,,1,0,0
9102001561,10/29/2015,Veritecnica SRL,,0,1,0
9102001562,10/29/2015,Veritecnica SRL,,0,1,0
1100007414,10/29/2015,Veritecnica SRL,,1,0,0
1200004205,10/29/2015,Veritecnica SRL,,1,0,0
9202000377,10/29/2015,Veritecnica SRL,,0,0,1
1200004206,10/29/2015,Veritecnica SRL,,1,0,0
1100007415,10/29/2015,Veritecnica SRL,,1,0,0
1200004207,10/29/2015,Veritecnica SRL,,1,0,0
9102001563,10/29/2015,Veritecnica SRL,,0,1,0
1100007416,10/29/2015,Veritecnica SRL,,1,0,0
1100007417,10/29/2015,Veritecnica SRL,,1,0,0
9102001564,10/29/2015,Veritecnica SRL,,0,1,0
1200004208,10/29/2015,Veritecnica SRL,,1,0,0
1100007418,10/29/2015,Veritecnica SRL,,1,0,0
1100007419,10/29/2015,Veritecnica SRL,,1,0,0
1200004209,10/29/2015,Veritecnica SRL,,1,0,0
1100007420,10/29/2015,Veritecnica SRL,,1,0,0
1100007421,10/29/2015,Veritecnica SRL,,1,0,0
1100007422,10/29/2015,Veritecnica SRL,,1,0,0
1200004210,10/29/2015,Veritecnica SRL,,1,0,0
1200004211,10/29/2015,Veritecnica SRL,,1,0,0
1200004212,10/29/2015,Veritecnica SRL,,1,0,0
1200004213,10/29/2015,Veritecnica SRL,,1,0,0
1100007423,10/29/2015,Veritecnica SRL,,1,0,0
1100007424,10/29/2015,Veritecnica SRL,,1,0,0
1100007425,10/29/2015,Veritecnica SRL,,1,0,0
1100007426,10/29/2015,Veritecnica SRL,,1,0,0
9102001565,10/29/2015,Veritecnica SRL,,0,0,1
1100007427,10/29/2015,Veritecnica SRL,,1,0,0
1200004214,10/29/2015,Veritecnica SRL,,1,0,0
1100007428,10/29/2015,Veritecnica SRL,,1,0,0
1200004216,10/29/2015,Veritecnica SRL,,1,0,0
1200004215,10/29/2015,Veritecnica SRL,,1,0,0
1100007429,10/29/2015,Veritecnica SRL,,1,0,0
1200004217,10/29/2015,Veritecnica SRL,,1,0,0
9102001566,10/29/2015,Veritecnica SRL,,0,0,1
1100007430,10/29/2015,Veritecnica SRL,,1,0,0
1200004218,10/29/2015,Veritecnica SRL,,1,0,0
1100007431,10/29/2015,Veritecnica SRL,,1,0,0
1100007432,10/29/2015,Veritecnica SRL,,1,0,0
1200004219,10/29/2015,Veritecnica SRL,,1,0,0
1100007433,10/29/2015,Veritecnica SRL,,1,0,0
1100007434,10/29/2015,Veritecnica SRL,,1,0,0
1100007435,10/29/2015,Veritecnica SRL,,1,0,0
9102001567,10/30/2015,Veritecnica SRL,,0,0,1
1100007436,10/30/2015,Veritecnica SRL,,1,0,0
1100007437,10/30/2015,Veritecnica SRL,,1,0,0
9102001568,10/30/2015,Veritecnica SRL,,0,1,0
1100007438,10/30/2015,Veritecnica SRL,,1,0,0
1100007439,10/30/2015,Veritecnica SRL,,1,0,0
9102001569,10/30/2015,Veritecnica SRL,,0,0,1
1100007440,10/30/2015,Veritecnica SRL,,1,0,0
9102001570,10/30/2015,Veritecnica SRL,,0,0,1
1200004220,10/30/2015,Veritecnica SRL,,1,0,0
1200004221,10/30/2015,Veritecnica SRL,,1,0,0
9102001571,10/30/2015,Veritecnica SRL,,0,1,0
1200004222,10/30/2015,Veritecnica SRL,,1,0,0
1200004223,10/30/2015,Veritecnica SRL,,1,0,0
1200004224,10/30/2015,Veritecnica SRL,,1,0,0
1200004225,10/30/2015,Veritecnica SRL,,1,0,0
1100007441,10/30/2015,Veritecnica SRL,,1,0,0
1200004226,10/30/2015,Veritecnica SRL,,1,0,0
1100007442,10/30/2015,Veritecnica SRL,,1,0,0
1100007443,10/30/2015,Veritecnica SRL,,1,0,0
1200004227,10/30/2015,Veritecnica SRL,,1,0,0
1200004228,10/30/2015,Veritecnica SRL,,1,0,0
1100007444,10/30/2015,Veritecnica SRL,,1,0,0
1100007445,10/30/2015,Veritecnica SRL,,1,0,0
1100007446,10/30/2015,Veritecnica SRL,,1,0,0
1200004229,10/30/2015,Veritecnica SRL,,1,0,0
1100007447,10/30/2015,Veritecnica SRL,,1,0,0
1200004230,10/30/2015,Veritecnica SRL,,1,0,0
9202000378,10/30/2015,Veritecnica SRL,,0,0,1
1100007448,10/30/2015,Veritecnica SRL,,1,0,0
1100007449,10/30/2015,Veritecnica SRL,,1,0,0
1100007450,10/30/2015,Veritecnica SRL,,1,0,0
1100007451,10/30/2015,Veritecnica SRL,,1,0,0
9102001572,10/30/2015,Veritecnica SRL,,0,1,0
1100007452,10/30/2015,Veritecnica SRL,,1,0,0
1100007453,10/30/2015,Veritecnica SRL,,1,0,0
1200004231,10/30/2015,Veritecnica SRL,,1,0,0
