Nrocertificado,Fecha,Idtaller,Dominiovehiculo,Aprobado,RechazadoLeveModerado,RechazadoGrave
1100002172,05/30/2015,Asociación de Bomberos Voluntarios - San Martín de los Andes,,1,0,0
1100002173,05/30/2015,Asociación de Bomberos Voluntarios - San Martín de los Andes,,1,0,0
9101000313,05/30/2015,Asociación de Bomberos Voluntarios - San Martín de los Andes,,0,1,0
1100002174,05/30/2015,Asociación de Bomberos Voluntarios - San Martín de los Andes,,1,0,0
1100002175,05/30/2015,Asociación de Bomberos Voluntarios - San Martín de los Andes,,1,0,0
1100002350,05/30/2015,Veritecnica SRL,,1,0,0
9202000153,05/30/2015,Veritecnica SRL,,0,0,1
1100002351,05/30/2015,Veritecnica SRL,,1,0,0
1100002352,05/30/2015,Veritecnica SRL,,1,0,0
1100002353,05/30/2015,Veritecnica SRL,,1,0,0
1100002354,05/30/2015,Veritecnica SRL,,1,0,0
1100002355,05/30/2015,Veritecnica SRL,,1,0,0
9102000674,05/30/2015,Veritecnica SRL,,0,0,1
1100002356,05/30/2015,Veritecnica SRL,,1,0,0
9202000154,05/30/2015,Veritecnica SRL,,0,0,1
1100002358,05/30/2015,Veritecnica SRL,,1,0,0
1100002357,05/30/2015,Veritecnica SRL,,1,0,0
1100002359,05/30/2015,Veritecnica SRL,,1,0,0
1100002360,05/30/2015,Veritecnica SRL,,1,0,0
1200001710,05/30/2015,Veritecnica SRL,,1,0,0
1100002361,05/30/2015,Veritecnica SRL,,1,0,0
1100002362,05/30/2015,Veritecnica SRL,,1,0,0
1200001711,05/30/2015,Veritecnica SRL,,1,0,0
9202000155,05/30/2015,Veritecnica SRL,,0,0,1
1100002363,05/30/2015,Veritecnica SRL,,1,0,0
1200001712,05/30/2015,Veritecnica SRL,,1,0,0
