Nrocertificado,Fecha,Idtaller,Dominiovehiculo,Aprobado,RechazadoLeveModerado,RechazadoGrave
1100001574,05/22/2015,Control SRL,,1,0,0
1100001575,05/22/2015,Control SRL,,1,0,0
9203000066,05/22/2015,Control SRL,,0,1,0
9103000191,05/22/2015,Control SRL,,0,1,0
1100001576,05/22/2015,Control SRL,,1,0,0
1100001577,05/22/2015,Control SRL,,1,0,0
1100001580,05/22/2015,Control SRL,,1,0,0
1100001578,05/22/2015,Control SRL,,1,0,0
1100001579,05/22/2015,Control SRL,,1,0,0
1100001631,05/22/2015,Control SRL,,1,0,0
1100001632,05/22/2015,Control SRL,,1,0,0
1100001633,05/22/2015,Control SRL,,1,0,0
1200002059,05/22/2015,Control SRL,,1,0,0
1200002060,05/22/2015,Control SRL,,1,0,0
1100001634,05/22/2015,Control SRL,,1,0,0
1100001635,05/22/2015,Control SRL,,1,0,0
1100001636,05/22/2015,Control SRL,,1,0,0
1100001637,05/22/2015,Control SRL,,1,0,0
1100001638,05/22/2015,Control SRL,,1,0,0
1100001639,05/22/2015,Control SRL,,1,0,0
1200002061,05/22/2015,Control SRL,,1,0,0
1200002062,05/22/2015,Control SRL,,1,0,0
1100001640,05/22/2015,Control SRL,,1,0,0
1200002063,05/22/2015,Control SRL,,1,0,0
1100001641,05/22/2015,Control SRL,,1,0,0
1100001642,05/22/2015,Control SRL,,1,0,0
1200002064,05/22/2015,Control SRL,,1,0,0
1200002066,05/22/2015,Control SRL,,1,0,0
1200002065,05/22/2015,Control SRL,,1,0,0
1200000515,05/22/2015,Asociación de Bomberos Voluntarios - San Martín de los Andes,,1,0,0
9101000303,05/22/2015,Asociación de Bomberos Voluntarios - San Martín de los Andes,,0,1,0
1100002129,05/22/2015,Asociación de Bomberos Voluntarios - San Martín de los Andes,,1,0,0
1100002130,05/22/2015,Asociación de Bomberos Voluntarios - San Martín de los Andes,,1,0,0
1100002131,05/22/2015,Asociación de Bomberos Voluntarios - San Martín de los Andes,,1,0,0
1200000516,05/22/2015,Asociación de Bomberos Voluntarios - San Martín de los Andes,,1,0,0
1100002132,05/22/2015,Asociación de Bomberos Voluntarios - San Martín de los Andes,,1,0,0
1100002133,05/22/2015,Asociación de Bomberos Voluntarios - San Martín de los Andes,,1,0,0
1100002134,05/22/2015,Asociación de Bomberos Voluntarios - San Martín de los Andes,,1,0,0
1100002135,05/22/2015,Asociación de Bomberos Voluntarios - San Martín de los Andes,,1,0,0
9201000060,05/22/2015,Asociación de Bomberos Voluntarios - San Martín de los Andes,,0,1,0
1100002136,05/22/2015,Asociación de Bomberos Voluntarios - San Martín de los Andes,,1,0,0
1100002137,05/23/2015,Asociación de Bomberos Voluntarios - San Martín de los Andes,,1,0,0
1100002138,05/23/2015,Asociación de Bomberos Voluntarios - San Martín de los Andes,,1,0,0
1200000517,05/23/2015,Asociación de Bomberos Voluntarios - San Martín de los Andes,,1,0,0
1200000518,05/23/2015,Asociación de Bomberos Voluntarios - San Martín de los Andes,,1,0,0
1100002139,05/23/2015,Asociación de Bomberos Voluntarios - San Martín de los Andes,,1,0,0
1100001990,05/22/2015,Veritecnica SRL,,1,0,0
9102000636,05/22/2015,Veritecnica SRL,,0,0,1
9102000637,05/22/2015,Veritecnica SRL,,0,0,1
1100001991,05/22/2015,Veritecnica SRL,,1,0,0
1100001992,05/22/2015,Veritecnica SRL,,1,0,0
9102000638,05/22/2015,Veritecnica SRL,,0,1,0
1200001655,05/22/2015,Veritecnica SRL,,1,0,0
1200001656,05/22/2015,Veritecnica SRL,,1,0,0
1100001993,05/22/2015,Veritecnica SRL,,1,0,0
1100001994,05/22/2015,Veritecnica SRL,,1,0,0
1200001657,05/22/2015,Veritecnica SRL,,1,0,0
1100001995,05/22/2015,Veritecnica SRL,,1,0,0
1100001996,05/22/2015,Veritecnica SRL,,1,0,0
1100001997,05/22/2015,Veritecnica SRL,,1,0,0
9102000639,05/22/2015,Veritecnica SRL,,0,1,0
1100001998,05/22/2015,Veritecnica SRL,,1,0,0
9102000640,05/22/2015,Veritecnica SRL,,0,1,0
1200001658,05/22/2015,Veritecnica SRL,,1,0,0
1100001999,05/22/2015,Veritecnica SRL,,1,0,0
9102000641,05/22/2015,Veritecnica SRL,,0,1,0
1200001659,05/22/2015,Veritecnica SRL,,1,0,0
9102000642,05/22/2015,Veritecnica SRL,,0,0,1
1100002000,05/22/2015,Veritecnica SRL,,1,0,0
1100002001,05/22/2015,Veritecnica SRL,,1,0,0
9102000643,05/22/2015,Veritecnica SRL,,0,1,0
1100002003,05/22/2015,Veritecnica SRL,,1,0,0
9102000644,05/22/2015,Veritecnica SRL,,0,0,1
1200001660,05/22/2015,Veritecnica SRL,,1,0,0
1100002004,05/22/2015,Veritecnica SRL,,1,0,0
1100002005,05/22/2015,Veritecnica SRL,,1,0,0
9202000146,05/22/2015,Veritecnica SRL,,0,0,1
1200001661,05/22/2015,Veritecnica SRL,,1,0,0
1100002006,05/22/2015,Veritecnica SRL,,1,0,0
1200001662,05/22/2015,Veritecnica SRL,,1,0,0
1100002007,05/23/2015,Veritecnica SRL,,1,0,0
1100002008,05/23/2015,Veritecnica SRL,,1,0,0
1100002009,05/23/2015,Veritecnica SRL,,1,0,0
1200001663,05/23/2015,Veritecnica SRL,,1,0,0
9202000147,05/23/2015,Veritecnica SRL,,0,0,1
9102000645,05/23/2015,Veritecnica SRL,,0,0,1
1100002010,05/23/2015,Veritecnica SRL,,1,0,0
1100002011,05/23/2015,Veritecnica SRL,,1,0,0
1100002012,05/23/2015,Veritecnica SRL,,1,0,0
9202000148,05/23/2015,Veritecnica SRL,,0,0,1
1200001664,05/23/2015,Veritecnica SRL,,1,0,0
1200001665,05/23/2015,Veritecnica SRL,,1,0,0
1200001666,05/23/2015,Veritecnica SRL,,1,0,0
1100002013,05/23/2015,Veritecnica SRL,,1,0,0
1200001667,05/23/2015,Veritecnica SRL,,1,0,0
1100002014,05/23/2015,Veritecnica SRL,,1,0,0
1100002015,05/23/2015,Veritecnica SRL,,1,0,0
1100002016,05/23/2015,Veritecnica SRL,,1,0,0
1100002017,05/23/2015,Veritecnica SRL,,1,0,0
9102000646,05/23/2015,Veritecnica SRL,,0,0,1
1100002018,05/23/2015,Veritecnica SRL,,1,0,0
9102000647,05/23/2015,Veritecnica SRL,,0,1,0
1100002019,05/23/2015,Veritecnica SRL,,1,0,0
1100002020,05/23/2015,Veritecnica SRL,,1,0,0
1100002021,05/23/2015,Veritecnica SRL,,1,0,0
9102000648,05/23/2015,Veritecnica SRL,,0,0,1
1200001668,05/23/2015,Veritecnica SRL,,1,0,0
1200001669,05/23/2015,Veritecnica SRL,,1,0,0
