Nrocertificado,Fecha,Idtaller,Dominiovehiculo,Aprobado,RechazadoLeveModerado,RechazadoGrave
9103000269,07/08/2015,Control SRL,,0,0,1
1100003208,07/08/2015,Control SRL,,1,0,0
1100003209,07/08/2015,Control SRL,,1,0,0
1100003210,07/08/2015,Control SRL,,1,0,0
1100003211,07/08/2015,Control SRL,,1,0,0
1200002159,07/08/2015,Control SRL,,1,0,0
1100003212,07/08/2015,Control SRL,,1,0,0
1200002160,07/08/2015,Control SRL,,1,0,0
1100003213,07/08/2015,Control SRL,,1,0,0
1200002161,07/08/2015,Control SRL,,1,0,0
1100003214,07/08/2015,Control SRL,,1,0,0
1100003215,07/08/2015,Control SRL,,1,0,0
9203000106,07/08/2015,Control SRL,,0,0,1
1100003216,07/08/2015,Control SRL,,1,0,0
1100003217,07/08/2015,Control SRL,,1,0,0
9103000270,07/08/2015,Control SRL,,0,0,1
1100003218,07/08/2015,Control SRL,,1,0,0
9103000271,07/08/2015,Control SRL,,0,0,1
1100003219,07/08/2015,Control SRL,,1,0,0
1100003220,07/08/2015,Control SRL,,1,0,0
1100003221,07/08/2015,Control SRL,,1,0,0
1200002162,07/08/2015,Control SRL,,1,0,0
1100003222,07/08/2015,Control SRL,,1,0,0
1100003223,07/08/2015,Control SRL,,1,0,0
1100003224,07/08/2015,Control SRL,,1,0,0
1100003225,07/08/2015,Control SRL,,1,0,0
1100003226,07/08/2015,Control SRL,,1,0,0
9103000272,07/08/2015,Control SRL,,0,1,0
1100003227,07/08/2015,Control SRL,,1,0,0
1200002163,07/08/2015,Control SRL,,1,0,0
1100003228,07/08/2015,Control SRL,,1,0,0
1200002164,07/08/2015,Control SRL,,1,0,0
1100003229,07/08/2015,Control SRL,,1,0,0
9203000107,07/08/2015,Control SRL,,0,0,1
1100003230,07/08/2015,Control SRL,,1,0,0
9203000108,07/08/2015,Control SRL,,0,1,0
1200002165,07/08/2015,Control SRL,,1,0,0
1100003231,07/08/2015,Control SRL,,1,0,0
1100003232,07/08/2015,Control SRL,,1,0,0
1200002154,07/08/2015,Control SRL,,1,0,0
1200002156,07/08/2015,Control SRL,,1,0,0
1100003233,07/08/2015,Control SRL,,1,0,0
1100003234,07/08/2015,Control SRL,,1,0,0
1100003235,07/08/2015,Control SRL,,1,0,0
9203000109,07/08/2015,Control SRL,,0,1,0
1100002963,07/08/2015,Asociación de Bomberos Voluntarios - San Martín de los Andes,,1,0,0
1100002964,07/08/2015,Asociación de Bomberos Voluntarios - San Martín de los Andes,,1,0,0
1100002965,07/08/2015,Asociación de Bomberos Voluntarios - San Martín de los Andes,,1,0,0
9101000408,07/08/2015,Asociación de Bomberos Voluntarios - San Martín de los Andes,,0,0,1
1100002966,07/08/2015,Asociación de Bomberos Voluntarios - San Martín de los Andes,,1,0,0
9101000409,07/08/2015,Asociación de Bomberos Voluntarios - San Martín de los Andes,,0,0,1
1100002967,07/08/2015,Asociación de Bomberos Voluntarios - San Martín de los Andes,,1,0,0
1200000881,07/08/2015,Asociación de Bomberos Voluntarios - San Martín de los Andes,,1,0,0
1100002968,07/08/2015,Asociación de Bomberos Voluntarios - San Martín de los Andes,,1,0,0
1100002969,07/08/2015,Asociación de Bomberos Voluntarios - San Martín de los Andes,,1,0,0
9101000410,07/08/2015,Asociación de Bomberos Voluntarios - San Martín de los Andes,,0,1,0
9101000411,07/08/2015,Asociación de Bomberos Voluntarios - San Martín de los Andes,,0,1,0
1100002970,07/08/2015,Asociación de Bomberos Voluntarios - San Martín de los Andes,,1,0,0
1100002971,07/08/2015,Asociación de Bomberos Voluntarios - San Martín de los Andes,,1,0,0
9201000090,07/08/2015,Asociación de Bomberos Voluntarios - San Martín de los Andes,,0,1,0
1100002972,07/08/2015,Asociación de Bomberos Voluntarios - San Martín de los Andes,,1,0,0
1100002973,07/08/2015,Asociación de Bomberos Voluntarios - San Martín de los Andes,,1,0,0
9102000906,07/08/2015,Veritecnica SRL,,0,1,0
1100003975,07/08/2015,Veritecnica SRL,,1,0,0
1100003976,07/08/2015,Veritecnica SRL,,1,0,0
1200001966,07/08/2015,Veritecnica SRL,,1,0,0
9202000197,07/08/2015,Veritecnica SRL,,0,0,1
1100003977,07/08/2015,Veritecnica SRL,,1,0,0
1100003978,07/08/2015,Veritecnica SRL,,1,0,0
1100003979,07/08/2015,Veritecnica SRL,,1,0,0
1100003980,07/08/2015,Veritecnica SRL,,1,0,0
1100003981,07/08/2015,Veritecnica SRL,,1,0,0
1100003982,07/08/2015,Veritecnica SRL,,1,0,0
9102000907,07/08/2015,Veritecnica SRL,,0,0,1
9102000908,07/08/2015,Veritecnica SRL,,0,1,0
1100003983,07/08/2015,Veritecnica SRL,,1,0,0
1100003984,07/08/2015,Veritecnica SRL,,1,0,0
1100003985,07/08/2015,Veritecnica SRL,,1,0,0
9102000909,07/08/2015,Veritecnica SRL,,0,0,1
1100003986,07/08/2015,Veritecnica SRL,,1,0,0
1100003987,07/08/2015,Veritecnica SRL,,1,0,0
1100003988,07/08/2015,Veritecnica SRL,,1,0,0
9102000910,07/08/2015,Veritecnica SRL,,0,0,1
1200001967,07/08/2015,Veritecnica SRL,,1,0,0
9102000911,07/08/2015,Veritecnica SRL,,0,0,1
9102000912,07/08/2015,Veritecnica SRL,,0,0,1
9202000198,07/08/2015,Veritecnica SRL,,0,0,1
1100003989,07/08/2015,Veritecnica SRL,,1,0,0
1100003990,07/08/2015,Veritecnica SRL,,1,0,0
1200001968,07/08/2015,Veritecnica SRL,,1,0,0
9102000913,07/08/2015,Veritecnica SRL,,0,1,0
1100003991,07/08/2015,Veritecnica SRL,,1,0,0
1100003992,07/08/2015,Veritecnica SRL,,1,0,0
9102000914,07/08/2015,Veritecnica SRL,,0,1,0
1200001969,07/08/2015,Veritecnica SRL,,1,0,0
1200001970,07/08/2015,Veritecnica SRL,,1,0,0
1200001971,07/08/2015,Veritecnica SRL,,1,0,0
1100003993,07/08/2015,Veritecnica SRL,,1,0,0
1100003994,07/08/2015,Veritecnica SRL,,1,0,0
1200001972,07/08/2015,Veritecnica SRL,,1,0,0
1200001973,07/08/2015,Veritecnica SRL,,1,0,0
1200001974,07/08/2015,Veritecnica SRL,,1,0,0
1100003995,07/08/2015,Veritecnica SRL,,1,0,0
1100003996,07/08/2015,Veritecnica SRL,,1,0,0
1100003997,07/08/2015,Veritecnica SRL,,1,0,0
9102000915,07/08/2015,Veritecnica SRL,,0,0,1
1100003998,07/08/2015,Veritecnica SRL,,1,0,0
1100003999,07/08/2015,Veritecnica SRL,,1,0,0
1200001975,07/08/2015,Veritecnica SRL,,1,0,0
9202000199,07/08/2015,Veritecnica SRL,,0,0,1
1100004000,07/08/2015,Veritecnica SRL,,1,0,0
9102000916,07/08/2015,Veritecnica SRL,,0,0,1
9102000917,07/08/2015,Veritecnica SRL,,0,1,0
1100004011,07/08/2015,Veritecnica SRL,,1,0,0
1100004012,07/08/2015,Veritecnica SRL,,1,0,0
1200001976,07/08/2015,Veritecnica SRL,,1,0,0
9102000918,07/08/2015,Veritecnica SRL,,0,0,1
9102000919,07/08/2015,Veritecnica SRL,,0,0,1
