Nrocertificado,Fecha,Idtaller,Dominiovehiculo,Aprobado,RechazadoLeveModerado,RechazadoGrave
6813,01/10/2015,Asociación de Bomberos Voluntarios - San Martín de los Andes,,0,0,1
24173,01/10/2015,Asociación de Bomberos Voluntarios - San Martín de los Andes,,1,0,0
24174,01/10/2015,Asociación de Bomberos Voluntarios - San Martín de los Andes,,1,0,0
24175,01/10/2015,Asociación de Bomberos Voluntarios - San Martín de los Andes,,1,0,0
24176,01/10/2015,Asociación de Bomberos Voluntarios - San Martín de los Andes,,1,0,0
24177,01/10/2015,Asociación de Bomberos Voluntarios - San Martín de los Andes,,1,0,0
6814,01/10/2015,Asociación de Bomberos Voluntarios - San Martín de los Andes,,0,1,0
24178,01/10/2015,Asociación de Bomberos Voluntarios - San Martín de los Andes,,1,0,0
24179,01/10/2015,Asociación de Bomberos Voluntarios - San Martín de los Andes,,1,0,0
24180,01/10/2015,Asociación de Bomberos Voluntarios - San Martín de los Andes,,1,0,0
24181,01/10/2015,Asociación de Bomberos Voluntarios - San Martín de los Andes,,1,0,0
24182,01/10/2015,Asociación de Bomberos Voluntarios - San Martín de los Andes,,1,0,0
24183,01/10/2015,Asociación de Bomberos Voluntarios - San Martín de los Andes,,1,0,0
24184,01/10/2015,Asociación de Bomberos Voluntarios - San Martín de los Andes,,1,0,0
24185,01/10/2015,Asociación de Bomberos Voluntarios - San Martín de los Andes,,1,0,0
24186,01/10/2015,Asociación de Bomberos Voluntarios - San Martín de los Andes,,1,0,0
6815,01/10/2015,Asociación de Bomberos Voluntarios - San Martín de los Andes,,0,0,1
21816,01/10/2015,Asociación de Bomberos Voluntarios - San Martín de los Andes,,1,0,0
25100,01/10/2015,Veritecnica SRL,,1,0,0
25101,01/10/2015,Veritecnica SRL,,1,0,0
25102,01/10/2015,Veritecnica SRL,,1,0,0
25103,01/10/2015,Veritecnica SRL,,1,0,0
25104,01/10/2015,Veritecnica SRL,,1,0,0
25105,01/10/2015,Veritecnica SRL,,1,0,0
7421,01/10/2015,Veritecnica SRL,,0,1,0
7422,01/10/2015,Veritecnica SRL,,0,0,1
25106,01/10/2015,Veritecnica SRL,,1,0,0
7423,01/10/2015,Veritecnica SRL,,0,1,0
25107,01/10/2015,Veritecnica SRL,,1,0,0
25108,01/10/2015,Veritecnica SRL,,1,0,0
25109,01/10/2015,Veritecnica SRL,,1,0,0
7424,01/10/2015,Veritecnica SRL,,0,1,0
25110,01/10/2015,Veritecnica SRL,,1,0,0
7425,01/10/2015,Veritecnica SRL,,0,1,0
25111,01/10/2015,Veritecnica SRL,,1,0,0
25112,01/10/2015,Veritecnica SRL,,1,0,0
25113,01/10/2015,Veritecnica SRL,,1,0,0
7426,01/10/2015,Veritecnica SRL,,0,1,0
7427,01/10/2015,Veritecnica SRL,,0,0,1
25114,01/10/2015,Veritecnica SRL,,1,0,0
7428,01/10/2015,Veritecnica SRL,,0,0,1
25115,01/10/2015,Veritecnica SRL,,1,0,0
25116,01/10/2015,Veritecnica SRL,,1,0,0
25117,01/10/2015,Veritecnica SRL,,1,0,0
7429,01/10/2015,Veritecnica SRL,,0,0,1
23625,01/10/2015,Veritecnica SRL,,1,0,0
7430,01/10/2015,Veritecnica SRL,,0,0,1
25118,01/10/2015,Veritecnica SRL,,1,0,0
7431,01/10/2015,Veritecnica SRL,,0,0,1
25119,01/10/2015,Veritecnica SRL,,1,0,0
7432,01/10/2015,Veritecnica SRL,,0,1,0
23626,01/10/2015,Veritecnica SRL,,1,0,0
25120,01/10/2015,Veritecnica SRL,,1,0,0
3482,01/10/2015,Veritecnica SRL,,1,0,0
23627,01/10/2015,Veritecnica SRL,,1,0,0
25121,01/10/2015,Veritecnica SRL,,1,0,0
7433,01/10/2015,Veritecnica SRL,,0,1,0
23628,01/10/2015,Veritecnica SRL,,1,0,0
7434,01/10/2015,Veritecnica SRL,,0,1,0
25122,01/10/2015,Veritecnica SRL,,1,0,0
25123,01/10/2015,Veritecnica SRL,,1,0,0
25124,01/10/2015,Veritecnica SRL,,1,0,0
23629,01/10/2015,Veritecnica SRL,,1,0,0
25125,01/10/2015,Veritecnica SRL,,1,0,0
7435,01/10/2015,Veritecnica SRL,,0,0,1
7436,01/10/2015,Veritecnica SRL,,0,1,0
25126,01/10/2015,Veritecnica SRL,,1,0,0
25127,01/10/2015,Veritecnica SRL,,1,0,0
25128,01/10/2015,Veritecnica SRL,,1,0,0
