Nrocertificado,Fecha,Idtaller,Dominiovehiculo,Aprobado,RechazadoLeveModerado,RechazadoGrave
1100005604,09/18/2015,Control SRL,,1,0,0
1100005649,09/18/2015,Control SRL,,1,0,0
9103000389,09/18/2015,Control SRL,,0,0,1
9203000185,09/18/2015,Control SRL,,0,0,1
9103000390,09/18/2015,Control SRL,,0,0,1
1100005650,09/18/2015,Control SRL,,1,0,0
1200003616,09/18/2015,Control SRL,,1,0,0
1100005651,09/18/2015,Control SRL,,1,0,0
9103000391,09/18/2015,Control SRL,,0,0,1
1200003617,09/18/2015,Control SRL,,1,0,0
1100005652,09/18/2015,Control SRL,,1,0,0
1100005653,09/18/2015,Control SRL,,1,0,0
1100005654,09/18/2015,Control SRL,,1,0,0
1200003618,09/18/2015,Control SRL,,1,0,0
1100005655,09/18/2015,Control SRL,,1,0,0
1100005656,09/18/2015,Control SRL,,1,0,0
1100005657,09/18/2015,Control SRL,,1,0,0
1200003621,09/18/2015,Control SRL,,1,0,0
1100005659,09/18/2015,Control SRL,,1,0,0
9203000186,09/18/2015,Control SRL,,0,0,1
1100005660,09/18/2015,Control SRL,,1,0,0
1200003620,09/18/2015,Control SRL,,1,0,0
1200003619,09/18/2015,Control SRL,,1,0,0
1100005661,09/18/2015,Control SRL,,1,0,0
1200003623,09/18/2015,Control SRL,,1,0,0
1200003622,09/18/2015,Control SRL,,1,0,0
1100005662,09/18/2015,Control SRL,,1,0,0
9103000392,09/18/2015,Control SRL,,0,0,1
1100005663,09/18/2015,Control SRL,,1,0,0
1100005664,09/18/2015,Control SRL,,1,0,0
9103000393,09/18/2015,Control SRL,,0,0,1
1100005473,09/18/2015,Asociación de Bomberos Voluntarios - San Martín de los Andes,,1,0,0
1100005474,09/18/2015,Asociación de Bomberos Voluntarios - San Martín de los Andes,,1,0,0
1100005475,09/18/2015,Asociación de Bomberos Voluntarios - San Martín de los Andes,,1,0,0
1100005476,09/18/2015,Asociación de Bomberos Voluntarios - San Martín de los Andes,,1,0,0
9101000543,09/18/2015,Asociación de Bomberos Voluntarios - San Martín de los Andes,,0,0,1
1100005477,09/18/2015,Asociación de Bomberos Voluntarios - San Martín de los Andes,,1,0,0
1200002838,09/18/2015,Asociación de Bomberos Voluntarios - San Martín de los Andes,,1,0,0
1100005478,09/18/2015,Asociación de Bomberos Voluntarios - San Martín de los Andes,,1,0,0
9101000544,09/18/2015,Asociación de Bomberos Voluntarios - San Martín de los Andes,,0,0,1
1200002839,09/18/2015,Asociación de Bomberos Voluntarios - San Martín de los Andes,,1,0,0
1100005479,09/18/2015,Asociación de Bomberos Voluntarios - San Martín de los Andes,,1,0,0
9101000545,09/18/2015,Asociación de Bomberos Voluntarios - San Martín de los Andes,,0,0,1
9101000546,09/18/2015,Asociación de Bomberos Voluntarios - San Martín de los Andes,,0,0,1
9101000547,09/19/2015,Asociación de Bomberos Voluntarios - San Martín de los Andes,,0,1,0
1100005480,09/19/2015,Asociación de Bomberos Voluntarios - San Martín de los Andes,,1,0,0
1200002840,09/19/2015,Asociación de Bomberos Voluntarios - San Martín de los Andes,,1,0,0
1100005481,09/19/2015,Asociación de Bomberos Voluntarios - San Martín de los Andes,,1,0,0
9101000548,09/19/2015,Asociación de Bomberos Voluntarios - San Martín de los Andes,,0,1,0
1100005482,09/19/2015,Asociación de Bomberos Voluntarios - San Martín de los Andes,,1,0,0
1100005483,09/19/2015,Asociación de Bomberos Voluntarios - San Martín de los Andes,,1,0,0
1100005484,09/19/2015,Asociación de Bomberos Voluntarios - San Martín de los Andes,,1,0,0
1100005485,09/19/2015,Asociación de Bomberos Voluntarios - San Martín de los Andes,,1,0,0
9101000549,09/19/2015,Asociación de Bomberos Voluntarios - San Martín de los Andes,,0,0,1
1100005486,09/19/2015,Asociación de Bomberos Voluntarios - San Martín de los Andes,,1,0,0
1200002841,09/19/2015,Asociación de Bomberos Voluntarios - San Martín de los Andes,,1,0,0
1200002842,09/19/2015,Asociación de Bomberos Voluntarios - San Martín de los Andes,,1,0,0
1100006164,09/18/2015,Veritecnica SRL,,1,0,0
1200003368,09/18/2015,Veritecnica SRL,,1,0,0
1100006165,09/18/2015,Veritecnica SRL,,1,0,0
1100006166,09/18/2015,Veritecnica SRL,,1,0,0
1200003369,09/18/2015,Veritecnica SRL,,1,0,0
1100006167,09/18/2015,Veritecnica SRL,,1,0,0
1200003370,09/18/2015,Veritecnica SRL,,1,0,0
9102001320,09/18/2015,Veritecnica SRL,,0,0,1
1100006168,09/18/2015,Veritecnica SRL,,1,0,0
1200003371,09/18/2015,Veritecnica SRL,,1,0,0
9102001321,09/18/2015,Veritecnica SRL,,0,0,1
1100006169,09/18/2015,Veritecnica SRL,,1,0,0
1100006170,09/18/2015,Veritecnica SRL,,1,0,0
1100006171,09/18/2015,Veritecnica SRL,,1,0,0
1100006172,09/18/2015,Veritecnica SRL,,1,0,0
1100006173,09/18/2015,Veritecnica SRL,,1,0,0
1100006174,09/18/2015,Veritecnica SRL,,1,0,0
1100006175,09/18/2015,Veritecnica SRL,,1,0,0
1100006176,09/18/2015,Veritecnica SRL,,1,0,0
1200003372,09/18/2015,Veritecnica SRL,,1,0,0
9102001322,09/18/2015,Veritecnica SRL,,0,1,0
1200003373,09/18/2015,Veritecnica SRL,,1,0,0
1100006177,09/18/2015,Veritecnica SRL,,1,0,0
1200003374,09/18/2015,Veritecnica SRL,,1,0,0
1100006178,09/18/2015,Veritecnica SRL,,1,0,0
9102001323,09/18/2015,Veritecnica SRL,,0,0,1
1200003375,09/18/2015,Veritecnica SRL,,1,0,0
1200003376,09/18/2015,Veritecnica SRL,,1,0,0
1100006179,09/18/2015,Veritecnica SRL,,1,0,0
1100006180,09/18/2015,Veritecnica SRL,,1,0,0
9102001324,09/18/2015,Veritecnica SRL,,0,0,1
9202000300,09/18/2015,Veritecnica SRL,,0,0,1
1200003377,09/18/2015,Veritecnica SRL,,1,0,0
1100006181,09/18/2015,Veritecnica SRL,,1,0,0
1100006182,09/18/2015,Veritecnica SRL,,1,0,0
1100006183,09/18/2015,Veritecnica SRL,,1,0,0
9102001325,09/18/2015,Veritecnica SRL,,0,0,1
1100006184,09/18/2015,Veritecnica SRL,,1,0,0
9102001326,09/18/2015,Veritecnica SRL,,0,1,0
1200003378,09/18/2015,Veritecnica SRL,,1,0,0
1200003379,09/18/2015,Veritecnica SRL,,1,0,0
1200003380,09/18/2015,Veritecnica SRL,,1,0,0
1100006185,09/18/2015,Veritecnica SRL,,1,0,0
1200003381,09/18/2015,Veritecnica SRL,,1,0,0
1100006186,09/18/2015,Veritecnica SRL,,1,0,0
9102001327,09/19/2015,Veritecnica SRL,,0,1,0
1100006187,09/19/2015,Veritecnica SRL,,1,0,0
1200003382,09/19/2015,Veritecnica SRL,,1,0,0
9102001328,09/19/2015,Veritecnica SRL,,0,1,0
1100006188,09/19/2015,Veritecnica SRL,,1,0,0
1100006189,09/19/2015,Veritecnica SRL,,1,0,0
9102001329,09/19/2015,Veritecnica SRL,,0,0,1
1100006190,09/19/2015,Veritecnica SRL,,1,0,0
1100006191,09/19/2015,Veritecnica SRL,,1,0,0
1100006192,09/19/2015,Veritecnica SRL,,1,0,0
9102001330,09/19/2015,Veritecnica SRL,,0,0,1
9102001331,09/19/2015,Veritecnica SRL,,0,1,0
1100006193,09/19/2015,Veritecnica SRL,,1,0,0
