Nrocertificado,Fecha,Idtaller,Dominiovehiculo,Aprobado,RechazadoLeveModerado,RechazadoGrave
1200003898,11/18/2015,Control SRL,,1,0,0
1200004355,11/18/2015,Control SRL,,1,0,0
1100008024,11/18/2015,Control SRL,,1,0,0
1100008025,11/18/2015,Control SRL,,1,0,0
1100008026,11/18/2015,Control SRL,,1,0,0
1100008027,11/18/2015,Control SRL,,1,0,0
9103000573,11/18/2015,Control SRL,,0,0,1
1100008028,11/18/2015,Control SRL,,1,0,0
1200004357,11/18/2015,Control SRL,,1,0,0
1200004358,11/18/2015,Control SRL,,1,0,0
9103000574,11/18/2015,Control SRL,,0,0,1
9103000575,11/18/2015,Control SRL,,0,0,1
1100008029,11/18/2015,Control SRL,,1,0,0
1100008030,11/18/2015,Control SRL,,1,0,0
9103000576,11/18/2015,Control SRL,,0,0,1
1100008031,11/18/2015,Control SRL,,1,0,0
9103000577,11/18/2015,Control SRL,,0,0,1
1100008032,11/18/2015,Control SRL,,1,0,0
1200004359,11/18/2015,Control SRL,,1,0,0
1100008033,11/18/2015,Control SRL,,1,0,0
1200004360,11/18/2015,Control SRL,,1,0,0
1100008034,11/18/2015,Control SRL,,1,0,0
1200004361,11/18/2015,Control SRL,,1,0,0
1200004362,11/18/2015,Control SRL,,1,0,0
1100008035,11/18/2015,Control SRL,,1,0,0
1200004363,11/18/2015,Control SRL,,1,0,0
1100008036,11/18/2015,Control SRL,,1,0,0
1100008037,11/18/2015,Control SRL,,1,0,0
1100008038,11/18/2015,Control SRL,,1,0,0
1100008039,11/18/2015,Control SRL,,1,0,0
1200004364,11/18/2015,Control SRL,,1,0,0
1100008040,11/18/2015,Control SRL,,1,0,0
1200004365,11/18/2015,Control SRL,,1,0,0
1100008041,11/19/2015,Control SRL,,1,0,0
1100008042,11/19/2015,Control SRL,,1,0,0
1100008043,11/19/2015,Control SRL,,1,0,0
1100008044,11/19/2015,Control SRL,,1,0,0
9203000237,11/19/2015,Control SRL,,0,0,1
1100008045,11/19/2015,Control SRL,,1,0,0
9103000578,11/19/2015,Control SRL,,0,0,1
1100008046,11/19/2015,Control SRL,,1,0,0
1100008047,11/19/2015,Control SRL,,1,0,0
9103000579,11/19/2015,Control SRL,,0,0,1
1100008048,11/19/2015,Control SRL,,1,0,0
1100008049,11/19/2015,Control SRL,,1,0,0
1200004367,11/19/2015,Control SRL,,1,0,0
9203000238,11/19/2015,Control SRL,,0,0,1
1100008050,11/19/2015,Control SRL,,1,0,0
1100008051,11/19/2015,Control SRL,,1,0,0
1200004368,11/19/2015,Control SRL,,1,0,0
1100008052,11/19/2015,Control SRL,,1,0,0
1100008053,11/19/2015,Control SRL,,1,0,0
1100008054,11/19/2015,Control SRL,,1,0,0
1200004369,11/19/2015,Control SRL,,1,0,0
1200004370,11/19/2015,Control SRL,,1,0,0
1100008055,11/19/2015,Control SRL,,1,0,0
1100008056,11/19/2015,Control SRL,,1,0,0
1100008057,11/19/2015,Control SRL,,1,0,0
1100008058,11/19/2015,Control SRL,,1,0,0
1100008059,11/19/2015,Control SRL,,1,0,0
1100008060,11/19/2015,Control SRL,,1,0,0
1100008061,11/19/2015,Control SRL,,1,0,0
9101000792,11/18/2015,Asociación de Bomberos Voluntarios - San Martín de los Andes,,0,0,1
9101000793,11/18/2015,Asociación de Bomberos Voluntarios - San Martín de los Andes,,0,1,0
1100008536,11/18/2015,Asociación de Bomberos Voluntarios - San Martín de los Andes,,1,0,0
1100008538,11/18/2015,Asociación de Bomberos Voluntarios - San Martín de los Andes,,1,0,0
1100008539,11/18/2015,Asociación de Bomberos Voluntarios - San Martín de los Andes,,1,0,0
1200002918,11/18/2015,Asociación de Bomberos Voluntarios - San Martín de los Andes,,1,0,0
1100008540,11/18/2015,Asociación de Bomberos Voluntarios - San Martín de los Andes,,1,0,0
1200002919,11/18/2015,Asociación de Bomberos Voluntarios - San Martín de los Andes,,1,0,0
1100008541,11/18/2015,Asociación de Bomberos Voluntarios - San Martín de los Andes,,1,0,0
1100008542,11/18/2015,Asociación de Bomberos Voluntarios - San Martín de los Andes,,1,0,0
9101000794,11/18/2015,Asociación de Bomberos Voluntarios - San Martín de los Andes,,0,1,0
1100008543,11/18/2015,Asociación de Bomberos Voluntarios - San Martín de los Andes,,1,0,0
1100008544,11/18/2015,Asociación de Bomberos Voluntarios - San Martín de los Andes,,1,0,0
1100008545,11/18/2015,Asociación de Bomberos Voluntarios - San Martín de los Andes,,1,0,0
1100008546,11/18/2015,Asociación de Bomberos Voluntarios - San Martín de los Andes,,1,0,0
1100008547,11/18/2015,Asociación de Bomberos Voluntarios - San Martín de los Andes,,1,0,0
1200002920,11/18/2015,Asociación de Bomberos Voluntarios - San Martín de los Andes,,1,0,0
1100008548,11/18/2015,Asociación de Bomberos Voluntarios - San Martín de los Andes,,1,0,0
1100008549,11/18/2015,Asociación de Bomberos Voluntarios - San Martín de los Andes,,1,0,0
9101000795,11/18/2015,Asociación de Bomberos Voluntarios - San Martín de los Andes,,0,0,1
9101000796,11/19/2015,Asociación de Bomberos Voluntarios - San Martín de los Andes,,0,1,0
9101000797,11/19/2015,Asociación de Bomberos Voluntarios - San Martín de los Andes,,0,0,1
1100008550,11/19/2015,Asociación de Bomberos Voluntarios - San Martín de los Andes,,1,0,0
1100008551,11/19/2015,Asociación de Bomberos Voluntarios - San Martín de los Andes,,1,0,0
1200002921,11/19/2015,Asociación de Bomberos Voluntarios - San Martín de los Andes,,1,0,0
9101000798,11/19/2015,Asociación de Bomberos Voluntarios - San Martín de los Andes,,0,0,1
1100008552,11/19/2015,Asociación de Bomberos Voluntarios - San Martín de los Andes,,1,0,0
1100008553,11/19/2015,Asociación de Bomberos Voluntarios - San Martín de los Andes,,1,0,0
1100008554,11/19/2015,Asociación de Bomberos Voluntarios - San Martín de los Andes,,1,0,0
1200002922,11/19/2015,Asociación de Bomberos Voluntarios - San Martín de los Andes,,1,0,0
1100008555,11/19/2015,Asociación de Bomberos Voluntarios - San Martín de los Andes,,1,0,0
1100008556,11/19/2015,Asociación de Bomberos Voluntarios - San Martín de los Andes,,1,0,0
9101000799,11/19/2015,Asociación de Bomberos Voluntarios - San Martín de los Andes,,0,1,0
1100008557,11/19/2015,Asociación de Bomberos Voluntarios - San Martín de los Andes,,1,0,0
9101000800,11/19/2015,Asociación de Bomberos Voluntarios - San Martín de los Andes,,0,1,0
1100008558,11/19/2015,Asociación de Bomberos Voluntarios - San Martín de los Andes,,1,0,0
1100008559,11/19/2015,Asociación de Bomberos Voluntarios - San Martín de los Andes,,1,0,0
1100008560,11/19/2015,Asociación de Bomberos Voluntarios - San Martín de los Andes,,1,0,0
9201000172,11/19/2015,Asociación de Bomberos Voluntarios - San Martín de los Andes,,0,1,0
9101000801,11/19/2015,Asociación de Bomberos Voluntarios - San Martín de los Andes,,0,1,0
1100008561,11/19/2015,Asociación de Bomberos Voluntarios - San Martín de los Andes,,1,0,0
1200002923,11/19/2015,Asociación de Bomberos Voluntarios - San Martín de los Andes,,1,0,0
1100008562,11/19/2015,Asociación de Bomberos Voluntarios - San Martín de los Andes,,1,0,0
1100008563,11/19/2015,Asociación de Bomberos Voluntarios - San Martín de los Andes,,1,0,0
9201000173,11/19/2015,Asociación de Bomberos Voluntarios - San Martín de los Andes,,0,1,0
1100008564,11/19/2015,Asociación de Bomberos Voluntarios - San Martín de los Andes,,1,0,0
1100008565,11/19/2015,Asociación de Bomberos Voluntarios - San Martín de los Andes,,1,0,0
1100008566,11/19/2015,Asociación de Bomberos Voluntarios - San Martín de los Andes,,1,0,0
1100008567,11/19/2015,Asociación de Bomberos Voluntarios - San Martín de los Andes,,1,0,0
9101000802,11/19/2015,Asociación de Bomberos Voluntarios - San Martín de los Andes,,0,1,0
1100008568,11/19/2015,Asociación de Bomberos Voluntarios - San Martín de los Andes,,1,0,0
9101000803,11/19/2015,Asociación de Bomberos Voluntarios - San Martín de los Andes,,0,1,0
1100008569,11/19/2015,Asociación de Bomberos Voluntarios - San Martín de los Andes,,1,0,0
9201000174,11/19/2015,Asociación de Bomberos Voluntarios - San Martín de los Andes,,0,0,1
1100008570,11/19/2015,Asociación de Bomberos Voluntarios - San Martín de los Andes,,1,0,0
1100008571,11/19/2015,Asociación de Bomberos Voluntarios - San Martín de los Andes,,1,0,0
1100008183,11/18/2015,Veritecnica SRL,,1,0,0
1100008184,11/18/2015,Veritecnica SRL,,1,0,0
1100008185,11/18/2015,Veritecnica SRL,,1,0,0
1100008186,11/18/2015,Veritecnica SRL,,1,0,0
9102001692,11/18/2015,Veritecnica SRL,,0,1,0
1200004477,11/18/2015,Veritecnica SRL,,1,0,0
9102001693,11/18/2015,Veritecnica SRL,,0,1,0
9102001694,11/18/2015,Veritecnica SRL,,0,0,1
1100008187,11/18/2015,Veritecnica SRL,,1,0,0
1100008188,11/18/2015,Veritecnica SRL,,1,0,0
1100008189,11/18/2015,Veritecnica SRL,,1,0,0
1200004478,11/18/2015,Veritecnica SRL,,1,0,0
9102001695,11/18/2015,Veritecnica SRL,,0,1,0
9102001696,11/18/2015,Veritecnica SRL,,0,0,1
1100008190,11/18/2015,Veritecnica SRL,,1,0,0
1200004479,11/18/2015,Veritecnica SRL,,1,0,0
1100008191,11/18/2015,Veritecnica SRL,,1,0,0
1200004480,11/18/2015,Veritecnica SRL,,1,0,0
9102001697,11/18/2015,Veritecnica SRL,,0,0,1
1100008192,11/18/2015,Veritecnica SRL,,1,0,0
1100008193,11/18/2015,Veritecnica SRL,,1,0,0
1100008195,11/18/2015,Veritecnica SRL,,1,0,0
1100008194,11/18/2015,Veritecnica SRL,,1,0,0
9202000405,11/18/2015,Veritecnica SRL,,0,0,1
1200004481,11/18/2015,Veritecnica SRL,,1,0,0
1200004482,11/18/2015,Veritecnica SRL,,1,0,0
1100008196,11/18/2015,Veritecnica SRL,,1,0,0
1200004483,11/18/2015,Veritecnica SRL,,1,0,0
1200004484,11/18/2015,Veritecnica SRL,,1,0,0
9102001698,11/18/2015,Veritecnica SRL,,0,1,0
1200004485,11/18/2015,Veritecnica SRL,,1,0,0
1100008197,11/18/2015,Veritecnica SRL,,1,0,0
9102001699,11/18/2015,Veritecnica SRL,,0,1,0
1100008198,11/18/2015,Veritecnica SRL,,1,0,0
9102001700,11/18/2015,Veritecnica SRL,,0,0,1
9102001701,11/18/2015,Veritecnica SRL,,0,1,0
1200004486,11/18/2015,Veritecnica SRL,,1,0,0
1100008199,11/18/2015,Veritecnica SRL,,1,0,0
1200004487,11/18/2015,Veritecnica SRL,,1,0,0
9102001702,11/18/2015,Veritecnica SRL,,0,1,0
1100008200,11/18/2015,Veritecnica SRL,,1,0,0
1100008201,11/18/2015,Veritecnica SRL,,1,0,0
9202000406,11/18/2015,Veritecnica SRL,,0,0,1
1100008202,11/18/2015,Veritecnica SRL,,1,0,0
1100008203,11/18/2015,Veritecnica SRL,,1,0,0
1100008204,11/18/2015,Veritecnica SRL,,1,0,0
9102001703,11/18/2015,Veritecnica SRL,,0,1,0
9102001704,11/18/2015,Veritecnica SRL,,0,1,0
1100008205,11/18/2015,Veritecnica SRL,,1,0,0
1100008206,11/18/2015,Veritecnica SRL,,1,0,0
9102001705,11/18/2015,Veritecnica SRL,,0,1,0
1100008207,11/19/2015,Veritecnica SRL,,1,0,0
1100008208,11/19/2015,Veritecnica SRL,,1,0,0
9102001706,11/19/2015,Veritecnica SRL,,0,0,1
1100008209,11/19/2015,Veritecnica SRL,,1,0,0
9102001707,11/19/2015,Veritecnica SRL,,0,0,1
1100008210,11/19/2015,Veritecnica SRL,,1,0,0
1100008411,11/19/2015,Veritecnica SRL,,1,0,0
1100008412,11/19/2015,Veritecnica SRL,,1,0,0
1100008413,11/19/2015,Veritecnica SRL,,1,0,0
1200004488,11/19/2015,Veritecnica SRL,,1,0,0
9102001708,11/19/2015,Veritecnica SRL,,0,0,1
1100008414,11/19/2015,Veritecnica SRL,,1,0,0
1100008415,11/19/2015,Veritecnica SRL,,1,0,0
1100008416,11/19/2015,Veritecnica SRL,,1,0,0
9102001709,11/19/2015,Veritecnica SRL,,0,1,0
9202000407,11/19/2015,Veritecnica SRL,,0,0,1
1100008417,11/19/2015,Veritecnica SRL,,1,0,0
1200004489,11/19/2015,Veritecnica SRL,,1,0,0
1100008418,11/19/2015,Veritecnica SRL,,1,0,0
1200004490,11/19/2015,Veritecnica SRL,,1,0,0
1200004491,11/19/2015,Veritecnica SRL,,1,0,0
1200004492,11/19/2015,Veritecnica SRL,,1,0,0
1100008419,11/19/2015,Veritecnica SRL,,1,0,0
1100008420,11/19/2015,Veritecnica SRL,,1,0,0
1200004493,11/19/2015,Veritecnica SRL,,1,0,0
1100008421,11/19/2015,Veritecnica SRL,,1,0,0
1100008422,11/19/2015,Veritecnica SRL,,1,0,0
1200004494,11/19/2015,Veritecnica SRL,,1,0,0
1200004495,11/19/2015,Veritecnica SRL,,1,0,0
1100008423,11/19/2015,Veritecnica SRL,,1,0,0
9102001710,11/19/2015,Veritecnica SRL,,0,1,0
1100008424,11/19/2015,Veritecnica SRL,,1,0,0
1200004496,11/19/2015,Veritecnica SRL,,1,0,0
1200004497,11/19/2015,Veritecnica SRL,,1,0,0
9102001711,11/19/2015,Veritecnica SRL,,0,0,1
1100008425,11/19/2015,Veritecnica SRL,,1,0,0
1200004498,11/19/2015,Veritecnica SRL,,1,0,0
1100008426,11/19/2015,Veritecnica SRL,,1,0,0
1200004499,11/19/2015,Veritecnica SRL,,1,0,0
1200004500,11/19/2015,Veritecnica SRL,,1,0,0
1100008427,11/19/2015,Veritecnica SRL,,1,0,0
1100008428,11/19/2015,Veritecnica SRL,,1,0,0
1100008429,11/19/2015,Veritecnica SRL,,1,0,0
1200004501,11/19/2015,Veritecnica SRL,,1,0,0
1100008430,11/19/2015,Veritecnica SRL,,1,0,0
1200004502,11/19/2015,Veritecnica SRL,,1,0,0
1100008431,11/19/2015,Veritecnica SRL,,1,0,0
1100008432,11/19/2015,Veritecnica SRL,,1,0,0
1100008433,11/19/2015,Veritecnica SRL,,1,0,0
1100008434,11/19/2015,Veritecnica SRL,,1,0,0
9102001712,11/19/2015,Veritecnica SRL,,0,0,1
9102001713,11/19/2015,Veritecnica SRL,,0,0,1
1100008435,11/19/2015,Veritecnica SRL,,1,0,0
1100008436,11/19/2015,Veritecnica SRL,,1,0,0
1100008437,11/19/2015,Veritecnica SRL,,1,0,0
9102001714,11/19/2015,Veritecnica SRL,,0,0,1
1100008438,11/19/2015,Veritecnica SRL,,1,0,0
1100008439,11/19/2015,Veritecnica SRL,,1,0,0
