Nrocertificado,Fecha,Idtaller,Dominiovehiculo,Aprobado,RechazadoLeveModerado,RechazadoGrave
28167,03/09/2015,Control SRL,,1,0,0
21946,03/09/2015,Control SRL,,1,0,0
21947,03/09/2015,Control SRL,,1,0,0
28168,03/09/2015,Control SRL,,1,0,0
28169,03/09/2015,Control SRL,,1,0,0
28170,03/09/2015,Control SRL,,1,0,0
1200000282,03/09/2015,Control SRL,,1,0,0
9203000014,03/09/2015,Control SRL,,0,0,1
9203000015,03/09/2015,Control SRL,,0,1,0
28171,03/09/2015,Control SRL,,1,0,0
21948,03/09/2015,Control SRL,,1,0,0
1200000283,03/09/2015,Control SRL,,1,0,0
1200000284,03/09/2015,Control SRL,,1,0,0
28172,03/09/2015,Control SRL,,1,0,0
21949,03/09/2015,Control SRL,,1,0,0
28173,03/09/2015,Control SRL,,1,0,0
28174,03/09/2015,Control SRL,,1,0,0
1200000285,03/09/2015,Control SRL,,1,0,0
1200000286,03/09/2015,Control SRL,,1,0,0
1200000287,03/09/2015,Control SRL,,1,0,0
9103000044,03/09/2015,Control SRL,,0,1,0
9103000045,03/09/2015,Control SRL,,0,0,1
28175,03/09/2015,Control SRL,,1,0,0
28176,03/09/2015,Control SRL,,1,0,0
1200000288,03/09/2015,Control SRL,,1,0,0
1200000290,03/09/2015,Control SRL,,1,0,0
1200000291,03/09/2015,Control SRL,,1,0,0
9103000046,03/09/2015,Control SRL,,0,0,1
1200000292,03/09/2015,Control SRL,,1,0,0
1200000289,03/09/2015,Control SRL,,1,0,0
1200000293,03/09/2015,Control SRL,,1,0,0
9103000047,03/09/2015,Control SRL,,0,1,0
1200000294,03/09/2015,Control SRL,,1,0,0
21950,03/09/2015,Control SRL,,1,0,0
1200000295,03/09/2015,Control SRL,,1,0,0
28177,03/09/2015,Control SRL,,1,0,0
1200000296,03/09/2015,Control SRL,,1,0,0
28178,03/09/2015,Control SRL,,1,0,0
28179,03/10/2015,Control SRL,,1,0,0
28180,03/10/2015,Control SRL,,1,0,0
28181,03/10/2015,Control SRL,,1,0,0
28182,03/10/2015,Control SRL,,1,0,0
28183,03/10/2015,Control SRL,,1,0,0
28184,03/10/2015,Control SRL,,1,0,0
28185,03/10/2015,Control SRL,,1,0,0
28186,03/10/2015,Control SRL,,1,0,0
28187,03/10/2015,Control SRL,,1,0,0
28188,03/10/2015,Control SRL,,1,0,0
28189,03/10/2015,Control SRL,,1,0,0
28190,03/10/2015,Control SRL,,1,0,0
1200000297,03/10/2015,Control SRL,,1,0,0
9103000048,03/10/2015,Control SRL,,0,1,0
28191,03/10/2015,Control SRL,,1,0,0
9203000016,03/10/2015,Control SRL,,0,0,1
28192,03/10/2015,Control SRL,,1,0,0
28193,03/10/2015,Control SRL,,1,0,0
28194,03/10/2015,Control SRL,,1,0,0
28195,03/10/2015,Control SRL,,1,0,0
28196,03/10/2015,Control SRL,,1,0,0
28197,03/10/2015,Control SRL,,1,0,0
28198,03/10/2015,Control SRL,,1,0,0
9101000072,03/09/2015,Asociación de Bomberos Voluntarios - San Martín de los Andes,,0,1,0
21864,03/09/2015,Asociación de Bomberos Voluntarios - San Martín de los Andes,,1,0,0
21865,03/09/2015,Asociación de Bomberos Voluntarios - San Martín de los Andes,,1,0,0
9101000073,03/09/2015,Asociación de Bomberos Voluntarios - San Martín de los Andes,,0,1,0
9101000074,03/09/2015,Asociación de Bomberos Voluntarios - San Martín de los Andes,,0,0,1
9101000075,03/09/2015,Asociación de Bomberos Voluntarios - San Martín de los Andes,,0,1,0
28621,03/09/2015,Asociación de Bomberos Voluntarios - San Martín de los Andes,,1,0,0
9101000076,03/09/2015,Asociación de Bomberos Voluntarios - San Martín de los Andes,,0,1,0
1200000123,03/09/2015,Asociación de Bomberos Voluntarios - San Martín de los Andes,,1,0,0
9101000077,03/09/2015,Asociación de Bomberos Voluntarios - San Martín de los Andes,,0,0,1
28622,03/09/2015,Asociación de Bomberos Voluntarios - San Martín de los Andes,,1,0,0
9101000078,03/09/2015,Asociación de Bomberos Voluntarios - San Martín de los Andes,,0,1,0
28623,03/09/2015,Asociación de Bomberos Voluntarios - San Martín de los Andes,,1,0,0
28624,03/09/2015,Asociación de Bomberos Voluntarios - San Martín de los Andes,,1,0,0
28625,03/09/2015,Asociación de Bomberos Voluntarios - San Martín de los Andes,,1,0,0
9101000079,03/09/2015,Asociación de Bomberos Voluntarios - San Martín de los Andes,,0,1,0
28626,03/09/2015,Asociación de Bomberos Voluntarios - San Martín de los Andes,,1,0,0
9101000080,03/09/2015,Asociación de Bomberos Voluntarios - San Martín de los Andes,,0,1,0
9201000012,03/09/2015,Asociación de Bomberos Voluntarios - San Martín de los Andes,,0,1,0
9101000081,03/09/2015,Asociación de Bomberos Voluntarios - San Martín de los Andes,,0,0,1
28627,03/09/2015,Asociación de Bomberos Voluntarios - San Martín de los Andes,,1,0,0
28628,03/09/2015,Asociación de Bomberos Voluntarios - San Martín de los Andes,,1,0,0
9101000082,03/09/2015,Asociación de Bomberos Voluntarios - San Martín de los Andes,,0,1,0
28629,03/10/2015,Asociación de Bomberos Voluntarios - San Martín de los Andes,,1,0,0
1200000122,03/10/2015,Asociación de Bomberos Voluntarios - San Martín de los Andes,,1,0,0
28630,03/10/2015,Asociación de Bomberos Voluntarios - San Martín de los Andes,,1,0,0
9101000083,03/10/2015,Asociación de Bomberos Voluntarios - San Martín de los Andes,,0,1,0
9101000084,03/10/2015,Asociación de Bomberos Voluntarios - San Martín de los Andes,,0,1,0
1200000124,03/10/2015,Asociación de Bomberos Voluntarios - San Martín de los Andes,,1,0,0
28631,03/10/2015,Asociación de Bomberos Voluntarios - San Martín de los Andes,,1,0,0
28632,03/10/2015,Asociación de Bomberos Voluntarios - San Martín de los Andes,,1,0,0
28633,03/10/2015,Asociación de Bomberos Voluntarios - San Martín de los Andes,,1,0,0
28634,03/10/2015,Asociación de Bomberos Voluntarios - San Martín de los Andes,,1,0,0
28635,03/10/2015,Asociación de Bomberos Voluntarios - San Martín de los Andes,,1,0,0
9201000013,03/10/2015,Asociación de Bomberos Voluntarios - San Martín de los Andes,,0,1,0
1200000125,03/10/2015,Asociación de Bomberos Voluntarios - San Martín de los Andes,,1,0,0
9101000085,03/10/2015,Asociación de Bomberos Voluntarios - San Martín de los Andes,,0,1,0
28636,03/10/2015,Asociación de Bomberos Voluntarios - San Martín de los Andes,,1,0,0
28637,03/10/2015,Asociación de Bomberos Voluntarios - San Martín de los Andes,,1,0,0
9101000086,03/10/2015,Asociación de Bomberos Voluntarios - San Martín de los Andes,,0,1,0
9101000087,03/10/2015,Asociación de Bomberos Voluntarios - San Martín de los Andes,,0,1,0
28638,03/10/2015,Asociación de Bomberos Voluntarios - San Martín de los Andes,,1,0,0
28639,03/10/2015,Asociación de Bomberos Voluntarios - San Martín de los Andes,,1,0,0
28640,03/10/2015,Asociación de Bomberos Voluntarios - San Martín de los Andes,,1,0,0
28641,03/10/2015,Asociación de Bomberos Voluntarios - San Martín de los Andes,,1,0,0
28642,03/10/2015,Asociación de Bomberos Voluntarios - San Martín de los Andes,,1,0,0
28643,03/10/2015,Asociación de Bomberos Voluntarios - San Martín de los Andes,,1,0,0
28644,03/10/2015,Asociación de Bomberos Voluntarios - San Martín de los Andes,,1,0,0
9101000088,03/10/2015,Asociación de Bomberos Voluntarios - San Martín de los Andes,,0,1,0
28645,03/10/2015,Asociación de Bomberos Voluntarios - San Martín de los Andes,,1,0,0
9101000089,03/10/2015,Asociación de Bomberos Voluntarios - San Martín de los Andes,,0,0,1
28523,03/09/2015,Veritecnica SRL,,1,0,0
28524,03/09/2015,Veritecnica SRL,,1,0,0
28525,03/09/2015,Veritecnica SRL,,1,0,0
9102000270,03/09/2015,Veritecnica SRL,,0,1,0
28526,03/09/2015,Veritecnica SRL,,1,0,0
28527,03/09/2015,Veritecnica SRL,,1,0,0
28528,03/09/2015,Veritecnica SRL,,1,0,0
9102000271,03/09/2015,Veritecnica SRL,,0,0,1
28529,03/09/2015,Veritecnica SRL,,1,0,0
9202000046,03/09/2015,Veritecnica SRL,,0,0,1
28530,03/09/2015,Veritecnica SRL,,1,0,0
28531,03/09/2015,Veritecnica SRL,,1,0,0
1200000233,03/09/2015,Veritecnica SRL,,1,0,0
28532,03/09/2015,Veritecnica SRL,,1,0,0
1200000234,03/09/2015,Veritecnica SRL,,1,0,0
28533,03/09/2015,Veritecnica SRL,,1,0,0
1200000235,03/09/2015,Veritecnica SRL,,1,0,0
9102000272,03/09/2015,Veritecnica SRL,,0,1,0
9102000273,03/09/2015,Veritecnica SRL,,0,0,1
28534,03/09/2015,Veritecnica SRL,,1,0,0
28535,03/09/2015,Veritecnica SRL,,1,0,0
28536,03/09/2015,Veritecnica SRL,,1,0,0
9102000274,03/09/2015,Veritecnica SRL,,0,0,1
28537,03/09/2015,Veritecnica SRL,,1,0,0
28538,03/09/2015,Veritecnica SRL,,1,0,0
28539,03/09/2015,Veritecnica SRL,,1,0,0
28540,03/09/2015,Veritecnica SRL,,1,0,0
1200000236,03/09/2015,Veritecnica SRL,,1,0,0
28541,03/09/2015,Veritecnica SRL,,1,0,0
28542,03/09/2015,Veritecnica SRL,,1,0,0
28543,03/09/2015,Veritecnica SRL,,1,0,0
1200000237,03/09/2015,Veritecnica SRL,,1,0,0
28544,03/09/2015,Veritecnica SRL,,1,0,0
1200000238,03/09/2015,Veritecnica SRL,,1,0,0
1200000239,03/09/2015,Veritecnica SRL,,1,0,0
28545,03/09/2015,Veritecnica SRL,,1,0,0
1200000240,03/09/2015,Veritecnica SRL,,1,0,0
28546,03/09/2015,Veritecnica SRL,,1,0,0
28547,03/09/2015,Veritecnica SRL,,1,0,0
28548,03/09/2015,Veritecnica SRL,,1,0,0
28549,03/09/2015,Veritecnica SRL,,1,0,0
28550,03/09/2015,Veritecnica SRL,,1,0,0
28551,03/09/2015,Veritecnica SRL,,1,0,0
1200000241,03/09/2015,Veritecnica SRL,,1,0,0
1200000401,03/09/2015,Veritecnica SRL,,1,0,0
28552,03/09/2015,Veritecnica SRL,,1,0,0
9102000275,03/09/2015,Veritecnica SRL,,0,1,0
9102000276,03/10/2015,Veritecnica SRL,,0,1,0
28553,03/10/2015,Veritecnica SRL,,1,0,0
9102000277,03/10/2015,Veritecnica SRL,,0,1,0
28554,03/10/2015,Veritecnica SRL,,1,0,0
28555,03/10/2015,Veritecnica SRL,,1,0,0
28556,03/10/2015,Veritecnica SRL,,1,0,0
28557,03/10/2015,Veritecnica SRL,,1,0,0
28558,03/10/2015,Veritecnica SRL,,1,0,0
28559,03/10/2015,Veritecnica SRL,,1,0,0
28560,03/10/2015,Veritecnica SRL,,1,0,0
1200000242,03/10/2015,Veritecnica SRL,,1,0,0
28561,03/10/2015,Veritecnica SRL,,1,0,0
28562,03/10/2015,Veritecnica SRL,,1,0,0
28563,03/10/2015,Veritecnica SRL,,1,0,0
28564,03/10/2015,Veritecnica SRL,,1,0,0
28565,03/10/2015,Veritecnica SRL,,1,0,0
28566,03/10/2015,Veritecnica SRL,,1,0,0
1200000243,03/10/2015,Veritecnica SRL,,1,0,0
28567,03/10/2015,Veritecnica SRL,,1,0,0
9102000278,03/10/2015,Veritecnica SRL,,0,1,0
9102000279,03/10/2015,Veritecnica SRL,,0,1,0
28568,03/10/2015,Veritecnica SRL,,1,0,0
9202000047,03/10/2015,Veritecnica SRL,,0,0,1
28569,03/10/2015,Veritecnica SRL,,1,0,0
1200000244,03/10/2015,Veritecnica SRL,,1,0,0
9102000280,03/10/2015,Veritecnica SRL,,0,0,1
9102000281,03/10/2015,Veritecnica SRL,,0,1,0
1200000245,03/10/2015,Veritecnica SRL,,1,0,0
1200000246,03/10/2015,Veritecnica SRL,,1,0,0
1200000247,03/10/2015,Veritecnica SRL,,1,0,0
9202000048,03/10/2015,Veritecnica SRL,,0,0,1
9102000282,03/10/2015,Veritecnica SRL,,0,1,0
9202000049,03/10/2015,Veritecnica SRL,,0,0,1
1200000248,03/10/2015,Veritecnica SRL,,1,0,0
1200000249,03/10/2015,Veritecnica SRL,,1,0,0
9102000283,03/10/2015,Veritecnica SRL,,0,0,1
1200000250,03/10/2015,Veritecnica SRL,,1,0,0
1200000402,03/10/2015,Veritecnica SRL,,1,0,0
1200000403,03/10/2015,Veritecnica SRL,,1,0,0
1200000405,03/10/2015,Veritecnica SRL,,1,0,0
9202000050,03/10/2015,Veritecnica SRL,,0,0,1
1200000407,03/10/2015,Veritecnica SRL,,1,0,0
28570,03/10/2015,Veritecnica SRL,,1,0,0
1200000408,03/10/2015,Veritecnica SRL,,1,0,0
28571,03/10/2015,Veritecnica SRL,,1,0,0
28572,03/10/2015,Veritecnica SRL,,1,0,0
28573,03/10/2015,Veritecnica SRL,,1,0,0
1200000409,03/10/2015,Veritecnica SRL,,1,0,0
9102000284,03/10/2015,Veritecnica SRL,,0,0,1
28574,03/10/2015,Veritecnica SRL,,1,0,0
1200000410,03/10/2015,Veritecnica SRL,,1,0,0
1200000406,03/10/2015,Veritecnica SRL,,1,0,0
9102000285,03/10/2015,Veritecnica SRL,,0,1,0
