Nrocertificado,Fecha,Idtaller,Dominiovehiculo,Aprobado,RechazadoLeveModerado,RechazadoGrave
1100000997,05/11/2015,Control SRL,,1,0,0
1200001630,05/11/2015,Control SRL,,1,0,0
1200001631,05/11/2015,Control SRL,,1,0,0
1100000998,05/11/2015,Control SRL,,1,0,0
1200001632,05/11/2015,Control SRL,,1,0,0
1100000999,05/11/2015,Control SRL,,1,0,0
9103000165,05/11/2015,Control SRL,,0,0,1
1200001633,05/11/2015,Control SRL,,1,0,0
1200001634,05/11/2015,Control SRL,,1,0,0
1200001635,05/11/2015,Control SRL,,1,0,0
1100001000,05/11/2015,Control SRL,,1,0,0
1100001432,05/11/2015,Control SRL,,1,0,0
1100001431,05/11/2015,Control SRL,,1,0,0
9103000166,05/11/2015,Control SRL,,0,0,1
1200001636,05/11/2015,Control SRL,,1,0,0
1100001433,05/11/2015,Control SRL,,1,0,0
9203000054,05/11/2015,Control SRL,,0,0,1
1100001434,05/11/2015,Control SRL,,1,0,0
1200001637,05/11/2015,Control SRL,,1,0,0
1100001435,05/11/2015,Control SRL,,1,0,0
1200001638,05/11/2015,Control SRL,,1,0,0
1100001436,05/11/2015,Control SRL,,1,0,0
1100001437,05/11/2015,Control SRL,,1,0,0
1100001438,05/11/2015,Control SRL,,1,0,0
1100001439,05/11/2015,Control SRL,,1,0,0
1100001440,05/11/2015,Control SRL,,1,0,0
9203000055,05/11/2015,Control SRL,,0,0,1
1100001441,05/11/2015,Control SRL,,1,0,0
1200001639,05/11/2015,Control SRL,,1,0,0
1100001442,05/11/2015,Control SRL,,1,0,0
1100001338,05/11/2015,Asociación de Bomberos Voluntarios - San Martín de los Andes,,1,0,0
1100001339,05/11/2015,Asociación de Bomberos Voluntarios - San Martín de los Andes,,1,0,0
1100001340,05/11/2015,Asociación de Bomberos Voluntarios - San Martín de los Andes,,1,0,0
9101000280,05/11/2015,Asociación de Bomberos Voluntarios - San Martín de los Andes,,0,1,0
1100001341,05/11/2015,Asociación de Bomberos Voluntarios - San Martín de los Andes,,1,0,0
1100001342,05/11/2015,Asociación de Bomberos Voluntarios - San Martín de los Andes,,1,0,0
1200000395,05/11/2015,Asociación de Bomberos Voluntarios - San Martín de los Andes,,1,0,0
1100001343,05/11/2015,Asociación de Bomberos Voluntarios - San Martín de los Andes,,1,0,0
1100001344,05/11/2015,Asociación de Bomberos Voluntarios - San Martín de los Andes,,1,0,0
1100001345,05/11/2015,Asociación de Bomberos Voluntarios - San Martín de los Andes,,1,0,0
1100001346,05/11/2015,Asociación de Bomberos Voluntarios - San Martín de los Andes,,1,0,0
1100001347,05/11/2015,Asociación de Bomberos Voluntarios - San Martín de los Andes,,1,0,0
1100001348,05/11/2015,Asociación de Bomberos Voluntarios - San Martín de los Andes,,1,0,0
1100001349,05/11/2015,Asociación de Bomberos Voluntarios - San Martín de los Andes,,1,0,0
1100001350,05/11/2015,Asociación de Bomberos Voluntarios - San Martín de los Andes,,1,0,0
9201000053,05/11/2015,Asociación de Bomberos Voluntarios - San Martín de los Andes,,0,0,1
9101000281,05/11/2015,Asociación de Bomberos Voluntarios - San Martín de los Andes,,0,1,0
1100001351,05/11/2015,Asociación de Bomberos Voluntarios - San Martín de los Andes,,1,0,0
9101000282,05/11/2015,Asociación de Bomberos Voluntarios - San Martín de los Andes,,0,1,0
1100001352,05/11/2015,Asociación de Bomberos Voluntarios - San Martín de los Andes,,1,0,0
1100001353,05/11/2015,Asociación de Bomberos Voluntarios - San Martín de los Andes,,1,0,0
1100001354,05/11/2015,Asociación de Bomberos Voluntarios - San Martín de los Andes,,1,0,0
1100001355,05/11/2015,Asociación de Bomberos Voluntarios - San Martín de los Andes,,1,0,0
1200000396,05/11/2015,Asociación de Bomberos Voluntarios - San Martín de los Andes,,1,0,0
9101000283,05/11/2015,Asociación de Bomberos Voluntarios - San Martín de los Andes,,0,1,0
1200000397,05/11/2015,Asociación de Bomberos Voluntarios - San Martín de los Andes,,1,0,0
1200001505,05/11/2015,Veritecnica SRL,,1,0,0
1200001506,05/11/2015,Veritecnica SRL,,1,0,0
9102000568,05/11/2015,Veritecnica SRL,,0,0,1
9102000569,05/11/2015,Veritecnica SRL,,0,0,1
1100001823,05/11/2015,Veritecnica SRL,,1,0,0
1100001824,05/11/2015,Veritecnica SRL,,1,0,0
1100001825,05/11/2015,Veritecnica SRL,,1,0,0
9202000121,05/11/2015,Veritecnica SRL,,0,0,1
1100001826,05/11/2015,Veritecnica SRL,,1,0,0
1200001507,05/11/2015,Veritecnica SRL,,1,0,0
9102000570,05/11/2015,Veritecnica SRL,,0,0,1
1200001508,05/11/2015,Veritecnica SRL,,1,0,0
9202000122,05/11/2015,Veritecnica SRL,,0,0,1
1200001509,05/11/2015,Veritecnica SRL,,1,0,0
9202000123,05/11/2015,Veritecnica SRL,,0,0,1
1100001827,05/11/2015,Veritecnica SRL,,1,0,0
9102000571,05/11/2015,Veritecnica SRL,,0,0,1
1100001828,05/11/2015,Veritecnica SRL,,1,0,0
9102000572,05/11/2015,Veritecnica SRL,,0,0,1
1100001829,05/11/2015,Veritecnica SRL,,1,0,0
1200001510,05/11/2015,Veritecnica SRL,,1,0,0
9102000573,05/11/2015,Veritecnica SRL,,0,0,1
1200001511,05/11/2015,Veritecnica SRL,,1,0,0
1100001830,05/11/2015,Veritecnica SRL,,1,0,0
9102000574,05/11/2015,Veritecnica SRL,,0,0,1
1100001831,05/11/2015,Veritecnica SRL,,1,0,0
1100001832,05/11/2015,Veritecnica SRL,,1,0,0
1200001512,05/11/2015,Veritecnica SRL,,1,0,0
1100001833,05/11/2015,Veritecnica SRL,,1,0,0
1100001834,05/11/2015,Veritecnica SRL,,1,0,0
9102000575,05/11/2015,Veritecnica SRL,,0,1,0
9102000576,05/11/2015,Veritecnica SRL,,0,1,0
9102000577,05/11/2015,Veritecnica SRL,,0,1,0
1200001513,05/11/2015,Veritecnica SRL,,1,0,0
1200001514,05/11/2015,Veritecnica SRL,,1,0,0
