Nrocertificado,Fecha,Idtaller,Dominiovehiculo,Aprobado,RechazadoLeveModerado,RechazadoGrave
28093,02/27/2015,Control SRL,,1,0,0
28094,02/27/2015,Control SRL,,1,0,0
21906,02/27/2015,Control SRL,,1,0,0
28095,02/27/2015,Control SRL,,1,0,0
9203000005,02/27/2015,Control SRL,,0,0,1
21907,02/27/2015,Control SRL,,1,0,0
28096,02/27/2015,Control SRL,,1,0,0
28097,02/27/2015,Control SRL,,1,0,0
1200000081,02/27/2015,Control SRL,,1,0,0
1200000082,02/27/2015,Control SRL,,1,0,0
1200000083,02/27/2015,Control SRL,,1,0,0
1200000084,02/27/2015,Control SRL,,1,0,0
9203000006,02/27/2015,Control SRL,,0,0,1
1200000085,02/27/2015,Control SRL,,1,0,0
1200000086,02/27/2015,Control SRL,,1,0,0
1200000087,02/27/2015,Control SRL,,1,0,0
1200000088,02/27/2015,Control SRL,,1,0,0
28098,02/27/2015,Control SRL,,1,0,0
28099,02/27/2015,Control SRL,,1,0,0
28100,02/27/2015,Control SRL,,1,0,0
21908,02/27/2015,Control SRL,,1,0,0
28101,02/27/2015,Control SRL,,1,0,0
9103000033,02/27/2015,Control SRL,,0,0,1
1200000089,02/27/2015,Control SRL,,1,0,0
28102,02/27/2015,Control SRL,,1,0,0
28103,02/27/2015,Control SRL,,1,0,0
26816,02/27/2015,Asociación de Bomberos Voluntarios - San Martín de los Andes,,1,0,0
21855,02/27/2015,Asociación de Bomberos Voluntarios - San Martín de los Andes,,1,0,0
26817,02/27/2015,Asociación de Bomberos Voluntarios - San Martín de los Andes,,1,0,0
1200000107,02/27/2015,Asociación de Bomberos Voluntarios - San Martín de los Andes,,1,0,0
26818,02/27/2015,Asociación de Bomberos Voluntarios - San Martín de los Andes,,1,0,0
26819,02/27/2015,Asociación de Bomberos Voluntarios - San Martín de los Andes,,1,0,0
26820,02/27/2015,Asociación de Bomberos Voluntarios - San Martín de los Andes,,1,0,0
9101000026,02/27/2015,Asociación de Bomberos Voluntarios - San Martín de los Andes,,0,1,0
26821,02/27/2015,Asociación de Bomberos Voluntarios - San Martín de los Andes,,1,0,0
26822,02/27/2015,Asociación de Bomberos Voluntarios - San Martín de los Andes,,1,0,0
26823,02/27/2015,Asociación de Bomberos Voluntarios - San Martín de los Andes,,1,0,0
21856,02/27/2015,Asociación de Bomberos Voluntarios - San Martín de los Andes,,1,0,0
26824,02/27/2015,Asociación de Bomberos Voluntarios - San Martín de los Andes,,1,0,0
9101000027,02/27/2015,Asociación de Bomberos Voluntarios - San Martín de los Andes,,0,0,1
26825,02/27/2015,Asociación de Bomberos Voluntarios - San Martín de los Andes,,1,0,0
26826,02/27/2015,Asociación de Bomberos Voluntarios - San Martín de los Andes,,1,0,0
9101000028,02/27/2015,Asociación de Bomberos Voluntarios - San Martín de los Andes,,0,1,0
26827,02/28/2015,Asociación de Bomberos Voluntarios - San Martín de los Andes,,1,0,0
21857,02/28/2015,Asociación de Bomberos Voluntarios - San Martín de los Andes,,1,0,0
9101000029,02/28/2015,Asociación de Bomberos Voluntarios - San Martín de los Andes,,0,1,0
26828,02/28/2015,Asociación de Bomberos Voluntarios - San Martín de los Andes,,1,0,0
26829,02/28/2015,Asociación de Bomberos Voluntarios - San Martín de los Andes,,1,0,0
26830,02/28/2015,Asociación de Bomberos Voluntarios - San Martín de los Andes,,1,0,0
26831,02/28/2015,Asociación de Bomberos Voluntarios - San Martín de los Andes,,1,0,0
9102000221,02/27/2015,Veritecnica SRL,,0,1,0
23998,02/27/2015,Veritecnica SRL,,1,0,0
23999,02/27/2015,Veritecnica SRL,,1,0,0
1200000166,02/27/2015,Veritecnica SRL,,1,0,0
28405,02/27/2015,Veritecnica SRL,,1,0,0
28406,02/27/2015,Veritecnica SRL,,1,0,0
24000,02/27/2015,Veritecnica SRL,,1,0,0
1200000167,02/27/2015,Veritecnica SRL,,1,0,0
21951,02/27/2015,Veritecnica SRL,,1,0,0
28407,02/27/2015,Veritecnica SRL,,1,0,0
29152,02/27/2015,Veritecnica SRL,,1,0,0
21953,02/27/2015,Veritecnica SRL,,1,0,0
21954,02/27/2015,Veritecnica SRL,,1,0,0
21955,02/27/2015,Veritecnica SRL,,1,0,0
21956,02/27/2015,Veritecnica SRL,,1,0,0
9102000222,02/27/2015,Veritecnica SRL,,0,0,1
28408,02/27/2015,Veritecnica SRL,,1,0,0
9102000223,02/27/2015,Veritecnica SRL,,0,1,0
21957,02/27/2015,Veritecnica SRL,,1,0,0
28409,02/27/2015,Veritecnica SRL,,1,0,0
1200000168,02/27/2015,Veritecnica SRL,,1,0,0
21958,02/27/2015,Veritecnica SRL,,1,0,0
1200000169,02/27/2015,Veritecnica SRL,,1,0,0
1200000170,02/27/2015,Veritecnica SRL,,1,0,0
9202000024,02/27/2015,Veritecnica SRL,,0,0,1
9102000224,02/27/2015,Veritecnica SRL,,0,0,1
28410,02/27/2015,Veritecnica SRL,,1,0,0
9102000225,02/27/2015,Veritecnica SRL,,0,0,1
1200000171,02/27/2015,Veritecnica SRL,,1,0,0
28411,02/27/2015,Veritecnica SRL,,1,0,0
21959,02/27/2015,Veritecnica SRL,,1,0,0
28412,02/27/2015,Veritecnica SRL,,1,0,0
28413,02/27/2015,Veritecnica SRL,,1,0,0
28414,02/27/2015,Veritecnica SRL,,1,0,0
28415,02/27/2015,Veritecnica SRL,,1,0,0
21960,02/27/2015,Veritecnica SRL,,1,0,0
28416,02/27/2015,Veritecnica SRL,,1,0,0
28417,02/28/2015,Veritecnica SRL,,1,0,0
9102000226,02/28/2015,Veritecnica SRL,,0,1,0
9102000227,02/28/2015,Veritecnica SRL,,0,1,0
28418,02/28/2015,Veritecnica SRL,,1,0,0
21961,02/28/2015,Veritecnica SRL,,1,0,0
1200000172,02/28/2015,Veritecnica SRL,,1,0,0
21963,02/28/2015,Veritecnica SRL,,1,0,0
28419,02/28/2015,Veritecnica SRL,,1,0,0
28420,02/28/2015,Veritecnica SRL,,1,0,0
1200000173,02/28/2015,Veritecnica SRL,,1,0,0
9202000025,02/28/2015,Veritecnica SRL,,0,0,1
21962,02/28/2015,Veritecnica SRL,,1,0,0
1200000174,02/28/2015,Veritecnica SRL,,1,0,0
28421,02/28/2015,Veritecnica SRL,,1,0,0
21964,02/28/2015,Veritecnica SRL,,1,0,0
21965,02/28/2015,Veritecnica SRL,,1,0,0
1200000175,02/28/2015,Veritecnica SRL,,1,0,0
28422,02/28/2015,Veritecnica SRL,,1,0,0
9102000228,02/28/2015,Veritecnica SRL,,0,0,1
1200000176,02/28/2015,Veritecnica SRL,,1,0,0
