Nrocertificado,Fecha,Idtaller,Dominiovehiculo,Aprobado,RechazadoLeveModerado,RechazadoGrave
1100005312,09/03/2015,Control SRL,,1,0,0
1100005313,09/03/2015,Control SRL,,1,0,0
9103000362,09/03/2015,Control SRL,,0,0,1
1200003494,09/03/2015,Control SRL,,1,0,0
9103000363,09/03/2015,Control SRL,,0,0,1
1200003495,09/03/2015,Control SRL,,1,0,0
1100005314,09/03/2015,Control SRL,,1,0,0
1100005315,09/03/2015,Control SRL,,1,0,0
1200003496,09/03/2015,Control SRL,,1,0,0
1200003497,09/03/2015,Control SRL,,1,0,0
9103000364,09/03/2015,Control SRL,,0,0,1
1100005316,09/03/2015,Control SRL,,1,0,0
1100005317,09/03/2015,Control SRL,,1,0,0
9103000365,09/03/2015,Control SRL,,0,0,1
1100005318,09/03/2015,Control SRL,,1,0,0
1200003498,09/03/2015,Control SRL,,1,0,0
1100005319,09/03/2015,Control SRL,,1,0,0
9203000169,09/03/2015,Control SRL,,0,0,1
9203000170,09/03/2015,Control SRL,,0,0,1
1200003499,09/03/2015,Control SRL,,1,0,0
9103000366,09/03/2015,Control SRL,,0,0,1
1100005320,09/03/2015,Control SRL,,1,0,0
1100005321,09/03/2015,Control SRL,,1,0,0
1200003500,09/03/2015,Control SRL,,1,0,0
9103000367,09/03/2015,Control SRL,,0,0,1
1100005322,09/03/2015,Control SRL,,1,0,0
1200003501,09/03/2015,Control SRL,,1,0,0
1200003502,09/03/2015,Control SRL,,1,0,0
1100005323,09/03/2015,Control SRL,,1,0,0
1200003503,09/03/2015,Control SRL,,1,0,0
1200003504,09/03/2015,Control SRL,,1,0,0
1200003505,09/03/2015,Control SRL,,1,0,0
1100005324,09/03/2015,Control SRL,,1,0,0
1100005325,09/03/2015,Control SRL,,1,0,0
9103000368,09/03/2015,Control SRL,,0,0,1
1100005326,09/03/2015,Control SRL,,1,0,0
1200003506,09/03/2015,Control SRL,,1,0,0
1200003508,09/03/2015,Control SRL,,1,0,0
1200003507,09/03/2015,Control SRL,,1,0,0
1100005327,09/03/2015,Control SRL,,1,0,0
1100005328,09/04/2015,Control SRL,,1,0,0
1100005329,09/04/2015,Control SRL,,1,0,0
9203000171,09/04/2015,Control SRL,,0,0,1
9203000172,09/04/2015,Control SRL,,0,0,1
9203000173,09/04/2015,Control SRL,,0,0,1
1100005330,09/04/2015,Control SRL,,1,0,0
9203000174,09/04/2015,Control SRL,,0,0,1
1100005331,09/04/2015,Control SRL,,1,0,0
1200003510,09/04/2015,Control SRL,,1,0,0
1100005332,09/04/2015,Control SRL,,1,0,0
1200003511,09/04/2015,Control SRL,,1,0,0
1100005333,09/04/2015,Control SRL,,1,0,0
1200003512,09/04/2015,Control SRL,,1,0,0
9203000175,09/04/2015,Control SRL,,0,0,1
9103000369,09/04/2015,Control SRL,,0,0,1
9103000370,09/04/2015,Control SRL,,0,0,1
1100005334,09/04/2015,Control SRL,,1,0,0
1100005335,09/04/2015,Control SRL,,1,0,0
1100005336,09/04/2015,Control SRL,,1,0,0
1200003509,09/04/2015,Control SRL,,1,0,0
1100005337,09/04/2015,Control SRL,,1,0,0
1100005338,09/04/2015,Control SRL,,1,0,0
1100005339,09/04/2015,Control SRL,,1,0,0
9103000371,09/04/2015,Control SRL,,0,0,1
1100005340,09/04/2015,Control SRL,,1,0,0
9103000372,09/04/2015,Control SRL,,0,0,1
1200003513,09/04/2015,Control SRL,,1,0,0
1100004599,09/03/2015,Asociación de Bomberos Voluntarios - San Martín de los Andes,,1,0,0
9201000121,09/03/2015,Asociación de Bomberos Voluntarios - San Martín de los Andes,,0,1,0
1200000937,09/03/2015,Asociación de Bomberos Voluntarios - San Martín de los Andes,,1,0,0
1100004600,09/03/2015,Asociación de Bomberos Voluntarios - San Martín de los Andes,,1,0,0
1100004601,09/03/2015,Asociación de Bomberos Voluntarios - San Martín de los Andes,,1,0,0
1100004602,09/03/2015,Asociación de Bomberos Voluntarios - San Martín de los Andes,,1,0,0
9101000508,09/03/2015,Asociación de Bomberos Voluntarios - San Martín de los Andes,,0,1,0
9101000509,09/03/2015,Asociación de Bomberos Voluntarios - San Martín de los Andes,,0,1,0
1100004603,09/03/2015,Asociación de Bomberos Voluntarios - San Martín de los Andes,,1,0,0
1100004604,09/03/2015,Asociación de Bomberos Voluntarios - San Martín de los Andes,,1,0,0
1100004605,09/03/2015,Asociación de Bomberos Voluntarios - San Martín de los Andes,,1,0,0
9101000510,09/04/2015,Asociación de Bomberos Voluntarios - San Martín de los Andes,,0,1,0
1100004606,09/04/2015,Asociación de Bomberos Voluntarios - San Martín de los Andes,,1,0,0
1100004607,09/04/2015,Asociación de Bomberos Voluntarios - San Martín de los Andes,,1,0,0
1100004608,09/04/2015,Asociación de Bomberos Voluntarios - San Martín de los Andes,,1,0,0
1100004609,09/04/2015,Asociación de Bomberos Voluntarios - San Martín de los Andes,,1,0,0
1100004610,09/04/2015,Asociación de Bomberos Voluntarios - San Martín de los Andes,,1,0,0
1100004611,09/04/2015,Asociación de Bomberos Voluntarios - San Martín de los Andes,,1,0,0
1200000938,09/04/2015,Asociación de Bomberos Voluntarios - San Martín de los Andes,,1,0,0
1100004612,09/04/2015,Asociación de Bomberos Voluntarios - San Martín de los Andes,,1,0,0
1100004613,09/04/2015,Asociación de Bomberos Voluntarios - San Martín de los Andes,,1,0,0
1200000939,09/04/2015,Asociación de Bomberos Voluntarios - San Martín de los Andes,,1,0,0
9201000122,09/04/2015,Asociación de Bomberos Voluntarios - San Martín de los Andes,,0,0,1
9101000511,09/04/2015,Asociación de Bomberos Voluntarios - San Martín de los Andes,,0,0,1
1100004614,09/04/2015,Asociación de Bomberos Voluntarios - San Martín de los Andes,,1,0,0
9101000512,09/04/2015,Asociación de Bomberos Voluntarios - San Martín de los Andes,,0,1,0
9101000513,09/04/2015,Asociación de Bomberos Voluntarios - San Martín de los Andes,,0,1,0
9101000514,09/04/2015,Asociación de Bomberos Voluntarios - San Martín de los Andes,,0,1,0
1200003234,09/03/2015,Veritecnica SRL,,1,0,0
1200003235,09/03/2015,Veritecnica SRL,,1,0,0
1200003236,09/03/2015,Veritecnica SRL,,1,0,0
1100005300,09/03/2015,Veritecnica SRL,,1,0,0
1100005501,09/03/2015,Veritecnica SRL,,1,0,0
1100005502,09/03/2015,Veritecnica SRL,,1,0,0
1100005503,09/03/2015,Veritecnica SRL,,1,0,0
1100005504,09/03/2015,Veritecnica SRL,,1,0,0
1200003237,09/03/2015,Veritecnica SRL,,1,0,0
9202000274,09/03/2015,Veritecnica SRL,,0,0,1
9102001247,09/03/2015,Veritecnica SRL,,0,0,1
1200003238,09/03/2015,Veritecnica SRL,,1,0,0
9102001248,09/03/2015,Veritecnica SRL,,0,0,1
1200003239,09/03/2015,Veritecnica SRL,,1,0,0
1200003240,09/03/2015,Veritecnica SRL,,1,0,0
1200003242,09/03/2015,Veritecnica SRL,,1,0,0
1100005505,09/03/2015,Veritecnica SRL,,1,0,0
1200003243,09/03/2015,Veritecnica SRL,,1,0,0
1100005506,09/03/2015,Veritecnica SRL,,1,0,0
1100005507,09/03/2015,Veritecnica SRL,,1,0,0
1200003245,09/03/2015,Veritecnica SRL,,1,0,0
1200003244,09/03/2015,Veritecnica SRL,,1,0,0
1200003246,09/03/2015,Veritecnica SRL,,1,0,0
1100005508,09/03/2015,Veritecnica SRL,,1,0,0
1100005509,09/03/2015,Veritecnica SRL,,1,0,0
1200003247,09/03/2015,Veritecnica SRL,,1,0,0
1100005510,09/03/2015,Veritecnica SRL,,1,0,0
1100005511,09/03/2015,Veritecnica SRL,,1,0,0
1100005512,09/03/2015,Veritecnica SRL,,1,0,0
1200003248,09/03/2015,Veritecnica SRL,,1,0,0
1100005513,09/03/2015,Veritecnica SRL,,1,0,0
1200003249,09/03/2015,Veritecnica SRL,,1,0,0
1200003250,09/03/2015,Veritecnica SRL,,1,0,0
1100005514,09/04/2015,Veritecnica SRL,,1,0,0
1100005515,09/04/2015,Veritecnica SRL,,1,0,0
1100005516,09/04/2015,Veritecnica SRL,,1,0,0
1100005517,09/04/2015,Veritecnica SRL,,1,0,0
1100005518,09/04/2015,Veritecnica SRL,,1,0,0
1100005519,09/04/2015,Veritecnica SRL,,1,0,0
1100005520,09/04/2015,Veritecnica SRL,,1,0,0
1100005521,09/04/2015,Veritecnica SRL,,1,0,0
9102001249,09/04/2015,Veritecnica SRL,,0,1,0
1100005522,09/04/2015,Veritecnica SRL,,1,0,0
1100005523,09/04/2015,Veritecnica SRL,,1,0,0
1200003251,09/04/2015,Veritecnica SRL,,1,0,0
1100005524,09/04/2015,Veritecnica SRL,,1,0,0
1100005525,09/04/2015,Veritecnica SRL,,1,0,0
1200003252,09/04/2015,Veritecnica SRL,,1,0,0
1100005526,09/04/2015,Veritecnica SRL,,1,0,0
1200003253,09/04/2015,Veritecnica SRL,,1,0,0
1200003254,09/04/2015,Veritecnica SRL,,1,0,0
1200003255,09/04/2015,Veritecnica SRL,,1,0,0
9102001250,09/04/2015,Veritecnica SRL,,0,0,1
1200003256,09/04/2015,Veritecnica SRL,,1,0,0
1200003257,09/04/2015,Veritecnica SRL,,1,0,0
1100005527,09/04/2015,Veritecnica SRL,,1,0,0
1100005528,09/04/2015,Veritecnica SRL,,1,0,0
1100005529,09/04/2015,Veritecnica SRL,,1,0,0
1200003259,09/04/2015,Veritecnica SRL,,1,0,0
1100005530,09/04/2015,Veritecnica SRL,,1,0,0
1200003258,09/04/2015,Veritecnica SRL,,1,0,0
1100005531,09/04/2015,Veritecnica SRL,,1,0,0
1100005532,09/04/2015,Veritecnica SRL,,1,0,0
1200003260,09/04/2015,Veritecnica SRL,,1,0,0
