Nrocertificado,Fecha,Idtaller,Dominiovehiculo,Aprobado,RechazadoLeveModerado,RechazadoGrave
1100000457,04/04/2015,Veritecnica SRL,,1,0,0
9102000416,04/04/2015,Veritecnica SRL,,0,1,0
1100000458,04/04/2015,Veritecnica SRL,,1,0,0
1100000459,04/04/2015,Veritecnica SRL,,1,0,0
1100000460,04/04/2015,Veritecnica SRL,,1,0,0
1100000461,04/04/2015,Veritecnica SRL,,1,0,0
1100000462,04/04/2015,Veritecnica SRL,,1,0,0
1100000463,04/04/2015,Veritecnica SRL,,1,0,0
1100000464,04/04/2015,Veritecnica SRL,,1,0,0
1200000733,04/04/2015,Veritecnica SRL,,1,0,0
1100000465,04/04/2015,Veritecnica SRL,,1,0,0
9102000417,04/04/2015,Veritecnica SRL,,0,0,1
1200000734,04/04/2015,Veritecnica SRL,,1,0,0
1100000466,04/04/2015,Veritecnica SRL,,1,0,0
1100000467,04/04/2015,Veritecnica SRL,,1,0,0
1200000735,04/04/2015,Veritecnica SRL,,1,0,0
1200000736,04/04/2015,Veritecnica SRL,,1,0,0
1200000737,04/04/2015,Veritecnica SRL,,1,0,0
1100000468,04/04/2015,Veritecnica SRL,,1,0,0
1200000738,04/04/2015,Veritecnica SRL,,1,0,0
