Nrocertificado,Fecha,Idtaller,Dominiovehiculo,Aprobado,RechazadoLeveModerado,RechazadoGrave
28010,02/19/2015,Control SRL,,1,0,0
28011,02/19/2015,Control SRL,,1,0,0
28012,02/19/2015,Control SRL,,1,0,0
28013,02/19/2015,Control SRL,,1,0,0
28014,02/19/2015,Control SRL,,1,0,0
23920,02/19/2015,Control SRL,,1,0,0
28015,02/19/2015,Control SRL,,1,0,0
28016,02/19/2015,Control SRL,,1,0,0
28017,02/19/2015,Control SRL,,1,0,0
3683,02/19/2015,Control SRL,,1,0,0
28018,02/19/2015,Control SRL,,1,0,0
28019,02/19/2015,Control SRL,,1,0,0
23921,02/19/2015,Control SRL,,1,0,0
3684,02/19/2015,Control SRL,,1,0,0
23922,02/19/2015,Control SRL,,1,0,0
28020,02/19/2015,Control SRL,,1,0,0
3685,02/19/2015,Control SRL,,1,0,0
65047,02/19/2015,Control SRL,,0,0,1
65048,02/19/2015,Control SRL,,0,1,0
9103000001,02/19/2015,Control SRL,,0,1,0
9103000002,02/19/2015,Control SRL,,0,0,1
28021,02/19/2015,Control SRL,,1,0,0
28022,02/19/2015,Control SRL,,1,0,0
9103000003,02/19/2015,Control SRL,,0,1,0
28023,02/19/2015,Control SRL,,1,0,0
28024,02/19/2015,Control SRL,,1,0,0
1200000051,02/19/2015,Control SRL,,1,0,0
28025,02/19/2015,Control SRL,,1,0,0
28026,02/19/2015,Control SRL,,1,0,0
1200000052,02/19/2015,Control SRL,,1,0,0
28027,02/19/2015,Control SRL,,1,0,0
28028,02/19/2015,Control SRL,,1,0,0
28029,02/19/2015,Control SRL,,1,0,0
28030,02/20/2015,Control SRL,,1,0,0
1200000053,02/20/2015,Control SRL,,1,0,0
28031,02/20/2015,Control SRL,,1,0,0
28032,02/20/2015,Control SRL,,1,0,0
9103000004,02/20/2015,Control SRL,,0,1,0
9103000005,02/20/2015,Control SRL,,0,1,0
23923,02/20/2015,Control SRL,,1,0,0
28033,02/20/2015,Control SRL,,1,0,0
1200000054,02/20/2015,Control SRL,,1,0,0
1200000055,02/20/2015,Control SRL,,1,0,0
28034,02/20/2015,Control SRL,,1,0,0
1200000056,02/20/2015,Control SRL,,1,0,0
1200000057,02/20/2015,Control SRL,,1,0,0
28035,02/20/2015,Control SRL,,1,0,0
1200000058,02/20/2015,Control SRL,,1,0,0
28036,02/20/2015,Control SRL,,1,0,0
28037,02/20/2015,Control SRL,,1,0,0
28038,02/20/2015,Control SRL,,1,0,0
9103000006,02/20/2015,Control SRL,,0,0,1
9103000007,02/20/2015,Control SRL,,0,0,1
28039,02/20/2015,Control SRL,,1,0,0
1200000059,02/20/2015,Control SRL,,1,0,0
28040,02/20/2015,Control SRL,,1,0,0
28041,02/20/2015,Control SRL,,1,0,0
28042,02/20/2015,Control SRL,,1,0,0
28043,02/20/2015,Control SRL,,1,0,0
28044,02/20/2015,Control SRL,,1,0,0
1200000060,02/20/2015,Control SRL,,1,0,0
1200000061,02/20/2015,Control SRL,,1,0,0
23924,02/20/2015,Control SRL,,1,0,0
9103000008,02/20/2015,Control SRL,,0,0,1
23925,02/20/2015,Control SRL,,1,0,0
9103000009,02/20/2015,Control SRL,,0,0,1
6968,02/19/2015,Asociación de Bomberos Voluntarios - San Martín de los Andes,,0,1,0
26727,02/19/2015,Asociación de Bomberos Voluntarios - San Martín de los Andes,,1,0,0
26728,02/19/2015,Asociación de Bomberos Voluntarios - San Martín de los Andes,,1,0,0
26729,02/19/2015,Asociación de Bomberos Voluntarios - San Martín de los Andes,,1,0,0
26730,02/19/2015,Asociación de Bomberos Voluntarios - San Martín de los Andes,,1,0,0
26731,02/19/2015,Asociación de Bomberos Voluntarios - San Martín de los Andes,,1,0,0
26732,02/19/2015,Asociación de Bomberos Voluntarios - San Martín de los Andes,,1,0,0
26733,02/19/2015,Asociación de Bomberos Voluntarios - San Martín de los Andes,,1,0,0
26734,02/19/2015,Asociación de Bomberos Voluntarios - San Martín de los Andes,,1,0,0
6969,02/19/2015,Asociación de Bomberos Voluntarios - San Martín de los Andes,,0,0,1
26735,02/19/2015,Asociación de Bomberos Voluntarios - San Martín de los Andes,,1,0,0
26736,02/19/2015,Asociación de Bomberos Voluntarios - San Martín de los Andes,,1,0,0
26737,02/19/2015,Asociación de Bomberos Voluntarios - San Martín de los Andes,,1,0,0
3752,02/19/2015,Asociación de Bomberos Voluntarios - San Martín de los Andes,,1,0,0
3753,02/19/2015,Asociación de Bomberos Voluntarios - San Martín de los Andes,,1,0,0
26738,02/19/2015,Asociación de Bomberos Voluntarios - San Martín de los Andes,,1,0,0
26739,02/19/2015,Asociación de Bomberos Voluntarios - San Martín de los Andes,,1,0,0
26740,02/19/2015,Asociación de Bomberos Voluntarios - San Martín de los Andes,,1,0,0
26741,02/19/2015,Asociación de Bomberos Voluntarios - San Martín de los Andes,,1,0,0
26742,02/19/2015,Asociación de Bomberos Voluntarios - San Martín de los Andes,,1,0,0
26743,02/19/2015,Asociación de Bomberos Voluntarios - San Martín de los Andes,,1,0,0
26744,02/19/2015,Asociación de Bomberos Voluntarios - San Martín de los Andes,,1,0,0
21848,02/19/2015,Asociación de Bomberos Voluntarios - San Martín de los Andes,,1,0,0
26745,02/19/2015,Asociación de Bomberos Voluntarios - San Martín de los Andes,,1,0,0
26746,02/19/2015,Asociación de Bomberos Voluntarios - San Martín de los Andes,,1,0,0
26747,02/20/2015,Asociación de Bomberos Voluntarios - San Martín de los Andes,,1,0,0
26748,02/20/2015,Asociación de Bomberos Voluntarios - San Martín de los Andes,,1,0,0
26749,02/20/2015,Asociación de Bomberos Voluntarios - San Martín de los Andes,,1,0,0
6970,02/20/2015,Asociación de Bomberos Voluntarios - San Martín de los Andes,,0,0,1
26750,02/20/2015,Asociación de Bomberos Voluntarios - San Martín de los Andes,,1,0,0
21849,02/20/2015,Asociación de Bomberos Voluntarios - San Martín de los Andes,,1,0,0
26751,02/20/2015,Asociación de Bomberos Voluntarios - San Martín de los Andes,,1,0,0
26752,02/20/2015,Asociación de Bomberos Voluntarios - San Martín de los Andes,,1,0,0
26753,02/20/2015,Asociación de Bomberos Voluntarios - San Martín de los Andes,,1,0,0
6971,02/20/2015,Asociación de Bomberos Voluntarios - San Martín de los Andes,,0,1,0
26754,02/20/2015,Asociación de Bomberos Voluntarios - San Martín de los Andes,,1,0,0
6972,02/20/2015,Asociación de Bomberos Voluntarios - San Martín de los Andes,,0,1,0
26755,02/20/2015,Asociación de Bomberos Voluntarios - San Martín de los Andes,,1,0,0
26756,02/20/2015,Asociación de Bomberos Voluntarios - San Martín de los Andes,,1,0,0
21850,02/20/2015,Asociación de Bomberos Voluntarios - San Martín de los Andes,,1,0,0
26757,02/20/2015,Asociación de Bomberos Voluntarios - San Martín de los Andes,,1,0,0
26758,02/20/2015,Asociación de Bomberos Voluntarios - San Martín de los Andes,,1,0,0
27857,02/19/2015,Veritecnica SRL,,1,0,0
23874,02/19/2015,Veritecnica SRL,,1,0,0
9102000169,02/19/2015,Veritecnica SRL,,0,0,1
23875,02/19/2015,Veritecnica SRL,,1,0,0
23876,02/19/2015,Veritecnica SRL,,1,0,0
9102000170,02/19/2015,Veritecnica SRL,,0,0,1
23877,02/19/2015,Veritecnica SRL,,1,0,0
23879,02/19/2015,Veritecnica SRL,,1,0,0
23878,02/19/2015,Veritecnica SRL,,1,0,0
27858,02/19/2015,Veritecnica SRL,,1,0,0
9102000171,02/19/2015,Veritecnica SRL,,0,0,1
9102000172,02/19/2015,Veritecnica SRL,,0,1,0
23880,02/19/2015,Veritecnica SRL,,1,0,0
27859,02/19/2015,Veritecnica SRL,,1,0,0
1200000007,02/19/2015,Veritecnica SRL,,1,0,0
27860,02/19/2015,Veritecnica SRL,,1,0,0
9102000173,02/19/2015,Veritecnica SRL,,0,1,0
27861,02/19/2015,Veritecnica SRL,,1,0,0
23881,02/19/2015,Veritecnica SRL,,1,0,0
27862,02/19/2015,Veritecnica SRL,,1,0,0
1200000008,02/19/2015,Veritecnica SRL,,1,0,0
23883,02/19/2015,Veritecnica SRL,,1,0,0
23882,02/19/2015,Veritecnica SRL,,1,0,0
27863,02/19/2015,Veritecnica SRL,,1,0,0
9202000014,02/19/2015,Veritecnica SRL,,0,0,1
9102000174,02/19/2015,Veritecnica SRL,,0,0,1
27864,02/19/2015,Veritecnica SRL,,1,0,0
27865,02/19/2015,Veritecnica SRL,,1,0,0
9102000175,02/19/2015,Veritecnica SRL,,0,0,1
27866,02/19/2015,Veritecnica SRL,,1,0,0
27867,02/19/2015,Veritecnica SRL,,1,0,0
1200000009,02/19/2015,Veritecnica SRL,,1,0,0
27868,02/19/2015,Veritecnica SRL,,1,0,0
27869,02/19/2015,Veritecnica SRL,,1,0,0
27870,02/19/2015,Veritecnica SRL,,1,0,0
27871,02/19/2015,Veritecnica SRL,,1,0,0
27872,02/19/2015,Veritecnica SRL,,1,0,0
27873,02/19/2015,Veritecnica SRL,,1,0,0
1200000010,02/19/2015,Veritecnica SRL,,1,0,0
9102000176,02/19/2015,Veritecnica SRL,,0,0,1
9102000177,02/19/2015,Veritecnica SRL,,0,1,0
9102000178,02/19/2015,Veritecnica SRL,,0,0,1
27874,02/19/2015,Veritecnica SRL,,1,0,0
27875,02/19/2015,Veritecnica SRL,,1,0,0
27876,02/19/2015,Veritecnica SRL,,1,0,0
9202000015,02/19/2015,Veritecnica SRL,,0,0,1
27877,02/19/2015,Veritecnica SRL,,1,0,0
9102000179,02/19/2015,Veritecnica SRL,,0,1,0
23884,02/19/2015,Veritecnica SRL,,1,0,0
1200000011,02/19/2015,Veritecnica SRL,,1,0,0
27878,02/19/2015,Veritecnica SRL,,1,0,0
27879,02/19/2015,Veritecnica SRL,,1,0,0
27880,02/19/2015,Veritecnica SRL,,1,0,0
27881,02/19/2015,Veritecnica SRL,,1,0,0
23885,02/19/2015,Veritecnica SRL,,1,0,0
27882,02/20/2015,Veritecnica SRL,,1,0,0
27883,02/20/2015,Veritecnica SRL,,1,0,0
9102000180,02/20/2015,Veritecnica SRL,,0,0,1
27884,02/20/2015,Veritecnica SRL,,1,0,0
27885,02/20/2015,Veritecnica SRL,,1,0,0
9102000181,02/20/2015,Veritecnica SRL,,0,0,1
27886,02/20/2015,Veritecnica SRL,,1,0,0
9102000182,02/20/2015,Veritecnica SRL,,0,1,0
1200000012,02/20/2015,Veritecnica SRL,,1,0,0
27887,02/20/2015,Veritecnica SRL,,1,0,0
23886,02/20/2015,Veritecnica SRL,,1,0,0
27888,02/20/2015,Veritecnica SRL,,1,0,0
1200000013,02/20/2015,Veritecnica SRL,,1,0,0
27889,02/20/2015,Veritecnica SRL,,1,0,0
23887,02/20/2015,Veritecnica SRL,,1,0,0
9102000183,02/20/2015,Veritecnica SRL,,0,1,0
9202000016,02/20/2015,Veritecnica SRL,,0,0,1
27890,02/20/2015,Veritecnica SRL,,1,0,0
27891,02/20/2015,Veritecnica SRL,,1,0,0
9102000184,02/20/2015,Veritecnica SRL,,0,1,0
9102000185,02/20/2015,Veritecnica SRL,,0,1,0
9102000186,02/20/2015,Veritecnica SRL,,0,1,0
23888,02/20/2015,Veritecnica SRL,,1,0,0
27892,02/20/2015,Veritecnica SRL,,1,0,0
27893,02/20/2015,Veritecnica SRL,,1,0,0
27894,02/20/2015,Veritecnica SRL,,1,0,0
1200000014,02/20/2015,Veritecnica SRL,,1,0,0
23889,02/20/2015,Veritecnica SRL,,1,0,0
1200000015,02/20/2015,Veritecnica SRL,,1,0,0
23890,02/20/2015,Veritecnica SRL,,1,0,0
27895,02/20/2015,Veritecnica SRL,,1,0,0
9102000187,02/20/2015,Veritecnica SRL,,0,0,1
27896,02/20/2015,Veritecnica SRL,,1,0,0
1200000016,02/20/2015,Veritecnica SRL,,1,0,0
27897,02/20/2015,Veritecnica SRL,,1,0,0
27898,02/20/2015,Veritecnica SRL,,1,0,0
27899,02/20/2015,Veritecnica SRL,,1,0,0
23891,02/20/2015,Veritecnica SRL,,1,0,0
1200000017,02/20/2015,Veritecnica SRL,,1,0,0
27900,02/20/2015,Veritecnica SRL,,1,0,0
1200000018,02/20/2015,Veritecnica SRL,,1,0,0
28301,02/20/2015,Veritecnica SRL,,1,0,0
28302,02/20/2015,Veritecnica SRL,,1,0,0
9102000188,02/20/2015,Veritecnica SRL,,0,0,1
28303,02/20/2015,Veritecnica SRL,,1,0,0
9102000189,02/20/2015,Veritecnica SRL,,0,0,1
28304,02/20/2015,Veritecnica SRL,,1,0,0
28305,02/20/2015,Veritecnica SRL,,1,0,0
28306,02/20/2015,Veritecnica SRL,,1,0,0
28307,02/20/2015,Veritecnica SRL,,1,0,0
23892,02/20/2015,Veritecnica SRL,,1,0,0
1200000019,02/20/2015,Veritecnica SRL,,1,0,0
9102000190,02/20/2015,Veritecnica SRL,,0,0,1
28308,02/20/2015,Veritecnica SRL,,1,0,0
1200000020,02/20/2015,Veritecnica SRL,,1,0,0
1200000021,02/20/2015,Veritecnica SRL,,1,0,0
