Nrocertificado,Fecha,Idtaller,Dominiovehiculo,Aprobado,RechazadoLeveModerado,RechazadoGrave
9103000074,03/25/2015,Control SRL,,0,0,1
1200000597,03/25/2015,Control SRL,,1,0,0
9103000075,03/25/2015,Control SRL,,0,1,0
1100000153,03/25/2015,Control SRL,,1,0,0
9103000076,03/25/2015,Control SRL,,0,0,1
1200000598,03/25/2015,Control SRL,,1,0,0
1200000599,03/25/2015,Control SRL,,1,0,0
1200000600,03/25/2015,Control SRL,,1,0,0
1100000154,03/25/2015,Control SRL,,1,0,0
1100000155,03/25/2015,Control SRL,,1,0,0
1100000156,03/25/2015,Control SRL,,1,0,0
1100000157,03/25/2015,Control SRL,,1,0,0
9203000029,03/25/2015,Control SRL,,0,0,1
1100000158,03/25/2015,Control SRL,,1,0,0
1100000159,03/25/2015,Control SRL,,1,0,0
1200000601,03/25/2015,Control SRL,,1,0,0
1200000602,03/25/2015,Control SRL,,1,0,0
1200000603,03/25/2015,Control SRL,,1,0,0
1200000604,03/25/2015,Control SRL,,1,0,0
9103000077,03/25/2015,Control SRL,,0,0,1
1100000160,03/25/2015,Control SRL,,1,0,0
1200000605,03/25/2015,Control SRL,,1,0,0
1100000161,03/25/2015,Control SRL,,1,0,0
1200000606,03/25/2015,Control SRL,,1,0,0
1200000607,03/25/2015,Control SRL,,1,0,0
1100000162,03/25/2015,Control SRL,,1,0,0
1200000608,03/25/2015,Control SRL,,1,0,0
1100000163,03/25/2015,Control SRL,,1,0,0
1200000609,03/25/2015,Control SRL,,1,0,0
1200000610,03/25/2015,Control SRL,,1,0,0
1200000611,03/25/2015,Control SRL,,1,0,0
1200000612,03/25/2015,Control SRL,,1,0,0
1200000613,03/26/2015,Control SRL,,1,0,0
1200000614,03/26/2015,Control SRL,,1,0,0
1200000615,03/26/2015,Control SRL,,1,0,0
1100000164,03/26/2015,Control SRL,,1,0,0
1100000165,03/26/2015,Control SRL,,1,0,0
1100000167,03/26/2015,Control SRL,,1,0,0
1100000166,03/26/2015,Control SRL,,1,0,0
1100000168,03/26/2015,Control SRL,,1,0,0
1200000616,03/26/2015,Control SRL,,1,0,0
9103000078,03/26/2015,Control SRL,,0,0,1
1100000169,03/26/2015,Control SRL,,1,0,0
1200000617,03/26/2015,Control SRL,,1,0,0
1200000618,03/26/2015,Control SRL,,1,0,0
1200000619,03/26/2015,Control SRL,,1,0,0
1200000620,03/26/2015,Control SRL,,1,0,0
1100000170,03/26/2015,Control SRL,,1,0,0
1200000621,03/26/2015,Control SRL,,1,0,0
9103000079,03/26/2015,Control SRL,,0,1,0
1100000171,03/26/2015,Control SRL,,1,0,0
1100000172,03/26/2015,Control SRL,,1,0,0
1200000622,03/26/2015,Control SRL,,1,0,0
1200000623,03/26/2015,Control SRL,,1,0,0
1200000624,03/26/2015,Control SRL,,1,0,0
9203000030,03/26/2015,Control SRL,,0,0,1
1100000173,03/26/2015,Control SRL,,1,0,0
1200000625,03/26/2015,Control SRL,,1,0,0
9103000080,03/26/2015,Control SRL,,0,0,1
1100000174,03/26/2015,Control SRL,,1,0,0
1200000626,03/26/2015,Control SRL,,1,0,0
1200000627,03/26/2015,Control SRL,,1,0,0
1200000628,03/26/2015,Control SRL,,1,0,0
1100000175,03/26/2015,Control SRL,,1,0,0
1100000176,03/26/2015,Control SRL,,1,0,0
1100000177,03/26/2015,Control SRL,,1,0,0
9103000081,03/26/2015,Control SRL,,0,1,0
1200000629,03/26/2015,Control SRL,,1,0,0
1200000630,03/26/2015,Control SRL,,1,0,0
9103000082,03/26/2015,Control SRL,,0,1,0
1200000631,03/26/2015,Control SRL,,1,0,0
1200000632,03/26/2015,Control SRL,,1,0,0
1100000178,03/26/2015,Control SRL,,1,0,0
1200000633,03/26/2015,Control SRL,,1,0,0
28762,03/25/2015,Asociación de Bomberos Voluntarios - San Martín de los Andes,,1,0,0
28763,03/25/2015,Asociación de Bomberos Voluntarios - San Martín de los Andes,,1,0,0
9101000153,03/25/2015,Asociación de Bomberos Voluntarios - San Martín de los Andes,,0,1,0
28764,03/25/2015,Asociación de Bomberos Voluntarios - San Martín de los Andes,,1,0,0
28765,03/25/2015,Asociación de Bomberos Voluntarios - San Martín de los Andes,,1,0,0
9101000154,03/25/2015,Asociación de Bomberos Voluntarios - San Martín de los Andes,,0,0,1
1200000141,03/25/2015,Asociación de Bomberos Voluntarios - San Martín de los Andes,,1,0,0
9101000155,03/25/2015,Asociación de Bomberos Voluntarios - San Martín de los Andes,,0,1,0
9101000156,03/25/2015,Asociación de Bomberos Voluntarios - San Martín de los Andes,,0,1,0
9201000021,03/25/2015,Asociación de Bomberos Voluntarios - San Martín de los Andes,,0,0,1
28766,03/25/2015,Asociación de Bomberos Voluntarios - San Martín de los Andes,,1,0,0
28767,03/25/2015,Asociación de Bomberos Voluntarios - San Martín de los Andes,,1,0,0
9101000157,03/25/2015,Asociación de Bomberos Voluntarios - San Martín de los Andes,,0,1,0
1200000142,03/25/2015,Asociación de Bomberos Voluntarios - San Martín de los Andes,,1,0,0
9101000158,03/25/2015,Asociación de Bomberos Voluntarios - San Martín de los Andes,,0,0,1
9101000159,03/25/2015,Asociación de Bomberos Voluntarios - San Martín de los Andes,,0,1,0
1100000501,03/25/2015,Asociación de Bomberos Voluntarios - San Martín de los Andes,,1,0,0
1100000502,03/25/2015,Asociación de Bomberos Voluntarios - San Martín de los Andes,,1,0,0
9201000022,03/25/2015,Asociación de Bomberos Voluntarios - San Martín de los Andes,,0,0,1
1200000143,03/25/2015,Asociación de Bomberos Voluntarios - San Martín de los Andes,,1,0,0
1200000144,03/25/2015,Asociación de Bomberos Voluntarios - San Martín de los Andes,,1,0,0
9101000160,03/26/2015,Asociación de Bomberos Voluntarios - San Martín de los Andes,,0,0,1
1100000503,03/26/2015,Asociación de Bomberos Voluntarios - San Martín de los Andes,,1,0,0
9101000161,03/26/2015,Asociación de Bomberos Voluntarios - San Martín de los Andes,,0,1,0
1100000504,03/26/2015,Asociación de Bomberos Voluntarios - San Martín de los Andes,,1,0,0
1100000505,03/26/2015,Asociación de Bomberos Voluntarios - San Martín de los Andes,,1,0,0
1100000506,03/26/2015,Asociación de Bomberos Voluntarios - San Martín de los Andes,,1,0,0
1100000507,03/26/2015,Asociación de Bomberos Voluntarios - San Martín de los Andes,,1,0,0
1100000508,03/26/2015,Asociación de Bomberos Voluntarios - San Martín de los Andes,,1,0,0
1100000509,03/26/2015,Asociación de Bomberos Voluntarios - San Martín de los Andes,,1,0,0
9101000162,03/26/2015,Asociación de Bomberos Voluntarios - San Martín de los Andes,,0,0,1
1100000510,03/26/2015,Asociación de Bomberos Voluntarios - San Martín de los Andes,,1,0,0
1100000511,03/26/2015,Asociación de Bomberos Voluntarios - San Martín de los Andes,,1,0,0
9101000163,03/26/2015,Asociación de Bomberos Voluntarios - San Martín de los Andes,,0,1,0
1100000512,03/26/2015,Asociación de Bomberos Voluntarios - San Martín de los Andes,,1,0,0
1100000513,03/26/2015,Asociación de Bomberos Voluntarios - San Martín de los Andes,,1,0,0
1100000514,03/26/2015,Asociación de Bomberos Voluntarios - San Martín de los Andes,,1,0,0
1100000515,03/26/2015,Asociación de Bomberos Voluntarios - San Martín de los Andes,,1,0,0
9101000164,03/26/2015,Asociación de Bomberos Voluntarios - San Martín de los Andes,,0,1,0
1100000516,03/26/2015,Asociación de Bomberos Voluntarios - San Martín de los Andes,,1,0,0
9101000165,03/26/2015,Asociación de Bomberos Voluntarios - San Martín de los Andes,,0,1,0
9101000166,03/26/2015,Asociación de Bomberos Voluntarios - San Martín de los Andes,,0,1,0
9101000167,03/26/2015,Asociación de Bomberos Voluntarios - San Martín de los Andes,,0,0,1
1100000517,03/26/2015,Asociación de Bomberos Voluntarios - San Martín de los Andes,,1,0,0
1100000518,03/26/2015,Asociación de Bomberos Voluntarios - San Martín de los Andes,,1,0,0
1100000133,03/25/2015,Veritecnica SRL,,1,0,0
1100000134,03/25/2015,Veritecnica SRL,,1,0,0
1100000135,03/25/2015,Veritecnica SRL,,1,0,0
1100000136,03/25/2015,Veritecnica SRL,,1,0,0
1100000137,03/25/2015,Veritecnica SRL,,1,0,0
1200000655,03/25/2015,Veritecnica SRL,,1,0,0
1100000138,03/25/2015,Veritecnica SRL,,1,0,0
9102000366,03/25/2015,Veritecnica SRL,,0,1,0
1100000139,03/25/2015,Veritecnica SRL,,1,0,0
1200000656,03/25/2015,Veritecnica SRL,,1,0,0
1200000657,03/25/2015,Veritecnica SRL,,1,0,0
1100000140,03/25/2015,Veritecnica SRL,,1,0,0
9102000367,03/25/2015,Veritecnica SRL,,0,0,1
1200000658,03/25/2015,Veritecnica SRL,,1,0,0
9102000368,03/25/2015,Veritecnica SRL,,0,0,1
1100000141,03/25/2015,Veritecnica SRL,,1,0,0
1100000142,03/25/2015,Veritecnica SRL,,1,0,0
1100000143,03/25/2015,Veritecnica SRL,,1,0,0
9102000369,03/25/2015,Veritecnica SRL,,0,0,1
9102000370,03/25/2015,Veritecnica SRL,,0,0,1
1100000144,03/25/2015,Veritecnica SRL,,1,0,0
1100000145,03/25/2015,Veritecnica SRL,,1,0,0
1200000659,03/25/2015,Veritecnica SRL,,1,0,0
9202000061,03/25/2015,Veritecnica SRL,,0,0,1
1200000660,03/25/2015,Veritecnica SRL,,1,0,0
9102000371,03/25/2015,Veritecnica SRL,,0,0,1
1100000146,03/25/2015,Veritecnica SRL,,1,0,0
9102000372,03/25/2015,Veritecnica SRL,,0,0,1
1200000661,03/25/2015,Veritecnica SRL,,1,0,0
1200000662,03/25/2015,Veritecnica SRL,,1,0,0
1100000147,03/25/2015,Veritecnica SRL,,1,0,0
9102000373,03/25/2015,Veritecnica SRL,,0,0,1
1200000663,03/25/2015,Veritecnica SRL,,1,0,0
1200000664,03/25/2015,Veritecnica SRL,,1,0,0
1100000148,03/25/2015,Veritecnica SRL,,1,0,0
9102000374,03/25/2015,Veritecnica SRL,,0,0,1
1200000665,03/25/2015,Veritecnica SRL,,1,0,0
1100000149,03/25/2015,Veritecnica SRL,,1,0,0
1100000150,03/25/2015,Veritecnica SRL,,1,0,0
9102000375,03/25/2015,Veritecnica SRL,,0,0,1
1100000301,03/25/2015,Veritecnica SRL,,1,0,0
1100000302,03/25/2015,Veritecnica SRL,,1,0,0
1200000666,03/25/2015,Veritecnica SRL,,1,0,0
1100000303,03/25/2015,Veritecnica SRL,,1,0,0
1100000304,03/25/2015,Veritecnica SRL,,1,0,0
1100000305,03/25/2015,Veritecnica SRL,,1,0,0
1100000306,03/25/2015,Veritecnica SRL,,1,0,0
1100000307,03/25/2015,Veritecnica SRL,,1,0,0
1200000667,03/25/2015,Veritecnica SRL,,1,0,0
9102000376,03/25/2015,Veritecnica SRL,,0,1,0
1100000309,03/25/2015,Veritecnica SRL,,1,0,0
1100000308,03/25/2015,Veritecnica SRL,,1,0,0
1200000668,03/25/2015,Veritecnica SRL,,1,0,0
1100000310,03/25/2015,Veritecnica SRL,,1,0,0
1100000311,03/25/2015,Veritecnica SRL,,1,0,0
1100000312,03/25/2015,Veritecnica SRL,,1,0,0
1100000313,03/25/2015,Veritecnica SRL,,1,0,0
1200000669,03/25/2015,Veritecnica SRL,,1,0,0
1100000314,03/25/2015,Veritecnica SRL,,1,0,0
1100000315,03/25/2015,Veritecnica SRL,,1,0,0
1200000670,03/25/2015,Veritecnica SRL,,1,0,0
1200000671,03/25/2015,Veritecnica SRL,,1,0,0
1100000316,03/26/2015,Veritecnica SRL,,1,0,0
1100000317,03/26/2015,Veritecnica SRL,,1,0,0
1100000318,03/26/2015,Veritecnica SRL,,1,0,0
1100000319,03/26/2015,Veritecnica SRL,,1,0,0
1100000320,03/26/2015,Veritecnica SRL,,1,0,0
1200000672,03/26/2015,Veritecnica SRL,,1,0,0
1100000321,03/26/2015,Veritecnica SRL,,1,0,0
1100000322,03/26/2015,Veritecnica SRL,,1,0,0
9102000377,03/26/2015,Veritecnica SRL,,0,0,1
1100000323,03/26/2015,Veritecnica SRL,,1,0,0
1100000324,03/26/2015,Veritecnica SRL,,1,0,0
1100000325,03/26/2015,Veritecnica SRL,,1,0,0
1100000326,03/26/2015,Veritecnica SRL,,1,0,0
1200000673,03/26/2015,Veritecnica SRL,,1,0,0
1200000674,03/26/2015,Veritecnica SRL,,1,0,0
9202000062,03/26/2015,Veritecnica SRL,,0,0,1
1100000327,03/26/2015,Veritecnica SRL,,1,0,0
1200000675,03/26/2015,Veritecnica SRL,,1,0,0
1100000328,03/26/2015,Veritecnica SRL,,1,0,0
9102000378,03/26/2015,Veritecnica SRL,,0,0,1
1100000329,03/26/2015,Veritecnica SRL,,1,0,0
9102000379,03/26/2015,Veritecnica SRL,,0,0,1
9102000380,03/26/2015,Veritecnica SRL,,0,0,1
1100000330,03/26/2015,Veritecnica SRL,,1,0,0
1100000331,03/26/2015,Veritecnica SRL,,1,0,0
1200000676,03/26/2015,Veritecnica SRL,,1,0,0
1100000332,03/26/2015,Veritecnica SRL,,1,0,0
1100000333,03/26/2015,Veritecnica SRL,,1,0,0
9102000381,03/26/2015,Veritecnica SRL,,0,0,1
1100000334,03/26/2015,Veritecnica SRL,,1,0,0
1100000335,03/26/2015,Veritecnica SRL,,1,0,0
1200000677,03/26/2015,Veritecnica SRL,,1,0,0
1200000678,03/26/2015,Veritecnica SRL,,1,0,0
1200000679,03/26/2015,Veritecnica SRL,,1,0,0
9102000382,03/26/2015,Veritecnica SRL,,0,0,1
1100000336,03/26/2015,Veritecnica SRL,,1,0,0
1200000680,03/26/2015,Veritecnica SRL,,1,0,0
9202000063,03/26/2015,Veritecnica SRL,,0,0,1
