Nrocertificado,Fecha,Idtaller,Dominiovehiculo,Aprobado,RechazadoLeveModerado,RechazadoGrave
1100008083,11/23/2015,Control SRL,,1,0,0
1100008084,11/23/2015,Control SRL,,1,0,0
1200004621,11/23/2015,Control SRL,,1,0,0
1200004649,11/23/2015,Control SRL,,1,0,0
1200004650,11/23/2015,Control SRL,,1,0,0
1200004622,11/23/2015,Control SRL,,1,0,0
1100008085,11/23/2015,Control SRL,,1,0,0
1100008086,11/23/2015,Control SRL,,1,0,0
1200004623,11/23/2015,Control SRL,,1,0,0
1200004624,11/23/2015,Control SRL,,1,0,0
1200004625,11/23/2015,Control SRL,,1,0,0
9103000583,11/23/2015,Control SRL,,0,0,1
1100008087,11/23/2015,Control SRL,,1,0,0
1200004626,11/23/2015,Control SRL,,1,0,0
1100008088,11/23/2015,Control SRL,,1,0,0
1200004627,11/23/2015,Control SRL,,1,0,0
1200004628,11/23/2015,Control SRL,,1,0,0
1200004629,11/23/2015,Control SRL,,1,0,0
1200004630,11/23/2015,Control SRL,,1,0,0
1100008089,11/23/2015,Control SRL,,1,0,0
1100008090,11/23/2015,Control SRL,,1,0,0
9103000584,11/23/2015,Control SRL,,0,0,1
1200004631,11/23/2015,Control SRL,,1,0,0
1200004632,11/23/2015,Control SRL,,1,0,0
1200004633,11/23/2015,Control SRL,,1,0,0
1100008091,11/23/2015,Control SRL,,1,0,0
1200004634,11/23/2015,Control SRL,,1,0,0
1200004635,11/23/2015,Control SRL,,1,0,0
1200004636,11/23/2015,Control SRL,,1,0,0
9103000585,11/23/2015,Control SRL,,0,0,1
1200004637,11/23/2015,Control SRL,,1,0,0
1100008092,11/23/2015,Control SRL,,1,0,0
1200004638,11/23/2015,Control SRL,,1,0,0
1200004639,11/23/2015,Control SRL,,1,0,0
1200004640,11/23/2015,Control SRL,,1,0,0
9103000586,11/23/2015,Control SRL,,0,0,1
9103000587,11/23/2015,Control SRL,,0,0,1
1100008093,11/23/2015,Control SRL,,1,0,0
1200004641,11/23/2015,Control SRL,,1,0,0
1200004642,11/23/2015,Control SRL,,1,0,0
1100008094,11/23/2015,Control SRL,,1,0,0
1200004643,11/23/2015,Control SRL,,1,0,0
1200004644,11/23/2015,Control SRL,,1,0,0
1200004645,11/23/2015,Control SRL,,1,0,0
1200004648,11/23/2015,Control SRL,,1,0,0
1200004651,11/23/2015,Control SRL,,1,0,0
1200004652,11/23/2015,Control SRL,,1,0,0
1200004653,11/23/2015,Control SRL,,1,0,0
1200004654,11/23/2015,Control SRL,,1,0,0
1200004647,11/23/2015,Control SRL,,1,0,0
1200004655,11/23/2015,Control SRL,,1,0,0
1200004646,11/23/2015,Control SRL,,1,0,0
1100008095,11/23/2015,Control SRL,,1,0,0
1200004668,11/23/2015,Control SRL,,1,0,0
9103000588,11/23/2015,Control SRL,,0,0,1
9103000589,11/23/2015,Control SRL,,0,0,1
1200004669,11/23/2015,Control SRL,,1,0,0
1200004656,11/23/2015,Control SRL,,1,0,0
1200004670,11/23/2015,Control SRL,,1,0,0
1100008096,11/23/2015,Control SRL,,1,0,0
1200004665,11/23/2015,Control SRL,,1,0,0
1200004666,11/23/2015,Control SRL,,1,0,0
1200004667,11/23/2015,Control SRL,,1,0,0
1100008097,11/23/2015,Control SRL,,1,0,0
9103000590,11/23/2015,Control SRL,,0,0,1
1100008098,11/23/2015,Control SRL,,1,0,0
1100008099,11/23/2015,Control SRL,,1,0,0
1100008590,11/23/2015,Asociación de Bomberos Voluntarios - San Martín de los Andes,,1,0,0
1100008591,11/23/2015,Asociación de Bomberos Voluntarios - San Martín de los Andes,,1,0,0
1100008592,11/23/2015,Asociación de Bomberos Voluntarios - San Martín de los Andes,,1,0,0
9101000807,11/23/2015,Asociación de Bomberos Voluntarios - San Martín de los Andes,,0,1,0
1100008593,11/23/2015,Asociación de Bomberos Voluntarios - San Martín de los Andes,,1,0,0
1100008594,11/23/2015,Asociación de Bomberos Voluntarios - San Martín de los Andes,,1,0,0
1100008595,11/23/2015,Asociación de Bomberos Voluntarios - San Martín de los Andes,,1,0,0
1100008596,11/23/2015,Asociación de Bomberos Voluntarios - San Martín de los Andes,,1,0,0
1100008597,11/23/2015,Asociación de Bomberos Voluntarios - San Martín de los Andes,,1,0,0
9101000808,11/23/2015,Asociación de Bomberos Voluntarios - San Martín de los Andes,,0,1,0
9101000809,11/23/2015,Asociación de Bomberos Voluntarios - San Martín de los Andes,,0,1,0
1100008598,11/23/2015,Asociación de Bomberos Voluntarios - San Martín de los Andes,,1,0,0
1100008599,11/23/2015,Asociación de Bomberos Voluntarios - San Martín de los Andes,,1,0,0
1100008600,11/23/2015,Asociación de Bomberos Voluntarios - San Martín de los Andes,,1,0,0
9101000810,11/23/2015,Asociación de Bomberos Voluntarios - San Martín de los Andes,,0,1,0
9101000811,11/23/2015,Asociación de Bomberos Voluntarios - San Martín de los Andes,,0,1,0
1100008601,11/23/2015,Asociación de Bomberos Voluntarios - San Martín de los Andes,,1,0,0
9101000812,11/23/2015,Asociación de Bomberos Voluntarios - San Martín de los Andes,,0,1,0
1100008486,11/23/2015,Veritecnica SRL,,1,0,0
9102001732,11/23/2015,Veritecnica SRL,,0,1,0
9102001733,11/23/2015,Veritecnica SRL,,0,0,1
1200004519,11/23/2015,Veritecnica SRL,,1,0,0
1200004520,11/23/2015,Veritecnica SRL,,1,0,0
1200004521,11/23/2015,Veritecnica SRL,,1,0,0
1100008487,11/23/2015,Veritecnica SRL,,1,0,0
9102001734,11/23/2015,Veritecnica SRL,,0,1,0
9102001735,11/23/2015,Veritecnica SRL,,0,1,0
9102001736,11/23/2015,Veritecnica SRL,,0,0,1
9202000409,11/23/2015,Veritecnica SRL,,0,0,1
1100008488,11/23/2015,Veritecnica SRL,,1,0,0
1100008489,11/23/2015,Veritecnica SRL,,1,0,0
1100008490,11/23/2015,Veritecnica SRL,,1,0,0
1100008492,11/23/2015,Veritecnica SRL,,1,0,0
9102001737,11/23/2015,Veritecnica SRL,,0,0,1
1200004522,11/23/2015,Veritecnica SRL,,1,0,0
9102001738,11/23/2015,Veritecnica SRL,,0,0,1
9202000410,11/23/2015,Veritecnica SRL,,0,0,1
9202000411,11/23/2015,Veritecnica SRL,,0,0,1
1200004523,11/23/2015,Veritecnica SRL,,1,0,0
1100008491,11/23/2015,Veritecnica SRL,,1,0,0
9102001739,11/23/2015,Veritecnica SRL,,0,0,1
9102001740,11/23/2015,Veritecnica SRL,,0,1,0
1200004524,11/23/2015,Veritecnica SRL,,1,0,0
1100008493,11/23/2015,Veritecnica SRL,,1,0,0
9102001741,11/23/2015,Veritecnica SRL,,0,0,1
1200004525,11/23/2015,Veritecnica SRL,,1,0,0
1200004526,11/23/2015,Veritecnica SRL,,1,0,0
1100008494,11/23/2015,Veritecnica SRL,,1,0,0
1100008495,11/23/2015,Veritecnica SRL,,1,0,0
9102001742,11/23/2015,Veritecnica SRL,,0,0,1
1100008496,11/23/2015,Veritecnica SRL,,1,0,0
1100008497,11/23/2015,Veritecnica SRL,,1,0,0
9102001743,11/23/2015,Veritecnica SRL,,0,0,1
9102001744,11/23/2015,Veritecnica SRL,,0,0,1
1100008498,11/23/2015,Veritecnica SRL,,1,0,0
1100008499,11/23/2015,Veritecnica SRL,,1,0,0
1100008500,11/23/2015,Veritecnica SRL,,1,0,0
1200004527,11/23/2015,Veritecnica SRL,,1,0,0
1200004528,11/23/2015,Veritecnica SRL,,1,0,0
1100008501,11/23/2015,Veritecnica SRL,,1,0,0
1100008502,11/23/2015,Veritecnica SRL,,1,0,0
1100008503,11/23/2015,Veritecnica SRL,,1,0,0
1100008504,11/23/2015,Veritecnica SRL,,1,0,0
9102001745,11/23/2015,Veritecnica SRL,,0,1,0
9102001746,11/23/2015,Veritecnica SRL,,0,1,0
1100008505,11/23/2015,Veritecnica SRL,,1,0,0
1100008506,11/23/2015,Veritecnica SRL,,1,0,0
9102001747,11/23/2015,Veritecnica SRL,,0,1,0
9102001748,11/23/2015,Veritecnica SRL,,0,1,0
1100008507,11/23/2015,Veritecnica SRL,,1,0,0
9102001749,11/23/2015,Veritecnica SRL,,0,1,0
1100008508,11/23/2015,Veritecnica SRL,,1,0,0
1200004529,11/23/2015,Veritecnica SRL,,1,0,0
9102001750,11/23/2015,Veritecnica SRL,,0,0,1
