Nrocertificado,Fecha,Idtaller,Dominiovehiculo,Aprobado,RechazadoLeveModerado,RechazadoGrave
1200001306,04/27/2015,Control SRL,,1,0,0
1200001307,04/27/2015,Control SRL,,1,0,0
1200001308,04/27/2015,Control SRL,,1,0,0
1200001309,04/27/2015,Control SRL,,1,0,0
1200001310,04/27/2015,Control SRL,,1,0,0
1200001311,04/27/2015,Control SRL,,1,0,0
1100000885,04/27/2015,Control SRL,,1,0,0
1100000886,04/27/2015,Control SRL,,1,0,0
9103000130,04/27/2015,Control SRL,,0,0,1
1200001312,04/27/2015,Control SRL,,1,0,0
1100000887,04/27/2015,Control SRL,,1,0,0
1100000888,04/27/2015,Control SRL,,1,0,0
1200001313,04/27/2015,Control SRL,,1,0,0
9103000131,04/27/2015,Control SRL,,0,0,1
1100000890,04/27/2015,Control SRL,,1,0,0
1100000889,04/27/2015,Control SRL,,1,0,0
1100000891,04/27/2015,Control SRL,,1,0,0
9103000132,04/27/2015,Control SRL,,0,0,1
9103000133,04/27/2015,Control SRL,,0,0,1
9203000039,04/27/2015,Control SRL,,0,0,1
1100000892,04/27/2015,Control SRL,,1,0,0
9103000134,04/27/2015,Control SRL,,0,0,1
1100000893,04/27/2015,Control SRL,,1,0,0
1100000894,04/27/2015,Control SRL,,1,0,0
9203000040,04/27/2015,Control SRL,,0,0,1
9103000135,04/28/2015,Control SRL,,0,1,0
1100000895,04/28/2015,Control SRL,,1,0,0
1100000896,04/28/2015,Control SRL,,1,0,0
1200001314,04/28/2015,Control SRL,,1,0,0
1200001315,04/28/2015,Control SRL,,1,0,0
1100000897,04/28/2015,Control SRL,,1,0,0
9203000041,04/28/2015,Control SRL,,0,0,1
1200001316,04/28/2015,Control SRL,,1,0,0
9103000136,04/28/2015,Control SRL,,0,0,1
1100000899,04/28/2015,Control SRL,,1,0,0
1100000898,04/28/2015,Control SRL,,1,0,0
1200001317,04/28/2015,Control SRL,,1,0,0
9203000042,04/28/2015,Control SRL,,0,1,0
1200001318,04/28/2015,Control SRL,,1,0,0
1200001319,04/28/2015,Control SRL,,1,0,0
1100000900,04/28/2015,Control SRL,,1,0,0
1100000901,04/28/2015,Control SRL,,1,0,0
1100000902,04/28/2015,Control SRL,,1,0,0
1100000903,04/28/2015,Control SRL,,1,0,0
1100000904,04/28/2015,Control SRL,,1,0,0
9203000043,04/28/2015,Control SRL,,0,1,0
1200001320,04/28/2015,Control SRL,,1,0,0
1100000905,04/28/2015,Control SRL,,1,0,0
9103000137,04/28/2015,Control SRL,,0,1,0
1100000906,04/28/2015,Control SRL,,1,0,0
1100000907,04/28/2015,Control SRL,,1,0,0
1100000908,04/28/2015,Control SRL,,1,0,0
1100000909,04/28/2015,Control SRL,,1,0,0
1100001255,04/27/2015,Asociación de Bomberos Voluntarios - San Martín de los Andes,,1,0,0
1100001256,04/27/2015,Asociación de Bomberos Voluntarios - San Martín de los Andes,,1,0,0
1100001257,04/27/2015,Asociación de Bomberos Voluntarios - San Martín de los Andes,,1,0,0
1100001258,04/28/2015,Asociación de Bomberos Voluntarios - San Martín de los Andes,,1,0,0
1100001259,04/28/2015,Asociación de Bomberos Voluntarios - San Martín de los Andes,,1,0,0
1100001516,04/27/2015,Veritecnica SRL,,1,0,0
1200001393,04/27/2015,Veritecnica SRL,,1,0,0
1200001394,04/27/2015,Veritecnica SRL,,1,0,0
9102000507,04/27/2015,Veritecnica SRL,,0,0,1
9102000508,04/27/2015,Veritecnica SRL,,0,1,0
1100001517,04/27/2015,Veritecnica SRL,,1,0,0
9102000509,04/27/2015,Veritecnica SRL,,0,1,0
1100001518,04/27/2015,Veritecnica SRL,,1,0,0
1100001519,04/27/2015,Veritecnica SRL,,1,0,0
9202000095,04/27/2015,Veritecnica SRL,,0,0,1
9202000096,04/27/2015,Veritecnica SRL,,0,0,1
1200001395,04/27/2015,Veritecnica SRL,,1,0,0
9102000510,04/27/2015,Veritecnica SRL,,0,0,1
9102000511,04/27/2015,Veritecnica SRL,,0,1,0
9102000512,04/27/2015,Veritecnica SRL,,0,0,1
1100001520,04/27/2015,Veritecnica SRL,,1,0,0
1100001521,04/27/2015,Veritecnica SRL,,1,0,0
1100001522,04/27/2015,Veritecnica SRL,,1,0,0
1100001523,04/27/2015,Veritecnica SRL,,1,0,0
9102000513,04/27/2015,Veritecnica SRL,,0,1,0
1200001396,04/27/2015,Veritecnica SRL,,1,0,0
1200001397,04/27/2015,Veritecnica SRL,,1,0,0
1200001398,04/27/2015,Veritecnica SRL,,1,0,0
1100001524,04/27/2015,Veritecnica SRL,,1,0,0
1100001525,04/27/2015,Veritecnica SRL,,1,0,0
1200001399,04/27/2015,Veritecnica SRL,,1,0,0
1100001526,04/27/2015,Veritecnica SRL,,1,0,0
1100001527,04/27/2015,Veritecnica SRL,,1,0,0
1100001528,04/27/2015,Veritecnica SRL,,1,0,0
1200001400,04/27/2015,Veritecnica SRL,,1,0,0
1100001529,04/27/2015,Veritecnica SRL,,1,0,0
1100001530,04/27/2015,Veritecnica SRL,,1,0,0
1200001401,04/27/2015,Veritecnica SRL,,1,0,0
1100001581,04/27/2015,Veritecnica SRL,,1,0,0
9102000514,04/27/2015,Veritecnica SRL,,0,1,0
1100001582,04/27/2015,Veritecnica SRL,,1,0,0
1100001583,04/27/2015,Veritecnica SRL,,1,0,0
9202000097,04/27/2015,Veritecnica SRL,,0,0,1
1100001584,04/27/2015,Veritecnica SRL,,1,0,0
1200001402,04/27/2015,Veritecnica SRL,,1,0,0
1100001585,04/28/2015,Veritecnica SRL,,1,0,0
1100001586,04/28/2015,Veritecnica SRL,,1,0,0
1200001404,04/28/2015,Veritecnica SRL,,1,0,0
1100001587,04/28/2015,Veritecnica SRL,,1,0,0
1100001588,04/28/2015,Veritecnica SRL,,1,0,0
9102000515,04/28/2015,Veritecnica SRL,,0,0,1
9102000516,04/28/2015,Veritecnica SRL,,0,0,1
1200001403,04/28/2015,Veritecnica SRL,,1,0,0
9102000517,04/28/2015,Veritecnica SRL,,0,1,0
1100001589,04/28/2015,Veritecnica SRL,,1,0,0
9102000518,04/28/2015,Veritecnica SRL,,0,1,0
9102000519,04/28/2015,Veritecnica SRL,,0,0,1
1100001590,04/28/2015,Veritecnica SRL,,1,0,0
1200001405,04/28/2015,Veritecnica SRL,,1,0,0
1100001591,04/28/2015,Veritecnica SRL,,1,0,0
9102000520,04/28/2015,Veritecnica SRL,,0,0,1
1100001592,04/28/2015,Veritecnica SRL,,1,0,0
1100001593,04/28/2015,Veritecnica SRL,,1,0,0
1100001594,04/28/2015,Veritecnica SRL,,1,0,0
1100001595,04/28/2015,Veritecnica SRL,,1,0,0
9102000521,04/28/2015,Veritecnica SRL,,0,0,1
1100001596,04/28/2015,Veritecnica SRL,,1,0,0
1100001597,04/28/2015,Veritecnica SRL,,1,0,0
9102000522,04/28/2015,Veritecnica SRL,,0,0,1
1200001406,04/28/2015,Veritecnica SRL,,1,0,0
1200001407,04/28/2015,Veritecnica SRL,,1,0,0
9202000098,04/28/2015,Veritecnica SRL,,0,0,1
1100001598,04/28/2015,Veritecnica SRL,,1,0,0
9102000523,04/28/2015,Veritecnica SRL,,0,0,1
1200001408,04/28/2015,Veritecnica SRL,,1,0,0
1100001599,04/28/2015,Veritecnica SRL,,1,0,0
1200001409,04/28/2015,Veritecnica SRL,,1,0,0
9102000524,04/28/2015,Veritecnica SRL,,0,0,1
1200001410,04/28/2015,Veritecnica SRL,,1,0,0
1200001411,04/28/2015,Veritecnica SRL,,1,0,0
1200001412,04/28/2015,Veritecnica SRL,,1,0,0
1200001413,04/28/2015,Veritecnica SRL,,1,0,0
9102000525,04/28/2015,Veritecnica SRL,,0,0,1
1100001600,04/28/2015,Veritecnica SRL,,1,0,0
9102000526,04/28/2015,Veritecnica SRL,,0,1,0
1100001601,04/28/2015,Veritecnica SRL,,1,0,0
1200001414,04/28/2015,Veritecnica SRL,,1,0,0
1200001415,04/28/2015,Veritecnica SRL,,1,0,0
