Nrocertificado,Fecha,Idtaller,Dominiovehiculo,Aprobado,RechazadoLeveModerado,RechazadoGrave
1100003626,07/22/2015,Control SRL,,1,0,0
1100003627,07/22/2015,Control SRL,,1,0,0
1100003629,07/22/2015,Control SRL,,1,0,0
1100003628,07/22/2015,Control SRL,,1,0,0
1100003630,07/22/2015,Control SRL,,1,0,0
1200002204,07/22/2015,Control SRL,,1,0,0
9103000297,07/22/2015,Control SRL,,0,0,1
1100003631,07/22/2015,Control SRL,,1,0,0
1200002205,07/22/2015,Control SRL,,1,0,0
9203000123,07/22/2015,Control SRL,,0,0,1
1200002206,07/22/2015,Control SRL,,1,0,0
9103000298,07/22/2015,Control SRL,,0,0,1
1200002207,07/22/2015,Control SRL,,1,0,0
1100003632,07/22/2015,Control SRL,,1,0,0
1100003634,07/22/2015,Control SRL,,1,0,0
1100003633,07/22/2015,Control SRL,,1,0,0
1100003635,07/22/2015,Control SRL,,1,0,0
1100003636,07/22/2015,Control SRL,,1,0,0
9103000299,07/22/2015,Control SRL,,0,0,1
1100003637,07/22/2015,Control SRL,,1,0,0
1100003638,07/22/2015,Control SRL,,1,0,0
1100003639,07/22/2015,Control SRL,,1,0,0
1200002208,07/22/2015,Control SRL,,1,0,0
9103000300,07/22/2015,Control SRL,,0,0,1
9103000301,07/22/2015,Control SRL,,0,0,1
1200002209,07/22/2015,Control SRL,,1,0,0
1100003640,07/22/2015,Control SRL,,1,0,0
1100003641,07/22/2015,Control SRL,,1,0,0
9103000302,07/22/2015,Control SRL,,0,0,1
1100003642,07/22/2015,Control SRL,,1,0,0
9103000303,07/22/2015,Control SRL,,0,0,1
1100003643,07/22/2015,Control SRL,,1,0,0
1100003644,07/22/2015,Control SRL,,1,0,0
1200002210,07/22/2015,Control SRL,,1,0,0
1200002211,07/23/2015,Control SRL,,1,0,0
1100003645,07/23/2015,Control SRL,,1,0,0
1200002212,07/23/2015,Control SRL,,1,0,0
9103000304,07/23/2015,Control SRL,,0,0,1
9103000305,07/23/2015,Control SRL,,0,0,1
1100003646,07/23/2015,Control SRL,,1,0,0
1100003647,07/23/2015,Control SRL,,1,0,0
9203000124,07/23/2015,Control SRL,,0,0,1
1200002213,07/23/2015,Control SRL,,1,0,0
1100003648,07/23/2015,Control SRL,,1,0,0
1100003649,07/23/2015,Control SRL,,1,0,0
1100003650,07/23/2015,Control SRL,,1,0,0
1100003651,07/23/2015,Control SRL,,1,0,0
1100003652,07/23/2015,Control SRL,,1,0,0
1100003653,07/23/2015,Control SRL,,1,0,0
9103000306,07/23/2015,Control SRL,,0,0,1
1200002214,07/23/2015,Control SRL,,1,0,0
1200002215,07/23/2015,Control SRL,,1,0,0
1100003654,07/23/2015,Control SRL,,1,0,0
1100003655,07/23/2015,Control SRL,,1,0,0
1100003656,07/23/2015,Control SRL,,1,0,0
1200000895,07/22/2015,Asociación de Bomberos Voluntarios - San Martín de los Andes,,1,0,0
1100003037,07/22/2015,Asociación de Bomberos Voluntarios - San Martín de los Andes,,1,0,0
1100003038,07/22/2015,Asociación de Bomberos Voluntarios - San Martín de los Andes,,1,0,0
1100003039,07/22/2015,Asociación de Bomberos Voluntarios - San Martín de los Andes,,1,0,0
1100003040,07/22/2015,Asociación de Bomberos Voluntarios - San Martín de los Andes,,1,0,0
1100003041,07/22/2015,Asociación de Bomberos Voluntarios - San Martín de los Andes,,1,0,0
1100003042,07/22/2015,Asociación de Bomberos Voluntarios - San Martín de los Andes,,1,0,0
1200000896,07/22/2015,Asociación de Bomberos Voluntarios - San Martín de los Andes,,1,0,0
1200000897,07/22/2015,Asociación de Bomberos Voluntarios - San Martín de los Andes,,1,0,0
1100003043,07/22/2015,Asociación de Bomberos Voluntarios - San Martín de los Andes,,1,0,0
1100003044,07/22/2015,Asociación de Bomberos Voluntarios - San Martín de los Andes,,1,0,0
1100003045,07/23/2015,Asociación de Bomberos Voluntarios - San Martín de los Andes,,1,0,0
1100003046,07/23/2015,Asociación de Bomberos Voluntarios - San Martín de los Andes,,1,0,0
9201000095,07/23/2015,Asociación de Bomberos Voluntarios - San Martín de los Andes,,0,0,1
1100003047,07/23/2015,Asociación de Bomberos Voluntarios - San Martín de los Andes,,1,0,0
9101000434,07/23/2015,Asociación de Bomberos Voluntarios - San Martín de los Andes,,0,1,0
9201000096,07/23/2015,Asociación de Bomberos Voluntarios - San Martín de los Andes,,0,0,1
9201000097,07/23/2015,Asociación de Bomberos Voluntarios - San Martín de los Andes,,0,1,0
1200000898,07/23/2015,Asociación de Bomberos Voluntarios - San Martín de los Andes,,1,0,0
1100003048,07/23/2015,Asociación de Bomberos Voluntarios - San Martín de los Andes,,1,0,0
1100003049,07/23/2015,Asociación de Bomberos Voluntarios - San Martín de los Andes,,1,0,0
1100003050,07/23/2015,Asociación de Bomberos Voluntarios - San Martín de los Andes,,1,0,0
1100003051,07/23/2015,Asociación de Bomberos Voluntarios - San Martín de los Andes,,1,0,0
1100004165,07/22/2015,Veritecnica SRL,,1,0,0
1100004166,07/22/2015,Veritecnica SRL,,1,0,0
1100004167,07/22/2015,Veritecnica SRL,,1,0,0
1100004168,07/22/2015,Veritecnica SRL,,1,0,0
1100004169,07/22/2015,Veritecnica SRL,,1,0,0
1200002629,07/22/2015,Veritecnica SRL,,1,0,0
9102001014,07/22/2015,Veritecnica SRL,,0,1,0
1200002630,07/22/2015,Veritecnica SRL,,1,0,0
9102001015,07/22/2015,Veritecnica SRL,,0,0,1
1100004170,07/22/2015,Veritecnica SRL,,1,0,0
1100004171,07/22/2015,Veritecnica SRL,,1,0,0
9102001016,07/22/2015,Veritecnica SRL,,0,0,1
9102001017,07/22/2015,Veritecnica SRL,,0,0,1
1100004172,07/22/2015,Veritecnica SRL,,1,0,0
1100004173,07/22/2015,Veritecnica SRL,,1,0,0
1100004174,07/22/2015,Veritecnica SRL,,1,0,0
1200002631,07/22/2015,Veritecnica SRL,,1,0,0
9102001018,07/22/2015,Veritecnica SRL,,0,1,0
1200002632,07/22/2015,Veritecnica SRL,,1,0,0
9102001019,07/22/2015,Veritecnica SRL,,0,0,1
1200002633,07/22/2015,Veritecnica SRL,,1,0,0
9202000221,07/22/2015,Veritecnica SRL,,0,0,1
9102001020,07/22/2015,Veritecnica SRL,,0,1,0
1100004175,07/22/2015,Veritecnica SRL,,1,0,0
9202000222,07/22/2015,Veritecnica SRL,,0,0,1
1200002634,07/22/2015,Veritecnica SRL,,1,0,0
1100004176,07/22/2015,Veritecnica SRL,,1,0,0
1100004177,07/22/2015,Veritecnica SRL,,1,0,0
9202000223,07/22/2015,Veritecnica SRL,,0,1,0
1100004178,07/22/2015,Veritecnica SRL,,1,0,0
9202000224,07/22/2015,Veritecnica SRL,,0,1,0
1200002636,07/22/2015,Veritecnica SRL,,1,0,0
1100004179,07/22/2015,Veritecnica SRL,,1,0,0
1200002637,07/22/2015,Veritecnica SRL,,1,0,0
1200002635,07/22/2015,Veritecnica SRL,,1,0,0
1200002638,07/22/2015,Veritecnica SRL,,1,0,0
9102001021,07/22/2015,Veritecnica SRL,,0,1,0
1200002639,07/22/2015,Veritecnica SRL,,1,0,0
1100004180,07/22/2015,Veritecnica SRL,,1,0,0
1100004181,07/22/2015,Veritecnica SRL,,1,0,0
1100004182,07/22/2015,Veritecnica SRL,,1,0,0
9102001022,07/22/2015,Veritecnica SRL,,0,0,1
1100004183,07/22/2015,Veritecnica SRL,,1,0,0
1200002640,07/22/2015,Veritecnica SRL,,1,0,0
1100004184,07/22/2015,Veritecnica SRL,,1,0,0
1100004185,07/23/2015,Veritecnica SRL,,1,0,0
9102001023,07/23/2015,Veritecnica SRL,,0,0,1
1100004186,07/23/2015,Veritecnica SRL,,1,0,0
1200002641,07/23/2015,Veritecnica SRL,,1,0,0
1100004187,07/23/2015,Veritecnica SRL,,1,0,0
1100004188,07/23/2015,Veritecnica SRL,,1,0,0
9202000225,07/23/2015,Veritecnica SRL,,0,0,1
1100004189,07/23/2015,Veritecnica SRL,,1,0,0
1100004190,07/23/2015,Veritecnica SRL,,1,0,0
1100004191,07/23/2015,Veritecnica SRL,,1,0,0
1200002642,07/23/2015,Veritecnica SRL,,1,0,0
1100004192,07/23/2015,Veritecnica SRL,,1,0,0
1100004193,07/23/2015,Veritecnica SRL,,1,0,0
1200002643,07/23/2015,Veritecnica SRL,,1,0,0
1100004194,07/23/2015,Veritecnica SRL,,1,0,0
9102001024,07/23/2015,Veritecnica SRL,,0,0,1
1100004195,07/23/2015,Veritecnica SRL,,1,0,0
1200002644,07/23/2015,Veritecnica SRL,,1,0,0
1200002645,07/23/2015,Veritecnica SRL,,1,0,0
1100004196,07/23/2015,Veritecnica SRL,,1,0,0
1200002646,07/23/2015,Veritecnica SRL,,1,0,0
1200002647,07/23/2015,Veritecnica SRL,,1,0,0
1200002648,07/23/2015,Veritecnica SRL,,1,0,0
1100004197,07/23/2015,Veritecnica SRL,,1,0,0
9102001025,07/23/2015,Veritecnica SRL,,0,0,1
1100004198,07/23/2015,Veritecnica SRL,,1,0,0
9102001026,07/23/2015,Veritecnica SRL,,0,1,0
1100004199,07/23/2015,Veritecnica SRL,,1,0,0
1100004200,07/23/2015,Veritecnica SRL,,1,0,0
9102001027,07/23/2015,Veritecnica SRL,,0,1,0
1100004201,07/23/2015,Veritecnica SRL,,1,0,0
1100004202,07/23/2015,Veritecnica SRL,,1,0,0
1200002649,07/23/2015,Veritecnica SRL,,1,0,0
1100004203,07/23/2015,Veritecnica SRL,,1,0,0
1100004204,07/23/2015,Veritecnica SRL,,1,0,0
1100004205,07/23/2015,Veritecnica SRL,,1,0,0
