Nrocertificado,Fecha,Idtaller,Dominiovehiculo,Aprobado,RechazadoLeveModerado,RechazadoGrave
1200002256,06/15/2015,Control SRL,,1,0,0
1200002257,06/15/2015,Control SRL,,1,0,0
1100002646,06/15/2015,Control SRL,,1,0,0
1100002647,06/15/2015,Control SRL,,1,0,0
1100002648,06/15/2015,Control SRL,,1,0,0
1100002649,06/15/2015,Control SRL,,1,0,0
1100002650,06/15/2015,Control SRL,,1,0,0
1100002651,06/15/2015,Control SRL,,1,0,0
1100002652,06/15/2015,Control SRL,,1,0,0
1100002653,06/15/2015,Control SRL,,1,0,0
9103000213,06/15/2015,Control SRL,,0,0,1
9103000214,06/15/2015,Control SRL,,0,0,1
1100002654,06/15/2015,Control SRL,,1,0,0
1100002655,06/15/2015,Control SRL,,1,0,0
1100002656,06/15/2015,Control SRL,,1,0,0
1100002657,06/15/2015,Control SRL,,1,0,0
1100002658,06/15/2015,Control SRL,,1,0,0
1200002258,06/15/2015,Control SRL,,1,0,0
1100002659,06/15/2015,Control SRL,,1,0,0
1200002259,06/15/2015,Control SRL,,1,0,0
1100002660,06/15/2015,Control SRL,,1,0,0
1100002661,06/15/2015,Control SRL,,1,0,0
1200002260,06/15/2015,Control SRL,,1,0,0
1200002261,06/15/2015,Control SRL,,1,0,0
1200002262,06/15/2015,Control SRL,,1,0,0
1100002282,06/15/2015,Asociación de Bomberos Voluntarios - San Martín de los Andes,,1,0,0
1100002283,06/15/2015,Asociación de Bomberos Voluntarios - San Martín de los Andes,,1,0,0
9201000071,06/15/2015,Asociación de Bomberos Voluntarios - San Martín de los Andes,,0,0,1
1200000538,06/15/2015,Asociación de Bomberos Voluntarios - San Martín de los Andes,,1,0,0
1100002284,06/15/2015,Asociación de Bomberos Voluntarios - San Martín de los Andes,,1,0,0
1200000539,06/15/2015,Asociación de Bomberos Voluntarios - San Martín de los Andes,,1,0,0
9101000351,06/15/2015,Asociación de Bomberos Voluntarios - San Martín de los Andes,,0,1,0
9101000352,06/15/2015,Asociación de Bomberos Voluntarios - San Martín de los Andes,,0,1,0
9101000353,06/15/2015,Asociación de Bomberos Voluntarios - San Martín de los Andes,,0,1,0
9101000354,06/15/2015,Asociación de Bomberos Voluntarios - San Martín de los Andes,,0,1,0
9101000355,06/15/2015,Asociación de Bomberos Voluntarios - San Martín de los Andes,,0,1,0
1100002285,06/15/2015,Asociación de Bomberos Voluntarios - San Martín de los Andes,,1,0,0
1100002286,06/15/2015,Asociación de Bomberos Voluntarios - San Martín de los Andes,,1,0,0
1100002287,06/15/2015,Asociación de Bomberos Voluntarios - San Martín de los Andes,,1,0,0
1200000540,06/15/2015,Asociación de Bomberos Voluntarios - San Martín de los Andes,,1,0,0
1200000541,06/15/2015,Asociación de Bomberos Voluntarios - San Martín de los Andes,,1,0,0
1200000542,06/15/2015,Asociación de Bomberos Voluntarios - San Martín de los Andes,,1,0,0
1100002288,06/15/2015,Asociación de Bomberos Voluntarios - San Martín de los Andes,,1,0,0
1200000543,06/15/2015,Asociación de Bomberos Voluntarios - San Martín de los Andes,,1,0,0
1100002542,06/15/2015,Veritecnica SRL,,1,0,0
1200001823,06/15/2015,Veritecnica SRL,,1,0,0
1100002543,06/15/2015,Veritecnica SRL,,1,0,0
1100002544,06/15/2015,Veritecnica SRL,,1,0,0
1200001824,06/15/2015,Veritecnica SRL,,1,0,0
1100002545,06/15/2015,Veritecnica SRL,,1,0,0
1200001825,06/15/2015,Veritecnica SRL,,1,0,0
1200001826,06/15/2015,Veritecnica SRL,,1,0,0
9102000745,06/15/2015,Veritecnica SRL,,0,0,1
1100002546,06/15/2015,Veritecnica SRL,,1,0,0
1100002547,06/15/2015,Veritecnica SRL,,1,0,0
9102000746,06/15/2015,Veritecnica SRL,,0,1,0
1100002548,06/15/2015,Veritecnica SRL,,1,0,0
1100002549,06/15/2015,Veritecnica SRL,,1,0,0
1100002550,06/15/2015,Veritecnica SRL,,1,0,0
9102000747,06/15/2015,Veritecnica SRL,,0,0,1
9102000748,06/15/2015,Veritecnica SRL,,0,0,1
9202000171,06/15/2015,Veritecnica SRL,,0,0,1
1100002551,06/15/2015,Veritecnica SRL,,1,0,0
1200001827,06/15/2015,Veritecnica SRL,,1,0,0
1100002552,06/15/2015,Veritecnica SRL,,1,0,0
1100002553,06/15/2015,Veritecnica SRL,,1,0,0
1100002554,06/15/2015,Veritecnica SRL,,1,0,0
9102000749,06/15/2015,Veritecnica SRL,,0,0,1
1200001828,06/15/2015,Veritecnica SRL,,1,0,0
1100002555,06/15/2015,Veritecnica SRL,,1,0,0
1100002556,06/15/2015,Veritecnica SRL,,1,0,0
9102000750,06/15/2015,Veritecnica SRL,,0,1,0
1100002557,06/15/2015,Veritecnica SRL,,1,0,0
1200001829,06/15/2015,Veritecnica SRL,,1,0,0
9102000751,06/15/2015,Veritecnica SRL,,0,0,1
1100002558,06/15/2015,Veritecnica SRL,,1,0,0
1100002559,06/15/2015,Veritecnica SRL,,1,0,0
1200001830,06/15/2015,Veritecnica SRL,,1,0,0
9102000752,06/15/2015,Veritecnica SRL,,0,1,0
1100002560,06/15/2015,Veritecnica SRL,,1,0,0
9102000753,06/15/2015,Veritecnica SRL,,0,1,0
1100002561,06/15/2015,Veritecnica SRL,,1,0,0
1100002562,06/15/2015,Veritecnica SRL,,1,0,0
1100002563,06/15/2015,Veritecnica SRL,,1,0,0
9102000754,06/15/2015,Veritecnica SRL,,0,0,1
