Nrocertificado,Fecha,Idtaller,Dominiovehiculo,Aprobado,RechazadoLeveModerado,RechazadoGrave
1100007117,11/03/2015,Control SRL,,1,0,0
1100007118,11/03/2015,Control SRL,,1,0,0
1100007119,11/03/2015,Control SRL,,1,0,0
9103000513,11/03/2015,Control SRL,,0,0,1
1100007120,11/03/2015,Control SRL,,1,0,0
9103000514,11/03/2015,Control SRL,,0,0,1
1100007121,11/03/2015,Control SRL,,1,0,0
1100007123,11/03/2015,Control SRL,,1,0,0
1100007122,11/03/2015,Control SRL,,1,0,0
1100007124,11/03/2015,Control SRL,,1,0,0
1100007125,11/03/2015,Control SRL,,1,0,0
9103000515,11/03/2015,Control SRL,,0,0,1
9203000216,11/03/2015,Control SRL,,0,0,1
9103000516,11/03/2015,Control SRL,,0,0,1
1100007126,11/03/2015,Control SRL,,1,0,0
1200004149,11/03/2015,Control SRL,,1,0,0
9103000517,11/03/2015,Control SRL,,0,0,1
1200004150,11/03/2015,Control SRL,,1,0,0
1100007127,11/03/2015,Control SRL,,1,0,0
1200004152,11/03/2015,Control SRL,,1,0,0
1100007129,11/03/2015,Control SRL,,1,0,0
1100007128,11/03/2015,Control SRL,,1,0,0
1100007130,11/03/2015,Control SRL,,1,0,0
1100007131,11/03/2015,Control SRL,,1,0,0
9203000217,11/03/2015,Control SRL,,0,0,1
9203000218,11/03/2015,Control SRL,,0,0,1
1200004151,11/03/2015,Control SRL,,1,0,0
1100007132,11/04/2015,Control SRL,,1,0,0
1100007133,11/04/2015,Control SRL,,1,0,0
1100007134,11/04/2015,Control SRL,,1,0,0
1100007135,11/04/2015,Control SRL,,1,0,0
1100007136,11/04/2015,Control SRL,,1,0,0
1100007137,11/04/2015,Control SRL,,1,0,0
1100007138,11/04/2015,Control SRL,,1,0,0
9203000219,11/04/2015,Control SRL,,0,0,1
1100007139,11/04/2015,Control SRL,,1,0,0
9103000518,11/04/2015,Control SRL,,0,0,1
1100007140,11/04/2015,Control SRL,,1,0,0
1100007141,11/04/2015,Control SRL,,1,0,0
1100007142,11/04/2015,Control SRL,,1,0,0
1100007143,11/04/2015,Control SRL,,1,0,0
1100007144,11/04/2015,Control SRL,,1,0,0
1100007145,11/04/2015,Control SRL,,1,0,0
1200004153,11/04/2015,Control SRL,,1,0,0
9103000519,11/04/2015,Control SRL,,0,0,1
9103000520,11/04/2015,Control SRL,,0,0,1
1100007146,11/04/2015,Control SRL,,1,0,0
1200004154,11/04/2015,Control SRL,,1,0,0
1100007147,11/04/2015,Control SRL,,1,0,0
1100007148,11/04/2015,Control SRL,,1,0,0
1200004156,11/04/2015,Control SRL,,1,0,0
1200004157,11/04/2015,Control SRL,,1,0,0
1100007149,11/04/2015,Control SRL,,1,0,0
1200004158,11/04/2015,Control SRL,,1,0,0
1200004155,11/04/2015,Control SRL,,1,0,0
1100007150,11/04/2015,Control SRL,,1,0,0
1100007510,11/03/2015,Asociación de Bomberos Voluntarios - San Martín de los Andes,,1,0,0
1100007511,11/03/2015,Asociación de Bomberos Voluntarios - San Martín de los Andes,,1,0,0
1100007512,11/03/2015,Asociación de Bomberos Voluntarios - San Martín de los Andes,,1,0,0
9101000698,11/03/2015,Asociación de Bomberos Voluntarios - San Martín de los Andes,,0,0,1
1100007513,11/03/2015,Asociación de Bomberos Voluntarios - San Martín de los Andes,,1,0,0
1100007514,11/03/2015,Asociación de Bomberos Voluntarios - San Martín de los Andes,,1,0,0
1100007515,11/03/2015,Asociación de Bomberos Voluntarios - San Martín de los Andes,,1,0,0
1100007516,11/03/2015,Asociación de Bomberos Voluntarios - San Martín de los Andes,,1,0,0
1100007517,11/03/2015,Asociación de Bomberos Voluntarios - San Martín de los Andes,,1,0,0
1100007518,11/03/2015,Asociación de Bomberos Voluntarios - San Martín de los Andes,,1,0,0
9101000699,11/03/2015,Asociación de Bomberos Voluntarios - San Martín de los Andes,,0,0,1
1200002895,11/03/2015,Asociación de Bomberos Voluntarios - San Martín de los Andes,,1,0,0
1100007519,11/03/2015,Asociación de Bomberos Voluntarios - San Martín de los Andes,,1,0,0
1100007520,11/03/2015,Asociación de Bomberos Voluntarios - San Martín de los Andes,,1,0,0
9101000700,11/03/2015,Asociación de Bomberos Voluntarios - San Martín de los Andes,,0,0,1
9101000701,11/03/2015,Asociación de Bomberos Voluntarios - San Martín de los Andes,,0,1,0
1100007521,11/03/2015,Asociación de Bomberos Voluntarios - San Martín de los Andes,,1,0,0
1100007522,11/03/2015,Asociación de Bomberos Voluntarios - San Martín de los Andes,,1,0,0
9101000702,11/03/2015,Asociación de Bomberos Voluntarios - San Martín de los Andes,,0,0,1
1100007523,11/03/2015,Asociación de Bomberos Voluntarios - San Martín de los Andes,,1,0,0
9201000162,11/03/2015,Asociación de Bomberos Voluntarios - San Martín de los Andes,,0,1,0
1100007524,11/03/2015,Asociación de Bomberos Voluntarios - San Martín de los Andes,,1,0,0
9101000703,11/03/2015,Asociación de Bomberos Voluntarios - San Martín de los Andes,,0,0,1
1200002896,11/04/2015,Asociación de Bomberos Voluntarios - San Martín de los Andes,,1,0,0
1100007525,11/04/2015,Asociación de Bomberos Voluntarios - San Martín de los Andes,,1,0,0
9101000704,11/04/2015,Asociación de Bomberos Voluntarios - San Martín de los Andes,,0,1,0
1100007526,11/04/2015,Asociación de Bomberos Voluntarios - San Martín de los Andes,,1,0,0
1100007527,11/04/2015,Asociación de Bomberos Voluntarios - San Martín de los Andes,,1,0,0
1100007528,11/04/2015,Asociación de Bomberos Voluntarios - San Martín de los Andes,,1,0,0
9201000163,11/04/2015,Asociación de Bomberos Voluntarios - San Martín de los Andes,,0,1,0
9201000164,11/04/2015,Asociación de Bomberos Voluntarios - San Martín de los Andes,,0,1,0
1200002897,11/04/2015,Asociación de Bomberos Voluntarios - San Martín de los Andes,,1,0,0
1100007529,11/04/2015,Asociación de Bomberos Voluntarios - San Martín de los Andes,,1,0,0
9101000705,11/04/2015,Asociación de Bomberos Voluntarios - San Martín de los Andes,,0,1,0
1100007530,11/04/2015,Asociación de Bomberos Voluntarios - San Martín de los Andes,,1,0,0
1100007531,11/04/2015,Asociación de Bomberos Voluntarios - San Martín de los Andes,,1,0,0
9101000706,11/04/2015,Asociación de Bomberos Voluntarios - San Martín de los Andes,,0,1,0
1200002898,11/04/2015,Asociación de Bomberos Voluntarios - San Martín de los Andes,,1,0,0
1100007532,11/04/2015,Asociación de Bomberos Voluntarios - San Martín de los Andes,,1,0,0
9101000707,11/04/2015,Asociación de Bomberos Voluntarios - San Martín de los Andes,,0,0,1
1100007533,11/04/2015,Asociación de Bomberos Voluntarios - San Martín de los Andes,,1,0,0
9101000708,11/04/2015,Asociación de Bomberos Voluntarios - San Martín de los Andes,,0,1,0
9101000709,11/04/2015,Asociación de Bomberos Voluntarios - San Martín de los Andes,,0,1,0
1200002899,11/04/2015,Asociación de Bomberos Voluntarios - San Martín de los Andes,,1,0,0
9201000165,11/04/2015,Asociación de Bomberos Voluntarios - San Martín de los Andes,,0,0,1
1100007534,11/04/2015,Asociación de Bomberos Voluntarios - San Martín de los Andes,,1,0,0
9101000710,11/04/2015,Asociación de Bomberos Voluntarios - San Martín de los Andes,,0,1,0
9101000711,11/04/2015,Asociación de Bomberos Voluntarios - San Martín de los Andes,,0,0,1
1100007535,11/04/2015,Asociación de Bomberos Voluntarios - San Martín de los Andes,,1,0,0
9101000712,11/04/2015,Asociación de Bomberos Voluntarios - San Martín de los Andes,,0,1,0
1100007536,11/04/2015,Asociación de Bomberos Voluntarios - San Martín de los Andes,,1,0,0
1100007537,11/04/2015,Asociación de Bomberos Voluntarios - San Martín de los Andes,,1,0,0
1100007538,11/04/2015,Asociación de Bomberos Voluntarios - San Martín de los Andes,,1,0,0
9101000713,11/04/2015,Asociación de Bomberos Voluntarios - San Martín de los Andes,,0,0,1
1100007539,11/04/2015,Asociación de Bomberos Voluntarios - San Martín de los Andes,,1,0,0
1100007540,11/04/2015,Asociación de Bomberos Voluntarios - San Martín de los Andes,,1,0,0
9101000714,11/04/2015,Asociación de Bomberos Voluntarios - San Martín de los Andes,,0,0,1
9101000715,11/04/2015,Asociación de Bomberos Voluntarios - San Martín de los Andes,,0,1,0
1100007480,11/03/2015,Veritecnica SRL,,1,0,0
1100007481,11/03/2015,Veritecnica SRL,,1,0,0
1100007482,11/03/2015,Veritecnica SRL,,1,0,0
1100007483,11/03/2015,Veritecnica SRL,,1,0,0
9202000379,11/03/2015,Veritecnica SRL,,0,0,1
9102001578,11/03/2015,Veritecnica SRL,,0,0,1
1100007484,11/03/2015,Veritecnica SRL,,1,0,0
1100007485,11/03/2015,Veritecnica SRL,,1,0,0
1100007486,11/03/2015,Veritecnica SRL,,1,0,0
1200004244,11/03/2015,Veritecnica SRL,,1,0,0
1100007487,11/03/2015,Veritecnica SRL,,1,0,0
1100007488,11/03/2015,Veritecnica SRL,,1,0,0
1100007489,11/03/2015,Veritecnica SRL,,1,0,0
1200004245,11/03/2015,Veritecnica SRL,,1,0,0
1200004246,11/03/2015,Veritecnica SRL,,1,0,0
1200004247,11/03/2015,Veritecnica SRL,,1,0,0
1100007490,11/03/2015,Veritecnica SRL,,1,0,0
1200004248,11/03/2015,Veritecnica SRL,,1,0,0
1100007491,11/03/2015,Veritecnica SRL,,1,0,0
1100007492,11/03/2015,Veritecnica SRL,,1,0,0
1100007493,11/03/2015,Veritecnica SRL,,1,0,0
1100007494,11/03/2015,Veritecnica SRL,,1,0,0
1100007495,11/03/2015,Veritecnica SRL,,1,0,0
1100007496,11/03/2015,Veritecnica SRL,,1,0,0
9202000380,11/03/2015,Veritecnica SRL,,0,0,1
1200004249,11/03/2015,Veritecnica SRL,,1,0,0
9102001579,11/03/2015,Veritecnica SRL,,0,0,1
1200004250,11/03/2015,Veritecnica SRL,,1,0,0
1100007497,11/03/2015,Veritecnica SRL,,1,0,0
9102001580,11/03/2015,Veritecnica SRL,,0,0,1
1100007498,11/03/2015,Veritecnica SRL,,1,0,0
1100007499,11/03/2015,Veritecnica SRL,,1,0,0
1100007500,11/03/2015,Veritecnica SRL,,1,0,0
1100007601,11/03/2015,Veritecnica SRL,,1,0,0
1100007602,11/03/2015,Veritecnica SRL,,1,0,0
1100007603,11/03/2015,Veritecnica SRL,,1,0,0
9102001581,11/03/2015,Veritecnica SRL,,0,0,1
1100007604,11/03/2015,Veritecnica SRL,,1,0,0
1200004251,11/03/2015,Veritecnica SRL,,1,0,0
1100007605,11/03/2015,Veritecnica SRL,,1,0,0
1100007606,11/03/2015,Veritecnica SRL,,1,0,0
1200004252,11/03/2015,Veritecnica SRL,,1,0,0
9102001582,11/03/2015,Veritecnica SRL,,0,0,1
1100007607,11/03/2015,Veritecnica SRL,,1,0,0
1100007608,11/03/2015,Veritecnica SRL,,1,0,0
9102001583,11/04/2015,Veritecnica SRL,,0,0,1
9102001584,11/04/2015,Veritecnica SRL,,0,0,1
1100007609,11/04/2015,Veritecnica SRL,,1,0,0
9102001585,11/04/2015,Veritecnica SRL,,0,1,0
1100007610,11/04/2015,Veritecnica SRL,,1,0,0
9102001586,11/04/2015,Veritecnica SRL,,0,0,1
9102001587,11/04/2015,Veritecnica SRL,,0,1,0
1100007611,11/04/2015,Veritecnica SRL,,1,0,0
1100007612,11/04/2015,Veritecnica SRL,,1,0,0
1100007613,11/04/2015,Veritecnica SRL,,1,0,0
9102001588,11/04/2015,Veritecnica SRL,,0,0,1
9202000381,11/04/2015,Veritecnica SRL,,0,0,1
1100007614,11/04/2015,Veritecnica SRL,,1,0,0
1200004253,11/04/2015,Veritecnica SRL,,1,0,0
1200004254,11/04/2015,Veritecnica SRL,,1,0,0
1200004255,11/04/2015,Veritecnica SRL,,1,0,0
9202000382,11/04/2015,Veritecnica SRL,,0,0,1
1100007615,11/04/2015,Veritecnica SRL,,1,0,0
9202000383,11/04/2015,Veritecnica SRL,,0,0,1
9102001589,11/04/2015,Veritecnica SRL,,0,0,1
9102001590,11/04/2015,Veritecnica SRL,,0,1,0
1100007616,11/04/2015,Veritecnica SRL,,1,0,0
1100007617,11/04/2015,Veritecnica SRL,,1,0,0
9202000384,11/04/2015,Veritecnica SRL,,0,0,1
1200004256,11/04/2015,Veritecnica SRL,,1,0,0
1100007618,11/04/2015,Veritecnica SRL,,1,0,0
1100007619,11/04/2015,Veritecnica SRL,,1,0,0
9202000385,11/04/2015,Veritecnica SRL,,0,0,1
1200004257,11/04/2015,Veritecnica SRL,,1,0,0
9102001591,11/04/2015,Veritecnica SRL,,0,0,1
1100007620,11/04/2015,Veritecnica SRL,,1,0,0
1200004258,11/04/2015,Veritecnica SRL,,1,0,0
1100007621,11/04/2015,Veritecnica SRL,,1,0,0
1100007622,11/04/2015,Veritecnica SRL,,1,0,0
1100007623,11/04/2015,Veritecnica SRL,,1,0,0
1200004259,11/04/2015,Veritecnica SRL,,1,0,0
1200004260,11/04/2015,Veritecnica SRL,,1,0,0
9202000386,11/04/2015,Veritecnica SRL,,0,0,1
1200004261,11/04/2015,Veritecnica SRL,,1,0,0
1200004262,11/04/2015,Veritecnica SRL,,1,0,0
1100007624,11/04/2015,Veritecnica SRL,,1,0,0
1200004263,11/04/2015,Veritecnica SRL,,1,0,0
1200004264,11/04/2015,Veritecnica SRL,,1,0,0
1100007625,11/04/2015,Veritecnica SRL,,1,0,0
1100007626,11/04/2015,Veritecnica SRL,,1,0,0
1200004265,11/04/2015,Veritecnica SRL,,1,0,0
1200004266,11/04/2015,Veritecnica SRL,,1,0,0
1100007627,11/04/2015,Veritecnica SRL,,1,0,0
1100007628,11/04/2015,Veritecnica SRL,,1,0,0
9102001592,11/04/2015,Veritecnica SRL,,0,0,1
1100007629,11/04/2015,Veritecnica SRL,,1,0,0
1100007630,11/04/2015,Veritecnica SRL,,1,0,0
9102001593,11/04/2015,Veritecnica SRL,,0,0,1
