Nrocertificado,Fecha,Idtaller,Dominiovehiculo,Aprobado,RechazadoLeveModerado,RechazadoGrave
1100010050,12/22/2015,Control SRL,,1,0,0
9103000701,12/22/2015,Control SRL,,0,0,1
1100010051,12/22/2015,Control SRL,,1,0,0
1100010052,12/22/2015,Control SRL,,1,0,0
1100010053,12/22/2015,Control SRL,,1,0,0
1100010055,12/22/2015,Control SRL,,1,0,0
1100010054,12/22/2015,Control SRL,,1,0,0
1100010056,12/22/2015,Control SRL,,1,0,0
1100010057,12/22/2015,Control SRL,,1,0,0
1100010059,12/22/2015,Control SRL,,1,0,0
1100010058,12/22/2015,Control SRL,,1,0,0
1100010060,12/22/2015,Control SRL,,1,0,0
1100010061,12/22/2015,Control SRL,,1,0,0
9103000702,12/22/2015,Control SRL,,0,0,1
1100010062,12/22/2015,Control SRL,,1,0,0
9103000703,12/22/2015,Control SRL,,0,0,1
1100010063,12/22/2015,Control SRL,,1,0,0
1200004966,12/22/2015,Control SRL,,1,0,0
1100010064,12/22/2015,Control SRL,,1,0,0
1100010065,12/22/2015,Control SRL,,1,0,0
1100010066,12/22/2015,Control SRL,,1,0,0
1100010067,12/22/2015,Control SRL,,1,0,0
1100010068,12/22/2015,Control SRL,,1,0,0
1200004967,12/22/2015,Control SRL,,1,0,0
1100010069,12/22/2015,Control SRL,,1,0,0
1100010070,12/22/2015,Control SRL,,1,0,0
1100010071,12/22/2015,Control SRL,,1,0,0
1100010072,12/22/2015,Control SRL,,1,0,0
9103000704,12/22/2015,Control SRL,,0,0,1
9103000705,12/22/2015,Control SRL,,0,0,1
9103000706,12/22/2015,Control SRL,,0,0,1
1100010073,12/22/2015,Control SRL,,1,0,0
1100010075,12/22/2015,Control SRL,,1,0,0
1100010074,12/22/2015,Control SRL,,1,0,0
1200005102,12/22/2015,Control SRL,,1,0,0
1200005101,12/22/2015,Control SRL,,1,0,0
1200005103,12/22/2015,Control SRL,,1,0,0
1100010076,12/22/2015,Control SRL,,1,0,0
1100010077,12/22/2015,Control SRL,,1,0,0
1100010078,12/22/2015,Control SRL,,1,0,0
1100010079,12/22/2015,Control SRL,,1,0,0
1100010080,12/22/2015,Control SRL,,1,0,0
1100010081,12/22/2015,Control SRL,,1,0,0
1100010082,12/22/2015,Control SRL,,1,0,0
1200004968,12/22/2015,Control SRL,,1,0,0
1100010083,12/22/2015,Control SRL,,1,0,0
1100010084,12/22/2015,Control SRL,,1,0,0
1100010085,12/22/2015,Control SRL,,1,0,0
1100010086,12/22/2015,Control SRL,,1,0,0
9103000707,12/22/2015,Control SRL,,0,0,1
1100010087,12/22/2015,Control SRL,,1,0,0
1100010088,12/22/2015,Control SRL,,1,0,0
1100010089,12/22/2015,Control SRL,,1,0,0
1200004969,12/22/2015,Control SRL,,1,0,0
1100010090,12/22/2015,Control SRL,,1,0,0
1100010091,12/22/2015,Control SRL,,1,0,0
1100010092,12/22/2015,Control SRL,,1,0,0
1100010093,12/22/2015,Control SRL,,1,0,0
1100010094,12/22/2015,Control SRL,,1,0,0
1100010095,12/22/2015,Control SRL,,1,0,0
1200004970,12/22/2015,Control SRL,,1,0,0
1100010096,12/23/2015,Control SRL,,1,0,0
1100010097,12/23/2015,Control SRL,,1,0,0
1100010098,12/23/2015,Control SRL,,1,0,0
1100010099,12/23/2015,Control SRL,,1,0,0
1100010100,12/23/2015,Control SRL,,1,0,0
1100010201,12/23/2015,Control SRL,,1,0,0
1100010202,12/23/2015,Control SRL,,1,0,0
1100010203,12/23/2015,Control SRL,,1,0,0
9103000708,12/23/2015,Control SRL,,0,0,1
9103000709,12/23/2015,Control SRL,,0,0,1
1100010204,12/23/2015,Control SRL,,1,0,0
1100010206,12/23/2015,Control SRL,,1,0,0
1100010205,12/23/2015,Control SRL,,1,0,0
1100010207,12/23/2015,Control SRL,,1,0,0
1100010208,12/23/2015,Control SRL,,1,0,0
1100010209,12/23/2015,Control SRL,,1,0,0
1100010210,12/23/2015,Control SRL,,1,0,0
9103000710,12/23/2015,Control SRL,,0,0,1
1100010211,12/23/2015,Control SRL,,1,0,0
1100010212,12/23/2015,Control SRL,,1,0,0
1100010213,12/23/2015,Control SRL,,1,0,0
1100010214,12/23/2015,Control SRL,,1,0,0
1100010215,12/23/2015,Control SRL,,1,0,0
1100010216,12/23/2015,Control SRL,,1,0,0
9203000258,12/23/2015,Control SRL,,0,0,1
9103000711,12/23/2015,Control SRL,,0,0,1
9103000712,12/23/2015,Control SRL,,0,0,1
1100010217,12/23/2015,Control SRL,,1,0,0
1100010218,12/23/2015,Control SRL,,1,0,0
1100010219,12/23/2015,Control SRL,,1,0,0
1100010220,12/23/2015,Control SRL,,1,0,0
9103000713,12/23/2015,Control SRL,,0,0,1
1100010221,12/23/2015,Control SRL,,1,0,0
1100010222,12/23/2015,Control SRL,,1,0,0
1100010223,12/23/2015,Control SRL,,1,0,0
1100010224,12/23/2015,Control SRL,,1,0,0
1100010225,12/23/2015,Control SRL,,1,0,0
1100010226,12/23/2015,Control SRL,,1,0,0
1200004971,12/23/2015,Control SRL,,1,0,0
1100010227,12/23/2015,Control SRL,,1,0,0
1100010228,12/23/2015,Control SRL,,1,0,0
1200004972,12/23/2015,Control SRL,,1,0,0
1100010229,12/23/2015,Control SRL,,1,0,0
1200004973,12/23/2015,Control SRL,,1,0,0
1100010230,12/23/2015,Control SRL,,1,0,0
1100010231,12/23/2015,Control SRL,,1,0,0
9103000714,12/23/2015,Control SRL,,0,0,1
9103000715,12/23/2015,Control SRL,,0,0,1
1100010232,12/23/2015,Control SRL,,1,0,0
1100010233,12/23/2015,Control SRL,,1,0,0
1100010234,12/23/2015,Control SRL,,1,0,0
9103000716,12/23/2015,Control SRL,,0,0,1
9103000717,12/23/2015,Control SRL,,0,0,1
1100010235,12/23/2015,Control SRL,,1,0,0
1100010236,12/23/2015,Control SRL,,1,0,0
1100010237,12/23/2015,Control SRL,,1,0,0
1100010329,12/22/2015,Asociación de Bomberos Voluntarios - San Martín de los Andes,,1,0,0
1100010330,12/22/2015,Asociación de Bomberos Voluntarios - San Martín de los Andes,,1,0,0
1100010331,12/22/2015,Asociación de Bomberos Voluntarios - San Martín de los Andes,,1,0,0
9101000961,12/22/2015,Asociación de Bomberos Voluntarios - San Martín de los Andes,,0,1,0
1100010333,12/22/2015,Asociación de Bomberos Voluntarios - San Martín de los Andes,,1,0,0
1100010332,12/22/2015,Asociación de Bomberos Voluntarios - San Martín de los Andes,,1,0,0
1100010334,12/22/2015,Asociación de Bomberos Voluntarios - San Martín de los Andes,,1,0,0
1100010335,12/22/2015,Asociación de Bomberos Voluntarios - San Martín de los Andes,,1,0,0
9101000962,12/22/2015,Asociación de Bomberos Voluntarios - San Martín de los Andes,,0,1,0
9101000963,12/22/2015,Asociación de Bomberos Voluntarios - San Martín de los Andes,,0,0,1
9101000964,12/22/2015,Asociación de Bomberos Voluntarios - San Martín de los Andes,,0,0,1
1100010336,12/22/2015,Asociación de Bomberos Voluntarios - San Martín de los Andes,,1,0,0
9101000965,12/22/2015,Asociación de Bomberos Voluntarios - San Martín de los Andes,,0,0,1
1100010337,12/22/2015,Asociación de Bomberos Voluntarios - San Martín de los Andes,,1,0,0
1100010338,12/22/2015,Asociación de Bomberos Voluntarios - San Martín de los Andes,,1,0,0
9101000966,12/22/2015,Asociación de Bomberos Voluntarios - San Martín de los Andes,,0,0,1
1100010339,12/22/2015,Asociación de Bomberos Voluntarios - San Martín de los Andes,,1,0,0
1100010340,12/22/2015,Asociación de Bomberos Voluntarios - San Martín de los Andes,,1,0,0
1100010341,12/22/2015,Asociación de Bomberos Voluntarios - San Martín de los Andes,,1,0,0
1100010342,12/22/2015,Asociación de Bomberos Voluntarios - San Martín de los Andes,,1,0,0
9101000967,12/22/2015,Asociación de Bomberos Voluntarios - San Martín de los Andes,,0,0,1
1100010343,12/22/2015,Asociación de Bomberos Voluntarios - San Martín de los Andes,,1,0,0
9101000968,12/22/2015,Asociación de Bomberos Voluntarios - San Martín de los Andes,,0,0,1
1100010344,12/22/2015,Asociación de Bomberos Voluntarios - San Martín de los Andes,,1,0,0
1100010345,12/22/2015,Asociación de Bomberos Voluntarios - San Martín de los Andes,,1,0,0
1100010346,12/22/2015,Asociación de Bomberos Voluntarios - San Martín de los Andes,,1,0,0
1100010347,12/22/2015,Asociación de Bomberos Voluntarios - San Martín de los Andes,,1,0,0
1100010348,12/22/2015,Asociación de Bomberos Voluntarios - San Martín de los Andes,,1,0,0
1100010349,12/22/2015,Asociación de Bomberos Voluntarios - San Martín de los Andes,,1,0,0
9101000969,12/22/2015,Asociación de Bomberos Voluntarios - San Martín de los Andes,,0,0,1
1100010350,12/22/2015,Asociación de Bomberos Voluntarios - San Martín de los Andes,,1,0,0
9101000970,12/22/2015,Asociación de Bomberos Voluntarios - San Martín de los Andes,,0,0,1
9101000971,12/22/2015,Asociación de Bomberos Voluntarios - San Martín de los Andes,,0,0,1
9101000972,12/23/2015,Asociación de Bomberos Voluntarios - San Martín de los Andes,,0,0,1
9101000973,12/23/2015,Asociación de Bomberos Voluntarios - San Martín de los Andes,,0,0,1
9101000974,12/23/2015,Asociación de Bomberos Voluntarios - San Martín de los Andes,,0,0,1
1100010351,12/23/2015,Asociación de Bomberos Voluntarios - San Martín de los Andes,,1,0,0
9101000975,12/23/2015,Asociación de Bomberos Voluntarios - San Martín de los Andes,,0,1,0
1100010352,12/23/2015,Asociación de Bomberos Voluntarios - San Martín de los Andes,,1,0,0
1200002967,12/23/2015,Asociación de Bomberos Voluntarios - San Martín de los Andes,,1,0,0
1100010353,12/23/2015,Asociación de Bomberos Voluntarios - San Martín de los Andes,,1,0,0
1100010354,12/23/2015,Asociación de Bomberos Voluntarios - San Martín de los Andes,,1,0,0
1100010355,12/23/2015,Asociación de Bomberos Voluntarios - San Martín de los Andes,,1,0,0
1100010356,12/23/2015,Asociación de Bomberos Voluntarios - San Martín de los Andes,,1,0,0
1100010357,12/23/2015,Asociación de Bomberos Voluntarios - San Martín de los Andes,,1,0,0
1200002968,12/23/2015,Asociación de Bomberos Voluntarios - San Martín de los Andes,,1,0,0
9101000976,12/23/2015,Asociación de Bomberos Voluntarios - San Martín de los Andes,,0,0,1
1100010358,12/23/2015,Asociación de Bomberos Voluntarios - San Martín de los Andes,,1,0,0
1100010359,12/23/2015,Asociación de Bomberos Voluntarios - San Martín de los Andes,,1,0,0
1100010360,12/23/2015,Asociación de Bomberos Voluntarios - San Martín de los Andes,,1,0,0
1100010361,12/23/2015,Asociación de Bomberos Voluntarios - San Martín de los Andes,,1,0,0
1100010362,12/23/2015,Asociación de Bomberos Voluntarios - San Martín de los Andes,,1,0,0
1100010363,12/23/2015,Asociación de Bomberos Voluntarios - San Martín de los Andes,,1,0,0
1100010364,12/23/2015,Asociación de Bomberos Voluntarios - San Martín de los Andes,,1,0,0
1100010365,12/23/2015,Asociación de Bomberos Voluntarios - San Martín de los Andes,,1,0,0
1100010366,12/23/2015,Asociación de Bomberos Voluntarios - San Martín de los Andes,,1,0,0
1200002969,12/23/2015,Asociación de Bomberos Voluntarios - San Martín de los Andes,,1,0,0
1100010367,12/23/2015,Asociación de Bomberos Voluntarios - San Martín de los Andes,,1,0,0
1100010368,12/23/2015,Asociación de Bomberos Voluntarios - San Martín de los Andes,,1,0,0
9101000977,12/23/2015,Asociación de Bomberos Voluntarios - San Martín de los Andes,,0,1,0
1100010369,12/23/2015,Asociación de Bomberos Voluntarios - San Martín de los Andes,,1,0,0
1100010370,12/23/2015,Asociación de Bomberos Voluntarios - San Martín de los Andes,,1,0,0
1200002970,12/23/2015,Asociación de Bomberos Voluntarios - San Martín de los Andes,,1,0,0
1100010371,12/23/2015,Asociación de Bomberos Voluntarios - San Martín de los Andes,,1,0,0
1100010372,12/23/2015,Asociación de Bomberos Voluntarios - San Martín de los Andes,,1,0,0
1100010374,12/23/2015,Asociación de Bomberos Voluntarios - San Martín de los Andes,,1,0,0
1100010373,12/23/2015,Asociación de Bomberos Voluntarios - San Martín de los Andes,,1,0,0
9101000978,12/23/2015,Asociación de Bomberos Voluntarios - San Martín de los Andes,,0,0,1
1100010375,12/23/2015,Asociación de Bomberos Voluntarios - San Martín de los Andes,,1,0,0
9101000979,12/23/2015,Asociación de Bomberos Voluntarios - San Martín de los Andes,,0,1,0
1100010376,12/23/2015,Asociación de Bomberos Voluntarios - San Martín de los Andes,,1,0,0
9101000980,12/23/2015,Asociación de Bomberos Voluntarios - San Martín de los Andes,,0,1,0
1100010377,12/23/2015,Asociación de Bomberos Voluntarios - San Martín de los Andes,,1,0,0
1100010378,12/23/2015,Asociación de Bomberos Voluntarios - San Martín de los Andes,,1,0,0
1100010379,12/23/2015,Asociación de Bomberos Voluntarios - San Martín de los Andes,,1,0,0
9101000981,12/23/2015,Asociación de Bomberos Voluntarios - San Martín de los Andes,,0,1,0
9101000982,12/23/2015,Asociación de Bomberos Voluntarios - San Martín de los Andes,,0,0,1
1100010380,12/23/2015,Asociación de Bomberos Voluntarios - San Martín de los Andes,,1,0,0
1100010381,12/23/2015,Asociación de Bomberos Voluntarios - San Martín de los Andes,,1,0,0
1100010382,12/23/2015,Asociación de Bomberos Voluntarios - San Martín de los Andes,,1,0,0
1100010383,12/23/2015,Asociación de Bomberos Voluntarios - San Martín de los Andes,,1,0,0
1100010384,12/23/2015,Asociación de Bomberos Voluntarios - San Martín de los Andes,,1,0,0
1100010188,12/22/2015,Veritecnica SRL,,1,0,0
9102002073,12/22/2015,Veritecnica SRL,,0,1,0
1100010189,12/22/2015,Veritecnica SRL,,1,0,0
9102002074,12/22/2015,Veritecnica SRL,,0,1,0
1100010190,12/22/2015,Veritecnica SRL,,1,0,0
9102002075,12/22/2015,Veritecnica SRL,,0,1,0
1100010191,12/22/2015,Veritecnica SRL,,1,0,0
1100010192,12/22/2015,Veritecnica SRL,,1,0,0
1100010193,12/22/2015,Veritecnica SRL,,1,0,0
9102002076,12/22/2015,Veritecnica SRL,,0,0,1
1100010194,12/22/2015,Veritecnica SRL,,1,0,0
9102002077,12/22/2015,Veritecnica SRL,,0,1,0
1100010195,12/22/2015,Veritecnica SRL,,1,0,0
1100010196,12/22/2015,Veritecnica SRL,,1,0,0
1100010197,12/22/2015,Veritecnica SRL,,1,0,0
9202000445,12/22/2015,Veritecnica SRL,,0,0,1
9202000446,12/22/2015,Veritecnica SRL,,0,0,1
1100010198,12/22/2015,Veritecnica SRL,,1,0,0
1100010199,12/22/2015,Veritecnica SRL,,1,0,0
1100010200,12/22/2015,Veritecnica SRL,,1,0,0
9102002078,12/22/2015,Veritecnica SRL,,0,1,0
9102002079,12/22/2015,Veritecnica SRL,,0,1,0
9102002080,12/22/2015,Veritecnica SRL,,0,0,1
1100010401,12/22/2015,Veritecnica SRL,,1,0,0
1100010402,12/22/2015,Veritecnica SRL,,1,0,0
1100010403,12/22/2015,Veritecnica SRL,,1,0,0
1200004750,12/22/2015,Veritecnica SRL,,1,0,0
1100010404,12/22/2015,Veritecnica SRL,,1,0,0
1100010405,12/22/2015,Veritecnica SRL,,1,0,0
9102002081,12/22/2015,Veritecnica SRL,,0,0,1
1100010406,12/22/2015,Veritecnica SRL,,1,0,0
1100010407,12/22/2015,Veritecnica SRL,,1,0,0
1100010408,12/22/2015,Veritecnica SRL,,1,0,0
1100010409,12/22/2015,Veritecnica SRL,,1,0,0
9102002082,12/22/2015,Veritecnica SRL,,0,0,1
1100010410,12/22/2015,Veritecnica SRL,,1,0,0
1100010411,12/22/2015,Veritecnica SRL,,1,0,0
1100010412,12/22/2015,Veritecnica SRL,,1,0,0
1100010413,12/22/2015,Veritecnica SRL,,1,0,0
1100010414,12/22/2015,Veritecnica SRL,,1,0,0
1100010415,12/22/2015,Veritecnica SRL,,1,0,0
1100010416,12/22/2015,Veritecnica SRL,,1,0,0
1100010417,12/22/2015,Veritecnica SRL,,1,0,0
1100010418,12/22/2015,Veritecnica SRL,,1,0,0
1100010419,12/22/2015,Veritecnica SRL,,1,0,0
1100010420,12/22/2015,Veritecnica SRL,,1,0,0
9102002083,12/22/2015,Veritecnica SRL,,0,0,1
1200004751,12/22/2015,Veritecnica SRL,,1,0,0
9102002084,12/22/2015,Veritecnica SRL,,0,0,1
1200004752,12/22/2015,Veritecnica SRL,,1,0,0
1100010421,12/22/2015,Veritecnica SRL,,1,0,0
1100010422,12/22/2015,Veritecnica SRL,,1,0,0
1100010423,12/22/2015,Veritecnica SRL,,1,0,0
1100010424,12/22/2015,Veritecnica SRL,,1,0,0
9102002085,12/22/2015,Veritecnica SRL,,0,1,0
1100010425,12/22/2015,Veritecnica SRL,,1,0,0
9102002086,12/22/2015,Veritecnica SRL,,0,0,1
1100010426,12/22/2015,Veritecnica SRL,,1,0,0
1100010427,12/22/2015,Veritecnica SRL,,1,0,0
1200004753,12/22/2015,Veritecnica SRL,,1,0,0
1100010428,12/22/2015,Veritecnica SRL,,1,0,0
9102002087,12/22/2015,Veritecnica SRL,,0,0,1
1100010429,12/22/2015,Veritecnica SRL,,1,0,0
1100010430,12/22/2015,Veritecnica SRL,,1,0,0
1100010431,12/22/2015,Veritecnica SRL,,1,0,0
1100010432,12/22/2015,Veritecnica SRL,,1,0,0
9102002088,12/22/2015,Veritecnica SRL,,0,1,0
9102002089,12/22/2015,Veritecnica SRL,,0,0,1
1100010433,12/22/2015,Veritecnica SRL,,1,0,0
1100010434,12/22/2015,Veritecnica SRL,,1,0,0
1100010435,12/22/2015,Veritecnica SRL,,1,0,0
9102002090,12/22/2015,Veritecnica SRL,,0,0,1
1100010436,12/22/2015,Veritecnica SRL,,1,0,0
1100010437,12/22/2015,Veritecnica SRL,,1,0,0
1100010438,12/22/2015,Veritecnica SRL,,1,0,0
9102002091,12/22/2015,Veritecnica SRL,,0,1,0
1100010439,12/22/2015,Veritecnica SRL,,1,0,0
9102002092,12/22/2015,Veritecnica SRL,,0,1,0
1200004754,12/22/2015,Veritecnica SRL,,1,0,0
1100010440,12/22/2015,Veritecnica SRL,,1,0,0
1100010441,12/22/2015,Veritecnica SRL,,1,0,0
1100010442,12/22/2015,Veritecnica SRL,,1,0,0
1100010443,12/22/2015,Veritecnica SRL,,1,0,0
1100010444,12/22/2015,Veritecnica SRL,,1,0,0
1100010445,12/22/2015,Veritecnica SRL,,1,0,0
9102002093,12/22/2015,Veritecnica SRL,,0,1,0
1100010446,12/22/2015,Veritecnica SRL,,1,0,0
1100010447,12/22/2015,Veritecnica SRL,,1,0,0
1100010448,12/22/2015,Veritecnica SRL,,1,0,0
1100010450,12/22/2015,Veritecnica SRL,,1,0,0
1100010449,12/22/2015,Veritecnica SRL,,1,0,0
1200004755,12/22/2015,Veritecnica SRL,,1,0,0
1100010451,12/22/2015,Veritecnica SRL,,1,0,0
1100010452,12/22/2015,Veritecnica SRL,,1,0,0
1100010453,12/22/2015,Veritecnica SRL,,1,0,0
1200004756,12/22/2015,Veritecnica SRL,,1,0,0
1200004757,12/22/2015,Veritecnica SRL,,1,0,0
1100010454,12/22/2015,Veritecnica SRL,,1,0,0
1100010455,12/22/2015,Veritecnica SRL,,1,0,0
1100010457,12/22/2015,Veritecnica SRL,,1,0,0
1100010456,12/22/2015,Veritecnica SRL,,1,0,0
1100010458,12/22/2015,Veritecnica SRL,,1,0,0
1100010459,12/22/2015,Veritecnica SRL,,1,0,0
1100010460,12/22/2015,Veritecnica SRL,,1,0,0
1200004758,12/22/2015,Veritecnica SRL,,1,0,0
1100010461,12/22/2015,Veritecnica SRL,,1,0,0
1200004759,12/22/2015,Veritecnica SRL,,1,0,0
9202000447,12/22/2015,Veritecnica SRL,,0,0,1
1100010462,12/23/2015,Veritecnica SRL,,1,0,0
1100010463,12/23/2015,Veritecnica SRL,,1,0,0
1100010464,12/23/2015,Veritecnica SRL,,1,0,0
1100010465,12/23/2015,Veritecnica SRL,,1,0,0
9102002094,12/23/2015,Veritecnica SRL,,0,0,1
9102002095,12/23/2015,Veritecnica SRL,,0,0,1
9102002096,12/23/2015,Veritecnica SRL,,0,1,0
9102002097,12/23/2015,Veritecnica SRL,,0,1,0
1100010466,12/23/2015,Veritecnica SRL,,1,0,0
1100010467,12/23/2015,Veritecnica SRL,,1,0,0
1100010468,12/23/2015,Veritecnica SRL,,1,0,0
1100010469,12/23/2015,Veritecnica SRL,,1,0,0
1100010470,12/23/2015,Veritecnica SRL,,1,0,0
9102002098,12/23/2015,Veritecnica SRL,,0,1,0
1100010471,12/23/2015,Veritecnica SRL,,1,0,0
9102002099,12/23/2015,Veritecnica SRL,,0,0,1
1100010472,12/23/2015,Veritecnica SRL,,1,0,0
1200004760,12/23/2015,Veritecnica SRL,,1,0,0
1100010473,12/23/2015,Veritecnica SRL,,1,0,0
1100010474,12/23/2015,Veritecnica SRL,,1,0,0
1100010475,12/23/2015,Veritecnica SRL,,1,0,0
1100010476,12/23/2015,Veritecnica SRL,,1,0,0
1100010477,12/23/2015,Veritecnica SRL,,1,0,0
1100010478,12/23/2015,Veritecnica SRL,,1,0,0
1100010479,12/23/2015,Veritecnica SRL,,1,0,0
1100010480,12/23/2015,Veritecnica SRL,,1,0,0
9102002100,12/23/2015,Veritecnica SRL,,0,1,0
1200004761,12/23/2015,Veritecnica SRL,,1,0,0
9202000448,12/23/2015,Veritecnica SRL,,0,0,1
1200004762,12/23/2015,Veritecnica SRL,,1,0,0
1200004763,12/23/2015,Veritecnica SRL,,1,0,0
1100010481,12/23/2015,Veritecnica SRL,,1,0,0
1200004764,12/23/2015,Veritecnica SRL,,1,0,0
9102002101,12/23/2015,Veritecnica SRL,,0,0,1
1100010482,12/23/2015,Veritecnica SRL,,1,0,0
1100010483,12/23/2015,Veritecnica SRL,,1,0,0
1100010484,12/23/2015,Veritecnica SRL,,1,0,0
9202000449,12/23/2015,Veritecnica SRL,,0,0,1
9102002102,12/23/2015,Veritecnica SRL,,0,0,1
1100010485,12/23/2015,Veritecnica SRL,,1,0,0
1100010486,12/23/2015,Veritecnica SRL,,1,0,0
1100010487,12/23/2015,Veritecnica SRL,,1,0,0
1100010488,12/23/2015,Veritecnica SRL,,1,0,0
9102002103,12/23/2015,Veritecnica SRL,,0,0,1
1100010489,12/23/2015,Veritecnica SRL,,1,0,0
1100010490,12/23/2015,Veritecnica SRL,,1,0,0
9102002104,12/23/2015,Veritecnica SRL,,0,0,1
1100010491,12/23/2015,Veritecnica SRL,,1,0,0
9102002105,12/23/2015,Veritecnica SRL,,0,1,0
9202000450,12/23/2015,Veritecnica SRL,,0,0,1
1200004765,12/23/2015,Veritecnica SRL,,1,0,0
1100010492,12/23/2015,Veritecnica SRL,,1,0,0
9102002106,12/23/2015,Veritecnica SRL,,0,0,1
9102002107,12/23/2015,Veritecnica SRL,,0,1,0
1100010493,12/23/2015,Veritecnica SRL,,1,0,0
1100010494,12/23/2015,Veritecnica SRL,,1,0,0
1100010495,12/23/2015,Veritecnica SRL,,1,0,0
9102002108,12/23/2015,Veritecnica SRL,,0,1,0
1100010496,12/23/2015,Veritecnica SRL,,1,0,0
9102002109,12/23/2015,Veritecnica SRL,,0,0,1
1100010497,12/23/2015,Veritecnica SRL,,1,0,0
1200004766,12/23/2015,Veritecnica SRL,,1,0,0
9102002110,12/23/2015,Veritecnica SRL,,0,0,1
1100010498,12/23/2015,Veritecnica SRL,,1,0,0
1200004767,12/23/2015,Veritecnica SRL,,1,0,0
1100010499,12/23/2015,Veritecnica SRL,,1,0,0
1100010500,12/23/2015,Veritecnica SRL,,1,0,0
1200004768,12/23/2015,Veritecnica SRL,,1,0,0
1100010601,12/23/2015,Veritecnica SRL,,1,0,0
1100010602,12/23/2015,Veritecnica SRL,,1,0,0
1100010603,12/23/2015,Veritecnica SRL,,1,0,0
9202000451,12/23/2015,Veritecnica SRL,,0,0,1
1200004769,12/23/2015,Veritecnica SRL,,1,0,0
1100010604,12/23/2015,Veritecnica SRL,,1,0,0
1100010605,12/23/2015,Veritecnica SRL,,1,0,0
1100010606,12/23/2015,Veritecnica SRL,,1,0,0
1100010607,12/23/2015,Veritecnica SRL,,1,0,0
