Nrocertificado,Fecha,Idtaller,Dominiovehiculo,Aprobado,RechazadoLeveModerado,RechazadoGrave
9101001231,02/04/2016,Asociación de Bomberos Voluntarios - San Martín de los Andes,,0,1,0
1100012466,02/04/2016,Asociación de Bomberos Voluntarios - San Martín de los Andes,,1,0,0
1100012467,02/04/2016,Asociación de Bomberos Voluntarios - San Martín de los Andes,,1,0,0
1100012468,02/04/2016,Asociación de Bomberos Voluntarios - San Martín de los Andes,,1,0,0
1100012469,02/04/2016,Asociación de Bomberos Voluntarios - San Martín de los Andes,,1,0,0
1100012470,02/04/2016,Asociación de Bomberos Voluntarios - San Martín de los Andes,,1,0,0
1100012471,02/04/2016,Asociación de Bomberos Voluntarios - San Martín de los Andes,,1,0,0
1100012472,02/04/2016,Asociación de Bomberos Voluntarios - San Martín de los Andes,,1,0,0
1100012473,02/04/2016,Asociación de Bomberos Voluntarios - San Martín de los Andes,,1,0,0
1100012474,02/04/2016,Asociación de Bomberos Voluntarios - San Martín de los Andes,,1,0,0
1100012475,02/04/2016,Asociación de Bomberos Voluntarios - San Martín de los Andes,,1,0,0
1100012476,02/04/2016,Asociación de Bomberos Voluntarios - San Martín de los Andes,,1,0,0
9101001232,02/04/2016,Asociación de Bomberos Voluntarios - San Martín de los Andes,,0,1,0
1100012477,02/04/2016,Asociación de Bomberos Voluntarios - San Martín de los Andes,,1,0,0
1100012478,02/04/2016,Asociación de Bomberos Voluntarios - San Martín de los Andes,,1,0,0
1100012479,02/04/2016,Asociación de Bomberos Voluntarios - San Martín de los Andes,,1,0,0
9101001233,02/04/2016,Asociación de Bomberos Voluntarios - San Martín de los Andes,,0,1,0
1100012480,02/04/2016,Asociación de Bomberos Voluntarios - San Martín de los Andes,,1,0,0
9101001234,02/04/2016,Asociación de Bomberos Voluntarios - San Martín de los Andes,,0,0,1
1100012481,02/04/2016,Asociación de Bomberos Voluntarios - San Martín de los Andes,,1,0,0
1100012482,02/04/2016,Asociación de Bomberos Voluntarios - San Martín de los Andes,,1,0,0
1100012483,02/04/2016,Asociación de Bomberos Voluntarios - San Martín de los Andes,,1,0,0
9101001235,02/04/2016,Asociación de Bomberos Voluntarios - San Martín de los Andes,,0,1,0
1100012484,02/04/2016,Asociación de Bomberos Voluntarios - San Martín de los Andes,,1,0,0
1100012485,02/04/2016,Asociación de Bomberos Voluntarios - San Martín de los Andes,,1,0,0
1100012486,02/04/2016,Asociación de Bomberos Voluntarios - San Martín de los Andes,,1,0,0
9101001236,02/04/2016,Asociación de Bomberos Voluntarios - San Martín de los Andes,,0,0,1
1100012487,02/04/2016,Asociación de Bomberos Voluntarios - San Martín de los Andes,,1,0,0
1100012488,02/04/2016,Asociación de Bomberos Voluntarios - San Martín de los Andes,,1,0,0
9101001237,02/05/2016,Asociación de Bomberos Voluntarios - San Martín de los Andes,,0,0,1
1100012489,02/05/2016,Asociación de Bomberos Voluntarios - San Martín de los Andes,,1,0,0
1100012490,02/05/2016,Asociación de Bomberos Voluntarios - San Martín de los Andes,,1,0,0
9101001238,02/05/2016,Asociación de Bomberos Voluntarios - San Martín de los Andes,,0,1,0
1100012491,02/05/2016,Asociación de Bomberos Voluntarios - San Martín de los Andes,,1,0,0
9101001239,02/05/2016,Asociación de Bomberos Voluntarios - San Martín de los Andes,,0,1,0
1100012492,02/05/2016,Asociación de Bomberos Voluntarios - San Martín de los Andes,,1,0,0
9101001240,02/05/2016,Asociación de Bomberos Voluntarios - San Martín de los Andes,,0,1,0
1100012493,02/05/2016,Asociación de Bomberos Voluntarios - San Martín de los Andes,,1,0,0
1100012494,02/05/2016,Asociación de Bomberos Voluntarios - San Martín de los Andes,,1,0,0
1100012495,02/05/2016,Asociación de Bomberos Voluntarios - San Martín de los Andes,,1,0,0
1100012496,02/05/2016,Asociación de Bomberos Voluntarios - San Martín de los Andes,,1,0,0
1100012497,02/05/2016,Asociación de Bomberos Voluntarios - San Martín de los Andes,,1,0,0
9101001241,02/05/2016,Asociación de Bomberos Voluntarios - San Martín de los Andes,,0,0,1
1100012498,02/05/2016,Asociación de Bomberos Voluntarios - San Martín de los Andes,,1,0,0
9101001242,02/05/2016,Asociación de Bomberos Voluntarios - San Martín de los Andes,,0,1,0
1100012499,02/05/2016,Asociación de Bomberos Voluntarios - San Martín de los Andes,,1,0,0
1100012500,02/05/2016,Asociación de Bomberos Voluntarios - San Martín de los Andes,,1,0,0
1100012701,02/05/2016,Asociación de Bomberos Voluntarios - San Martín de los Andes,,1,0,0
1100012702,02/05/2016,Asociación de Bomberos Voluntarios - San Martín de los Andes,,1,0,0
1100012703,02/05/2016,Asociación de Bomberos Voluntarios - San Martín de los Andes,,1,0,0
1100012704,02/05/2016,Asociación de Bomberos Voluntarios - San Martín de los Andes,,1,0,0
1100012705,02/05/2016,Asociación de Bomberos Voluntarios - San Martín de los Andes,,1,0,0
1100012706,02/05/2016,Asociación de Bomberos Voluntarios - San Martín de los Andes,,1,0,0
1100012707,02/05/2016,Asociación de Bomberos Voluntarios - San Martín de los Andes,,1,0,0
1100012708,02/05/2016,Asociación de Bomberos Voluntarios - San Martín de los Andes,,1,0,0
1100012709,02/05/2016,Asociación de Bomberos Voluntarios - San Martín de los Andes,,1,0,0
1100012710,02/05/2016,Asociación de Bomberos Voluntarios - San Martín de los Andes,,1,0,0
1100012711,02/05/2016,Asociación de Bomberos Voluntarios - San Martín de los Andes,,1,0,0
9101001243,02/05/2016,Asociación de Bomberos Voluntarios - San Martín de los Andes,,0,1,0
1100012712,02/05/2016,Asociación de Bomberos Voluntarios - San Martín de los Andes,,1,0,0
1100012713,02/05/2016,Asociación de Bomberos Voluntarios - San Martín de los Andes,,1,0,0
9101001244,02/05/2016,Asociación de Bomberos Voluntarios - San Martín de los Andes,,0,1,0
1100012714,02/05/2016,Asociación de Bomberos Voluntarios - San Martín de los Andes,,1,0,0
1100012715,02/05/2016,Asociación de Bomberos Voluntarios - San Martín de los Andes,,1,0,0
1100012716,02/05/2016,Asociación de Bomberos Voluntarios - San Martín de los Andes,,1,0,0
9101001245,02/05/2016,Asociación de Bomberos Voluntarios - San Martín de los Andes,,0,1,0
1100012717,02/05/2016,Asociación de Bomberos Voluntarios - San Martín de los Andes,,1,0,0
1100012718,02/05/2016,Asociación de Bomberos Voluntarios - San Martín de los Andes,,1,0,0
1100012719,02/05/2016,Asociación de Bomberos Voluntarios - San Martín de los Andes,,1,0,0
1100012720,02/05/2016,Asociación de Bomberos Voluntarios - San Martín de los Andes,,1,0,0
1100012721,02/05/2016,Asociación de Bomberos Voluntarios - San Martín de los Andes,,1,0,0
1100012722,02/05/2016,Asociación de Bomberos Voluntarios - San Martín de los Andes,,1,0,0
1100012723,02/05/2016,Asociación de Bomberos Voluntarios - San Martín de los Andes,,1,0,0
9101001246,02/05/2016,Asociación de Bomberos Voluntarios - San Martín de los Andes,,0,1,0
1100012724,02/05/2016,Asociación de Bomberos Voluntarios - San Martín de los Andes,,1,0,0
1100012725,02/05/2016,Asociación de Bomberos Voluntarios - San Martín de los Andes,,1,0,0
1100012726,02/05/2016,Asociación de Bomberos Voluntarios - San Martín de los Andes,,1,0,0
9101001247,02/05/2016,Asociación de Bomberos Voluntarios - San Martín de los Andes,,0,1,0
1100012727,02/05/2016,Asociación de Bomberos Voluntarios - San Martín de los Andes,,1,0,0
9101001248,02/05/2016,Asociación de Bomberos Voluntarios - San Martín de los Andes,,0,1,0
1100014677,02/04/2016,Control SRL,,1,0,0
1100014678,02/04/2016,Control SRL,,1,0,0
9103000999,02/04/2016,Control SRL,,0,1,0
1200005200,02/04/2016,Control SRL,,1,0,0
9103001000,02/04/2016,Control SRL,,0,1,0
1100014679,02/04/2016,Control SRL,,1,0,0
9103001001,02/04/2016,Control SRL,,0,1,0
1200005198,02/04/2016,Control SRL,,1,0,0
1100014681,02/04/2016,Control SRL,,1,0,0
1100014680,02/04/2016,Control SRL,,1,0,0
1100014682,02/04/2016,Control SRL,,1,0,0
1100014683,02/04/2016,Control SRL,,1,0,0
1100014684,02/04/2016,Control SRL,,1,0,0
1100014685,02/04/2016,Control SRL,,1,0,0
1100014686,02/04/2016,Control SRL,,1,0,0
1100014687,02/04/2016,Control SRL,,1,0,0
1100014688,02/04/2016,Control SRL,,1,0,0
1100014689,02/04/2016,Control SRL,,1,0,0
1100014690,02/04/2016,Control SRL,,1,0,0
1100014691,02/04/2016,Control SRL,,1,0,0
1100014692,02/04/2016,Control SRL,,1,0,0
1100014693,02/04/2016,Control SRL,,1,0,0
1100014694,02/04/2016,Control SRL,,1,0,0
1100014695,02/04/2016,Control SRL,,1,0,0
1100014696,02/04/2016,Control SRL,,1,0,0
9103001002,02/04/2016,Control SRL,,0,1,0
1100014697,02/04/2016,Control SRL,,1,0,0
1100014698,02/04/2016,Control SRL,,1,0,0
1100014699,02/04/2016,Control SRL,,1,0,0
1100014700,02/04/2016,Control SRL,,1,0,0
1100015001,02/04/2016,Control SRL,,1,0,0
1100015002,02/04/2016,Control SRL,,1,0,0
1100015003,02/04/2016,Control SRL,,1,0,0
1100015005,02/04/2016,Control SRL,,1,0,0
1100015004,02/04/2016,Control SRL,,1,0,0
1200005501,02/04/2016,Control SRL,,1,0,0
1100015006,02/04/2016,Control SRL,,1,0,0
1100015007,02/04/2016,Control SRL,,1,0,0
1200005502,02/04/2016,Control SRL,,1,0,0
1100015010,02/04/2016,Control SRL,,1,0,0
1100015008,02/04/2016,Control SRL,,1,0,0
1100015009,02/04/2016,Control SRL,,1,0,0
9103001003,02/04/2016,Control SRL,,0,1,0
1100015011,02/04/2016,Control SRL,,1,0,0
1100015012,02/04/2016,Control SRL,,1,0,0
1100015013,02/04/2016,Control SRL,,1,0,0
1100015014,02/04/2016,Control SRL,,1,0,0
1100015015,02/04/2016,Control SRL,,1,0,0
1100015016,02/04/2016,Control SRL,,1,0,0
9103001004,02/04/2016,Control SRL,,0,1,0
1200005504,02/04/2016,Control SRL,,1,0,0
1200005503,02/04/2016,Control SRL,,1,0,0
1100015017,02/04/2016,Control SRL,,1,0,0
1100015018,02/04/2016,Control SRL,,1,0,0
9203000291,02/04/2016,Control SRL,,0,0,1
1100015019,02/04/2016,Control SRL,,1,0,0
1100015020,02/04/2016,Control SRL,,1,0,0
1100015023,02/04/2016,Control SRL,,1,0,0
1100015021,02/04/2016,Control SRL,,1,0,0
1100015022,02/04/2016,Control SRL,,1,0,0
1100015024,02/04/2016,Control SRL,,1,0,0
9103001005,02/04/2016,Control SRL,,0,1,0
1200005199,02/04/2016,Control SRL,,1,0,0
1100015026,02/04/2016,Control SRL,,1,0,0
1100015025,02/04/2016,Control SRL,,1,0,0
1200005505,02/04/2016,Control SRL,,1,0,0
1100015027,02/04/2016,Control SRL,,1,0,0
9103001006,02/04/2016,Control SRL,,0,1,0
1200005506,02/04/2016,Control SRL,,1,0,0
9103001007,02/04/2016,Control SRL,,0,1,0
9103001008,02/04/2016,Control SRL,,0,1,0
1100015028,02/04/2016,Control SRL,,1,0,0
1100015029,02/04/2016,Control SRL,,1,0,0
1100015031,02/04/2016,Control SRL,,1,0,0
9203000292,02/04/2016,Control SRL,,0,1,0
1100015030,02/04/2016,Control SRL,,1,0,0
1100015032,02/04/2016,Control SRL,,1,0,0
9103001009,02/04/2016,Control SRL,,0,1,0
1100015033,02/04/2016,Control SRL,,1,0,0
1100015034,02/04/2016,Control SRL,,1,0,0
1100015035,02/04/2016,Control SRL,,1,0,0
1200005508,02/04/2016,Control SRL,,1,0,0
1100015036,02/04/2016,Control SRL,,1,0,0
1200005507,02/04/2016,Control SRL,,1,0,0
1100015037,02/04/2016,Control SRL,,1,0,0
9103001010,02/04/2016,Control SRL,,0,1,0
1100015038,02/04/2016,Control SRL,,1,0,0
1100015039,02/04/2016,Control SRL,,1,0,0
1100015040,02/04/2016,Control SRL,,1,0,0
1100015041,02/04/2016,Control SRL,,1,0,0
1100015043,02/04/2016,Control SRL,,1,0,0
1100015042,02/04/2016,Control SRL,,1,0,0
1100015044,02/04/2016,Control SRL,,1,0,0
1100015045,02/04/2016,Control SRL,,1,0,0
9103001011,02/04/2016,Control SRL,,0,1,0
9103001012,02/04/2016,Control SRL,,0,0,1
1100015046,02/04/2016,Control SRL,,1,0,0
9103001013,02/04/2016,Control SRL,,0,1,0
1100015047,02/04/2016,Control SRL,,1,0,0
1100015048,02/04/2016,Control SRL,,1,0,0
1100015049,02/05/2016,Control SRL,,1,0,0
1100015050,02/05/2016,Control SRL,,1,0,0
1100015051,02/05/2016,Control SRL,,1,0,0
9103001014,02/05/2016,Control SRL,,0,0,1
1100015052,02/05/2016,Control SRL,,1,0,0
1100015053,02/05/2016,Control SRL,,1,0,0
1100015054,02/05/2016,Control SRL,,1,0,0
1100015055,02/05/2016,Control SRL,,1,0,0
1100015056,02/05/2016,Control SRL,,1,0,0
1200005509,02/05/2016,Control SRL,,1,0,0
1100015058,02/05/2016,Control SRL,,1,0,0
1100015057,02/05/2016,Control SRL,,1,0,0
1100015059,02/05/2016,Control SRL,,1,0,0
1100015061,02/05/2016,Control SRL,,1,0,0
1100015060,02/05/2016,Control SRL,,1,0,0
1100015062,02/05/2016,Control SRL,,1,0,0
1100015063,02/05/2016,Control SRL,,1,0,0
1100015064,02/05/2016,Control SRL,,1,0,0
1100015065,02/05/2016,Control SRL,,1,0,0
9103001015,02/05/2016,Control SRL,,0,0,1
1100015067,02/05/2016,Control SRL,,1,0,0
1100015066,02/05/2016,Control SRL,,1,0,0
1100015068,02/05/2016,Control SRL,,1,0,0
1100015070,02/05/2016,Control SRL,,1,0,0
9103001016,02/05/2016,Control SRL,,0,0,1
1100015071,02/05/2016,Control SRL,,1,0,0
1100015069,02/05/2016,Control SRL,,1,0,0
9103001017,02/05/2016,Control SRL,,0,0,1
1100015072,02/05/2016,Control SRL,,1,0,0
1100015073,02/05/2016,Control SRL,,1,0,0
1100015075,02/05/2016,Control SRL,,1,0,0
1100015074,02/05/2016,Control SRL,,1,0,0
1100015076,02/05/2016,Control SRL,,1,0,0
1100015077,02/05/2016,Control SRL,,1,0,0
1100015079,02/05/2016,Control SRL,,1,0,0
1100015078,02/05/2016,Control SRL,,1,0,0
9103001018,02/05/2016,Control SRL,,0,0,1
1100015080,02/05/2016,Control SRL,,1,0,0
1100015081,02/05/2016,Control SRL,,1,0,0
9103001019,02/05/2016,Control SRL,,0,0,1
1100015084,02/05/2016,Control SRL,,1,0,0
1100015082,02/05/2016,Control SRL,,1,0,0
1200005510,02/05/2016,Control SRL,,1,0,0
1100015085,02/05/2016,Control SRL,,1,0,0
1100015083,02/05/2016,Control SRL,,1,0,0
1100015086,02/05/2016,Control SRL,,1,0,0
1100015087,02/05/2016,Control SRL,,1,0,0
1100015088,02/05/2016,Control SRL,,1,0,0
1100015090,02/05/2016,Control SRL,,1,0,0
1100015089,02/05/2016,Control SRL,,1,0,0
1100015091,02/05/2016,Control SRL,,1,0,0
9103001020,02/05/2016,Control SRL,,0,0,1
1100015093,02/05/2016,Control SRL,,1,0,0
1100015092,02/05/2016,Control SRL,,1,0,0
9103001021,02/05/2016,Control SRL,,0,0,1
9103001022,02/05/2016,Control SRL,,0,0,1
1100015502,02/05/2016,Control SRL,,1,0,0
1100015094,02/05/2016,Control SRL,,1,0,0
1100015095,02/05/2016,Control SRL,,1,0,0
1100015096,02/05/2016,Control SRL,,1,0,0
1100015501,02/05/2016,Control SRL,,1,0,0
1100015097,02/05/2016,Control SRL,,1,0,0
1100015100,02/05/2016,Control SRL,,1,0,0
1100015098,02/05/2016,Control SRL,,1,0,0
1100015099,02/05/2016,Control SRL,,1,0,0
1100015504,02/05/2016,Control SRL,,1,0,0
9103001023,02/05/2016,Control SRL,,0,0,1
1100015505,02/05/2016,Control SRL,,1,0,0
9103001024,02/05/2016,Control SRL,,0,0,1
1100015506,02/05/2016,Control SRL,,1,0,0
1100015507,02/05/2016,Control SRL,,1,0,0
1100015508,02/05/2016,Control SRL,,1,0,0
9102003151,02/04/2016,Veritecnica SRL,,0,1,0
1100017139,02/04/2016,Veritecnica SRL,,1,0,0
1100017140,02/04/2016,Veritecnica SRL,,1,0,0
9102003152,02/04/2016,Veritecnica SRL,,0,0,1
9102003153,02/04/2016,Veritecnica SRL,,0,1,0
1100017141,02/04/2016,Veritecnica SRL,,1,0,0
1100017142,02/04/2016,Veritecnica SRL,,1,0,0
9102003154,02/04/2016,Veritecnica SRL,,0,0,1
9102003155,02/04/2016,Veritecnica SRL,,0,0,1
1100017143,02/04/2016,Veritecnica SRL,,1,0,0
9102003156,02/04/2016,Veritecnica SRL,,0,0,1
1100017144,02/04/2016,Veritecnica SRL,,1,0,0
1100017145,02/04/2016,Veritecnica SRL,,1,0,0
9102003157,02/04/2016,Veritecnica SRL,,0,0,1
9102003158,02/04/2016,Veritecnica SRL,,0,1,0
1100017146,02/04/2016,Veritecnica SRL,,1,0,0
9102003159,02/04/2016,Veritecnica SRL,,0,0,1
1100017147,02/04/2016,Veritecnica SRL,,1,0,0
9102003160,02/04/2016,Veritecnica SRL,,0,0,1
1100017148,02/04/2016,Veritecnica SRL,,1,0,0
1100017149,02/04/2016,Veritecnica SRL,,1,0,0
9102003161,02/04/2016,Veritecnica SRL,,0,0,1
1100017150,02/04/2016,Veritecnica SRL,,1,0,0
1100017151,02/04/2016,Veritecnica SRL,,1,0,0
1100017152,02/04/2016,Veritecnica SRL,,1,0,0
1100017153,02/04/2016,Veritecnica SRL,,1,0,0
1100017154,02/04/2016,Veritecnica SRL,,1,0,0
9102003162,02/04/2016,Veritecnica SRL,,0,1,0
1100017155,02/04/2016,Veritecnica SRL,,1,0,0
1100017156,02/04/2016,Veritecnica SRL,,1,0,0
1100017157,02/04/2016,Veritecnica SRL,,1,0,0
9102003163,02/04/2016,Veritecnica SRL,,0,0,1
1100017158,02/04/2016,Veritecnica SRL,,1,0,0
1100017159,02/04/2016,Veritecnica SRL,,1,0,0
1100017160,02/04/2016,Veritecnica SRL,,1,0,0
1100017161,02/04/2016,Veritecnica SRL,,1,0,0
1100017162,02/04/2016,Veritecnica SRL,,1,0,0
9102003164,02/04/2016,Veritecnica SRL,,0,1,0
1100017163,02/04/2016,Veritecnica SRL,,1,0,0
9102003165,02/04/2016,Veritecnica SRL,,0,0,1
1100017164,02/04/2016,Veritecnica SRL,,1,0,0
1100017165,02/04/2016,Veritecnica SRL,,1,0,0
1100017166,02/04/2016,Veritecnica SRL,,1,0,0
1100017167,02/04/2016,Veritecnica SRL,,1,0,0
1100017168,02/04/2016,Veritecnica SRL,,1,0,0
9102003166,02/04/2016,Veritecnica SRL,,0,0,1
1100017169,02/04/2016,Veritecnica SRL,,1,0,0
9102003167,02/04/2016,Veritecnica SRL,,0,0,1
1100017170,02/04/2016,Veritecnica SRL,,1,0,0
9102003168,02/04/2016,Veritecnica SRL,,0,0,1
1100017171,02/04/2016,Veritecnica SRL,,1,0,0
1100017172,02/04/2016,Veritecnica SRL,,1,0,0
1100017173,02/04/2016,Veritecnica SRL,,1,0,0
1100017174,02/04/2016,Veritecnica SRL,,1,0,0
1100017175,02/04/2016,Veritecnica SRL,,1,0,0
9102003169,02/04/2016,Veritecnica SRL,,0,1,0
1100017176,02/04/2016,Veritecnica SRL,,1,0,0
1100017177,02/04/2016,Veritecnica SRL,,1,0,0
9102003170,02/04/2016,Veritecnica SRL,,0,1,0
9102003171,02/04/2016,Veritecnica SRL,,0,1,0
1100017178,02/04/2016,Veritecnica SRL,,1,0,0
1100017180,02/04/2016,Veritecnica SRL,,1,0,0
1100017181,02/04/2016,Veritecnica SRL,,1,0,0
1200005857,02/04/2016,Veritecnica SRL,,1,0,0
1100017182,02/04/2016,Veritecnica SRL,,1,0,0
1100017179,02/04/2016,Veritecnica SRL,,1,0,0
1100017183,02/04/2016,Veritecnica SRL,,1,0,0
9102003172,02/04/2016,Veritecnica SRL,,0,0,1
1100017184,02/04/2016,Veritecnica SRL,,1,0,0
1100017185,02/04/2016,Veritecnica SRL,,1,0,0
9102003173,02/04/2016,Veritecnica SRL,,0,0,1
9102003174,02/04/2016,Veritecnica SRL,,0,0,1
9102003175,02/04/2016,Veritecnica SRL,,0,1,0
9102003176,02/04/2016,Veritecnica SRL,,0,0,1
1100017186,02/04/2016,Veritecnica SRL,,1,0,0
1100017187,02/04/2016,Veritecnica SRL,,1,0,0
1100017188,02/04/2016,Veritecnica SRL,,1,0,0
1100017189,02/04/2016,Veritecnica SRL,,1,0,0
1100017190,02/04/2016,Veritecnica SRL,,1,0,0
9102003177,02/04/2016,Veritecnica SRL,,0,1,0
9102003178,02/04/2016,Veritecnica SRL,,0,0,1
1200005858,02/04/2016,Veritecnica SRL,,1,0,0
1100017191,02/04/2016,Veritecnica SRL,,1,0,0
9102003179,02/04/2016,Veritecnica SRL,,0,0,1
1100017192,02/04/2016,Veritecnica SRL,,1,0,0
1100017193,02/04/2016,Veritecnica SRL,,1,0,0
1100017194,02/04/2016,Veritecnica SRL,,1,0,0
1200005859,02/04/2016,Veritecnica SRL,,1,0,0
1100017195,02/04/2016,Veritecnica SRL,,1,0,0
1100017196,02/04/2016,Veritecnica SRL,,1,0,0
9102003180,02/04/2016,Veritecnica SRL,,0,1,0
1200005860,02/04/2016,Veritecnica SRL,,1,0,0
9102003181,02/04/2016,Veritecnica SRL,,0,0,1
1100017197,02/04/2016,Veritecnica SRL,,1,0,0
9102003182,02/04/2016,Veritecnica SRL,,0,0,1
1200005861,02/04/2016,Veritecnica SRL,,1,0,0
1100017198,02/04/2016,Veritecnica SRL,,1,0,0
1100017199,02/04/2016,Veritecnica SRL,,1,0,0
1100017200,02/04/2016,Veritecnica SRL,,1,0,0
1200005862,02/04/2016,Veritecnica SRL,,1,0,0
9102003183,02/04/2016,Veritecnica SRL,,0,1,0
1100017502,02/04/2016,Veritecnica SRL,,1,0,0
1200005863,02/04/2016,Veritecnica SRL,,1,0,0
1100017501,02/04/2016,Veritecnica SRL,,1,0,0
1100017503,02/04/2016,Veritecnica SRL,,1,0,0
1100017504,02/04/2016,Veritecnica SRL,,1,0,0
1100017505,02/04/2016,Veritecnica SRL,,1,0,0
9102003184,02/04/2016,Veritecnica SRL,,0,0,1
1100017506,02/04/2016,Veritecnica SRL,,1,0,0
1100017507,02/04/2016,Veritecnica SRL,,1,0,0
1100017508,02/04/2016,Veritecnica SRL,,1,0,0
1100017509,02/04/2016,Veritecnica SRL,,1,0,0
1100017510,02/04/2016,Veritecnica SRL,,1,0,0
1100017511,02/04/2016,Veritecnica SRL,,1,0,0
9102003185,02/04/2016,Veritecnica SRL,,0,1,0
9102003186,02/04/2016,Veritecnica SRL,,0,1,0
1100017512,02/04/2016,Veritecnica SRL,,1,0,0
1100017513,02/04/2016,Veritecnica SRL,,1,0,0
1100017514,02/04/2016,Veritecnica SRL,,1,0,0
1100017515,02/04/2016,Veritecnica SRL,,1,0,0
1100017516,02/04/2016,Veritecnica SRL,,1,0,0
9102003187,02/04/2016,Veritecnica SRL,,0,1,0
1100017517,02/04/2016,Veritecnica SRL,,1,0,0
1100017518,02/04/2016,Veritecnica SRL,,1,0,0
1100017519,02/04/2016,Veritecnica SRL,,1,0,0
9102003188,02/04/2016,Veritecnica SRL,,0,0,1
9102003189,02/04/2016,Veritecnica SRL,,0,0,1
1100017520,02/04/2016,Veritecnica SRL,,1,0,0
1100017521,02/04/2016,Veritecnica SRL,,1,0,0
9102003190,02/04/2016,Veritecnica SRL,,0,1,0
1100017522,02/04/2016,Veritecnica SRL,,1,0,0
1100017523,02/04/2016,Veritecnica SRL,,1,0,0
1100017524,02/04/2016,Veritecnica SRL,,1,0,0
1100017525,02/04/2016,Veritecnica SRL,,1,0,0
9102003191,02/04/2016,Veritecnica SRL,,0,0,1
1100017526,02/04/2016,Veritecnica SRL,,1,0,0
9102003192,02/04/2016,Veritecnica SRL,,0,0,1
1100017527,02/04/2016,Veritecnica SRL,,1,0,0
1100017528,02/04/2016,Veritecnica SRL,,1,0,0
1100017529,02/04/2016,Veritecnica SRL,,1,0,0
1100017531,02/04/2016,Veritecnica SRL,,1,0,0
1100017530,02/04/2016,Veritecnica SRL,,1,0,0
1100017532,02/04/2016,Veritecnica SRL,,1,0,0
9102003193,02/04/2016,Veritecnica SRL,,0,0,1
1100017533,02/04/2016,Veritecnica SRL,,1,0,0
1100017534,02/04/2016,Veritecnica SRL,,1,0,0
9102003194,02/04/2016,Veritecnica SRL,,0,1,0
1100017535,02/04/2016,Veritecnica SRL,,1,0,0
9102003195,02/04/2016,Veritecnica SRL,,0,0,1
9102003196,02/04/2016,Veritecnica SRL,,0,0,1
9102003197,02/04/2016,Veritecnica SRL,,0,1,0
9102003198,02/04/2016,Veritecnica SRL,,0,1,0
1200005864,02/04/2016,Veritecnica SRL,,1,0,0
9102003199,02/04/2016,Veritecnica SRL,,0,0,1
1100017536,02/04/2016,Veritecnica SRL,,1,0,0
9102003200,02/04/2016,Veritecnica SRL,,0,0,1
1100017537,02/04/2016,Veritecnica SRL,,1,0,0
9102003201,02/04/2016,Veritecnica SRL,,0,0,1
1100017538,02/04/2016,Veritecnica SRL,,1,0,0
1100017540,02/04/2016,Veritecnica SRL,,1,0,0
1100017539,02/04/2016,Veritecnica SRL,,1,0,0
1100017541,02/04/2016,Veritecnica SRL,,1,0,0
9102003202,02/04/2016,Veritecnica SRL,,0,1,0
1100017542,02/04/2016,Veritecnica SRL,,1,0,0
1100017543,02/04/2016,Veritecnica SRL,,1,0,0
1100017544,02/04/2016,Veritecnica SRL,,1,0,0
1100017545,02/04/2016,Veritecnica SRL,,1,0,0
1100017547,02/04/2016,Veritecnica SRL,,1,0,0
1100017546,02/04/2016,Veritecnica SRL,,1,0,0
9102003203,02/04/2016,Veritecnica SRL,,0,1,0
1100017548,02/04/2016,Veritecnica SRL,,1,0,0
1100017549,02/04/2016,Veritecnica SRL,,1,0,0
1100017550,02/04/2016,Veritecnica SRL,,1,0,0
1100017551,02/05/2016,Veritecnica SRL,,1,0,0
1100017552,02/05/2016,Veritecnica SRL,,1,0,0
1100017553,02/05/2016,Veritecnica SRL,,1,0,0
1100017555,02/05/2016,Veritecnica SRL,,1,0,0
1100017554,02/05/2016,Veritecnica SRL,,1,0,0
9102003204,02/05/2016,Veritecnica SRL,,0,1,0
1100017556,02/05/2016,Veritecnica SRL,,1,0,0
1100017557,02/05/2016,Veritecnica SRL,,1,0,0
9102003205,02/05/2016,Veritecnica SRL,,0,0,1
9102003206,02/05/2016,Veritecnica SRL,,0,0,1
9102003207,02/05/2016,Veritecnica SRL,,0,1,0
1100017701,02/05/2016,Veritecnica SRL,,1,0,0
9102003208,02/05/2016,Veritecnica SRL,,0,0,1
9102003209,02/05/2016,Veritecnica SRL,,0,0,1
9102003210,02/05/2016,Veritecnica SRL,,0,0,1
1100017558,02/05/2016,Veritecnica SRL,,1,0,0
9102003211,02/05/2016,Veritecnica SRL,,0,0,1
1100017559,02/05/2016,Veritecnica SRL,,1,0,0
1100017560,02/05/2016,Veritecnica SRL,,1,0,0
1100017561,02/05/2016,Veritecnica SRL,,1,0,0
9102003212,02/05/2016,Veritecnica SRL,,0,1,0
9102003213,02/05/2016,Veritecnica SRL,,0,1,0
9102003214,02/05/2016,Veritecnica SRL,,0,1,0
1100017562,02/05/2016,Veritecnica SRL,,1,0,0
9102003215,02/05/2016,Veritecnica SRL,,0,0,1
1100017563,02/05/2016,Veritecnica SRL,,1,0,0
1100017564,02/05/2016,Veritecnica SRL,,1,0,0
1100017565,02/05/2016,Veritecnica SRL,,1,0,0
1100017566,02/05/2016,Veritecnica SRL,,1,0,0
1100017567,02/05/2016,Veritecnica SRL,,1,0,0
9102003216,02/05/2016,Veritecnica SRL,,0,0,1
1100017568,02/05/2016,Veritecnica SRL,,1,0,0
9102003217,02/05/2016,Veritecnica SRL,,0,1,0
1100017569,02/05/2016,Veritecnica SRL,,1,0,0
1100017570,02/05/2016,Veritecnica SRL,,1,0,0
9102003218,02/05/2016,Veritecnica SRL,,0,0,1
9102003219,02/05/2016,Veritecnica SRL,,0,1,0
9102003220,02/05/2016,Veritecnica SRL,,0,1,0
9102003221,02/05/2016,Veritecnica SRL,,0,0,1
9102003222,02/05/2016,Veritecnica SRL,,0,0,1
1100017571,02/05/2016,Veritecnica SRL,,1,0,0
1100017572,02/05/2016,Veritecnica SRL,,1,0,0
9102003223,02/05/2016,Veritecnica SRL,,0,1,0
9102003224,02/05/2016,Veritecnica SRL,,0,1,0
9102003225,02/05/2016,Veritecnica SRL,,0,0,1
9102003226,02/05/2016,Veritecnica SRL,,0,0,1
1100017573,02/05/2016,Veritecnica SRL,,1,0,0
9102003227,02/05/2016,Veritecnica SRL,,0,0,1
9102003228,02/05/2016,Veritecnica SRL,,0,1,0
1100017574,02/05/2016,Veritecnica SRL,,1,0,0
9102003229,02/05/2016,Veritecnica SRL,,0,1,0
1100017575,02/05/2016,Veritecnica SRL,,1,0,0
9102003230,02/05/2016,Veritecnica SRL,,0,1,0
9102003231,02/05/2016,Veritecnica SRL,,0,0,1
9102003232,02/05/2016,Veritecnica SRL,,0,0,1
9102003233,02/05/2016,Veritecnica SRL,,0,0,1
9102003234,02/05/2016,Veritecnica SRL,,0,0,1
1100017577,02/05/2016,Veritecnica SRL,,1,0,0
1200005865,02/05/2016,Veritecnica SRL,,1,0,0
1100017576,02/05/2016,Veritecnica SRL,,1,0,0
1100017578,02/05/2016,Veritecnica SRL,,1,0,0
9102003235,02/05/2016,Veritecnica SRL,,0,0,1
9102003236,02/05/2016,Veritecnica SRL,,0,0,1
1100017579,02/05/2016,Veritecnica SRL,,1,0,0
1100017580,02/05/2016,Veritecnica SRL,,1,0,0
1100017581,02/05/2016,Veritecnica SRL,,1,0,0
1100017582,02/05/2016,Veritecnica SRL,,1,0,0
9102003237,02/05/2016,Veritecnica SRL,,0,0,1
1200005866,02/05/2016,Veritecnica SRL,,1,0,0
1100017583,02/05/2016,Veritecnica SRL,,1,0,0
1100017584,02/05/2016,Veritecnica SRL,,1,0,0
1200005867,02/05/2016,Veritecnica SRL,,1,0,0
1100017585,02/05/2016,Veritecnica SRL,,1,0,0
1200005868,02/05/2016,Veritecnica SRL,,1,0,0
1200005869,02/05/2016,Veritecnica SRL,,1,0,0
1100017586,02/05/2016,Veritecnica SRL,,1,0,0
9202000493,02/05/2016,Veritecnica SRL,,0,0,1
9102003238,02/05/2016,Veritecnica SRL,,0,0,1
1100017587,02/05/2016,Veritecnica SRL,,1,0,0
1100017588,02/05/2016,Veritecnica SRL,,1,0,0
1100017589,02/05/2016,Veritecnica SRL,,1,0,0
1100017590,02/05/2016,Veritecnica SRL,,1,0,0
9102003239,02/05/2016,Veritecnica SRL,,0,0,1
1100017591,02/05/2016,Veritecnica SRL,,1,0,0
1100017592,02/05/2016,Veritecnica SRL,,1,0,0
9102003240,02/05/2016,Veritecnica SRL,,0,0,1
1100017593,02/05/2016,Veritecnica SRL,,1,0,0
1100017594,02/05/2016,Veritecnica SRL,,1,0,0
1100017595,02/05/2016,Veritecnica SRL,,1,0,0
9102003241,02/05/2016,Veritecnica SRL,,0,1,0
1100017596,02/05/2016,Veritecnica SRL,,1,0,0
1100017597,02/05/2016,Veritecnica SRL,,1,0,0
1100017598,02/05/2016,Veritecnica SRL,,1,0,0
9102003242,02/05/2016,Veritecnica SRL,,0,1,0
1100017599,02/05/2016,Veritecnica SRL,,1,0,0
9102003243,02/05/2016,Veritecnica SRL,,0,0,1
1100017600,02/05/2016,Veritecnica SRL,,1,0,0
1100017601,02/05/2016,Veritecnica SRL,,1,0,0
1100017602,02/05/2016,Veritecnica SRL,,1,0,0
1100017603,02/05/2016,Veritecnica SRL,,1,0,0
9102003244,02/05/2016,Veritecnica SRL,,0,0,1
1100017604,02/05/2016,Veritecnica SRL,,1,0,0
9102003245,02/05/2016,Veritecnica SRL,,0,0,1
1100017605,02/05/2016,Veritecnica SRL,,1,0,0
1100017607,02/05/2016,Veritecnica SRL,,1,0,0
1100017606,02/05/2016,Veritecnica SRL,,1,0,0
1100017609,02/05/2016,Veritecnica SRL,,1,0,0
1100017608,02/05/2016,Veritecnica SRL,,1,0,0
9102003246,02/05/2016,Veritecnica SRL,,0,0,1
1100017611,02/05/2016,Veritecnica SRL,,1,0,0
1100017610,02/05/2016,Veritecnica SRL,,1,0,0
1100017612,02/05/2016,Veritecnica SRL,,1,0,0
9102003247,02/05/2016,Veritecnica SRL,,0,1,0
9102003248,02/05/2016,Veritecnica SRL,,0,1,0
1100017613,02/05/2016,Veritecnica SRL,,1,0,0
1100017615,02/05/2016,Veritecnica SRL,,1,0,0
1100017614,02/05/2016,Veritecnica SRL,,1,0,0
9102003249,02/05/2016,Veritecnica SRL,,0,0,1
1100017616,02/05/2016,Veritecnica SRL,,1,0,0
1100017617,02/05/2016,Veritecnica SRL,,1,0,0
9102003250,02/05/2016,Veritecnica SRL,,0,0,1
1100017619,02/05/2016,Veritecnica SRL,,1,0,0
1100017618,02/05/2016,Veritecnica SRL,,1,0,0
9102003251,02/05/2016,Veritecnica SRL,,0,1,0
1100017620,02/05/2016,Veritecnica SRL,,1,0,0
9102003252,02/05/2016,Veritecnica SRL,,0,1,0
1100017621,02/05/2016,Veritecnica SRL,,1,0,0
1100017622,02/05/2016,Veritecnica SRL,,1,0,0
1100017623,02/05/2016,Veritecnica SRL,,1,0,0
1100017624,02/05/2016,Veritecnica SRL,,1,0,0
1100017625,02/05/2016,Veritecnica SRL,,1,0,0
1100017626,02/05/2016,Veritecnica SRL,,1,0,0
1100017627,02/05/2016,Veritecnica SRL,,1,0,0
9102003253,02/05/2016,Veritecnica SRL,,0,1,0
9102003254,02/05/2016,Veritecnica SRL,,0,0,1
1100017628,02/05/2016,Veritecnica SRL,,1,0,0
9102003255,02/05/2016,Veritecnica SRL,,0,1,0
1100017629,02/05/2016,Veritecnica SRL,,1,0,0
9102003256,02/05/2016,Veritecnica SRL,,0,0,1
9102003257,02/05/2016,Veritecnica SRL,,0,1,0
1100017630,02/05/2016,Veritecnica SRL,,1,0,0
9102003258,02/05/2016,Veritecnica SRL,,0,0,1
1100017631,02/05/2016,Veritecnica SRL,,1,0,0
1100017632,02/05/2016,Veritecnica SRL,,1,0,0
1100017633,02/05/2016,Veritecnica SRL,,1,0,0
9102003259,02/05/2016,Veritecnica SRL,,0,0,1
1100017634,02/05/2016,Veritecnica SRL,,1,0,0
1100017635,02/05/2016,Veritecnica SRL,,1,0,0
1100017636,02/05/2016,Veritecnica SRL,,1,0,0
9102003260,02/05/2016,Veritecnica SRL,,0,0,1
9102003261,02/05/2016,Veritecnica SRL,,0,0,1
9102003262,02/05/2016,Veritecnica SRL,,0,1,0
9102003263,02/05/2016,Veritecnica SRL,,0,0,1
9102003264,02/05/2016,Veritecnica SRL,,0,0,1
9102003265,02/05/2016,Veritecnica SRL,,0,0,1
9102003266,02/05/2016,Veritecnica SRL,,0,0,1
9102003267,02/05/2016,Veritecnica SRL,,0,1,0
1200005870,02/05/2016,Veritecnica SRL,,1,0,0
9102003268,02/05/2016,Veritecnica SRL,,0,1,0
1100017638,02/05/2016,Veritecnica SRL,,1,0,0
9102003269,02/05/2016,Veritecnica SRL,,0,1,0
1100017639,02/05/2016,Veritecnica SRL,,1,0,0
1100017637,02/05/2016,Veritecnica SRL,,1,0,0
9102003270,02/05/2016,Veritecnica SRL,,0,1,0
1100017640,02/05/2016,Veritecnica SRL,,1,0,0
1100017641,02/05/2016,Veritecnica SRL,,1,0,0
9102003271,02/05/2016,Veritecnica SRL,,0,0,1
9102003272,02/05/2016,Veritecnica SRL,,0,0,1
1100017642,02/05/2016,Veritecnica SRL,,1,0,0
1100017643,02/05/2016,Veritecnica SRL,,1,0,0
1100017644,02/05/2016,Veritecnica SRL,,1,0,0
1100017645,02/05/2016,Veritecnica SRL,,1,0,0
9102003273,02/05/2016,Veritecnica SRL,,0,1,0
1200005872,02/05/2016,Veritecnica SRL,,1,0,0
9102003274,02/05/2016,Veritecnica SRL,,0,1,0
1200005871,02/05/2016,Veritecnica SRL,,1,0,0
9102003275,02/05/2016,Veritecnica SRL,,0,1,0
1100017646,02/05/2016,Veritecnica SRL,,1,0,0
1200005873,02/05/2016,Veritecnica SRL,,1,0,0
1100017647,02/05/2016,Veritecnica SRL,,1,0,0
9102003276,02/05/2016,Veritecnica SRL,,0,1,0
9102003277,02/05/2016,Veritecnica SRL,,0,0,1
1100017648,02/05/2016,Veritecnica SRL,,1,0,0
1100017649,02/05/2016,Veritecnica SRL,,1,0,0
9102003278,02/05/2016,Veritecnica SRL,,0,0,1
1100017650,02/05/2016,Veritecnica SRL,,1,0,0
1100017651,02/05/2016,Veritecnica SRL,,1,0,0
9102003279,02/05/2016,Veritecnica SRL,,0,0,1
1100017652,02/05/2016,Veritecnica SRL,,1,0,0
1100017653,02/05/2016,Veritecnica SRL,,1,0,0
1100017654,02/05/2016,Veritecnica SRL,,1,0,0
1100017655,02/05/2016,Veritecnica SRL,,1,0,0
