Nrocertificado,Fecha,Idtaller,Dominiovehiculo,Aprobado,RechazadoLeveModerado,RechazadoGrave
1100014891,03/04/2016,Asociación de Bomberos Voluntarios - San Martín de los Andes,,1,0,0
1100014892,03/04/2016,Asociación de Bomberos Voluntarios - San Martín de los Andes,,1,0,0
1100014893,03/04/2016,Asociación de Bomberos Voluntarios - San Martín de los Andes,,1,0,0
1100014894,03/04/2016,Asociación de Bomberos Voluntarios - San Martín de los Andes,,1,0,0
1100014895,03/04/2016,Asociación de Bomberos Voluntarios - San Martín de los Andes,,1,0,0
1100014896,03/04/2016,Asociación de Bomberos Voluntarios - San Martín de los Andes,,1,0,0
1100014897,03/04/2016,Asociación de Bomberos Voluntarios - San Martín de los Andes,,1,0,0
9101001381,03/04/2016,Asociación de Bomberos Voluntarios - San Martín de los Andes,,0,1,0
1100014899,03/04/2016,Asociación de Bomberos Voluntarios - San Martín de los Andes,,1,0,0
1100014898,03/04/2016,Asociación de Bomberos Voluntarios - San Martín de los Andes,,1,0,0
1200005349,03/04/2016,Asociación de Bomberos Voluntarios - San Martín de los Andes,,1,0,0
1200005348,03/04/2016,Asociación de Bomberos Voluntarios - San Martín de los Andes,,1,0,0
9101001382,03/04/2016,Asociación de Bomberos Voluntarios - San Martín de los Andes,,0,1,0
9101001383,03/04/2016,Asociación de Bomberos Voluntarios - San Martín de los Andes,,0,1,0
9101001384,03/04/2016,Asociación de Bomberos Voluntarios - San Martín de los Andes,,0,0,1
1100014900,03/04/2016,Asociación de Bomberos Voluntarios - San Martín de los Andes,,1,0,0
9101001385,03/04/2016,Asociación de Bomberos Voluntarios - San Martín de los Andes,,0,0,1
1100014881,03/04/2016,Asociación de Bomberos Voluntarios - San Martín de los Andes,,1,0,0
1100014882,03/04/2016,Asociación de Bomberos Voluntarios - San Martín de los Andes,,1,0,0
9201000244,03/04/2016,Asociación de Bomberos Voluntarios - San Martín de los Andes,,0,0,1
9101001386,03/04/2016,Asociación de Bomberos Voluntarios - San Martín de los Andes,,0,1,0
1100014883,03/04/2016,Asociación de Bomberos Voluntarios - San Martín de los Andes,,1,0,0
9101001387,03/04/2016,Asociación de Bomberos Voluntarios - San Martín de los Andes,,0,0,1
9101001388,03/04/2016,Asociación de Bomberos Voluntarios - San Martín de los Andes,,0,1,0
1100014884,03/04/2016,Asociación de Bomberos Voluntarios - San Martín de los Andes,,1,0,0
1100014885,03/04/2016,Asociación de Bomberos Voluntarios - San Martín de los Andes,,1,0,0
1100014886,03/04/2016,Asociación de Bomberos Voluntarios - San Martín de los Andes,,1,0,0
1100014887,03/04/2016,Asociación de Bomberos Voluntarios - San Martín de los Andes,,1,0,0
1100014888,03/04/2016,Asociación de Bomberos Voluntarios - San Martín de los Andes,,1,0,0
1100014889,03/04/2016,Asociación de Bomberos Voluntarios - San Martín de los Andes,,1,0,0
1100014890,03/04/2016,Asociación de Bomberos Voluntarios - San Martín de los Andes,,1,0,0
1100015201,03/05/2016,Asociación de Bomberos Voluntarios - San Martín de los Andes,,1,0,0
1200005350,03/05/2016,Asociación de Bomberos Voluntarios - San Martín de los Andes,,1,0,0
1100015202,03/05/2016,Asociación de Bomberos Voluntarios - San Martín de los Andes,,1,0,0
9101001389,03/05/2016,Asociación de Bomberos Voluntarios - San Martín de los Andes,,0,1,0
9101001390,03/05/2016,Asociación de Bomberos Voluntarios - San Martín de los Andes,,0,0,1
1100015203,03/05/2016,Asociación de Bomberos Voluntarios - San Martín de los Andes,,1,0,0
1100015204,03/05/2016,Asociación de Bomberos Voluntarios - San Martín de los Andes,,1,0,0
1100015205,03/05/2016,Asociación de Bomberos Voluntarios - San Martín de los Andes,,1,0,0
1100015206,03/05/2016,Asociación de Bomberos Voluntarios - San Martín de los Andes,,1,0,0
1100015207,03/05/2016,Asociación de Bomberos Voluntarios - San Martín de los Andes,,1,0,0
1100015208,03/05/2016,Asociación de Bomberos Voluntarios - San Martín de los Andes,,1,0,0
1100015209,03/05/2016,Asociación de Bomberos Voluntarios - San Martín de los Andes,,1,0,0
1100017457,03/04/2016,Control SRL,,1,0,0
1100017459,03/04/2016,Control SRL,,1,0,0
9103001135,03/04/2016,Control SRL,,0,0,1
9203000315,03/04/2016,Control SRL,,0,0,1
1100017460,03/04/2016,Control SRL,,1,0,0
1100017463,03/04/2016,Control SRL,,1,0,0
9103001136,03/04/2016,Control SRL,,0,0,1
1100017462,03/04/2016,Control SRL,,1,0,0
1100017461,03/04/2016,Control SRL,,1,0,0
1100017464,03/04/2016,Control SRL,,1,0,0
9103001137,03/04/2016,Control SRL,,0,0,1
9103001138,03/04/2016,Control SRL,,0,0,1
1100017465,03/04/2016,Control SRL,,1,0,0
1100017466,03/04/2016,Control SRL,,1,0,0
1100017467,03/04/2016,Control SRL,,1,0,0
9103001139,03/04/2016,Control SRL,,0,0,1
9203000316,03/04/2016,Control SRL,,0,0,1
1100017469,03/04/2016,Control SRL,,1,0,0
1100017468,03/04/2016,Control SRL,,1,0,0
1100017470,03/04/2016,Control SRL,,1,0,0
1100017471,03/04/2016,Control SRL,,1,0,0
9103001140,03/04/2016,Control SRL,,0,0,1
9103001141,03/04/2016,Control SRL,,0,0,1
1100017473,03/04/2016,Control SRL,,1,0,0
1100017472,03/04/2016,Control SRL,,1,0,0
1200005668,03/04/2016,Control SRL,,1,0,0
1200005667,03/04/2016,Control SRL,,1,0,0
1100017474,03/04/2016,Control SRL,,1,0,0
1100017475,03/04/2016,Control SRL,,1,0,0
1100017476,03/04/2016,Control SRL,,1,0,0
1200005669,03/04/2016,Control SRL,,1,0,0
9103001142,03/04/2016,Control SRL,,0,0,1
1100017477,03/04/2016,Control SRL,,1,0,0
1200005670,03/04/2016,Control SRL,,1,0,0
1100017478,03/04/2016,Control SRL,,1,0,0
1200005671,03/04/2016,Control SRL,,1,0,0
1200005672,03/04/2016,Control SRL,,1,0,0
1100017479,03/04/2016,Control SRL,,1,0,0
1100017480,03/04/2016,Control SRL,,1,0,0
9103001143,03/04/2016,Control SRL,,0,0,1
1200005673,03/04/2016,Control SRL,,1,0,0
1200005674,03/04/2016,Control SRL,,1,0,0
1100017481,03/04/2016,Control SRL,,1,0,0
9103001144,03/04/2016,Control SRL,,0,0,1
1100017482,03/04/2016,Control SRL,,1,0,0
1200005675,03/04/2016,Control SRL,,1,0,0
1100019319,03/04/2016,Veritecnica SRL,,1,0,0
1100019320,03/04/2016,Veritecnica SRL,,1,0,0
1100019321,03/04/2016,Veritecnica SRL,,1,0,0
1100019322,03/04/2016,Veritecnica SRL,,1,0,0
9102003783,03/04/2016,Veritecnica SRL,,0,1,0
1100019323,03/04/2016,Veritecnica SRL,,1,0,0
1100019324,03/04/2016,Veritecnica SRL,,1,0,0
1100019325,03/04/2016,Veritecnica SRL,,1,0,0
9102003784,03/04/2016,Veritecnica SRL,,0,0,1
1100019326,03/04/2016,Veritecnica SRL,,1,0,0
1100019327,03/04/2016,Veritecnica SRL,,1,0,0
1100019328,03/04/2016,Veritecnica SRL,,1,0,0
1100019329,03/04/2016,Veritecnica SRL,,1,0,0
1100019330,03/04/2016,Veritecnica SRL,,1,0,0
1200006077,03/04/2016,Veritecnica SRL,,1,0,0
1100019331,03/04/2016,Veritecnica SRL,,1,0,0
1100019332,03/04/2016,Veritecnica SRL,,1,0,0
1100019333,03/04/2016,Veritecnica SRL,,1,0,0
1100019334,03/04/2016,Veritecnica SRL,,1,0,0
9102003785,03/04/2016,Veritecnica SRL,,0,1,0
1100019335,03/04/2016,Veritecnica SRL,,1,0,0
1100019336,03/04/2016,Veritecnica SRL,,1,0,0
1100019337,03/04/2016,Veritecnica SRL,,1,0,0
9102003786,03/04/2016,Veritecnica SRL,,0,1,0
1100019338,03/04/2016,Veritecnica SRL,,1,0,0
1100019339,03/04/2016,Veritecnica SRL,,1,0,0
1100019340,03/04/2016,Veritecnica SRL,,1,0,0
9102003787,03/04/2016,Veritecnica SRL,,0,0,1
1100019341,03/04/2016,Veritecnica SRL,,1,0,0
1100019342,03/04/2016,Veritecnica SRL,,1,0,0
9102003788,03/04/2016,Veritecnica SRL,,0,0,1
1200006078,03/04/2016,Veritecnica SRL,,1,0,0
9102003789,03/04/2016,Veritecnica SRL,,0,1,0
9102003790,03/04/2016,Veritecnica SRL,,0,1,0
9102003791,03/04/2016,Veritecnica SRL,,0,0,1
9102003792,03/04/2016,Veritecnica SRL,,0,1,0
1100019343,03/04/2016,Veritecnica SRL,,1,0,0
1100019344,03/04/2016,Veritecnica SRL,,1,0,0
1100019345,03/04/2016,Veritecnica SRL,,1,0,0
1100019346,03/04/2016,Veritecnica SRL,,1,0,0
1100019347,03/04/2016,Veritecnica SRL,,1,0,0
1200006079,03/04/2016,Veritecnica SRL,,1,0,0
1100019348,03/04/2016,Veritecnica SRL,,1,0,0
9102003793,03/04/2016,Veritecnica SRL,,0,1,0
1100019349,03/04/2016,Veritecnica SRL,,1,0,0
1100019350,03/04/2016,Veritecnica SRL,,1,0,0
1100019371,03/04/2016,Veritecnica SRL,,1,0,0
9102003794,03/04/2016,Veritecnica SRL,,0,0,1
9102003795,03/04/2016,Veritecnica SRL,,0,1,0
1100019372,03/04/2016,Veritecnica SRL,,1,0,0
1100019373,03/04/2016,Veritecnica SRL,,1,0,0
9102003796,03/04/2016,Veritecnica SRL,,0,1,0
9202000534,03/04/2016,Veritecnica SRL,,0,0,1
1100019374,03/04/2016,Veritecnica SRL,,1,0,0
9102003797,03/04/2016,Veritecnica SRL,,0,0,1
1100019375,03/04/2016,Veritecnica SRL,,1,0,0
1100019376,03/04/2016,Veritecnica SRL,,1,0,0
1200006080,03/04/2016,Veritecnica SRL,,1,0,0
1200006081,03/04/2016,Veritecnica SRL,,1,0,0
9102003798,03/04/2016,Veritecnica SRL,,0,1,0
9202000535,03/04/2016,Veritecnica SRL,,0,0,1
1200006082,03/04/2016,Veritecnica SRL,,1,0,0
9202000536,03/04/2016,Veritecnica SRL,,0,0,1
9202000537,03/04/2016,Veritecnica SRL,,0,0,1
1100019377,03/04/2016,Veritecnica SRL,,1,0,0
1100019378,03/04/2016,Veritecnica SRL,,1,0,0
1100019379,03/04/2016,Veritecnica SRL,,1,0,0
9202000538,03/04/2016,Veritecnica SRL,,0,0,1
9202000539,03/04/2016,Veritecnica SRL,,0,0,1
1100019380,03/04/2016,Veritecnica SRL,,1,0,0
1200006083,03/04/2016,Veritecnica SRL,,1,0,0
1100019381,03/04/2016,Veritecnica SRL,,1,0,0
1100019382,03/04/2016,Veritecnica SRL,,1,0,0
9102003799,03/04/2016,Veritecnica SRL,,0,1,0
9202000540,03/04/2016,Veritecnica SRL,,0,0,1
1100019383,03/04/2016,Veritecnica SRL,,1,0,0
1100019384,03/04/2016,Veritecnica SRL,,1,0,0
1100019385,03/04/2016,Veritecnica SRL,,1,0,0
9102003800,03/04/2016,Veritecnica SRL,,0,0,1
1100019386,03/04/2016,Veritecnica SRL,,1,0,0
1100019387,03/04/2016,Veritecnica SRL,,1,0,0
9202000541,03/04/2016,Veritecnica SRL,,0,0,1
1200006084,03/05/2016,Veritecnica SRL,,1,0,0
1100019389,03/05/2016,Veritecnica SRL,,1,0,0
1100019388,03/05/2016,Veritecnica SRL,,1,0,0
9102003801,03/05/2016,Veritecnica SRL,,0,1,0
9102003802,03/05/2016,Veritecnica SRL,,0,0,1
1100019390,03/05/2016,Veritecnica SRL,,1,0,0
1100019391,03/05/2016,Veritecnica SRL,,1,0,0
9102003803,03/05/2016,Veritecnica SRL,,0,1,0
1100019392,03/05/2016,Veritecnica SRL,,1,0,0
1200006085,03/05/2016,Veritecnica SRL,,1,0,0
1100019393,03/05/2016,Veritecnica SRL,,1,0,0
1100019394,03/05/2016,Veritecnica SRL,,1,0,0
1100019395,03/05/2016,Veritecnica SRL,,1,0,0
1100019397,03/05/2016,Veritecnica SRL,,1,0,0
1100019396,03/05/2016,Veritecnica SRL,,1,0,0
1100019398,03/05/2016,Veritecnica SRL,,1,0,0
1100019399,03/05/2016,Veritecnica SRL,,1,0,0
9102003804,03/05/2016,Veritecnica SRL,,0,1,0
1100019400,03/05/2016,Veritecnica SRL,,1,0,0
1100019401,03/05/2016,Veritecnica SRL,,1,0,0
1100019402,03/05/2016,Veritecnica SRL,,1,0,0
1100019403,03/05/2016,Veritecnica SRL,,1,0,0
9102003805,03/05/2016,Veritecnica SRL,,0,1,0
1100019404,03/05/2016,Veritecnica SRL,,1,0,0
9102003806,03/05/2016,Veritecnica SRL,,0,0,1
1100019405,03/05/2016,Veritecnica SRL,,1,0,0
1100019406,03/05/2016,Veritecnica SRL,,1,0,0
1100019407,03/05/2016,Veritecnica SRL,,1,0,0
1200006086,03/05/2016,Veritecnica SRL,,1,0,0
9102003807,03/05/2016,Veritecnica SRL,,0,1,0
1100019408,03/05/2016,Veritecnica SRL,,1,0,0
1100019409,03/05/2016,Veritecnica SRL,,1,0,0
1100019410,03/05/2016,Veritecnica SRL,,1,0,0
1100019411,03/05/2016,Veritecnica SRL,,1,0,0
1200006087,03/05/2016,Veritecnica SRL,,1,0,0
1100019412,03/05/2016,Veritecnica SRL,,1,0,0
1100019413,03/05/2016,Veritecnica SRL,,1,0,0
9102003808,03/05/2016,Veritecnica SRL,,0,1,0
1100019414,03/05/2016,Veritecnica SRL,,1,0,0
1100019415,03/05/2016,Veritecnica SRL,,1,0,0
1100019416,03/05/2016,Veritecnica SRL,,1,0,0
1100019417,03/05/2016,Veritecnica SRL,,1,0,0
1200006088,03/05/2016,Veritecnica SRL,,1,0,0
9102003809,03/05/2016,Veritecnica SRL,,0,1,0
9102003810,03/05/2016,Veritecnica SRL,,0,1,0
1200006089,03/05/2016,Veritecnica SRL,,1,0,0
1100019418,03/05/2016,Veritecnica SRL,,1,0,0
1200006090,03/05/2016,Veritecnica SRL,,1,0,0
1200006091,03/05/2016,Veritecnica SRL,,1,0,0
1200006092,03/05/2016,Veritecnica SRL,,1,0,0
1200006093,03/05/2016,Veritecnica SRL,,1,0,0
