Nrocertificado,Fecha,Idtaller,Dominiovehiculo,Aprobado,RechazadoLeveModerado,RechazadoGrave
1100025860,09/02/2016,Asociación de Bomberos Voluntarios - San Martín de los Andes,,1,0,0
1200007609,09/02/2016,Asociación de Bomberos Voluntarios - San Martín de los Andes,,1,0,0
9101001939,09/02/2016,Asociación de Bomberos Voluntarios - San Martín de los Andes,,0,0,1
1100025861,09/02/2016,Asociación de Bomberos Voluntarios - San Martín de los Andes,,1,0,0
1100025862,09/02/2016,Asociación de Bomberos Voluntarios - San Martín de los Andes,,1,0,0
9201000362,09/02/2016,Asociación de Bomberos Voluntarios - San Martín de los Andes,,0,0,1
1200007610,09/02/2016,Asociación de Bomberos Voluntarios - San Martín de los Andes,,1,0,0
1100025863,09/02/2016,Asociación de Bomberos Voluntarios - San Martín de los Andes,,1,0,0
9101001940,09/02/2016,Asociación de Bomberos Voluntarios - San Martín de los Andes,,0,1,0
1100025864,09/02/2016,Asociación de Bomberos Voluntarios - San Martín de los Andes,,1,0,0
1100025865,09/02/2016,Asociación de Bomberos Voluntarios - San Martín de los Andes,,1,0,0
1200007611,09/02/2016,Asociación de Bomberos Voluntarios - San Martín de los Andes,,1,0,0
1200007612,09/02/2016,Asociación de Bomberos Voluntarios - San Martín de los Andes,,1,0,0
1100025866,09/02/2016,Asociación de Bomberos Voluntarios - San Martín de los Andes,,1,0,0
1200007613,09/02/2016,Asociación de Bomberos Voluntarios - San Martín de los Andes,,1,0,0
1100025867,09/02/2016,Asociación de Bomberos Voluntarios - San Martín de los Andes,,1,0,0
1100025868,09/02/2016,Asociación de Bomberos Voluntarios - San Martín de los Andes,,1,0,0
1100025869,09/02/2016,Asociación de Bomberos Voluntarios - San Martín de los Andes,,1,0,0
1100025870,09/02/2016,Asociación de Bomberos Voluntarios - San Martín de los Andes,,1,0,0
9101001941,09/02/2016,Asociación de Bomberos Voluntarios - San Martín de los Andes,,0,1,0
1200007614,09/02/2016,Asociación de Bomberos Voluntarios - San Martín de los Andes,,1,0,0
1100025871,09/02/2016,Asociación de Bomberos Voluntarios - San Martín de los Andes,,1,0,0
9101001942,09/03/2016,Asociación de Bomberos Voluntarios - San Martín de los Andes,,0,1,0
1200007615,09/03/2016,Asociación de Bomberos Voluntarios - San Martín de los Andes,,1,0,0
1100025872,09/03/2016,Asociación de Bomberos Voluntarios - San Martín de los Andes,,1,0,0
1100025873,09/03/2016,Asociación de Bomberos Voluntarios - San Martín de los Andes,,1,0,0
1100025874,09/03/2016,Asociación de Bomberos Voluntarios - San Martín de los Andes,,1,0,0
1100025875,09/03/2016,Asociación de Bomberos Voluntarios - San Martín de los Andes,,1,0,0
9101001943,09/03/2016,Asociación de Bomberos Voluntarios - San Martín de los Andes,,0,0,1
9201000363,09/03/2016,Asociación de Bomberos Voluntarios - San Martín de los Andes,,0,0,1
1100025681,09/02/2016,Control SRL,,1,0,0
1100025704,09/02/2016,Control SRL,,1,0,0
1100025682,09/02/2016,Control SRL,,1,0,0
1100025703,09/02/2016,Control SRL,,1,0,0
1100025702,09/02/2016,Control SRL,,1,0,0
1100025701,09/02/2016,Control SRL,,1,0,0
1200008742,09/02/2016,Control SRL,,1,0,0
9203000450,09/02/2016,Control SRL,,0,0,1
1100025677,09/02/2016,Control SRL,,1,0,0
1200009020,09/02/2016,Control SRL,,1,0,0
1200008743,09/02/2016,Control SRL,,1,0,0
1200008744,09/02/2016,Control SRL,,1,0,0
9103001650,09/02/2016,Control SRL,,0,0,1
9103001651,09/02/2016,Control SRL,,0,0,1
1200008746,09/02/2016,Control SRL,,1,0,0
1200008745,09/02/2016,Control SRL,,1,0,0
1200008747,09/02/2016,Control SRL,,1,0,0
9103001652,09/02/2016,Control SRL,,0,0,1
1200009001,09/02/2016,Control SRL,,1,0,0
1100025700,09/02/2016,Control SRL,,1,0,0
1100025699,09/02/2016,Control SRL,,1,0,0
1100025656,09/02/2016,Control SRL,,1,0,0
1100025697,09/02/2016,Control SRL,,1,0,0
1100025696,09/02/2016,Control SRL,,1,0,0
1100026022,09/02/2016,Veritecnica SRL,,1,0,0
9102005391,09/02/2016,Veritecnica SRL,,0,1,0
1100026023,09/02/2016,Veritecnica SRL,,1,0,0
9102005392,09/02/2016,Veritecnica SRL,,0,0,1
1200008879,09/02/2016,Veritecnica SRL,,1,0,0
9202000894,09/02/2016,Veritecnica SRL,,0,0,1
9102005393,09/02/2016,Veritecnica SRL,,0,1,0
1100026024,09/02/2016,Veritecnica SRL,,1,0,0
9102005394,09/02/2016,Veritecnica SRL,,0,0,1
1100026025,09/02/2016,Veritecnica SRL,,1,0,0
1100026026,09/02/2016,Veritecnica SRL,,1,0,0
1200008880,09/02/2016,Veritecnica SRL,,1,0,0
9202000895,09/02/2016,Veritecnica SRL,,0,0,1
1200008881,09/02/2016,Veritecnica SRL,,1,0,0
9102005395,09/02/2016,Veritecnica SRL,,0,0,1
1100026027,09/02/2016,Veritecnica SRL,,1,0,0
1200008882,09/02/2016,Veritecnica SRL,,1,0,0
1100026028,09/02/2016,Veritecnica SRL,,1,0,0
9102005396,09/02/2016,Veritecnica SRL,,0,0,1
9102005397,09/02/2016,Veritecnica SRL,,0,1,0
1100026029,09/02/2016,Veritecnica SRL,,1,0,0
1100026030,09/02/2016,Veritecnica SRL,,1,0,0
1100026031,09/02/2016,Veritecnica SRL,,1,0,0
1100026032,09/02/2016,Veritecnica SRL,,1,0,0
1100026033,09/02/2016,Veritecnica SRL,,1,0,0
9102005398,09/02/2016,Veritecnica SRL,,0,1,0
9102005399,09/02/2016,Veritecnica SRL,,0,0,1
9202000896,09/02/2016,Veritecnica SRL,,0,0,1
1100026034,09/02/2016,Veritecnica SRL,,1,0,0
1100026035,09/02/2016,Veritecnica SRL,,1,0,0
9202000897,09/02/2016,Veritecnica SRL,,0,0,1
1100026036,09/02/2016,Veritecnica SRL,,1,0,0
1100026037,09/02/2016,Veritecnica SRL,,1,0,0
1100026038,09/02/2016,Veritecnica SRL,,1,0,0
1100026039,09/02/2016,Veritecnica SRL,,1,0,0
9102005400,09/02/2016,Veritecnica SRL,,0,1,0
1100026040,09/02/2016,Veritecnica SRL,,1,0,0
1200008883,09/02/2016,Veritecnica SRL,,1,0,0
1100026041,09/02/2016,Veritecnica SRL,,1,0,0
9102005401,09/02/2016,Veritecnica SRL,,0,0,1
1200008884,09/02/2016,Veritecnica SRL,,1,0,0
9102005402,09/02/2016,Veritecnica SRL,,0,1,0
1100026042,09/02/2016,Veritecnica SRL,,1,0,0
1100026043,09/02/2016,Veritecnica SRL,,1,0,0
1200008885,09/02/2016,Veritecnica SRL,,1,0,0
1100026044,09/03/2016,Veritecnica SRL,,1,0,0
9102005403,09/03/2016,Veritecnica SRL,,0,0,1
1100026045,09/03/2016,Veritecnica SRL,,1,0,0
1100026046,09/03/2016,Veritecnica SRL,,1,0,0
1100026047,09/03/2016,Veritecnica SRL,,1,0,0
1100026048,09/03/2016,Veritecnica SRL,,1,0,0
1100026049,09/03/2016,Veritecnica SRL,,1,0,0
1200008886,09/03/2016,Veritecnica SRL,,1,0,0
9102005404,09/03/2016,Veritecnica SRL,,0,0,1
9102005405,09/03/2016,Veritecnica SRL,,0,1,0
1200008887,09/03/2016,Veritecnica SRL,,1,0,0
1100026050,09/03/2016,Veritecnica SRL,,1,0,0
1100026051,09/03/2016,Veritecnica SRL,,1,0,0
1100026052,09/03/2016,Veritecnica SRL,,1,0,0
1100026053,09/03/2016,Veritecnica SRL,,1,0,0
1100026054,09/03/2016,Veritecnica SRL,,1,0,0
1100026055,09/03/2016,Veritecnica SRL,,1,0,0
1100026056,09/03/2016,Veritecnica SRL,,1,0,0
1100026057,09/03/2016,Veritecnica SRL,,1,0,0
