Nrocertificado,Fecha,Idtaller,Dominiovehiculo,Aprobado,RechazadoLeveModerado,RechazadoGrave
1100029536,11/21/2016,Asociación de Bomberos Voluntarios - San Martín de los Andes,,1,0,0
1100029537,11/21/2016,Asociación de Bomberos Voluntarios - San Martín de los Andes,,1,0,0
9101002224,11/21/2016,Asociación de Bomberos Voluntarios - San Martín de los Andes,,0,1,0
1100029538,11/21/2016,Asociación de Bomberos Voluntarios - San Martín de los Andes,,1,0,0
9101002225,11/21/2016,Asociación de Bomberos Voluntarios - San Martín de los Andes,,0,1,0
9101002226,11/21/2016,Asociación de Bomberos Voluntarios - San Martín de los Andes,,0,1,0
9101002227,11/21/2016,Asociación de Bomberos Voluntarios - San Martín de los Andes,,0,1,0
1100029539,11/21/2016,Asociación de Bomberos Voluntarios - San Martín de los Andes,,1,0,0
1100029540,11/21/2016,Asociación de Bomberos Voluntarios - San Martín de los Andes,,1,0,0
1100029541,11/21/2016,Asociación de Bomberos Voluntarios - San Martín de los Andes,,1,0,0
1200008581,11/21/2016,Asociación de Bomberos Voluntarios - San Martín de los Andes,,1,0,0
1100029542,11/21/2016,Asociación de Bomberos Voluntarios - San Martín de los Andes,,1,0,0
9101002228,11/21/2016,Asociación de Bomberos Voluntarios - San Martín de los Andes,,0,0,1
1200008582,11/21/2016,Asociación de Bomberos Voluntarios - San Martín de los Andes,,1,0,0
9101002229,11/21/2016,Asociación de Bomberos Voluntarios - San Martín de los Andes,,0,1,0
9101002230,11/21/2016,Asociación de Bomberos Voluntarios - San Martín de los Andes,,0,1,0
1100029543,11/21/2016,Asociación de Bomberos Voluntarios - San Martín de los Andes,,1,0,0
1100029544,11/21/2016,Asociación de Bomberos Voluntarios - San Martín de los Andes,,1,0,0
1100029545,11/21/2016,Asociación de Bomberos Voluntarios - San Martín de los Andes,,1,0,0
1100029546,11/21/2016,Asociación de Bomberos Voluntarios - San Martín de los Andes,,1,0,0
9101002231,11/21/2016,Asociación de Bomberos Voluntarios - San Martín de los Andes,,0,1,0
9201000411,11/21/2016,Asociación de Bomberos Voluntarios - San Martín de los Andes,,0,1,0
1100029547,11/21/2016,Asociación de Bomberos Voluntarios - San Martín de los Andes,,1,0,0
1100029548,11/21/2016,Asociación de Bomberos Voluntarios - San Martín de los Andes,,1,0,0
1100029549,11/21/2016,Asociación de Bomberos Voluntarios - San Martín de los Andes,,1,0,0
9101002232,11/21/2016,Asociación de Bomberos Voluntarios - San Martín de los Andes,,0,0,1
1100029550,11/21/2016,Asociación de Bomberos Voluntarios - San Martín de los Andes,,1,0,0
9101002233,11/21/2016,Asociación de Bomberos Voluntarios - San Martín de los Andes,,0,1,0
1200008583,11/21/2016,Asociación de Bomberos Voluntarios - San Martín de los Andes,,1,0,0
1100029551,11/21/2016,Asociación de Bomberos Voluntarios - San Martín de los Andes,,1,0,0
9101002234,11/21/2016,Asociación de Bomberos Voluntarios - San Martín de los Andes,,0,1,0
1100029552,11/21/2016,Asociación de Bomberos Voluntarios - San Martín de los Andes,,1,0,0
1100029553,11/21/2016,Asociación de Bomberos Voluntarios - San Martín de los Andes,,1,0,0
1100029554,11/21/2016,Asociación de Bomberos Voluntarios - San Martín de los Andes,,1,0,0
9101002235,11/22/2016,Asociación de Bomberos Voluntarios - San Martín de los Andes,,0,1,0
1100029555,11/22/2016,Asociación de Bomberos Voluntarios - San Martín de los Andes,,1,0,0
1100029556,11/22/2016,Asociación de Bomberos Voluntarios - San Martín de los Andes,,1,0,0
9201000412,11/22/2016,Asociación de Bomberos Voluntarios - San Martín de los Andes,,0,0,1
1100029557,11/22/2016,Asociación de Bomberos Voluntarios - San Martín de los Andes,,1,0,0
1100029558,11/22/2016,Asociación de Bomberos Voluntarios - San Martín de los Andes,,1,0,0
1100029559,11/22/2016,Asociación de Bomberos Voluntarios - San Martín de los Andes,,1,0,0
1100029560,11/22/2016,Asociación de Bomberos Voluntarios - San Martín de los Andes,,1,0,0
1100029561,11/22/2016,Asociación de Bomberos Voluntarios - San Martín de los Andes,,1,0,0
1100029562,11/22/2016,Asociación de Bomberos Voluntarios - San Martín de los Andes,,1,0,0
9101002236,11/22/2016,Asociación de Bomberos Voluntarios - San Martín de los Andes,,0,0,1
9101002237,11/22/2016,Asociación de Bomberos Voluntarios - San Martín de los Andes,,0,0,1
1100029563,11/22/2016,Asociación de Bomberos Voluntarios - San Martín de los Andes,,1,0,0
1100029564,11/22/2016,Asociación de Bomberos Voluntarios - San Martín de los Andes,,1,0,0
1100029565,11/22/2016,Asociación de Bomberos Voluntarios - San Martín de los Andes,,1,0,0
1100029566,11/22/2016,Asociación de Bomberos Voluntarios - San Martín de los Andes,,1,0,0
9101002238,11/22/2016,Asociación de Bomberos Voluntarios - San Martín de los Andes,,0,0,1
1100029567,11/22/2016,Asociación de Bomberos Voluntarios - San Martín de los Andes,,1,0,0
1100029568,11/22/2016,Asociación de Bomberos Voluntarios - San Martín de los Andes,,1,0,0
1200008584,11/22/2016,Asociación de Bomberos Voluntarios - San Martín de los Andes,,1,0,0
1100029569,11/22/2016,Asociación de Bomberos Voluntarios - San Martín de los Andes,,1,0,0
9101002239,11/22/2016,Asociación de Bomberos Voluntarios - San Martín de los Andes,,0,0,1
1100029570,11/22/2016,Asociación de Bomberos Voluntarios - San Martín de los Andes,,1,0,0
9101002240,11/22/2016,Asociación de Bomberos Voluntarios - San Martín de los Andes,,0,0,1
1100029571,11/22/2016,Asociación de Bomberos Voluntarios - San Martín de los Andes,,1,0,0
1100028874,11/21/2016,Control SRL,,1,0,0
1200010301,11/21/2016,Control SRL,,1,0,0
1100028877,11/21/2016,Control SRL,,1,0,0
1200010302,11/21/2016,Control SRL,,1,0,0
1200010303,11/21/2016,Control SRL,,1,0,0
1100028878,11/21/2016,Control SRL,,1,0,0
1100028879,11/21/2016,Control SRL,,1,0,0
1100028880,11/21/2016,Control SRL,,1,0,0
9103001847,11/21/2016,Control SRL,,0,0,1
1100028881,11/21/2016,Control SRL,,1,0,0
1200010304,11/21/2016,Control SRL,,1,0,0
9103001848,11/21/2016,Control SRL,,0,0,1
9203000529,11/21/2016,Control SRL,,0,0,1
1100028882,11/21/2016,Control SRL,,1,0,0
9103001849,11/21/2016,Control SRL,,0,0,1
9103001850,11/21/2016,Control SRL,,0,0,1
9203000530,11/21/2016,Control SRL,,0,0,1
1100028883,11/21/2016,Control SRL,,1,0,0
1200010305,11/21/2016,Control SRL,,1,0,0
9103001851,11/21/2016,Control SRL,,0,0,1
9103001852,11/21/2016,Control SRL,,0,0,1
1100028884,11/21/2016,Control SRL,,1,0,0
1100028885,11/21/2016,Control SRL,,1,0,0
1100028886,11/21/2016,Control SRL,,1,0,0
1100028887,11/21/2016,Control SRL,,1,0,0
9203000531,11/21/2016,Control SRL,,0,0,1
9103001853,11/21/2016,Control SRL,,0,0,1
9203000532,11/21/2016,Control SRL,,0,0,1
1200010306,11/21/2016,Control SRL,,1,0,0
1100028888,11/21/2016,Control SRL,,1,0,0
1100028889,11/21/2016,Control SRL,,1,0,0
1100028891,11/21/2016,Control SRL,,1,0,0
1100028890,11/21/2016,Control SRL,,1,0,0
1100028892,11/21/2016,Control SRL,,1,0,0
1100028893,11/21/2016,Control SRL,,1,0,0
1100028815,11/21/2016,Control SRL,,1,0,0
1200010307,11/21/2016,Control SRL,,1,0,0
1100028816,11/22/2016,Control SRL,,1,0,0
1100028817,11/22/2016,Control SRL,,1,0,0
9103001854,11/22/2016,Control SRL,,0,0,1
1200010308,11/22/2016,Control SRL,,1,0,0
1200010309,11/22/2016,Control SRL,,1,0,0
1100028818,11/22/2016,Control SRL,,1,0,0
1100028819,11/22/2016,Control SRL,,1,0,0
1100028820,11/22/2016,Control SRL,,1,0,0
1100028894,11/22/2016,Control SRL,,1,0,0
9103001855,11/22/2016,Control SRL,,0,0,1
1100028895,11/22/2016,Control SRL,,1,0,0
1200010310,11/22/2016,Control SRL,,1,0,0
1200010311,11/22/2016,Control SRL,,1,0,0
1200010312,11/22/2016,Control SRL,,1,0,0
1100028896,11/22/2016,Control SRL,,1,0,0
9103001856,11/22/2016,Control SRL,,0,0,1
1200010313,11/22/2016,Control SRL,,1,0,0
1100028897,11/22/2016,Control SRL,,1,0,0
1200010314,11/22/2016,Control SRL,,1,0,0
1100028898,11/22/2016,Control SRL,,1,0,0
1100028899,11/22/2016,Control SRL,,1,0,0
1100028900,11/22/2016,Control SRL,,1,0,0
1100028901,11/22/2016,Control SRL,,1,0,0
1200010315,11/22/2016,Control SRL,,1,0,0
1200010316,11/22/2016,Control SRL,,1,0,0
1100028902,11/22/2016,Control SRL,,1,0,0
1100028903,11/22/2016,Control SRL,,1,0,0
1200010317,11/22/2016,Control SRL,,1,0,0
9203000533,11/22/2016,Control SRL,,0,0,1
1100028904,11/22/2016,Control SRL,,1,0,0
1100028905,11/22/2016,Control SRL,,1,0,0
1100028906,11/22/2016,Control SRL,,1,0,0
1100028907,11/22/2016,Control SRL,,1,0,0
1100028908,11/22/2016,Control SRL,,1,0,0
9103001857,11/22/2016,Control SRL,,0,0,1
1200010318,11/22/2016,Control SRL,,1,0,0
9103001858,11/22/2016,Control SRL,,0,0,1
1100028909,11/22/2016,Control SRL,,1,0,0
1100028910,11/22/2016,Control SRL,,1,0,0
1100028911,11/22/2016,Control SRL,,1,0,0
1100028912,11/22/2016,Control SRL,,1,0,0
1100029278,11/21/2016,Veritecnica SRL,,1,0,0
1100029279,11/21/2016,Veritecnica SRL,,1,0,0
1100029280,11/21/2016,Veritecnica SRL,,1,0,0
1100029281,11/21/2016,Veritecnica SRL,,1,0,0
9102005950,11/21/2016,Veritecnica SRL,,0,0,1
1100029282,11/21/2016,Veritecnica SRL,,1,0,0
9102005951,11/21/2016,Veritecnica SRL,,0,1,0
9102005952,11/21/2016,Veritecnica SRL,,0,0,1
9102005953,11/21/2016,Veritecnica SRL,,0,1,0
9102005954,11/21/2016,Veritecnica SRL,,0,1,0
1100029283,11/21/2016,Veritecnica SRL,,1,0,0
1100029284,11/21/2016,Veritecnica SRL,,1,0,0
9102005955,11/21/2016,Veritecnica SRL,,0,0,1
1100029285,11/21/2016,Veritecnica SRL,,1,0,0
1100029286,11/21/2016,Veritecnica SRL,,1,0,0
1100029287,11/21/2016,Veritecnica SRL,,1,0,0
1100029288,11/21/2016,Veritecnica SRL,,1,0,0
1100029289,11/21/2016,Veritecnica SRL,,1,0,0
1100029290,11/21/2016,Veritecnica SRL,,1,0,0
1100029291,11/21/2016,Veritecnica SRL,,1,0,0
1100029292,11/21/2016,Veritecnica SRL,,1,0,0
1100029293,11/21/2016,Veritecnica SRL,,1,0,0
1100029294,11/21/2016,Veritecnica SRL,,1,0,0
1100029295,11/21/2016,Veritecnica SRL,,1,0,0
9102005956,11/21/2016,Veritecnica SRL,,0,0,1
9102005957,11/21/2016,Veritecnica SRL,,0,0,1
1200010245,11/21/2016,Veritecnica SRL,,1,0,0
1100029296,11/21/2016,Veritecnica SRL,,1,0,0
9102005958,11/21/2016,Veritecnica SRL,,0,1,0
1100029297,11/21/2016,Veritecnica SRL,,1,0,0
1100029298,11/21/2016,Veritecnica SRL,,1,0,0
1100029299,11/21/2016,Veritecnica SRL,,1,0,0
1100029300,11/21/2016,Veritecnica SRL,,1,0,0
1100029301,11/21/2016,Veritecnica SRL,,1,0,0
1100029302,11/21/2016,Veritecnica SRL,,1,0,0
1200010246,11/21/2016,Veritecnica SRL,,1,0,0
1100029303,11/21/2016,Veritecnica SRL,,1,0,0
1100029304,11/21/2016,Veritecnica SRL,,1,0,0
1100029305,11/21/2016,Veritecnica SRL,,1,0,0
1200010247,11/21/2016,Veritecnica SRL,,1,0,0
1200010248,11/21/2016,Veritecnica SRL,,1,0,0
9202001093,11/21/2016,Veritecnica SRL,,0,0,1
1100029306,11/21/2016,Veritecnica SRL,,1,0,0
1100029307,11/21/2016,Veritecnica SRL,,1,0,0
1100029308,11/21/2016,Veritecnica SRL,,1,0,0
1200010249,11/21/2016,Veritecnica SRL,,1,0,0
9102005959,11/21/2016,Veritecnica SRL,,0,0,1
1100029309,11/21/2016,Veritecnica SRL,,1,0,0
1100029310,11/21/2016,Veritecnica SRL,,1,0,0
1100029311,11/21/2016,Veritecnica SRL,,1,0,0
1100029312,11/21/2016,Veritecnica SRL,,1,0,0
1100029313,11/21/2016,Veritecnica SRL,,1,0,0
1100029314,11/21/2016,Veritecnica SRL,,1,0,0
1100029315,11/21/2016,Veritecnica SRL,,1,0,0
1100029316,11/22/2016,Veritecnica SRL,,1,0,0
9102005960,11/22/2016,Veritecnica SRL,,0,1,0
1100029317,11/22/2016,Veritecnica SRL,,1,0,0
9102005961,11/22/2016,Veritecnica SRL,,0,1,0
1100029318,11/22/2016,Veritecnica SRL,,1,0,0
1100029319,11/22/2016,Veritecnica SRL,,1,0,0
9102005962,11/22/2016,Veritecnica SRL,,0,1,0
1100029320,11/22/2016,Veritecnica SRL,,1,0,0
1100029321,11/22/2016,Veritecnica SRL,,1,0,0
1100029322,11/22/2016,Veritecnica SRL,,1,0,0
1100029323,11/22/2016,Veritecnica SRL,,1,0,0
9102005963,11/22/2016,Veritecnica SRL,,0,0,1
9102005964,11/22/2016,Veritecnica SRL,,0,0,1
9202001094,11/22/2016,Veritecnica SRL,,0,0,1
1100029324,11/22/2016,Veritecnica SRL,,1,0,0
1100029325,11/22/2016,Veritecnica SRL,,1,0,0
1100029326,11/22/2016,Veritecnica SRL,,1,0,0
9102005965,11/22/2016,Veritecnica SRL,,0,0,1
1100029327,11/22/2016,Veritecnica SRL,,1,0,0
1100029328,11/22/2016,Veritecnica SRL,,1,0,0
1100029329,11/22/2016,Veritecnica SRL,,1,0,0
1200010250,11/22/2016,Veritecnica SRL,,1,0,0
1100029330,11/22/2016,Veritecnica SRL,,1,0,0
1200010251,11/22/2016,Veritecnica SRL,,1,0,0
1200010252,11/22/2016,Veritecnica SRL,,1,0,0
1100029331,11/22/2016,Veritecnica SRL,,1,0,0
1100029332,11/22/2016,Veritecnica SRL,,1,0,0
1100029333,11/22/2016,Veritecnica SRL,,1,0,0
1200010253,11/22/2016,Veritecnica SRL,,1,0,0
9102005966,11/22/2016,Veritecnica SRL,,0,1,0
1200010254,11/22/2016,Veritecnica SRL,,1,0,0
1200010255,11/22/2016,Veritecnica SRL,,1,0,0
1200010256,11/22/2016,Veritecnica SRL,,1,0,0
1200010257,11/22/2016,Veritecnica SRL,,1,0,0
1200010258,11/22/2016,Veritecnica SRL,,1,0,0
1200010259,11/22/2016,Veritecnica SRL,,1,0,0
1100029334,11/22/2016,Veritecnica SRL,,1,0,0
1100029335,11/22/2016,Veritecnica SRL,,1,0,0
1200010260,11/22/2016,Veritecnica SRL,,1,0,0
1100029336,11/22/2016,Veritecnica SRL,,1,0,0
9102005967,11/22/2016,Veritecnica SRL,,0,1,0
1100029337,11/22/2016,Veritecnica SRL,,1,0,0
9102005968,11/22/2016,Veritecnica SRL,,0,1,0
1200010261,11/22/2016,Veritecnica SRL,,1,0,0
1100029338,11/22/2016,Veritecnica SRL,,1,0,0
1200010262,11/22/2016,Veritecnica SRL,,1,0,0
1100029339,11/22/2016,Veritecnica SRL,,1,0,0
1100029340,11/22/2016,Veritecnica SRL,,1,0,0
1100029341,11/22/2016,Veritecnica SRL,,1,0,0
9102005969,11/22/2016,Veritecnica SRL,,0,1,0
1100029342,11/22/2016,Veritecnica SRL,,1,0,0
1100029343,11/22/2016,Veritecnica SRL,,1,0,0
1100029344,11/22/2016,Veritecnica SRL,,1,0,0
9102005970,11/22/2016,Veritecnica SRL,,0,1,0
1100029345,11/22/2016,Veritecnica SRL,,1,0,0
1100029346,11/22/2016,Veritecnica SRL,,1,0,0
1100029347,11/22/2016,Veritecnica SRL,,1,0,0
1100029348,11/22/2016,Veritecnica SRL,,1,0,0
9102005971,11/22/2016,Veritecnica SRL,,0,0,1
1100029349,11/22/2016,Veritecnica SRL,,1,0,0
1100029350,11/22/2016,Veritecnica SRL,,1,0,0
