Nrocertificado,Fecha,Idtaller,Dominiovehiculo,Aprobado,RechazadoLeveModerado,RechazadoGrave
1100023392,07/02/2016,Veritecnica SRL,,1,0,0
1100023393,07/02/2016,Veritecnica SRL,,1,0,0
9102004865,07/02/2016,Veritecnica SRL,,0,0,1
9102004866,07/02/2016,Veritecnica SRL,,0,1,0
9102004867,07/02/2016,Veritecnica SRL,,0,1,0
1100023394,07/02/2016,Veritecnica SRL,,1,0,0
9102004868,07/02/2016,Veritecnica SRL,,0,1,0
1100023395,07/02/2016,Veritecnica SRL,,1,0,0
1100023396,07/02/2016,Veritecnica SRL,,1,0,0
1100023397,07/02/2016,Veritecnica SRL,,1,0,0
9102004869,07/02/2016,Veritecnica SRL,,0,1,0
1100023398,07/02/2016,Veritecnica SRL,,1,0,0
1100023399,07/02/2016,Veritecnica SRL,,1,0,0
1200007771,07/02/2016,Veritecnica SRL,,1,0,0
1100023400,07/02/2016,Veritecnica SRL,,1,0,0
1100023401,07/02/2016,Veritecnica SRL,,1,0,0
9102004870,07/02/2016,Veritecnica SRL,,0,1,0
9102004871,07/02/2016,Veritecnica SRL,,0,0,1
1100023402,07/02/2016,Veritecnica SRL,,1,0,0
1100023403,07/02/2016,Veritecnica SRL,,1,0,0
9102004872,07/02/2016,Veritecnica SRL,,0,0,1
9102004873,07/02/2016,Veritecnica SRL,,0,0,1
9102004874,07/02/2016,Veritecnica SRL,,0,1,0
