Nrocertificado,Fecha,Idtaller,Dominiovehiculo,Aprobado,RechazadoLeveModerado,RechazadoGrave
9102006116,12/10/2016,Veritecnica SRL,,0,1,0
1100030514,12/10/2016,Veritecnica SRL,,1,0,0
1100030515,12/10/2016,Veritecnica SRL,,1,0,0
1100030516,12/10/2016,Veritecnica SRL,,1,0,0
1100030517,12/10/2016,Veritecnica SRL,,1,0,0
1100030518,12/10/2016,Veritecnica SRL,,1,0,0
1100030519,12/10/2016,Veritecnica SRL,,1,0,0
1100030520,12/10/2016,Veritecnica SRL,,1,0,0
1100030521,12/10/2016,Veritecnica SRL,,1,0,0
9102006117,12/10/2016,Veritecnica SRL,,0,1,0
9102006118,12/10/2016,Veritecnica SRL,,0,1,0
1100030522,12/10/2016,Veritecnica SRL,,1,0,0
9102006119,12/10/2016,Veritecnica SRL,,0,1,0
1100030523,12/10/2016,Veritecnica SRL,,1,0,0
9102006120,12/10/2016,Veritecnica SRL,,0,0,1
9102006121,12/10/2016,Veritecnica SRL,,0,0,1
1100030524,12/10/2016,Veritecnica SRL,,1,0,0
9102006122,12/10/2016,Veritecnica SRL,,0,1,0
1100030525,12/10/2016,Veritecnica SRL,,1,0,0
9102006123,12/10/2016,Veritecnica SRL,,0,1,0
1100030526,12/10/2016,Veritecnica SRL,,1,0,0
1100030527,12/10/2016,Veritecnica SRL,,1,0,0
1200010456,12/10/2016,Veritecnica SRL,,1,0,0
1100030529,12/10/2016,Veritecnica SRL,,1,0,0
1100030528,12/10/2016,Veritecnica SRL,,1,0,0
1100030530,12/10/2016,Veritecnica SRL,,1,0,0
1100030531,12/10/2016,Veritecnica SRL,,1,0,0
1100030532,12/10/2016,Veritecnica SRL,,1,0,0
9102006124,12/10/2016,Veritecnica SRL,,0,1,0
1200010457,12/10/2016,Veritecnica SRL,,1,0,0
9202001115,12/10/2016,Veritecnica SRL,,0,0,1
1100030533,12/10/2016,Veritecnica SRL,,1,0,0
1100030534,12/10/2016,Veritecnica SRL,,1,0,0
9102006125,12/10/2016,Veritecnica SRL,,0,1,0
1200010458,12/10/2016,Veritecnica SRL,,1,0,0
9102006126,12/10/2016,Veritecnica SRL,,0,0,1
9102006127,12/10/2016,Veritecnica SRL,,0,0,1
1100030535,12/10/2016,Veritecnica SRL,,1,0,0
9102006128,12/10/2016,Veritecnica SRL,,0,1,0
1100030536,12/10/2016,Veritecnica SRL,,1,0,0
1100030537,12/10/2016,Veritecnica SRL,,1,0,0
1100030538,12/10/2016,Veritecnica SRL,,1,0,0
1100030539,12/10/2016,Veritecnica SRL,,1,0,0
1100030540,12/10/2016,Veritecnica SRL,,1,0,0
1100030541,12/10/2016,Veritecnica SRL,,1,0,0
