Nrocertificado,Fecha,Idtaller,Dominiovehiculo,Aprobado,RechazadoLeveModerado,RechazadoGrave
1100028263,11/03/2016,Asociación de Bomberos Voluntarios - San Martín de los Andes,,1,0,0
1100028264,11/03/2016,Asociación de Bomberos Voluntarios - San Martín de los Andes,,1,0,0
1100028265,11/03/2016,Asociación de Bomberos Voluntarios - San Martín de los Andes,,1,0,0
1100028266,11/03/2016,Asociación de Bomberos Voluntarios - San Martín de los Andes,,1,0,0
1200008543,11/03/2016,Asociación de Bomberos Voluntarios - San Martín de los Andes,,1,0,0
1100028267,11/03/2016,Asociación de Bomberos Voluntarios - San Martín de los Andes,,1,0,0
1200008544,11/03/2016,Asociación de Bomberos Voluntarios - San Martín de los Andes,,1,0,0
1200008545,11/03/2016,Asociación de Bomberos Voluntarios - San Martín de los Andes,,1,0,0
9101002140,11/03/2016,Asociación de Bomberos Voluntarios - San Martín de los Andes,,0,1,0
9101002141,11/03/2016,Asociación de Bomberos Voluntarios - San Martín de los Andes,,0,0,1
1100028268,11/03/2016,Asociación de Bomberos Voluntarios - San Martín de los Andes,,1,0,0
1100028269,11/03/2016,Asociación de Bomberos Voluntarios - San Martín de los Andes,,1,0,0
1100028270,11/03/2016,Asociación de Bomberos Voluntarios - San Martín de los Andes,,1,0,0
1100028271,11/03/2016,Asociación de Bomberos Voluntarios - San Martín de los Andes,,1,0,0
1100028272,11/03/2016,Asociación de Bomberos Voluntarios - San Martín de los Andes,,1,0,0
9101002142,11/03/2016,Asociación de Bomberos Voluntarios - San Martín de los Andes,,0,1,0
1100028273,11/03/2016,Asociación de Bomberos Voluntarios - San Martín de los Andes,,1,0,0
1100028274,11/03/2016,Asociación de Bomberos Voluntarios - San Martín de los Andes,,1,0,0
1100028275,11/03/2016,Asociación de Bomberos Voluntarios - San Martín de los Andes,,1,0,0
1100028276,11/03/2016,Asociación de Bomberos Voluntarios - San Martín de los Andes,,1,0,0
1100028277,11/03/2016,Asociación de Bomberos Voluntarios - San Martín de los Andes,,1,0,0
1100028278,11/03/2016,Asociación de Bomberos Voluntarios - San Martín de los Andes,,1,0,0
1100028279,11/03/2016,Asociación de Bomberos Voluntarios - San Martín de los Andes,,1,0,0
1100028280,11/03/2016,Asociación de Bomberos Voluntarios - San Martín de los Andes,,1,0,0
9101002143,11/03/2016,Asociación de Bomberos Voluntarios - San Martín de los Andes,,0,1,0
1100028281,11/03/2016,Asociación de Bomberos Voluntarios - San Martín de los Andes,,1,0,0
9101002144,11/03/2016,Asociación de Bomberos Voluntarios - San Martín de los Andes,,0,0,1
1100028282,11/03/2016,Asociación de Bomberos Voluntarios - San Martín de los Andes,,1,0,0
1100028283,11/03/2016,Asociación de Bomberos Voluntarios - San Martín de los Andes,,1,0,0
1100028284,11/03/2016,Asociación de Bomberos Voluntarios - San Martín de los Andes,,1,0,0
9101002145,11/03/2016,Asociación de Bomberos Voluntarios - San Martín de los Andes,,0,0,1
9101002146,11/04/2016,Asociación de Bomberos Voluntarios - San Martín de los Andes,,0,1,0
1200008546,11/04/2016,Asociación de Bomberos Voluntarios - San Martín de los Andes,,1,0,0
1100028285,11/04/2016,Asociación de Bomberos Voluntarios - San Martín de los Andes,,1,0,0
1100028286,11/04/2016,Asociación de Bomberos Voluntarios - San Martín de los Andes,,1,0,0
9101002147,11/04/2016,Asociación de Bomberos Voluntarios - San Martín de los Andes,,0,1,0
1100028287,11/04/2016,Asociación de Bomberos Voluntarios - San Martín de los Andes,,1,0,0
9101002148,11/04/2016,Asociación de Bomberos Voluntarios - San Martín de los Andes,,0,0,1
9101002149,11/04/2016,Asociación de Bomberos Voluntarios - San Martín de los Andes,,0,1,0
9101002150,11/04/2016,Asociación de Bomberos Voluntarios - San Martín de los Andes,,0,1,0
1100028288,11/04/2016,Asociación de Bomberos Voluntarios - San Martín de los Andes,,1,0,0
1100028289,11/04/2016,Asociación de Bomberos Voluntarios - San Martín de los Andes,,1,0,0
1100028290,11/04/2016,Asociación de Bomberos Voluntarios - San Martín de los Andes,,1,0,0
9201000399,11/04/2016,Asociación de Bomberos Voluntarios - San Martín de los Andes,,0,1,0
1100028291,11/04/2016,Asociación de Bomberos Voluntarios - San Martín de los Andes,,1,0,0
9101002151,11/04/2016,Asociación de Bomberos Voluntarios - San Martín de los Andes,,0,0,1
9201000400,11/04/2016,Asociación de Bomberos Voluntarios - San Martín de los Andes,,0,1,0
1200008547,11/04/2016,Asociación de Bomberos Voluntarios - San Martín de los Andes,,1,0,0
1100028292,11/04/2016,Asociación de Bomberos Voluntarios - San Martín de los Andes,,1,0,0
9101002152,11/04/2016,Asociación de Bomberos Voluntarios - San Martín de los Andes,,0,1,0
9101002153,11/04/2016,Asociación de Bomberos Voluntarios - San Martín de los Andes,,0,0,1
9101002154,11/04/2016,Asociación de Bomberos Voluntarios - San Martín de los Andes,,0,1,0
9101002155,11/04/2016,Asociación de Bomberos Voluntarios - San Martín de los Andes,,0,0,1
1100028293,11/04/2016,Asociación de Bomberos Voluntarios - San Martín de los Andes,,1,0,0
1100028294,11/04/2016,Asociación de Bomberos Voluntarios - San Martín de los Andes,,1,0,0
1100028295,11/04/2016,Asociación de Bomberos Voluntarios - San Martín de los Andes,,1,0,0
1100028296,11/04/2016,Asociación de Bomberos Voluntarios - San Martín de los Andes,,1,0,0
1200008548,11/04/2016,Asociación de Bomberos Voluntarios - San Martín de los Andes,,1,0,0
9101002156,11/04/2016,Asociación de Bomberos Voluntarios - San Martín de los Andes,,0,0,1
1100028297,11/04/2016,Asociación de Bomberos Voluntarios - San Martín de los Andes,,1,0,0
9201000401,11/04/2016,Asociación de Bomberos Voluntarios - San Martín de los Andes,,0,1,0
9203000502,11/03/2016,Control SRL,,0,0,1
1100028151,11/03/2016,Control SRL,,1,0,0
1100028152,11/03/2016,Control SRL,,1,0,0
1100028153,11/03/2016,Control SRL,,1,0,0
1100028154,11/03/2016,Control SRL,,1,0,0
1100028155,11/03/2016,Control SRL,,1,0,0
1100028156,11/03/2016,Control SRL,,1,0,0
1100028157,11/03/2016,Control SRL,,1,0,0
1100028158,11/03/2016,Control SRL,,1,0,0
9103001804,11/03/2016,Control SRL,,0,0,1
1100028159,11/03/2016,Control SRL,,1,0,0
1100028160,11/03/2016,Control SRL,,1,0,0
1200009860,11/03/2016,Control SRL,,1,0,0
1100028161,11/03/2016,Control SRL,,1,0,0
1200009849,11/03/2016,Control SRL,,1,0,0
1200009850,11/03/2016,Control SRL,,1,0,0
9103001805,11/03/2016,Control SRL,,0,0,1
1200009859,11/03/2016,Control SRL,,1,0,0
1100028162,11/03/2016,Control SRL,,1,0,0
1100028163,11/03/2016,Control SRL,,1,0,0
1100028164,11/03/2016,Control SRL,,1,0,0
1100028165,11/03/2016,Control SRL,,1,0,0
1100028166,11/03/2016,Control SRL,,1,0,0
1200009900,11/03/2016,Control SRL,,1,0,0
1200009899,11/03/2016,Control SRL,,1,0,0
1200009898,11/03/2016,Control SRL,,1,0,0
1200009851,11/03/2016,Control SRL,,1,0,0
1100028167,11/03/2016,Control SRL,,1,0,0
1100028168,11/03/2016,Control SRL,,1,0,0
1100028169,11/03/2016,Control SRL,,1,0,0
1200009896,11/03/2016,Control SRL,,1,0,0
1200009895,11/03/2016,Control SRL,,1,0,0
1200009897,11/03/2016,Control SRL,,1,0,0
1200009894,11/03/2016,Control SRL,,1,0,0
1200009893,11/03/2016,Control SRL,,1,0,0
1100028170,11/03/2016,Control SRL,,1,0,0
1100028171,11/03/2016,Control SRL,,1,0,0
1200009892,11/03/2016,Control SRL,,1,0,0
1100028172,11/03/2016,Control SRL,,1,0,0
1100028173,11/03/2016,Control SRL,,1,0,0
1100028174,11/03/2016,Control SRL,,1,0,0
1100028175,11/03/2016,Control SRL,,1,0,0
1100028176,11/03/2016,Control SRL,,1,0,0
1100028177,11/03/2016,Control SRL,,1,0,0
1100028178,11/03/2016,Control SRL,,1,0,0
1100028179,11/04/2016,Control SRL,,1,0,0
1100028180,11/04/2016,Control SRL,,1,0,0
9103001806,11/04/2016,Control SRL,,0,0,1
1100028181,11/04/2016,Control SRL,,1,0,0
1100028182,11/04/2016,Control SRL,,1,0,0
1100028183,11/04/2016,Control SRL,,1,0,0
1100028184,11/04/2016,Control SRL,,1,0,0
1100028185,11/04/2016,Control SRL,,1,0,0
1100028186,11/04/2016,Control SRL,,1,0,0
1100028188,11/04/2016,Control SRL,,1,0,0
1100028187,11/04/2016,Control SRL,,1,0,0
1100028189,11/04/2016,Control SRL,,1,0,0
1100028190,11/04/2016,Control SRL,,1,0,0
9103001807,11/04/2016,Control SRL,,0,0,1
1100028191,11/04/2016,Control SRL,,1,0,0
1200009855,11/04/2016,Control SRL,,1,0,0
1100028192,11/04/2016,Control SRL,,1,0,0
1200009854,11/04/2016,Control SRL,,1,0,0
1200009853,11/04/2016,Control SRL,,1,0,0
1100028193,11/04/2016,Control SRL,,1,0,0
1100028194,11/04/2016,Control SRL,,1,0,0
1100028195,11/04/2016,Control SRL,,1,0,0
1200009852,11/04/2016,Control SRL,,1,0,0
1100028196,11/04/2016,Control SRL,,1,0,0
1100028197,11/04/2016,Control SRL,,1,0,0
1200009857,11/04/2016,Control SRL,,1,0,0
9203000503,11/04/2016,Control SRL,,0,0,1
1200009858,11/04/2016,Control SRL,,1,0,0
1200009861,11/04/2016,Control SRL,,1,0,0
1200009856,11/04/2016,Control SRL,,1,0,0
1200009891,11/04/2016,Control SRL,,1,0,0
1200009862,11/04/2016,Control SRL,,1,0,0
1100028198,11/04/2016,Control SRL,,1,0,0
1100028199,11/04/2016,Control SRL,,1,0,0
1100028200,11/04/2016,Control SRL,,1,0,0
9103001808,11/04/2016,Control SRL,,0,0,1
1100028684,11/03/2016,Veritecnica SRL,,1,0,0
1100028685,11/03/2016,Veritecnica SRL,,1,0,0
1200009790,11/03/2016,Veritecnica SRL,,1,0,0
1100028686,11/03/2016,Veritecnica SRL,,1,0,0
9102005831,11/03/2016,Veritecnica SRL,,0,0,1
1100028687,11/03/2016,Veritecnica SRL,,1,0,0
1100028688,11/03/2016,Veritecnica SRL,,1,0,0
9102005832,11/03/2016,Veritecnica SRL,,0,1,0
1100028689,11/03/2016,Veritecnica SRL,,1,0,0
1100028690,11/03/2016,Veritecnica SRL,,1,0,0
1200009791,11/03/2016,Veritecnica SRL,,1,0,0
1200009792,11/03/2016,Veritecnica SRL,,1,0,0
1100028691,11/03/2016,Veritecnica SRL,,1,0,0
9202001066,11/03/2016,Veritecnica SRL,,0,0,1
9202001067,11/03/2016,Veritecnica SRL,,0,1,0
1100028692,11/03/2016,Veritecnica SRL,,1,0,0
1200009793,11/03/2016,Veritecnica SRL,,1,0,0
9202001068,11/03/2016,Veritecnica SRL,,0,0,1
9202001069,11/03/2016,Veritecnica SRL,,0,0,1
1200009794,11/03/2016,Veritecnica SRL,,1,0,0
1100028693,11/03/2016,Veritecnica SRL,,1,0,0
1200009795,11/03/2016,Veritecnica SRL,,1,0,0
1100028694,11/03/2016,Veritecnica SRL,,1,0,0
1100028695,11/03/2016,Veritecnica SRL,,1,0,0
1200009796,11/03/2016,Veritecnica SRL,,1,0,0
1100028696,11/03/2016,Veritecnica SRL,,1,0,0
1200009797,11/03/2016,Veritecnica SRL,,1,0,0
1100028697,11/03/2016,Veritecnica SRL,,1,0,0
1200009798,11/03/2016,Veritecnica SRL,,1,0,0
1100028698,11/03/2016,Veritecnica SRL,,1,0,0
1200009799,11/03/2016,Veritecnica SRL,,1,0,0
1200009800,11/03/2016,Veritecnica SRL,,1,0,0
9102005833,11/03/2016,Veritecnica SRL,,0,0,1
1100028699,11/03/2016,Veritecnica SRL,,1,0,0
9102005834,11/03/2016,Veritecnica SRL,,0,0,1
1100028700,11/03/2016,Veritecnica SRL,,1,0,0
1100028701,11/03/2016,Veritecnica SRL,,1,0,0
1200009901,11/03/2016,Veritecnica SRL,,1,0,0
1200009902,11/04/2016,Veritecnica SRL,,1,0,0
1100028702,11/04/2016,Veritecnica SRL,,1,0,0
1100028703,11/04/2016,Veritecnica SRL,,1,0,0
9102005835,11/04/2016,Veritecnica SRL,,0,0,1
9102005836,11/04/2016,Veritecnica SRL,,0,0,1
1100028704,11/04/2016,Veritecnica SRL,,1,0,0
1100028705,11/04/2016,Veritecnica SRL,,1,0,0
1100028707,11/04/2016,Veritecnica SRL,,1,0,0
1100028706,11/04/2016,Veritecnica SRL,,1,0,0
1200009903,11/04/2016,Veritecnica SRL,,1,0,0
1200009904,11/04/2016,Veritecnica SRL,,1,0,0
1100028708,11/04/2016,Veritecnica SRL,,1,0,0
9102005837,11/04/2016,Veritecnica SRL,,0,0,1
1200009905,11/04/2016,Veritecnica SRL,,1,0,0
9102005838,11/04/2016,Veritecnica SRL,,0,1,0
1200009906,11/04/2016,Veritecnica SRL,,1,0,0
1100028709,11/04/2016,Veritecnica SRL,,1,0,0
1100028710,11/04/2016,Veritecnica SRL,,1,0,0
1100028711,11/04/2016,Veritecnica SRL,,1,0,0
1100028712,11/04/2016,Veritecnica SRL,,1,0,0
1200009907,11/04/2016,Veritecnica SRL,,1,0,0
1100028713,11/04/2016,Veritecnica SRL,,1,0,0
9102005839,11/04/2016,Veritecnica SRL,,0,1,0
1100028714,11/04/2016,Veritecnica SRL,,1,0,0
9102005840,11/04/2016,Veritecnica SRL,,0,0,1
1100028715,11/04/2016,Veritecnica SRL,,1,0,0
1200009908,11/04/2016,Veritecnica SRL,,1,0,0
9102005841,11/04/2016,Veritecnica SRL,,0,0,1
1100028716,11/04/2016,Veritecnica SRL,,1,0,0
1100028717,11/04/2016,Veritecnica SRL,,1,0,0
9102005842,11/04/2016,Veritecnica SRL,,0,0,1
9102005843,11/04/2016,Veritecnica SRL,,0,1,0
1100028718,11/04/2016,Veritecnica SRL,,1,0,0
1100028719,11/04/2016,Veritecnica SRL,,1,0,0
