Nrocertificado,Fecha,Idtaller,Dominiovehiculo,Aprobado,RechazadoLeveModerado,RechazadoGrave
1200007646,09/27/2016,Asociación de Bomberos Voluntarios - San Martín de los Andes,,1,0,0
1100026825,09/27/2016,Asociación de Bomberos Voluntarios - San Martín de los Andes,,1,0,0
1200007647,09/27/2016,Asociación de Bomberos Voluntarios - San Martín de los Andes,,1,0,0
1100026826,09/27/2016,Asociación de Bomberos Voluntarios - San Martín de los Andes,,1,0,0
9201000387,09/27/2016,Asociación de Bomberos Voluntarios - San Martín de los Andes,,0,1,0
1100026827,09/27/2016,Asociación de Bomberos Voluntarios - San Martín de los Andes,,1,0,0
1100026828,09/27/2016,Asociación de Bomberos Voluntarios - San Martín de los Andes,,1,0,0
1100026829,09/27/2016,Asociación de Bomberos Voluntarios - San Martín de los Andes,,1,0,0
1100026830,09/27/2016,Asociación de Bomberos Voluntarios - San Martín de los Andes,,1,0,0
9101002018,09/27/2016,Asociación de Bomberos Voluntarios - San Martín de los Andes,,0,0,1
9101002019,09/27/2016,Asociación de Bomberos Voluntarios - San Martín de los Andes,,0,1,0
1100026831,09/27/2016,Asociación de Bomberos Voluntarios - San Martín de los Andes,,1,0,0
9101002020,09/27/2016,Asociación de Bomberos Voluntarios - San Martín de los Andes,,0,1,0
1100026832,09/27/2016,Asociación de Bomberos Voluntarios - San Martín de los Andes,,1,0,0
9101002021,09/27/2016,Asociación de Bomberos Voluntarios - San Martín de los Andes,,0,0,1
9201000388,09/27/2016,Asociación de Bomberos Voluntarios - San Martín de los Andes,,0,0,1
1200007648,09/27/2016,Asociación de Bomberos Voluntarios - San Martín de los Andes,,1,0,0
1100026833,09/27/2016,Asociación de Bomberos Voluntarios - San Martín de los Andes,,1,0,0
1100026834,09/27/2016,Asociación de Bomberos Voluntarios - San Martín de los Andes,,1,0,0
1100026835,09/27/2016,Asociación de Bomberos Voluntarios - San Martín de los Andes,,1,0,0
1200007649,09/27/2016,Asociación de Bomberos Voluntarios - San Martín de los Andes,,1,0,0
1100026836,09/27/2016,Asociación de Bomberos Voluntarios - San Martín de los Andes,,1,0,0
1200007650,09/27/2016,Asociación de Bomberos Voluntarios - San Martín de los Andes,,1,0,0
9101002022,09/27/2016,Asociación de Bomberos Voluntarios - San Martín de los Andes,,0,1,0
1100026837,09/27/2016,Asociación de Bomberos Voluntarios - San Martín de los Andes,,1,0,0
9101002023,09/28/2016,Asociación de Bomberos Voluntarios - San Martín de los Andes,,0,1,0
1100026838,09/28/2016,Asociación de Bomberos Voluntarios - San Martín de los Andes,,1,0,0
1100026839,09/28/2016,Asociación de Bomberos Voluntarios - San Martín de los Andes,,1,0,0
1100026840,09/28/2016,Asociación de Bomberos Voluntarios - San Martín de los Andes,,1,0,0
1100026851,09/28/2016,Asociación de Bomberos Voluntarios - San Martín de los Andes,,1,0,0
1100026852,09/28/2016,Asociación de Bomberos Voluntarios - San Martín de los Andes,,1,0,0
1100026853,09/28/2016,Asociación de Bomberos Voluntarios - San Martín de los Andes,,1,0,0
9101002024,09/28/2016,Asociación de Bomberos Voluntarios - San Martín de los Andes,,0,1,0
9101002025,09/28/2016,Asociación de Bomberos Voluntarios - San Martín de los Andes,,0,1,0
1100026854,09/28/2016,Asociación de Bomberos Voluntarios - San Martín de los Andes,,1,0,0
1200008501,09/28/2016,Asociación de Bomberos Voluntarios - San Martín de los Andes,,1,0,0
1100026855,09/28/2016,Asociación de Bomberos Voluntarios - San Martín de los Andes,,1,0,0
1100026856,09/28/2016,Asociación de Bomberos Voluntarios - San Martín de los Andes,,1,0,0
9101002026,09/28/2016,Asociación de Bomberos Voluntarios - San Martín de los Andes,,0,0,1
1200008502,09/28/2016,Asociación de Bomberos Voluntarios - San Martín de los Andes,,1,0,0
9101002027,09/28/2016,Asociación de Bomberos Voluntarios - San Martín de los Andes,,0,1,0
1200008503,09/28/2016,Asociación de Bomberos Voluntarios - San Martín de los Andes,,1,0,0
1100026857,09/28/2016,Asociación de Bomberos Voluntarios - San Martín de los Andes,,1,0,0
1100026858,09/28/2016,Asociación de Bomberos Voluntarios - San Martín de los Andes,,1,0,0
1100026859,09/28/2016,Asociación de Bomberos Voluntarios - San Martín de los Andes,,1,0,0
9101002028,09/28/2016,Asociación de Bomberos Voluntarios - San Martín de los Andes,,0,1,0
1100026860,09/28/2016,Asociación de Bomberos Voluntarios - San Martín de los Andes,,1,0,0
1100026861,09/28/2016,Asociación de Bomberos Voluntarios - San Martín de los Andes,,1,0,0
9101002029,09/28/2016,Asociación de Bomberos Voluntarios - San Martín de los Andes,,0,1,0
1100026862,09/28/2016,Asociación de Bomberos Voluntarios - San Martín de los Andes,,1,0,0
1200009253,09/27/2016,Control SRL,,1,0,0
1200009254,09/27/2016,Control SRL,,1,0,0
1200009255,09/27/2016,Control SRL,,1,0,0
1100026478,09/27/2016,Control SRL,,1,0,0
1100026479,09/27/2016,Control SRL,,1,0,0
9103001718,09/27/2016,Control SRL,,0,0,1
9103001719,09/27/2016,Control SRL,,0,0,1
1100026480,09/27/2016,Control SRL,,1,0,0
1200009257,09/27/2016,Control SRL,,1,0,0
9103001720,09/27/2016,Control SRL,,0,0,1
1100026482,09/27/2016,Control SRL,,1,0,0
1100026483,09/27/2016,Control SRL,,1,0,0
9103001721,09/27/2016,Control SRL,,0,0,1
1100026484,09/27/2016,Control SRL,,1,0,0
1100026485,09/27/2016,Control SRL,,1,0,0
9103001722,09/27/2016,Control SRL,,0,0,1
1200009259,09/27/2016,Control SRL,,1,0,0
1200009260,09/27/2016,Control SRL,,1,0,0
1200009262,09/27/2016,Control SRL,,1,0,0
9103001723,09/27/2016,Control SRL,,0,0,1
1200009258,09/27/2016,Control SRL,,1,0,0
1200009261,09/27/2016,Control SRL,,1,0,0
9103001724,09/27/2016,Control SRL,,0,0,1
1200009263,09/27/2016,Control SRL,,1,0,0
1100026487,09/27/2016,Control SRL,,1,0,0
1200009265,09/27/2016,Control SRL,,1,0,0
1200009264,09/27/2016,Control SRL,,1,0,0
1100026488,09/27/2016,Control SRL,,1,0,0
1100026489,09/27/2016,Control SRL,,1,0,0
1200009266,09/27/2016,Control SRL,,1,0,0
1100026491,09/27/2016,Control SRL,,1,0,0
1100026492,09/27/2016,Control SRL,,1,0,0
1200009256,09/27/2016,Control SRL,,1,0,0
1200009267,09/27/2016,Control SRL,,1,0,0
1200009268,09/27/2016,Control SRL,,1,0,0
1200009034,09/27/2016,Control SRL,,1,0,0
1100026493,09/28/2016,Control SRL,,1,0,0
1100026494,09/28/2016,Control SRL,,1,0,0
1100026495,09/28/2016,Control SRL,,1,0,0
1100026496,09/28/2016,Control SRL,,1,0,0
1100026497,09/28/2016,Control SRL,,1,0,0
1100026499,09/28/2016,Control SRL,,1,0,0
1100026500,09/28/2016,Control SRL,,1,0,0
1100026498,09/28/2016,Control SRL,,1,0,0
9103001725,09/28/2016,Control SRL,,0,0,1
1200009270,09/28/2016,Control SRL,,1,0,0
1100027251,09/28/2016,Control SRL,,1,0,0
1100026490,09/28/2016,Control SRL,,1,0,0
1100027252,09/28/2016,Control SRL,,1,0,0
1200009273,09/28/2016,Control SRL,,1,0,0
1200009271,09/28/2016,Control SRL,,1,0,0
1200009272,09/28/2016,Control SRL,,1,0,0
1100027253,09/28/2016,Control SRL,,1,0,0
1100027254,09/28/2016,Control SRL,,1,0,0
1100027255,09/28/2016,Control SRL,,1,0,0
1200009274,09/28/2016,Control SRL,,1,0,0
1100027256,09/28/2016,Control SRL,,1,0,0
1200009275,09/28/2016,Control SRL,,1,0,0
1200009277,09/28/2016,Control SRL,,1,0,0
1200009276,09/28/2016,Control SRL,,1,0,0
1100027257,09/28/2016,Control SRL,,1,0,0
1100027258,09/28/2016,Control SRL,,1,0,0
1200009269,09/28/2016,Control SRL,,1,0,0
1100027259,09/28/2016,Control SRL,,1,0,0
1100027260,09/28/2016,Control SRL,,1,0,0
1200009278,09/28/2016,Control SRL,,1,0,0
9103001726,09/28/2016,Control SRL,,0,0,1
1100027261,09/28/2016,Control SRL,,1,0,0
1100026486,09/28/2016,Control SRL,,1,0,0
1100027262,09/28/2016,Control SRL,,1,0,0
1200009279,09/28/2016,Control SRL,,1,0,0
1100027263,09/28/2016,Control SRL,,1,0,0
1100027264,09/28/2016,Control SRL,,1,0,0
1100026730,09/27/2016,Veritecnica SRL,,1,0,0
9102005585,09/27/2016,Veritecnica SRL,,0,0,1
1200009171,09/27/2016,Veritecnica SRL,,1,0,0
9102005586,09/27/2016,Veritecnica SRL,,0,1,0
1100026731,09/27/2016,Veritecnica SRL,,1,0,0
1200009172,09/27/2016,Veritecnica SRL,,1,0,0
1200009173,09/27/2016,Veritecnica SRL,,1,0,0
9102005587,09/27/2016,Veritecnica SRL,,0,0,1
9102005588,09/27/2016,Veritecnica SRL,,0,1,0
1200009174,09/27/2016,Veritecnica SRL,,1,0,0
1100026732,09/27/2016,Veritecnica SRL,,1,0,0
1100026733,09/27/2016,Veritecnica SRL,,1,0,0
1200009175,09/27/2016,Veritecnica SRL,,1,0,0
9102005589,09/27/2016,Veritecnica SRL,,0,0,1
1100026734,09/27/2016,Veritecnica SRL,,1,0,0
1200009176,09/27/2016,Veritecnica SRL,,1,0,0
1200009177,09/27/2016,Veritecnica SRL,,1,0,0
1100026735,09/27/2016,Veritecnica SRL,,1,0,0
1100026736,09/27/2016,Veritecnica SRL,,1,0,0
1100026737,09/27/2016,Veritecnica SRL,,1,0,0
1100026738,09/27/2016,Veritecnica SRL,,1,0,0
1100026739,09/27/2016,Veritecnica SRL,,1,0,0
1200009178,09/27/2016,Veritecnica SRL,,1,0,0
1100026740,09/27/2016,Veritecnica SRL,,1,0,0
9102005590,09/27/2016,Veritecnica SRL,,0,1,0
1100026741,09/27/2016,Veritecnica SRL,,1,0,0
1100026742,09/27/2016,Veritecnica SRL,,1,0,0
1200009179,09/27/2016,Veritecnica SRL,,1,0,0
1100026743,09/27/2016,Veritecnica SRL,,1,0,0
1100026744,09/27/2016,Veritecnica SRL,,1,0,0
9102005591,09/27/2016,Veritecnica SRL,,0,0,1
1100026745,09/27/2016,Veritecnica SRL,,1,0,0
1100026746,09/27/2016,Veritecnica SRL,,1,0,0
9102005592,09/27/2016,Veritecnica SRL,,0,0,1
9102005593,09/27/2016,Veritecnica SRL,,0,0,1
1200009180,09/27/2016,Veritecnica SRL,,1,0,0
1100026747,09/28/2016,Veritecnica SRL,,1,0,0
1100026748,09/28/2016,Veritecnica SRL,,1,0,0
9102005594,09/28/2016,Veritecnica SRL,,0,0,1
9102005595,09/28/2016,Veritecnica SRL,,0,1,0
9102005596,09/28/2016,Veritecnica SRL,,0,0,1
9102005597,09/28/2016,Veritecnica SRL,,0,1,0
1200009189,09/28/2016,Veritecnica SRL,,1,0,0
1100026749,09/28/2016,Veritecnica SRL,,1,0,0
9202000970,09/28/2016,Veritecnica SRL,,0,0,1
1100026750,09/28/2016,Veritecnica SRL,,1,0,0
9202000971,09/28/2016,Veritecnica SRL,,0,0,1
1100027001,09/28/2016,Veritecnica SRL,,1,0,0
1100027002,09/28/2016,Veritecnica SRL,,1,0,0
1100027003,09/28/2016,Veritecnica SRL,,1,0,0
1100027004,09/28/2016,Veritecnica SRL,,1,0,0
9102005598,09/28/2016,Veritecnica SRL,,0,1,0
1100027005,09/28/2016,Veritecnica SRL,,1,0,0
9102005599,09/28/2016,Veritecnica SRL,,0,0,1
1100027006,09/28/2016,Veritecnica SRL,,1,0,0
9102005600,09/28/2016,Veritecnica SRL,,0,0,1
9102005601,09/28/2016,Veritecnica SRL,,0,0,1
9202000972,09/28/2016,Veritecnica SRL,,0,0,1
9102005602,09/28/2016,Veritecnica SRL,,0,1,0
1100027007,09/28/2016,Veritecnica SRL,,1,0,0
9102005603,09/28/2016,Veritecnica SRL,,0,0,1
9202000973,09/28/2016,Veritecnica SRL,,0,0,1
1200009188,09/28/2016,Veritecnica SRL,,1,0,0
1200009187,09/28/2016,Veritecnica SRL,,1,0,0
9202000974,09/28/2016,Veritecnica SRL,,0,0,1
1200009186,09/28/2016,Veritecnica SRL,,1,0,0
1100027008,09/28/2016,Veritecnica SRL,,1,0,0
1100027009,09/28/2016,Veritecnica SRL,,1,0,0
1100027010,09/28/2016,Veritecnica SRL,,1,0,0
1200009185,09/28/2016,Veritecnica SRL,,1,0,0
1200009184,09/28/2016,Veritecnica SRL,,1,0,0
1200009183,09/28/2016,Veritecnica SRL,,1,0,0
9202000975,09/28/2016,Veritecnica SRL,,0,0,1
9202000976,09/28/2016,Veritecnica SRL,,0,0,1
9102005604,09/28/2016,Veritecnica SRL,,0,0,1
1100027011,09/28/2016,Veritecnica SRL,,1,0,0
1100027012,09/28/2016,Veritecnica SRL,,1,0,0
1100027013,09/28/2016,Veritecnica SRL,,1,0,0
1100027014,09/28/2016,Veritecnica SRL,,1,0,0
1100027015,09/28/2016,Veritecnica SRL,,1,0,0
1200009182,09/28/2016,Veritecnica SRL,,1,0,0
1100027016,09/28/2016,Veritecnica SRL,,1,0,0
1100027017,09/28/2016,Veritecnica SRL,,1,0,0
1100027018,09/28/2016,Veritecnica SRL,,1,0,0
1100027019,09/28/2016,Veritecnica SRL,,1,0,0
1100027020,09/28/2016,Veritecnica SRL,,1,0,0
