Nrocertificado,Fecha,Idtaller,Dominiovehiculo,Aprobado,RechazadoLeveModerado,RechazadoGrave
1100020807,04/22/2016,Asociación de Bomberos Voluntarios - San Martín de los Andes,,1,0,0
1100020808,04/22/2016,Asociación de Bomberos Voluntarios - San Martín de los Andes,,1,0,0
1100020809,04/22/2016,Asociación de Bomberos Voluntarios - San Martín de los Andes,,1,0,0
1100020810,04/22/2016,Asociación de Bomberos Voluntarios - San Martín de los Andes,,1,0,0
1100020811,04/22/2016,Asociación de Bomberos Voluntarios - San Martín de los Andes,,1,0,0
1100020812,04/22/2016,Asociación de Bomberos Voluntarios - San Martín de los Andes,,1,0,0
1100020821,04/22/2016,Asociación de Bomberos Voluntarios - San Martín de los Andes,,1,0,0
9101001581,04/22/2016,Asociación de Bomberos Voluntarios - San Martín de los Andes,,0,0,1
1100020822,04/22/2016,Asociación de Bomberos Voluntarios - San Martín de los Andes,,1,0,0
9101001582,04/22/2016,Asociación de Bomberos Voluntarios - San Martín de los Andes,,0,1,0
9101001583,04/22/2016,Asociación de Bomberos Voluntarios - San Martín de los Andes,,0,1,0
1100020823,04/22/2016,Asociación de Bomberos Voluntarios - San Martín de los Andes,,1,0,0
9101001584,04/22/2016,Asociación de Bomberos Voluntarios - San Martín de los Andes,,0,1,0
1200005396,04/22/2016,Asociación de Bomberos Voluntarios - San Martín de los Andes,,1,0,0
1100020813,04/22/2016,Asociación de Bomberos Voluntarios - San Martín de los Andes,,1,0,0
1100020814,04/22/2016,Asociación de Bomberos Voluntarios - San Martín de los Andes,,1,0,0
1100020815,04/22/2016,Asociación de Bomberos Voluntarios - San Martín de los Andes,,1,0,0
1100020816,04/22/2016,Asociación de Bomberos Voluntarios - San Martín de los Andes,,1,0,0
9101001585,04/22/2016,Asociación de Bomberos Voluntarios - San Martín de los Andes,,0,0,1
1100020817,04/22/2016,Asociación de Bomberos Voluntarios - San Martín de los Andes,,1,0,0
1100020818,04/22/2016,Asociación de Bomberos Voluntarios - San Martín de los Andes,,1,0,0
1100020819,04/22/2016,Asociación de Bomberos Voluntarios - San Martín de los Andes,,1,0,0
1100020820,04/23/2016,Asociación de Bomberos Voluntarios - San Martín de los Andes,,1,0,0
1100020824,04/23/2016,Asociación de Bomberos Voluntarios - San Martín de los Andes,,1,0,0
1100020825,04/23/2016,Asociación de Bomberos Voluntarios - San Martín de los Andes,,1,0,0
1100020826,04/23/2016,Asociación de Bomberos Voluntarios - San Martín de los Andes,,1,0,0
1100020827,04/23/2016,Asociación de Bomberos Voluntarios - San Martín de los Andes,,1,0,0
1100020828,04/23/2016,Asociación de Bomberos Voluntarios - San Martín de los Andes,,1,0,0
1100021322,04/22/2016,Control SRL,,1,0,0
1100021323,04/22/2016,Control SRL,,1,0,0
1200006817,04/22/2016,Control SRL,,1,0,0
1200006818,04/22/2016,Control SRL,,1,0,0
9103001309,04/22/2016,Control SRL,,0,0,1
1200006820,04/22/2016,Control SRL,,1,0,0
1100021324,04/22/2016,Control SRL,,1,0,0
1100021325,04/22/2016,Control SRL,,1,0,0
1200006821,04/22/2016,Control SRL,,1,0,0
1100021326,04/22/2016,Control SRL,,1,0,0
1100021327,04/22/2016,Control SRL,,1,0,0
1200006819,04/22/2016,Control SRL,,1,0,0
1100021328,04/22/2016,Control SRL,,1,0,0
1100021329,04/22/2016,Control SRL,,1,0,0
1200006823,04/22/2016,Control SRL,,1,0,0
1200006822,04/22/2016,Control SRL,,1,0,0
1100021330,04/22/2016,Control SRL,,1,0,0
1200006825,04/22/2016,Control SRL,,1,0,0
1100021331,04/22/2016,Control SRL,,1,0,0
1200006826,04/22/2016,Control SRL,,1,0,0
1200006827,04/22/2016,Control SRL,,1,0,0
9203000349,04/22/2016,Control SRL,,0,0,1
1200006824,04/22/2016,Control SRL,,1,0,0
1100021332,04/22/2016,Control SRL,,1,0,0
1200006828,04/22/2016,Control SRL,,1,0,0
1200006829,04/22/2016,Control SRL,,1,0,0
1100021333,04/22/2016,Control SRL,,1,0,0
1200006830,04/22/2016,Control SRL,,1,0,0
9103001310,04/22/2016,Control SRL,,0,0,1
9103001311,04/22/2016,Control SRL,,0,0,1
1100021082,04/22/2016,Veritecnica SRL,,1,0,0
1100021083,04/22/2016,Veritecnica SRL,,1,0,0
9102004289,04/22/2016,Veritecnica SRL,,0,1,0
1100021084,04/22/2016,Veritecnica SRL,,1,0,0
9102004290,04/22/2016,Veritecnica SRL,,0,0,1
1100021085,04/22/2016,Veritecnica SRL,,1,0,0
1200006715,04/22/2016,Veritecnica SRL,,1,0,0
1100021086,04/22/2016,Veritecnica SRL,,1,0,0
1100021087,04/22/2016,Veritecnica SRL,,1,0,0
9102004291,04/22/2016,Veritecnica SRL,,0,0,1
1200006716,04/22/2016,Veritecnica SRL,,1,0,0
9202000639,04/22/2016,Veritecnica SRL,,0,0,1
9202000640,04/22/2016,Veritecnica SRL,,0,0,1
1200006717,04/22/2016,Veritecnica SRL,,1,0,0
9102004292,04/22/2016,Veritecnica SRL,,0,0,1
9102004293,04/22/2016,Veritecnica SRL,,0,1,0
1100021088,04/22/2016,Veritecnica SRL,,1,0,0
1100021089,04/22/2016,Veritecnica SRL,,1,0,0
1200006718,04/22/2016,Veritecnica SRL,,1,0,0
1100021090,04/22/2016,Veritecnica SRL,,1,0,0
1100021091,04/22/2016,Veritecnica SRL,,1,0,0
1100021092,04/22/2016,Veritecnica SRL,,1,0,0
9102004294,04/22/2016,Veritecnica SRL,,0,0,1
1100021093,04/22/2016,Veritecnica SRL,,1,0,0
9102004295,04/22/2016,Veritecnica SRL,,0,0,1
1100021094,04/22/2016,Veritecnica SRL,,1,0,0
1100021095,04/22/2016,Veritecnica SRL,,1,0,0
9102004296,04/22/2016,Veritecnica SRL,,0,1,0
9202000641,04/22/2016,Veritecnica SRL,,0,0,1
1200006719,04/22/2016,Veritecnica SRL,,1,0,0
1100021096,04/22/2016,Veritecnica SRL,,1,0,0
9102004297,04/22/2016,Veritecnica SRL,,0,1,0
1200006720,04/22/2016,Veritecnica SRL,,1,0,0
9102004298,04/23/2016,Veritecnica SRL,,0,0,1
1100021097,04/23/2016,Veritecnica SRL,,1,0,0
1100021098,04/23/2016,Veritecnica SRL,,1,0,0
1200006721,04/23/2016,Veritecnica SRL,,1,0,0
1100021099,04/23/2016,Veritecnica SRL,,1,0,0
9102004299,04/23/2016,Veritecnica SRL,,0,1,0
1100021100,04/23/2016,Veritecnica SRL,,1,0,0
1100021101,04/23/2016,Veritecnica SRL,,1,0,0
1200006722,04/23/2016,Veritecnica SRL,,1,0,0
9102004300,04/23/2016,Veritecnica SRL,,0,1,0
9102004301,04/23/2016,Veritecnica SRL,,0,1,0
1200006723,04/23/2016,Veritecnica SRL,,1,0,0
