Nrocertificado,Fecha,Idtaller,Dominiovehiculo,Aprobado,RechazadoLeveModerado,RechazadoGrave
1100024229,08/11/2016,Asociación de Bomberos Voluntarios - San Martín de los Andes,,1,0,0
1100024230,08/11/2016,Asociación de Bomberos Voluntarios - San Martín de los Andes,,1,0,0
1100024231,08/11/2016,Asociación de Bomberos Voluntarios - San Martín de los Andes,,1,0,0
1100024232,08/11/2016,Asociación de Bomberos Voluntarios - San Martín de los Andes,,1,0,0
9101001893,08/11/2016,Asociación de Bomberos Voluntarios - San Martín de los Andes,,0,0,1
1100024233,08/11/2016,Asociación de Bomberos Voluntarios - San Martín de los Andes,,1,0,0
1100024234,08/11/2016,Asociación de Bomberos Voluntarios - San Martín de los Andes,,1,0,0
1100024235,08/11/2016,Asociación de Bomberos Voluntarios - San Martín de los Andes,,1,0,0
1200007590,08/11/2016,Asociación de Bomberos Voluntarios - San Martín de los Andes,,1,0,0
1100024236,08/11/2016,Asociación de Bomberos Voluntarios - San Martín de los Andes,,1,0,0
1100024237,08/11/2016,Asociación de Bomberos Voluntarios - San Martín de los Andes,,1,0,0
1100024238,08/11/2016,Asociación de Bomberos Voluntarios - San Martín de los Andes,,1,0,0
1100024239,08/11/2016,Asociación de Bomberos Voluntarios - San Martín de los Andes,,1,0,0
1100024240,08/12/2016,Asociación de Bomberos Voluntarios - San Martín de los Andes,,1,0,0
1100024241,08/12/2016,Asociación de Bomberos Voluntarios - San Martín de los Andes,,1,0,0
1100024242,08/12/2016,Asociación de Bomberos Voluntarios - San Martín de los Andes,,1,0,0
9101001894,08/12/2016,Asociación de Bomberos Voluntarios - San Martín de los Andes,,0,0,1
1100024243,08/12/2016,Asociación de Bomberos Voluntarios - San Martín de los Andes,,1,0,0
1200007591,08/12/2016,Asociación de Bomberos Voluntarios - San Martín de los Andes,,1,0,0
1100024244,08/12/2016,Asociación de Bomberos Voluntarios - San Martín de los Andes,,1,0,0
9101001895,08/12/2016,Asociación de Bomberos Voluntarios - San Martín de los Andes,,0,0,1
1100024245,08/12/2016,Asociación de Bomberos Voluntarios - San Martín de los Andes,,1,0,0
1100024246,08/12/2016,Asociación de Bomberos Voluntarios - San Martín de los Andes,,1,0,0
1100024247,08/12/2016,Asociación de Bomberos Voluntarios - San Martín de los Andes,,1,0,0
1100024248,08/12/2016,Asociación de Bomberos Voluntarios - San Martín de los Andes,,1,0,0
1100024249,08/12/2016,Asociación de Bomberos Voluntarios - San Martín de los Andes,,1,0,0
1100024250,08/12/2016,Asociación de Bomberos Voluntarios - San Martín de los Andes,,1,0,0
1100025751,08/12/2016,Asociación de Bomberos Voluntarios - San Martín de los Andes,,1,0,0
1100025752,08/12/2016,Asociación de Bomberos Voluntarios - San Martín de los Andes,,1,0,0
1100025753,08/12/2016,Asociación de Bomberos Voluntarios - San Martín de los Andes,,1,0,0
1100025754,08/12/2016,Asociación de Bomberos Voluntarios - San Martín de los Andes,,1,0,0
1200008392,08/11/2016,Control SRL,,1,0,0
9203000426,08/11/2016,Control SRL,,0,0,1
1100024959,08/11/2016,Control SRL,,1,0,0
9103001596,08/11/2016,Control SRL,,0,1,0
1200008394,08/11/2016,Control SRL,,1,0,0
9103001597,08/11/2016,Control SRL,,0,1,0
9103001598,08/11/2016,Control SRL,,0,1,0
1200008395,08/11/2016,Control SRL,,1,0,0
1100024961,08/11/2016,Control SRL,,1,0,0
1200008396,08/11/2016,Control SRL,,1,0,0
1100024957,08/11/2016,Control SRL,,1,0,0
1100024960,08/11/2016,Control SRL,,1,0,0
9103001599,08/11/2016,Control SRL,,0,1,0
1100024962,08/11/2016,Control SRL,,1,0,0
1200008397,08/11/2016,Control SRL,,1,0,0
1100024965,08/11/2016,Control SRL,,1,0,0
1100024963,08/11/2016,Control SRL,,1,0,0
1200008398,08/11/2016,Control SRL,,1,0,0
1100024964,08/11/2016,Control SRL,,1,0,0
1100024966,08/11/2016,Control SRL,,1,0,0
1200008399,08/11/2016,Control SRL,,1,0,0
1200008393,08/11/2016,Control SRL,,1,0,0
1100024967,08/11/2016,Control SRL,,1,0,0
1200008400,08/11/2016,Control SRL,,1,0,0
1200008601,08/11/2016,Control SRL,,1,0,0
1100024968,08/11/2016,Control SRL,,1,0,0
1200008602,08/11/2016,Control SRL,,1,0,0
1100024969,08/11/2016,Control SRL,,1,0,0
1100024970,08/11/2016,Control SRL,,1,0,0
1200008603,08/11/2016,Control SRL,,1,0,0
1200008608,08/11/2016,Control SRL,,1,0,0
1200008604,08/11/2016,Control SRL,,1,0,0
9103001600,08/11/2016,Control SRL,,0,1,0
1100024971,08/11/2016,Control SRL,,1,0,0
1100024972,08/11/2016,Control SRL,,1,0,0
1200008605,08/11/2016,Control SRL,,1,0,0
9203000427,08/11/2016,Control SRL,,0,1,0
1100024973,08/11/2016,Control SRL,,1,0,0
1200008609,08/11/2016,Control SRL,,1,0,0
1100024974,08/11/2016,Control SRL,,1,0,0
1100024975,08/11/2016,Control SRL,,1,0,0
1200008610,08/11/2016,Control SRL,,1,0,0
1200008611,08/11/2016,Control SRL,,1,0,0
1100024976,08/11/2016,Control SRL,,1,0,0
1100024977,08/11/2016,Control SRL,,1,0,0
1100024978,08/11/2016,Control SRL,,1,0,0
1100024981,08/11/2016,Control SRL,,1,0,0
1200008606,08/11/2016,Control SRL,,1,0,0
1200008607,08/11/2016,Control SRL,,1,0,0
1200008612,08/11/2016,Control SRL,,1,0,0
1200008613,08/11/2016,Control SRL,,1,0,0
1100024979,08/12/2016,Control SRL,,1,0,0
9103001601,08/12/2016,Control SRL,,0,1,0
1200008614,08/12/2016,Control SRL,,1,0,0
1200008616,08/12/2016,Control SRL,,1,0,0
1200008615,08/12/2016,Control SRL,,1,0,0
1100024980,08/12/2016,Control SRL,,1,0,0
1200008617,08/12/2016,Control SRL,,1,0,0
1100024982,08/12/2016,Control SRL,,1,0,0
1100024983,08/12/2016,Control SRL,,1,0,0
1100024984,08/12/2016,Control SRL,,1,0,0
1100024985,08/12/2016,Control SRL,,1,0,0
9103001602,08/12/2016,Control SRL,,0,1,0
9103001603,08/12/2016,Control SRL,,0,0,1
9103001604,08/12/2016,Control SRL,,0,1,0
1100024986,08/12/2016,Control SRL,,1,0,0
9203000428,08/12/2016,Control SRL,,0,0,1
1100024987,08/12/2016,Control SRL,,1,0,0
9103001605,08/12/2016,Control SRL,,0,0,1
1100024988,08/12/2016,Control SRL,,1,0,0
1100024989,08/12/2016,Control SRL,,1,0,0
1100024990,08/12/2016,Control SRL,,1,0,0
1100024993,08/12/2016,Control SRL,,1,0,0
1200008618,08/12/2016,Control SRL,,1,0,0
1100024991,08/12/2016,Control SRL,,1,0,0
1100024992,08/12/2016,Control SRL,,1,0,0
9103001606,08/12/2016,Control SRL,,0,1,0
1100024994,08/12/2016,Control SRL,,1,0,0
1100024995,08/12/2016,Control SRL,,1,0,0
1200008619,08/12/2016,Control SRL,,1,0,0
1100024996,08/12/2016,Control SRL,,1,0,0
1100024999,08/12/2016,Control SRL,,1,0,0
1100025000,08/12/2016,Control SRL,,1,0,0
1200008620,08/12/2016,Control SRL,,1,0,0
1200008621,08/12/2016,Control SRL,,1,0,0
1200008622,08/12/2016,Control SRL,,1,0,0
1100025168,08/11/2016,Veritecnica SRL,,1,0,0
9102005218,08/11/2016,Veritecnica SRL,,0,1,0
1100025169,08/11/2016,Veritecnica SRL,,1,0,0
1100025170,08/11/2016,Veritecnica SRL,,1,0,0
1100025171,08/11/2016,Veritecnica SRL,,1,0,0
1200008454,08/11/2016,Veritecnica SRL,,1,0,0
1100025172,08/11/2016,Veritecnica SRL,,1,0,0
9102005219,08/11/2016,Veritecnica SRL,,0,0,1
1100025173,08/11/2016,Veritecnica SRL,,1,0,0
1100025174,08/11/2016,Veritecnica SRL,,1,0,0
9202000851,08/11/2016,Veritecnica SRL,,0,0,1
1100025175,08/11/2016,Veritecnica SRL,,1,0,0
1100025176,08/11/2016,Veritecnica SRL,,1,0,0
1100025177,08/11/2016,Veritecnica SRL,,1,0,0
1200008455,08/11/2016,Veritecnica SRL,,1,0,0
1100025178,08/11/2016,Veritecnica SRL,,1,0,0
9102005220,08/11/2016,Veritecnica SRL,,0,1,0
1100025179,08/11/2016,Veritecnica SRL,,1,0,0
9102005221,08/11/2016,Veritecnica SRL,,0,0,1
1100025180,08/11/2016,Veritecnica SRL,,1,0,0
9102005222,08/11/2016,Veritecnica SRL,,0,1,0
1100025181,08/11/2016,Veritecnica SRL,,1,0,0
1100025182,08/11/2016,Veritecnica SRL,,1,0,0
9202000852,08/11/2016,Veritecnica SRL,,0,0,1
9102005223,08/11/2016,Veritecnica SRL,,0,1,0
1200008456,08/11/2016,Veritecnica SRL,,1,0,0
1200008457,08/11/2016,Veritecnica SRL,,1,0,0
1100025183,08/11/2016,Veritecnica SRL,,1,0,0
1200008458,08/11/2016,Veritecnica SRL,,1,0,0
9102005224,08/11/2016,Veritecnica SRL,,0,1,0
1100025184,08/11/2016,Veritecnica SRL,,1,0,0
9102005225,08/11/2016,Veritecnica SRL,,0,0,1
1100025185,08/11/2016,Veritecnica SRL,,1,0,0
1100025186,08/11/2016,Veritecnica SRL,,1,0,0
1100025187,08/11/2016,Veritecnica SRL,,1,0,0
1100025188,08/11/2016,Veritecnica SRL,,1,0,0
1200008459,08/11/2016,Veritecnica SRL,,1,0,0
1100025189,08/11/2016,Veritecnica SRL,,1,0,0
1100025190,08/11/2016,Veritecnica SRL,,1,0,0
1200008460,08/11/2016,Veritecnica SRL,,1,0,0
1100025191,08/11/2016,Veritecnica SRL,,1,0,0
1100025192,08/11/2016,Veritecnica SRL,,1,0,0
1100025193,08/11/2016,Veritecnica SRL,,1,0,0
1100025194,08/11/2016,Veritecnica SRL,,1,0,0
1100025195,08/11/2016,Veritecnica SRL,,1,0,0
1200008461,08/11/2016,Veritecnica SRL,,1,0,0
9102005226,08/11/2016,Veritecnica SRL,,0,0,1
9102005227,08/11/2016,Veritecnica SRL,,0,1,0
1100025196,08/11/2016,Veritecnica SRL,,1,0,0
1100025197,08/11/2016,Veritecnica SRL,,1,0,0
9102005228,08/11/2016,Veritecnica SRL,,0,0,1
1100025198,08/11/2016,Veritecnica SRL,,1,0,0
1200008462,08/11/2016,Veritecnica SRL,,1,0,0
1100025199,08/11/2016,Veritecnica SRL,,1,0,0
1100025200,08/12/2016,Veritecnica SRL,,1,0,0
1200008463,08/12/2016,Veritecnica SRL,,1,0,0
1100025201,08/12/2016,Veritecnica SRL,,1,0,0
9102005229,08/12/2016,Veritecnica SRL,,0,0,1
1100025202,08/12/2016,Veritecnica SRL,,1,0,0
1100025203,08/12/2016,Veritecnica SRL,,1,0,0
9102005230,08/12/2016,Veritecnica SRL,,0,0,1
9102005231,08/12/2016,Veritecnica SRL,,0,1,0
1100025204,08/12/2016,Veritecnica SRL,,1,0,0
1200008464,08/12/2016,Veritecnica SRL,,1,0,0
1100025205,08/12/2016,Veritecnica SRL,,1,0,0
9102005232,08/12/2016,Veritecnica SRL,,0,0,1
1100025206,08/12/2016,Veritecnica SRL,,1,0,0
1200008465,08/12/2016,Veritecnica SRL,,1,0,0
9102005233,08/12/2016,Veritecnica SRL,,0,1,0
1200008466,08/12/2016,Veritecnica SRL,,1,0,0
9102005234,08/12/2016,Veritecnica SRL,,0,1,0
1200008467,08/12/2016,Veritecnica SRL,,1,0,0
1100025207,08/12/2016,Veritecnica SRL,,1,0,0
1200008468,08/12/2016,Veritecnica SRL,,1,0,0
1200008469,08/12/2016,Veritecnica SRL,,1,0,0
1100025208,08/12/2016,Veritecnica SRL,,1,0,0
9202000853,08/12/2016,Veritecnica SRL,,0,0,1
1200008470,08/12/2016,Veritecnica SRL,,1,0,0
9102005235,08/12/2016,Veritecnica SRL,,0,1,0
1200008471,08/12/2016,Veritecnica SRL,,1,0,0
1100025209,08/12/2016,Veritecnica SRL,,1,0,0
1200008472,08/12/2016,Veritecnica SRL,,1,0,0
1100025210,08/12/2016,Veritecnica SRL,,1,0,0
1100025211,08/12/2016,Veritecnica SRL,,1,0,0
9102005236,08/12/2016,Veritecnica SRL,,0,1,0
9102005237,08/12/2016,Veritecnica SRL,,0,0,1
9102005238,08/12/2016,Veritecnica SRL,,0,0,1
9102005239,08/12/2016,Veritecnica SRL,,0,0,1
9102005240,08/12/2016,Veritecnica SRL,,0,0,1
9102005241,08/12/2016,Veritecnica SRL,,0,1,0
1100025212,08/12/2016,Veritecnica SRL,,1,0,0
9102005242,08/12/2016,Veritecnica SRL,,0,0,1
1100025213,08/12/2016,Veritecnica SRL,,1,0,0
