Nrocertificado,Fecha,Idtaller,Dominiovehiculo,Aprobado,RechazadoLeveModerado,RechazadoGrave
1100027679,10/27/2016,Asociación de Bomberos Voluntarios - San Martín de los Andes,,1,0,0
1100027680,10/27/2016,Asociación de Bomberos Voluntarios - San Martín de los Andes,,1,0,0
1100027681,10/27/2016,Asociación de Bomberos Voluntarios - San Martín de los Andes,,1,0,0
1100027682,10/27/2016,Asociación de Bomberos Voluntarios - San Martín de los Andes,,1,0,0
1100027683,10/27/2016,Asociación de Bomberos Voluntarios - San Martín de los Andes,,1,0,0
1200008537,10/27/2016,Asociación de Bomberos Voluntarios - San Martín de los Andes,,1,0,0
1100027684,10/27/2016,Asociación de Bomberos Voluntarios - San Martín de los Andes,,1,0,0
9101002120,10/27/2016,Asociación de Bomberos Voluntarios - San Martín de los Andes,,0,1,0
1100027685,10/27/2016,Asociación de Bomberos Voluntarios - San Martín de los Andes,,1,0,0
1100027686,10/27/2016,Asociación de Bomberos Voluntarios - San Martín de los Andes,,1,0,0
1100027687,10/27/2016,Asociación de Bomberos Voluntarios - San Martín de los Andes,,1,0,0
1100027688,10/27/2016,Asociación de Bomberos Voluntarios - San Martín de los Andes,,1,0,0
1100027689,10/27/2016,Asociación de Bomberos Voluntarios - San Martín de los Andes,,1,0,0
1100027690,10/27/2016,Asociación de Bomberos Voluntarios - San Martín de los Andes,,1,0,0
1100027691,10/27/2016,Asociación de Bomberos Voluntarios - San Martín de los Andes,,1,0,0
1100027692,10/27/2016,Asociación de Bomberos Voluntarios - San Martín de los Andes,,1,0,0
1100027693,10/27/2016,Asociación de Bomberos Voluntarios - San Martín de los Andes,,1,0,0
1100027694,10/27/2016,Asociación de Bomberos Voluntarios - San Martín de los Andes,,1,0,0
9101002121,10/27/2016,Asociación de Bomberos Voluntarios - San Martín de los Andes,,0,0,1
1100027695,10/27/2016,Asociación de Bomberos Voluntarios - San Martín de los Andes,,1,0,0
1100027696,10/27/2016,Asociación de Bomberos Voluntarios - San Martín de los Andes,,1,0,0
1100027697,10/27/2016,Asociación de Bomberos Voluntarios - San Martín de los Andes,,1,0,0
9101002122,10/27/2016,Asociación de Bomberos Voluntarios - San Martín de los Andes,,0,1,0
1100027698,10/27/2016,Asociación de Bomberos Voluntarios - San Martín de los Andes,,1,0,0
1100027699,10/28/2016,Asociación de Bomberos Voluntarios - San Martín de los Andes,,1,0,0
1100027700,10/28/2016,Asociación de Bomberos Voluntarios - San Martín de los Andes,,1,0,0
1100027701,10/28/2016,Asociación de Bomberos Voluntarios - San Martín de los Andes,,1,0,0
1200008538,10/28/2016,Asociación de Bomberos Voluntarios - San Martín de los Andes,,1,0,0
1100027702,10/28/2016,Asociación de Bomberos Voluntarios - San Martín de los Andes,,1,0,0
1100027703,10/28/2016,Asociación de Bomberos Voluntarios - San Martín de los Andes,,1,0,0
1100027704,10/28/2016,Asociación de Bomberos Voluntarios - San Martín de los Andes,,1,0,0
1100027705,10/28/2016,Asociación de Bomberos Voluntarios - San Martín de los Andes,,1,0,0
9101002123,10/28/2016,Asociación de Bomberos Voluntarios - San Martín de los Andes,,0,1,0
1100027706,10/28/2016,Asociación de Bomberos Voluntarios - San Martín de los Andes,,1,0,0
9101002124,10/28/2016,Asociación de Bomberos Voluntarios - San Martín de los Andes,,0,1,0
9101002125,10/28/2016,Asociación de Bomberos Voluntarios - San Martín de los Andes,,0,1,0
1100027707,10/28/2016,Asociación de Bomberos Voluntarios - San Martín de los Andes,,1,0,0
1100027708,10/28/2016,Asociación de Bomberos Voluntarios - San Martín de los Andes,,1,0,0
1100027709,10/28/2016,Asociación de Bomberos Voluntarios - San Martín de los Andes,,1,0,0
1100027710,10/28/2016,Asociación de Bomberos Voluntarios - San Martín de los Andes,,1,0,0
9101002126,10/28/2016,Asociación de Bomberos Voluntarios - San Martín de los Andes,,0,1,0
9103001792,10/27/2016,Control SRL,,0,0,1
1100028067,10/27/2016,Control SRL,,1,0,0
1100028068,10/27/2016,Control SRL,,1,0,0
1100028070,10/27/2016,Control SRL,,1,0,0
1100028069,10/27/2016,Control SRL,,1,0,0
9203000493,10/27/2016,Control SRL,,0,0,1
1100028071,10/27/2016,Control SRL,,1,0,0
9203000494,10/27/2016,Control SRL,,0,0,1
1100028073,10/27/2016,Control SRL,,1,0,0
1100028075,10/27/2016,Control SRL,,1,0,0
1100028072,10/27/2016,Control SRL,,1,0,0
1100028074,10/27/2016,Control SRL,,1,0,0
1100028076,10/27/2016,Control SRL,,1,0,0
1100028077,10/27/2016,Control SRL,,1,0,0
9203000495,10/27/2016,Control SRL,,0,0,1
1200009683,10/27/2016,Control SRL,,1,0,0
1100028078,10/27/2016,Control SRL,,1,0,0
1100028079,10/27/2016,Control SRL,,1,0,0
1200009694,10/27/2016,Control SRL,,1,0,0
1200009692,10/27/2016,Control SRL,,1,0,0
1200009684,10/27/2016,Control SRL,,1,0,0
1100028081,10/27/2016,Control SRL,,1,0,0
1100028080,10/27/2016,Control SRL,,1,0,0
1100028082,10/27/2016,Control SRL,,1,0,0
1100028083,10/27/2016,Control SRL,,1,0,0
1200009682,10/27/2016,Control SRL,,1,0,0
1100028084,10/27/2016,Control SRL,,1,0,0
1100028085,10/27/2016,Control SRL,,1,0,0
1100028086,10/27/2016,Control SRL,,1,0,0
1100028087,10/27/2016,Control SRL,,1,0,0
9203000496,10/27/2016,Control SRL,,0,0,1
1100028088,10/28/2016,Control SRL,,1,0,0
1100028089,10/28/2016,Control SRL,,1,0,0
1200008695,10/28/2016,Control SRL,,1,0,0
1100028090,10/28/2016,Control SRL,,1,0,0
9103001793,10/28/2016,Control SRL,,0,0,1
1100028091,10/28/2016,Control SRL,,1,0,0
1100028092,10/28/2016,Control SRL,,1,0,0
1100028093,10/28/2016,Control SRL,,1,0,0
1100028094,10/28/2016,Control SRL,,1,0,0
1100028095,10/28/2016,Control SRL,,1,0,0
1200009691,10/28/2016,Control SRL,,1,0,0
1100028097,10/28/2016,Control SRL,,1,0,0
1100028096,10/28/2016,Control SRL,,1,0,0
1200009685,10/28/2016,Control SRL,,1,0,0
1100028098,10/28/2016,Control SRL,,1,0,0
1100028099,10/28/2016,Control SRL,,1,0,0
9103001794,10/28/2016,Control SRL,,0,0,1
1100028100,10/28/2016,Control SRL,,1,0,0
1200009687,10/28/2016,Control SRL,,1,0,0
1200009686,10/28/2016,Control SRL,,1,0,0
1200009688,10/28/2016,Control SRL,,1,0,0
1200009689,10/28/2016,Control SRL,,1,0,0
1200009690,10/28/2016,Control SRL,,1,0,0
9203000497,10/28/2016,Control SRL,,0,0,1
1100028101,10/28/2016,Control SRL,,1,0,0
1200009801,10/28/2016,Control SRL,,1,0,0
1200009802,10/28/2016,Control SRL,,1,0,0
1100028102,10/28/2016,Control SRL,,1,0,0
1200009803,10/28/2016,Control SRL,,1,0,0
9203000498,10/28/2016,Control SRL,,0,0,1
1100028103,10/28/2016,Control SRL,,1,0,0
1100028565,10/27/2016,Veritecnica SRL,,1,0,0
9102005797,10/27/2016,Veritecnica SRL,,0,0,1
1100028566,10/27/2016,Veritecnica SRL,,1,0,0
9102005798,10/27/2016,Veritecnica SRL,,0,1,0
9102005799,10/27/2016,Veritecnica SRL,,0,0,1
1100028567,10/27/2016,Veritecnica SRL,,1,0,0
1100028568,10/27/2016,Veritecnica SRL,,1,0,0
1100028569,10/27/2016,Veritecnica SRL,,1,0,0
9102005800,10/27/2016,Veritecnica SRL,,0,0,1
9102005801,10/27/2016,Veritecnica SRL,,0,0,1
1200009730,10/27/2016,Veritecnica SRL,,1,0,0
1100028570,10/27/2016,Veritecnica SRL,,1,0,0
1100028571,10/27/2016,Veritecnica SRL,,1,0,0
1200009731,10/27/2016,Veritecnica SRL,,1,0,0
1100028572,10/27/2016,Veritecnica SRL,,1,0,0
9102005802,10/27/2016,Veritecnica SRL,,0,1,0
1200009732,10/27/2016,Veritecnica SRL,,1,0,0
1100028573,10/27/2016,Veritecnica SRL,,1,0,0
1100028574,10/27/2016,Veritecnica SRL,,1,0,0
1200009733,10/27/2016,Veritecnica SRL,,1,0,0
1200009734,10/27/2016,Veritecnica SRL,,1,0,0
1100028575,10/27/2016,Veritecnica SRL,,1,0,0
1100028576,10/27/2016,Veritecnica SRL,,1,0,0
9202001051,10/27/2016,Veritecnica SRL,,0,0,1
1200009735,10/27/2016,Veritecnica SRL,,1,0,0
1100028577,10/27/2016,Veritecnica SRL,,1,0,0
1200009736,10/27/2016,Veritecnica SRL,,1,0,0
1100028578,10/27/2016,Veritecnica SRL,,1,0,0
9202001052,10/27/2016,Veritecnica SRL,,0,0,1
1200009737,10/27/2016,Veritecnica SRL,,1,0,0
9102005803,10/27/2016,Veritecnica SRL,,0,1,0
1200009738,10/27/2016,Veritecnica SRL,,1,0,0
1200009739,10/27/2016,Veritecnica SRL,,1,0,0
1200009740,10/27/2016,Veritecnica SRL,,1,0,0
9102005804,10/27/2016,Veritecnica SRL,,0,0,1
9102005805,10/27/2016,Veritecnica SRL,,0,1,0
1200009741,10/27/2016,Veritecnica SRL,,1,0,0
1200009742,10/27/2016,Veritecnica SRL,,1,0,0
1100028579,10/27/2016,Veritecnica SRL,,1,0,0
9102005806,10/27/2016,Veritecnica SRL,,0,1,0
1100028580,10/27/2016,Veritecnica SRL,,1,0,0
1100028581,10/27/2016,Veritecnica SRL,,1,0,0
9102005807,10/27/2016,Veritecnica SRL,,0,1,0
1200009743,10/27/2016,Veritecnica SRL,,1,0,0
1100028582,10/28/2016,Veritecnica SRL,,1,0,0
1100028583,10/28/2016,Veritecnica SRL,,1,0,0
1200009744,10/28/2016,Veritecnica SRL,,1,0,0
1100028584,10/28/2016,Veritecnica SRL,,1,0,0
1100028585,10/28/2016,Veritecnica SRL,,1,0,0
1100028587,10/28/2016,Veritecnica SRL,,1,0,0
1100028586,10/28/2016,Veritecnica SRL,,1,0,0
9102005808,10/28/2016,Veritecnica SRL,,0,1,0
1200009745,10/28/2016,Veritecnica SRL,,1,0,0
1100028588,10/28/2016,Veritecnica SRL,,1,0,0
1100028589,10/28/2016,Veritecnica SRL,,1,0,0
1100028590,10/28/2016,Veritecnica SRL,,1,0,0
1200009746,10/28/2016,Veritecnica SRL,,1,0,0
1200009747,10/28/2016,Veritecnica SRL,,1,0,0
1100028591,10/28/2016,Veritecnica SRL,,1,0,0
1200009748,10/28/2016,Veritecnica SRL,,1,0,0
1100028592,10/28/2016,Veritecnica SRL,,1,0,0
1200009749,10/28/2016,Veritecnica SRL,,1,0,0
1200009750,10/28/2016,Veritecnica SRL,,1,0,0
1200009751,10/28/2016,Veritecnica SRL,,1,0,0
1200009752,10/28/2016,Veritecnica SRL,,1,0,0
1200009753,10/28/2016,Veritecnica SRL,,1,0,0
1100028593,10/28/2016,Veritecnica SRL,,1,0,0
1100028594,10/28/2016,Veritecnica SRL,,1,0,0
1100028595,10/28/2016,Veritecnica SRL,,1,0,0
1100028596,10/28/2016,Veritecnica SRL,,1,0,0
1100028597,10/28/2016,Veritecnica SRL,,1,0,0
9102005809,10/28/2016,Veritecnica SRL,,0,0,1
1200009754,10/28/2016,Veritecnica SRL,,1,0,0
