Nrocertificado,Fecha,Idtaller,Dominiovehiculo,Aprobado,RechazadoLeveModerado,RechazadoGrave
1100020202,04/12/2016,Asociación de Bomberos Voluntarios - San Martín de los Andes,,1,0,0
9101001536,04/12/2016,Asociación de Bomberos Voluntarios - San Martín de los Andes,,0,1,0
9101001537,04/12/2016,Asociación de Bomberos Voluntarios - San Martín de los Andes,,0,1,0
1100020203,04/12/2016,Asociación de Bomberos Voluntarios - San Martín de los Andes,,1,0,0
9101001538,04/12/2016,Asociación de Bomberos Voluntarios - San Martín de los Andes,,0,0,1
9101001539,04/12/2016,Asociación de Bomberos Voluntarios - San Martín de los Andes,,0,1,0
1100020204,04/12/2016,Asociación de Bomberos Voluntarios - San Martín de los Andes,,1,0,0
1100020205,04/12/2016,Asociación de Bomberos Voluntarios - San Martín de los Andes,,1,0,0
1200005384,04/12/2016,Asociación de Bomberos Voluntarios - San Martín de los Andes,,1,0,0
9101001540,04/12/2016,Asociación de Bomberos Voluntarios - San Martín de los Andes,,0,1,0
1100020206,04/12/2016,Asociación de Bomberos Voluntarios - San Martín de los Andes,,1,0,0
9101001541,04/12/2016,Asociación de Bomberos Voluntarios - San Martín de los Andes,,0,1,0
1100020207,04/12/2016,Asociación de Bomberos Voluntarios - San Martín de los Andes,,1,0,0
9101001542,04/12/2016,Asociación de Bomberos Voluntarios - San Martín de los Andes,,0,1,0
1100020208,04/12/2016,Asociación de Bomberos Voluntarios - San Martín de los Andes,,1,0,0
1100020209,04/12/2016,Asociación de Bomberos Voluntarios - San Martín de los Andes,,1,0,0
1100020210,04/12/2016,Asociación de Bomberos Voluntarios - San Martín de los Andes,,1,0,0
9101001543,04/12/2016,Asociación de Bomberos Voluntarios - San Martín de los Andes,,0,1,0
1100020211,04/12/2016,Asociación de Bomberos Voluntarios - San Martín de los Andes,,1,0,0
1100020212,04/13/2016,Asociación de Bomberos Voluntarios - San Martín de los Andes,,1,0,0
9201000268,04/13/2016,Asociación de Bomberos Voluntarios - San Martín de los Andes,,0,0,1
9201000269,04/13/2016,Asociación de Bomberos Voluntarios - San Martín de los Andes,,0,1,0
9101001544,04/13/2016,Asociación de Bomberos Voluntarios - San Martín de los Andes,,0,1,0
1100020213,04/13/2016,Asociación de Bomberos Voluntarios - San Martín de los Andes,,1,0,0
1200005385,04/13/2016,Asociación de Bomberos Voluntarios - San Martín de los Andes,,1,0,0
1100020214,04/13/2016,Asociación de Bomberos Voluntarios - San Martín de los Andes,,1,0,0
1100020215,04/13/2016,Asociación de Bomberos Voluntarios - San Martín de los Andes,,1,0,0
1100020216,04/13/2016,Asociación de Bomberos Voluntarios - San Martín de los Andes,,1,0,0
1100020217,04/13/2016,Asociación de Bomberos Voluntarios - San Martín de los Andes,,1,0,0
1100020218,04/13/2016,Asociación de Bomberos Voluntarios - San Martín de los Andes,,1,0,0
9101001545,04/13/2016,Asociación de Bomberos Voluntarios - San Martín de los Andes,,0,0,1
1100020219,04/13/2016,Asociación de Bomberos Voluntarios - San Martín de los Andes,,1,0,0
1100020220,04/13/2016,Asociación de Bomberos Voluntarios - San Martín de los Andes,,1,0,0
1100020221,04/13/2016,Asociación de Bomberos Voluntarios - San Martín de los Andes,,1,0,0
1100020222,04/13/2016,Asociación de Bomberos Voluntarios - San Martín de los Andes,,1,0,0
1100020223,04/13/2016,Asociación de Bomberos Voluntarios - San Martín de los Andes,,1,0,0
9101001546,04/13/2016,Asociación de Bomberos Voluntarios - San Martín de los Andes,,0,1,0
9101001547,04/13/2016,Asociación de Bomberos Voluntarios - San Martín de los Andes,,0,1,0
1100020224,04/13/2016,Asociación de Bomberos Voluntarios - San Martín de los Andes,,1,0,0
9101001548,04/13/2016,Asociación de Bomberos Voluntarios - San Martín de los Andes,,0,1,0
1100019081,04/12/2016,Control SRL,,1,0,0
1100019143,04/12/2016,Control SRL,,1,0,0
9103001275,04/12/2016,Control SRL,,0,0,1
1100019144,04/12/2016,Control SRL,,1,0,0
1200006554,04/12/2016,Control SRL,,1,0,0
9203000339,04/12/2016,Control SRL,,0,0,1
9203000340,04/12/2016,Control SRL,,0,0,1
1200006555,04/12/2016,Control SRL,,1,0,0
9103001276,04/12/2016,Control SRL,,0,0,1
1100019145,04/12/2016,Control SRL,,1,0,0
1100019146,04/12/2016,Control SRL,,1,0,0
1100019147,04/12/2016,Control SRL,,1,0,0
1100019148,04/12/2016,Control SRL,,1,0,0
1200006556,04/12/2016,Control SRL,,1,0,0
1100019149,04/12/2016,Control SRL,,1,0,0
1200006557,04/12/2016,Control SRL,,1,0,0
1200006558,04/12/2016,Control SRL,,1,0,0
1100019150,04/12/2016,Control SRL,,1,0,0
1100019151,04/12/2016,Control SRL,,1,0,0
1100019152,04/12/2016,Control SRL,,1,0,0
1100019153,04/12/2016,Control SRL,,1,0,0
1100019154,04/12/2016,Control SRL,,1,0,0
1100019155,04/12/2016,Control SRL,,1,0,0
1100019156,04/12/2016,Control SRL,,1,0,0
1100019157,04/12/2016,Control SRL,,1,0,0
1100019158,04/12/2016,Control SRL,,1,0,0
1100019159,04/12/2016,Control SRL,,1,0,0
1100019160,04/13/2016,Control SRL,,1,0,0
1100019115,04/13/2016,Control SRL,,1,0,0
1100019117,04/13/2016,Control SRL,,1,0,0
1100019116,04/13/2016,Control SRL,,1,0,0
1200006559,04/13/2016,Control SRL,,1,0,0
1200006560,04/13/2016,Control SRL,,1,0,0
1100019118,04/13/2016,Control SRL,,1,0,0
9103001277,04/13/2016,Control SRL,,0,0,1
1100019119,04/13/2016,Control SRL,,1,0,0
9203000341,04/13/2016,Control SRL,,0,0,1
1100019120,04/13/2016,Control SRL,,1,0,0
1200006563,04/13/2016,Control SRL,,1,0,0
9103001278,04/13/2016,Control SRL,,0,0,1
9203000342,04/13/2016,Control SRL,,0,0,1
1200006564,04/13/2016,Control SRL,,1,0,0
1100019161,04/13/2016,Control SRL,,1,0,0
1100019162,04/13/2016,Control SRL,,1,0,0
9103001279,04/13/2016,Control SRL,,0,0,1
9103001280,04/13/2016,Control SRL,,0,0,1
9103001281,04/13/2016,Control SRL,,0,0,1
1100019163,04/13/2016,Control SRL,,1,0,0
1100019164,04/13/2016,Control SRL,,1,0,0
1100019165,04/13/2016,Control SRL,,1,0,0
1100019166,04/13/2016,Control SRL,,1,0,0
1200006567,04/13/2016,Control SRL,,1,0,0
1100019167,04/13/2016,Control SRL,,1,0,0
1200006568,04/13/2016,Control SRL,,1,0,0
9203000343,04/13/2016,Control SRL,,0,0,1
1100019168,04/13/2016,Control SRL,,1,0,0
1200006569,04/13/2016,Control SRL,,1,0,0
1100019169,04/13/2016,Control SRL,,1,0,0
1100019170,04/13/2016,Control SRL,,1,0,0
1100019171,04/13/2016,Control SRL,,1,0,0
1100020622,04/12/2016,Veritecnica SRL,,1,0,0
1100020623,04/12/2016,Veritecnica SRL,,1,0,0
9102004210,04/12/2016,Veritecnica SRL,,0,0,1
9202000619,04/12/2016,Veritecnica SRL,,0,0,1
1100020624,04/12/2016,Veritecnica SRL,,1,0,0
9102004211,04/12/2016,Veritecnica SRL,,0,0,1
1200006615,04/12/2016,Veritecnica SRL,,1,0,0
9102004212,04/12/2016,Veritecnica SRL,,0,0,1
1100020625,04/12/2016,Veritecnica SRL,,1,0,0
1100020626,04/12/2016,Veritecnica SRL,,1,0,0
1100020627,04/12/2016,Veritecnica SRL,,1,0,0
1100020628,04/12/2016,Veritecnica SRL,,1,0,0
1100020629,04/12/2016,Veritecnica SRL,,1,0,0
1100020630,04/12/2016,Veritecnica SRL,,1,0,0
1100020631,04/12/2016,Veritecnica SRL,,1,0,0
1100020632,04/12/2016,Veritecnica SRL,,1,0,0
9102004213,04/12/2016,Veritecnica SRL,,0,0,1
9102004214,04/12/2016,Veritecnica SRL,,0,0,1
1100020633,04/12/2016,Veritecnica SRL,,1,0,0
1100020634,04/12/2016,Veritecnica SRL,,1,0,0
1100020635,04/12/2016,Veritecnica SRL,,1,0,0
9102004215,04/12/2016,Veritecnica SRL,,0,0,1
1100020636,04/12/2016,Veritecnica SRL,,1,0,0
1100020637,04/12/2016,Veritecnica SRL,,1,0,0
9102004216,04/12/2016,Veritecnica SRL,,0,1,0
9202000620,04/12/2016,Veritecnica SRL,,0,0,1
1100020638,04/12/2016,Veritecnica SRL,,1,0,0
1200006616,04/12/2016,Veritecnica SRL,,1,0,0
1100020639,04/12/2016,Veritecnica SRL,,1,0,0
1100020640,04/12/2016,Veritecnica SRL,,1,0,0
1200006617,04/12/2016,Veritecnica SRL,,1,0,0
1200006618,04/12/2016,Veritecnica SRL,,1,0,0
1200006619,04/12/2016,Veritecnica SRL,,1,0,0
1100020641,04/12/2016,Veritecnica SRL,,1,0,0
1200006620,04/12/2016,Veritecnica SRL,,1,0,0
1200006621,04/12/2016,Veritecnica SRL,,1,0,0
1100020642,04/12/2016,Veritecnica SRL,,1,0,0
9102004217,04/12/2016,Veritecnica SRL,,0,0,1
1100020643,04/12/2016,Veritecnica SRL,,1,0,0
1100020644,04/12/2016,Veritecnica SRL,,1,0,0
9102004218,04/12/2016,Veritecnica SRL,,0,1,0
1200006622,04/12/2016,Veritecnica SRL,,1,0,0
1200006623,04/12/2016,Veritecnica SRL,,1,0,0
1200006624,04/12/2016,Veritecnica SRL,,1,0,0
1100020645,04/12/2016,Veritecnica SRL,,1,0,0
9202000621,04/12/2016,Veritecnica SRL,,0,0,1
9102004219,04/12/2016,Veritecnica SRL,,0,1,0
1100020646,04/12/2016,Veritecnica SRL,,1,0,0
1200006625,04/12/2016,Veritecnica SRL,,1,0,0
1100020647,04/12/2016,Veritecnica SRL,,1,0,0
1200006626,04/12/2016,Veritecnica SRL,,1,0,0
1200006627,04/12/2016,Veritecnica SRL,,1,0,0
1100020648,04/13/2016,Veritecnica SRL,,1,0,0
1100020649,04/13/2016,Veritecnica SRL,,1,0,0
9102004220,04/13/2016,Veritecnica SRL,,0,0,1
1100020650,04/13/2016,Veritecnica SRL,,1,0,0
1100020651,04/13/2016,Veritecnica SRL,,1,0,0
9102004221,04/13/2016,Veritecnica SRL,,0,1,0
1100020652,04/13/2016,Veritecnica SRL,,1,0,0
1100020653,04/13/2016,Veritecnica SRL,,1,0,0
9102004222,04/13/2016,Veritecnica SRL,,0,0,1
1100020654,04/13/2016,Veritecnica SRL,,1,0,0
1200006628,04/13/2016,Veritecnica SRL,,1,0,0
1100020655,04/13/2016,Veritecnica SRL,,1,0,0
1100020656,04/13/2016,Veritecnica SRL,,1,0,0
1100020657,04/13/2016,Veritecnica SRL,,1,0,0
1200006629,04/13/2016,Veritecnica SRL,,1,0,0
1200006630,04/13/2016,Veritecnica SRL,,1,0,0
9202000622,04/13/2016,Veritecnica SRL,,0,0,1
1200006631,04/13/2016,Veritecnica SRL,,1,0,0
9202000623,04/13/2016,Veritecnica SRL,,0,0,1
1100020658,04/13/2016,Veritecnica SRL,,1,0,0
1100020659,04/13/2016,Veritecnica SRL,,1,0,0
1100020660,04/13/2016,Veritecnica SRL,,1,0,0
1200006632,04/13/2016,Veritecnica SRL,,1,0,0
9102004223,04/13/2016,Veritecnica SRL,,0,0,1
9102004224,04/13/2016,Veritecnica SRL,,0,0,1
1200006633,04/13/2016,Veritecnica SRL,,1,0,0
1200006634,04/13/2016,Veritecnica SRL,,1,0,0
1100020661,04/13/2016,Veritecnica SRL,,1,0,0
1100020662,04/13/2016,Veritecnica SRL,,1,0,0
9102004225,04/13/2016,Veritecnica SRL,,0,0,1
1100020663,04/13/2016,Veritecnica SRL,,1,0,0
9102004226,04/13/2016,Veritecnica SRL,,0,1,0
1100020664,04/13/2016,Veritecnica SRL,,1,0,0
1200006635,04/13/2016,Veritecnica SRL,,1,0,0
1100020665,04/13/2016,Veritecnica SRL,,1,0,0
1100020666,04/13/2016,Veritecnica SRL,,1,0,0
9102004227,04/13/2016,Veritecnica SRL,,0,0,1
1200006636,04/13/2016,Veritecnica SRL,,1,0,0
1100020667,04/13/2016,Veritecnica SRL,,1,0,0
1100020668,04/13/2016,Veritecnica SRL,,1,0,0
1200006637,04/13/2016,Veritecnica SRL,,1,0,0
1200006638,04/13/2016,Veritecnica SRL,,1,0,0
1100020669,04/13/2016,Veritecnica SRL,,1,0,0
1200006639,04/13/2016,Veritecnica SRL,,1,0,0
