Nrocertificado,Fecha,Idtaller,Dominiovehiculo,Aprobado,RechazadoLeveModerado,RechazadoGrave
1100029655,11/30/2016,Asociación de Bomberos Voluntarios - San Martín de los Andes,,1,0,0
1200008593,11/30/2016,Asociación de Bomberos Voluntarios - San Martín de los Andes,,1,0,0
9101002266,11/30/2016,Asociación de Bomberos Voluntarios - San Martín de los Andes,,0,1,0
1100029656,11/30/2016,Asociación de Bomberos Voluntarios - San Martín de los Andes,,1,0,0
1100029657,11/30/2016,Asociación de Bomberos Voluntarios - San Martín de los Andes,,1,0,0
1100029658,11/30/2016,Asociación de Bomberos Voluntarios - San Martín de los Andes,,1,0,0
1100029659,11/30/2016,Asociación de Bomberos Voluntarios - San Martín de los Andes,,1,0,0
1100029660,11/30/2016,Asociación de Bomberos Voluntarios - San Martín de los Andes,,1,0,0
9201000420,11/30/2016,Asociación de Bomberos Voluntarios - San Martín de los Andes,,0,0,1
1100028990,11/30/2016,Control SRL,,1,0,0
1100028991,11/30/2016,Control SRL,,1,0,0
1100028992,11/30/2016,Control SRL,,1,0,0
1200010355,11/30/2016,Control SRL,,1,0,0
1100028993,11/30/2016,Control SRL,,1,0,0
1100028994,11/30/2016,Control SRL,,1,0,0
1200010356,11/30/2016,Control SRL,,1,0,0
1100028995,11/30/2016,Control SRL,,1,0,0
1100028996,11/30/2016,Control SRL,,1,0,0
1100028997,11/30/2016,Control SRL,,1,0,0
9103001876,11/30/2016,Control SRL,,0,0,1
1100028998,11/30/2016,Control SRL,,1,0,0
9103001877,11/30/2016,Control SRL,,0,0,1
1100028999,11/30/2016,Control SRL,,1,0,0
1200010357,11/30/2016,Control SRL,,1,0,0
1100029751,11/30/2016,Control SRL,,1,0,0
1100029752,11/30/2016,Control SRL,,1,0,0
1100029753,11/30/2016,Control SRL,,1,0,0
9103001878,11/30/2016,Control SRL,,0,0,1
1200010358,11/30/2016,Control SRL,,1,0,0
1100029754,11/30/2016,Control SRL,,1,0,0
1100029755,11/30/2016,Control SRL,,1,0,0
1100029756,11/30/2016,Control SRL,,1,0,0
1100029757,11/30/2016,Control SRL,,1,0,0
1100029758,11/30/2016,Control SRL,,1,0,0
9103001879,11/30/2016,Control SRL,,0,0,1
1100029759,11/30/2016,Control SRL,,1,0,0
1100029760,11/30/2016,Control SRL,,1,0,0
1100029771,11/30/2016,Control SRL,,1,0,0
1100029772,11/30/2016,Control SRL,,1,0,0
1200010400,11/30/2016,Control SRL,,1,0,0
1200010359,11/30/2016,Control SRL,,1,0,0
1100029773,11/30/2016,Control SRL,,1,0,0
1100029775,12/01/2016,Control SRL,,1,0,0
1100029774,12/01/2016,Control SRL,,1,0,0
9103001880,12/01/2016,Control SRL,,0,0,1
1200010360,12/01/2016,Control SRL,,1,0,0
9103001881,12/01/2016,Control SRL,,0,0,1
1100029776,12/01/2016,Control SRL,,1,0,0
9203000539,12/01/2016,Control SRL,,0,0,1
1100029777,12/01/2016,Control SRL,,1,0,0
1100029778,12/01/2016,Control SRL,,1,0,0
1100029780,12/01/2016,Control SRL,,1,0,0
1100029779,12/01/2016,Control SRL,,1,0,0
1100029761,12/01/2016,Control SRL,,1,0,0
1100029762,12/01/2016,Control SRL,,1,0,0
1100029763,12/01/2016,Control SRL,,1,0,0
1100029764,12/01/2016,Control SRL,,1,0,0
1100029765,12/01/2016,Control SRL,,1,0,0
1200010362,12/01/2016,Control SRL,,1,0,0
9103001882,12/01/2016,Control SRL,,0,0,1
1100029766,12/01/2016,Control SRL,,1,0,0
1200010363,12/01/2016,Control SRL,,1,0,0
1100029767,12/01/2016,Control SRL,,1,0,0
1100029768,12/01/2016,Control SRL,,1,0,0
1200010364,12/01/2016,Control SRL,,1,0,0
1100029769,12/01/2016,Control SRL,,1,0,0
9103001883,12/01/2016,Control SRL,,0,0,1
1100029781,12/01/2016,Control SRL,,1,0,0
1100029770,12/01/2016,Control SRL,,1,0,0
1100029782,12/01/2016,Control SRL,,1,0,0
1100029784,12/01/2016,Control SRL,,1,0,0
1100029783,12/01/2016,Control SRL,,1,0,0
1200010365,12/01/2016,Control SRL,,1,0,0
1100029785,12/01/2016,Control SRL,,1,0,0
1100029786,12/01/2016,Control SRL,,1,0,0
1100030003,11/30/2016,Veritecnica SRL,,1,0,0
1100030004,11/30/2016,Veritecnica SRL,,1,0,0
1100030005,11/30/2016,Veritecnica SRL,,1,0,0
1100030006,11/30/2016,Veritecnica SRL,,1,0,0
1100030007,11/30/2016,Veritecnica SRL,,1,0,0
1100030008,11/30/2016,Veritecnica SRL,,1,0,0
9102006021,11/30/2016,Veritecnica SRL,,0,1,0
1100030009,11/30/2016,Veritecnica SRL,,1,0,0
1100030010,11/30/2016,Veritecnica SRL,,1,0,0
1100030011,11/30/2016,Veritecnica SRL,,1,0,0
1100030012,11/30/2016,Veritecnica SRL,,1,0,0
9202001104,11/30/2016,Veritecnica SRL,,0,0,1
1100030013,11/30/2016,Veritecnica SRL,,1,0,0
1100030014,11/30/2016,Veritecnica SRL,,1,0,0
1100030015,11/30/2016,Veritecnica SRL,,1,0,0
1200010291,11/30/2016,Veritecnica SRL,,1,0,0
1100030016,11/30/2016,Veritecnica SRL,,1,0,0
1200010292,11/30/2016,Veritecnica SRL,,1,0,0
1100030017,11/30/2016,Veritecnica SRL,,1,0,0
9202001105,11/30/2016,Veritecnica SRL,,0,0,1
9202001106,11/30/2016,Veritecnica SRL,,0,0,1
1100030018,11/30/2016,Veritecnica SRL,,1,0,0
9102006022,11/30/2016,Veritecnica SRL,,0,0,1
9202001107,11/30/2016,Veritecnica SRL,,0,0,1
1100030019,11/30/2016,Veritecnica SRL,,1,0,0
1200010293,11/30/2016,Veritecnica SRL,,1,0,0
9102006023,11/30/2016,Veritecnica SRL,,0,0,1
1100030020,11/30/2016,Veritecnica SRL,,1,0,0
1100030021,11/30/2016,Veritecnica SRL,,1,0,0
9102006024,11/30/2016,Veritecnica SRL,,0,0,1
1100030022,11/30/2016,Veritecnica SRL,,1,0,0
1100030023,11/30/2016,Veritecnica SRL,,1,0,0
1100030024,11/30/2016,Veritecnica SRL,,1,0,0
1100030025,11/30/2016,Veritecnica SRL,,1,0,0
1100030026,11/30/2016,Veritecnica SRL,,1,0,0
9202001108,11/30/2016,Veritecnica SRL,,0,0,1
1200010294,11/30/2016,Veritecnica SRL,,1,0,0
1200010295,11/30/2016,Veritecnica SRL,,1,0,0
1100030027,11/30/2016,Veritecnica SRL,,1,0,0
1100030028,11/30/2016,Veritecnica SRL,,1,0,0
1100030029,11/30/2016,Veritecnica SRL,,1,0,0
1100030030,11/30/2016,Veritecnica SRL,,1,0,0
1100030031,11/30/2016,Veritecnica SRL,,1,0,0
1200010296,11/30/2016,Veritecnica SRL,,1,0,0
9102006025,11/30/2016,Veritecnica SRL,,0,0,1
9102006026,11/30/2016,Veritecnica SRL,,0,1,0
1100030032,11/30/2016,Veritecnica SRL,,1,0,0
1100030033,11/30/2016,Veritecnica SRL,,1,0,0
1100030034,11/30/2016,Veritecnica SRL,,1,0,0
1200010297,11/30/2016,Veritecnica SRL,,1,0,0
1100030035,11/30/2016,Veritecnica SRL,,1,0,0
1200010298,11/30/2016,Veritecnica SRL,,1,0,0
9102006027,11/30/2016,Veritecnica SRL,,0,1,0
9102006028,11/30/2016,Veritecnica SRL,,0,1,0
1100030036,11/30/2016,Veritecnica SRL,,1,0,0
1100030037,11/30/2016,Veritecnica SRL,,1,0,0
9102006029,11/30/2016,Veritecnica SRL,,0,0,1
9102006030,11/30/2016,Veritecnica SRL,,0,1,0
9102006031,11/30/2016,Veritecnica SRL,,0,1,0
1200010299,11/30/2016,Veritecnica SRL,,1,0,0
1200010300,11/30/2016,Veritecnica SRL,,1,0,0
1100030038,11/30/2016,Veritecnica SRL,,1,0,0
9102006032,11/30/2016,Veritecnica SRL,,0,1,0
9102006033,11/30/2016,Veritecnica SRL,,0,1,0
1200010401,11/30/2016,Veritecnica SRL,,1,0,0
9102006034,11/30/2016,Veritecnica SRL,,0,1,0
1100030039,11/30/2016,Veritecnica SRL,,1,0,0
9102006035,11/30/2016,Veritecnica SRL,,0,0,1
1100030040,12/01/2016,Veritecnica SRL,,1,0,0
1100030041,12/01/2016,Veritecnica SRL,,1,0,0
1100030042,12/01/2016,Veritecnica SRL,,1,0,0
1100030043,12/01/2016,Veritecnica SRL,,1,0,0
1100030044,12/01/2016,Veritecnica SRL,,1,0,0
1100030045,12/01/2016,Veritecnica SRL,,1,0,0
9102006036,12/01/2016,Veritecnica SRL,,0,1,0
9102006037,12/01/2016,Veritecnica SRL,,0,0,1
9102006038,12/01/2016,Veritecnica SRL,,0,0,1
1100030046,12/01/2016,Veritecnica SRL,,1,0,0
9202001109,12/01/2016,Veritecnica SRL,,0,0,1
1200010402,12/01/2016,Veritecnica SRL,,1,0,0
1100030047,12/01/2016,Veritecnica SRL,,1,0,0
1100030048,12/01/2016,Veritecnica SRL,,1,0,0
1100030049,12/01/2016,Veritecnica SRL,,1,0,0
1100030050,12/01/2016,Veritecnica SRL,,1,0,0
1100030051,12/01/2016,Veritecnica SRL,,1,0,0
9102006039,12/01/2016,Veritecnica SRL,,0,0,1
1200010403,12/01/2016,Veritecnica SRL,,1,0,0
1100030052,12/01/2016,Veritecnica SRL,,1,0,0
1100030053,12/01/2016,Veritecnica SRL,,1,0,0
9102006040,12/01/2016,Veritecnica SRL,,0,1,0
1100030054,12/01/2016,Veritecnica SRL,,1,0,0
1100030055,12/01/2016,Veritecnica SRL,,1,0,0
1100030056,12/01/2016,Veritecnica SRL,,1,0,0
1100030057,12/01/2016,Veritecnica SRL,,1,0,0
9102006041,12/01/2016,Veritecnica SRL,,0,1,0
9102006042,12/01/2016,Veritecnica SRL,,0,0,1
1200010404,12/01/2016,Veritecnica SRL,,1,0,0
1200010405,12/01/2016,Veritecnica SRL,,1,0,0
9102006043,12/01/2016,Veritecnica SRL,,0,0,1
1100030058,12/01/2016,Veritecnica SRL,,1,0,0
1100030059,12/01/2016,Veritecnica SRL,,1,0,0
9102006044,12/01/2016,Veritecnica SRL,,0,1,0
9102006045,12/01/2016,Veritecnica SRL,,0,1,0
1100030060,12/01/2016,Veritecnica SRL,,1,0,0
1200010406,12/01/2016,Veritecnica SRL,,1,0,0
1200010407,12/01/2016,Veritecnica SRL,,1,0,0
1100030061,12/01/2016,Veritecnica SRL,,1,0,0
9102006046,12/01/2016,Veritecnica SRL,,0,0,1
9102006047,12/01/2016,Veritecnica SRL,,0,1,0
9102006048,12/01/2016,Veritecnica SRL,,0,0,1
1100030062,12/01/2016,Veritecnica SRL,,1,0,0
1100030063,12/01/2016,Veritecnica SRL,,1,0,0
1100030064,12/01/2016,Veritecnica SRL,,1,0,0
1100030065,12/01/2016,Veritecnica SRL,,1,0,0
1100030066,12/01/2016,Veritecnica SRL,,1,0,0
1200010408,12/01/2016,Veritecnica SRL,,1,0,0
1100030067,12/01/2016,Veritecnica SRL,,1,0,0
9102006049,12/01/2016,Veritecnica SRL,,0,1,0
