Nrocertificado,Fecha,Idtaller,Dominiovehiculo,Aprobado,RechazadoLeveModerado,RechazadoGrave
1100030943,12/19/2016,Asociación de Bomberos Voluntarios - San Martín de los Andes,,1,0,0
1100030944,12/19/2016,Asociación de Bomberos Voluntarios - San Martín de los Andes,,1,0,0
1100030945,12/19/2016,Asociación de Bomberos Voluntarios - San Martín de los Andes,,1,0,0
9101002335,12/19/2016,Asociación de Bomberos Voluntarios - San Martín de los Andes,,0,0,1
9101002336,12/19/2016,Asociación de Bomberos Voluntarios - San Martín de los Andes,,0,0,1
1100030946,12/19/2016,Asociación de Bomberos Voluntarios - San Martín de los Andes,,1,0,0
1100030947,12/19/2016,Asociación de Bomberos Voluntarios - San Martín de los Andes,,1,0,0
1100030948,12/19/2016,Asociación de Bomberos Voluntarios - San Martín de los Andes,,1,0,0
1100030949,12/19/2016,Asociación de Bomberos Voluntarios - San Martín de los Andes,,1,0,0
9101002337,12/19/2016,Asociación de Bomberos Voluntarios - San Martín de los Andes,,0,0,1
9101002338,12/19/2016,Asociación de Bomberos Voluntarios - San Martín de los Andes,,0,0,1
1100030950,12/19/2016,Asociación de Bomberos Voluntarios - San Martín de los Andes,,1,0,0
9101002339,12/19/2016,Asociación de Bomberos Voluntarios - San Martín de los Andes,,0,0,1
1100030951,12/19/2016,Asociación de Bomberos Voluntarios - San Martín de los Andes,,1,0,0
1100030952,12/19/2016,Asociación de Bomberos Voluntarios - San Martín de los Andes,,1,0,0
1100030953,12/19/2016,Asociación de Bomberos Voluntarios - San Martín de los Andes,,1,0,0
1100030954,12/19/2016,Asociación de Bomberos Voluntarios - San Martín de los Andes,,1,0,0
1200010121,12/19/2016,Asociación de Bomberos Voluntarios - San Martín de los Andes,,1,0,0
1100030955,12/19/2016,Asociación de Bomberos Voluntarios - San Martín de los Andes,,1,0,0
1200010122,12/19/2016,Asociación de Bomberos Voluntarios - San Martín de los Andes,,1,0,0
1100030956,12/19/2016,Asociación de Bomberos Voluntarios - San Martín de los Andes,,1,0,0
1100030957,12/19/2016,Asociación de Bomberos Voluntarios - San Martín de los Andes,,1,0,0
1100030958,12/19/2016,Asociación de Bomberos Voluntarios - San Martín de los Andes,,1,0,0
1100030959,12/19/2016,Asociación de Bomberos Voluntarios - San Martín de los Andes,,1,0,0
1100030960,12/19/2016,Asociación de Bomberos Voluntarios - San Martín de los Andes,,1,0,0
1100030961,12/19/2016,Asociación de Bomberos Voluntarios - San Martín de los Andes,,1,0,0
1100030962,12/19/2016,Asociación de Bomberos Voluntarios - San Martín de los Andes,,1,0,0
1100030963,12/19/2016,Asociación de Bomberos Voluntarios - San Martín de los Andes,,1,0,0
1100030964,12/19/2016,Asociación de Bomberos Voluntarios - San Martín de los Andes,,1,0,0
1200010123,12/19/2016,Asociación de Bomberos Voluntarios - San Martín de los Andes,,1,0,0
1100030965,12/19/2016,Asociación de Bomberos Voluntarios - San Martín de los Andes,,1,0,0
1100030966,12/20/2016,Asociación de Bomberos Voluntarios - San Martín de los Andes,,1,0,0
9101002340,12/20/2016,Asociación de Bomberos Voluntarios - San Martín de los Andes,,0,1,0
1200010124,12/20/2016,Asociación de Bomberos Voluntarios - San Martín de los Andes,,1,0,0
1100030967,12/20/2016,Asociación de Bomberos Voluntarios - San Martín de los Andes,,1,0,0
9101002341,12/20/2016,Asociación de Bomberos Voluntarios - San Martín de los Andes,,0,0,1
1100030968,12/20/2016,Asociación de Bomberos Voluntarios - San Martín de los Andes,,1,0,0
1100030969,12/20/2016,Asociación de Bomberos Voluntarios - San Martín de los Andes,,1,0,0
1100030970,12/20/2016,Asociación de Bomberos Voluntarios - San Martín de los Andes,,1,0,0
9101002342,12/20/2016,Asociación de Bomberos Voluntarios - San Martín de los Andes,,0,1,0
1100030971,12/20/2016,Asociación de Bomberos Voluntarios - San Martín de los Andes,,1,0,0
1100030972,12/20/2016,Asociación de Bomberos Voluntarios - San Martín de los Andes,,1,0,0
1100030973,12/20/2016,Asociación de Bomberos Voluntarios - San Martín de los Andes,,1,0,0
1100030974,12/20/2016,Asociación de Bomberos Voluntarios - San Martín de los Andes,,1,0,0
1100030975,12/20/2016,Asociación de Bomberos Voluntarios - San Martín de los Andes,,1,0,0
1100030976,12/20/2016,Asociación de Bomberos Voluntarios - San Martín de los Andes,,1,0,0
1100030977,12/20/2016,Asociación de Bomberos Voluntarios - San Martín de los Andes,,1,0,0
1200010125,12/20/2016,Asociación de Bomberos Voluntarios - San Martín de los Andes,,1,0,0
9101002343,12/20/2016,Asociación de Bomberos Voluntarios - San Martín de los Andes,,0,1,0
1100030978,12/20/2016,Asociación de Bomberos Voluntarios - San Martín de los Andes,,1,0,0
1100030979,12/20/2016,Asociación de Bomberos Voluntarios - San Martín de los Andes,,1,0,0
1100030980,12/20/2016,Asociación de Bomberos Voluntarios - San Martín de los Andes,,1,0,0
1100030981,12/20/2016,Asociación de Bomberos Voluntarios - San Martín de los Andes,,1,0,0
1100030982,12/20/2016,Asociación de Bomberos Voluntarios - San Martín de los Andes,,1,0,0
9101002344,12/20/2016,Asociación de Bomberos Voluntarios - San Martín de los Andes,,0,1,0
1200010126,12/20/2016,Asociación de Bomberos Voluntarios - San Martín de los Andes,,1,0,0
1100030983,12/20/2016,Asociación de Bomberos Voluntarios - San Martín de los Andes,,1,0,0
9101002345,12/20/2016,Asociación de Bomberos Voluntarios - San Martín de los Andes,,0,1,0
1100030984,12/20/2016,Asociación de Bomberos Voluntarios - San Martín de los Andes,,1,0,0
1100030985,12/20/2016,Asociación de Bomberos Voluntarios - San Martín de los Andes,,1,0,0
9101002346,12/20/2016,Asociación de Bomberos Voluntarios - San Martín de los Andes,,0,1,0
1100030986,12/20/2016,Asociación de Bomberos Voluntarios - San Martín de los Andes,,1,0,0
1100030987,12/20/2016,Asociación de Bomberos Voluntarios - San Martín de los Andes,,1,0,0
1100030988,12/20/2016,Asociación de Bomberos Voluntarios - San Martín de los Andes,,1,0,0
1100030989,12/20/2016,Asociación de Bomberos Voluntarios - San Martín de los Andes,,1,0,0
1200010127,12/20/2016,Asociación de Bomberos Voluntarios - San Martín de los Andes,,1,0,0
1100030990,12/20/2016,Asociación de Bomberos Voluntarios - San Martín de los Andes,,1,0,0
1100030991,12/20/2016,Asociación de Bomberos Voluntarios - San Martín de los Andes,,1,0,0
9101002347,12/20/2016,Asociación de Bomberos Voluntarios - San Martín de los Andes,,0,1,0
1100030992,12/20/2016,Asociación de Bomberos Voluntarios - San Martín de los Andes,,1,0,0
1100030993,12/20/2016,Asociación de Bomberos Voluntarios - San Martín de los Andes,,1,0,0
9101002348,12/20/2016,Asociación de Bomberos Voluntarios - San Martín de los Andes,,0,1,0
1100030994,12/20/2016,Asociación de Bomberos Voluntarios - San Martín de los Andes,,1,0,0
9101002349,12/20/2016,Asociación de Bomberos Voluntarios - San Martín de los Andes,,0,0,1
9201000429,12/20/2016,Asociación de Bomberos Voluntarios - San Martín de los Andes,,0,0,1
1100030995,12/20/2016,Asociación de Bomberos Voluntarios - San Martín de los Andes,,1,0,0
1100030996,12/20/2016,Asociación de Bomberos Voluntarios - San Martín de los Andes,,1,0,0
1100030997,12/20/2016,Asociación de Bomberos Voluntarios - San Martín de los Andes,,1,0,0
9101002350,12/20/2016,Asociación de Bomberos Voluntarios - San Martín de los Andes,,0,1,0
1100030998,12/20/2016,Asociación de Bomberos Voluntarios - San Martín de los Andes,,1,0,0
1100030999,12/20/2016,Asociación de Bomberos Voluntarios - San Martín de los Andes,,1,0,0
1100030297,12/19/2016,Control SRL,,1,0,0
1100030298,12/19/2016,Control SRL,,1,0,0
1100030299,12/19/2016,Control SRL,,1,0,0
1100030300,12/19/2016,Control SRL,,1,0,0
9103001950,12/19/2016,Control SRL,,0,0,1
1100030302,12/19/2016,Control SRL,,1,0,0
1100030301,12/19/2016,Control SRL,,1,0,0
1100030303,12/19/2016,Control SRL,,1,0,0
1200010534,12/19/2016,Control SRL,,1,0,0
1100030304,12/19/2016,Control SRL,,1,0,0
9103001951,12/19/2016,Control SRL,,0,0,1
1100030305,12/19/2016,Control SRL,,1,0,0
1200010531,12/19/2016,Control SRL,,1,0,0
1100030306,12/19/2016,Control SRL,,1,0,0
1100030307,12/19/2016,Control SRL,,1,0,0
1200010530,12/19/2016,Control SRL,,1,0,0
9203000550,12/19/2016,Control SRL,,0,0,1
1200010532,12/19/2016,Control SRL,,1,0,0
1100030457,12/19/2016,Control SRL,,1,0,0
1100030308,12/19/2016,Control SRL,,1,0,0
1200010533,12/19/2016,Control SRL,,1,0,0
9103001952,12/19/2016,Control SRL,,0,0,1
1100030309,12/19/2016,Control SRL,,1,0,0
1100030310,12/19/2016,Control SRL,,1,0,0
1200010535,12/19/2016,Control SRL,,1,0,0
1200010536,12/19/2016,Control SRL,,1,0,0
9103001953,12/19/2016,Control SRL,,0,0,1
1200010537,12/19/2016,Control SRL,,1,0,0
1100030311,12/19/2016,Control SRL,,1,0,0
1200010538,12/19/2016,Control SRL,,1,0,0
1100030312,12/19/2016,Control SRL,,1,0,0
1200010539,12/19/2016,Control SRL,,1,0,0
1100030456,12/19/2016,Control SRL,,1,0,0
1100030313,12/19/2016,Control SRL,,1,0,0
1100030314,12/19/2016,Control SRL,,1,0,0
1200010541,12/19/2016,Control SRL,,1,0,0
1200010542,12/19/2016,Control SRL,,1,0,0
9203000551,12/19/2016,Control SRL,,0,0,1
1100030315,12/19/2016,Control SRL,,1,0,0
1100030316,12/19/2016,Control SRL,,1,0,0
1100030317,12/19/2016,Control SRL,,1,0,0
1200010543,12/19/2016,Control SRL,,1,0,0
1100030455,12/19/2016,Control SRL,,1,0,0
1100030318,12/19/2016,Control SRL,,1,0,0
9103001954,12/19/2016,Control SRL,,0,0,1
1100030319,12/19/2016,Control SRL,,1,0,0
1200010544,12/19/2016,Control SRL,,1,0,0
1200010545,12/19/2016,Control SRL,,1,0,0
1100030320,12/19/2016,Control SRL,,1,0,0
9103001955,12/19/2016,Control SRL,,0,0,1
1100030321,12/19/2016,Control SRL,,1,0,0
1100030322,12/19/2016,Control SRL,,1,0,0
1100030323,12/19/2016,Control SRL,,1,0,0
1200010528,12/19/2016,Control SRL,,1,0,0
1100030324,12/19/2016,Control SRL,,1,0,0
1100030325,12/19/2016,Control SRL,,1,0,0
9103001956,12/19/2016,Control SRL,,0,0,1
9103001957,12/19/2016,Control SRL,,0,0,1
1200010546,12/19/2016,Control SRL,,1,0,0
1100030326,12/19/2016,Control SRL,,1,0,0
1100030327,12/19/2016,Control SRL,,1,0,0
1200010547,12/19/2016,Control SRL,,1,0,0
1100030328,12/19/2016,Control SRL,,1,0,0
1200010550,12/19/2016,Control SRL,,1,0,0
1100030329,12/19/2016,Control SRL,,1,0,0
1100030330,12/19/2016,Control SRL,,1,0,0
1100030331,12/19/2016,Control SRL,,1,0,0
1200010540,12/19/2016,Control SRL,,1,0,0
1200010548,12/19/2016,Control SRL,,1,0,0
1100030332,12/19/2016,Control SRL,,1,0,0
1200010549,12/19/2016,Control SRL,,1,0,0
1200010551,12/19/2016,Control SRL,,1,0,0
1200010574,12/19/2016,Control SRL,,1,0,0
1100030333,12/19/2016,Control SRL,,1,0,0
1100030334,12/19/2016,Control SRL,,1,0,0
1100030335,12/19/2016,Control SRL,,1,0,0
1200010600,12/20/2016,Control SRL,,1,0,0
1200010599,12/20/2016,Control SRL,,1,0,0
1100030336,12/20/2016,Control SRL,,1,0,0
9203000552,12/20/2016,Control SRL,,0,0,1
1200010598,12/20/2016,Control SRL,,1,0,0
1200010584,12/20/2016,Control SRL,,1,0,0
1100030337,12/20/2016,Control SRL,,1,0,0
9103001958,12/20/2016,Control SRL,,0,0,1
1200010597,12/20/2016,Control SRL,,1,0,0
1100030338,12/20/2016,Control SRL,,1,0,0
1100030339,12/20/2016,Control SRL,,1,0,0
1200010596,12/20/2016,Control SRL,,1,0,0
1100030340,12/20/2016,Control SRL,,1,0,0
1200010595,12/20/2016,Control SRL,,1,0,0
1100030341,12/20/2016,Control SRL,,1,0,0
1100030342,12/20/2016,Control SRL,,1,0,0
1200010586,12/20/2016,Control SRL,,1,0,0
1100030343,12/20/2016,Control SRL,,1,0,0
1200010587,12/20/2016,Control SRL,,1,0,0
1100030344,12/20/2016,Control SRL,,1,0,0
1100030345,12/20/2016,Control SRL,,1,0,0
1100030346,12/20/2016,Control SRL,,1,0,0
1200010588,12/20/2016,Control SRL,,1,0,0
1100030347,12/20/2016,Control SRL,,1,0,0
1100030348,12/20/2016,Control SRL,,1,0,0
1100030349,12/20/2016,Control SRL,,1,0,0
1200010589,12/20/2016,Control SRL,,1,0,0
1100030350,12/20/2016,Control SRL,,1,0,0
1100030351,12/20/2016,Control SRL,,1,0,0
1200010583,12/20/2016,Control SRL,,1,0,0
1100030352,12/20/2016,Control SRL,,1,0,0
1100030353,12/20/2016,Control SRL,,1,0,0
1200010582,12/20/2016,Control SRL,,1,0,0
1200010552,12/20/2016,Control SRL,,1,0,0
1200010590,12/20/2016,Control SRL,,1,0,0
1100030354,12/20/2016,Control SRL,,1,0,0
1200010592,12/20/2016,Control SRL,,1,0,0
1100030355,12/20/2016,Control SRL,,1,0,0
1100030357,12/20/2016,Control SRL,,1,0,0
1100030356,12/20/2016,Control SRL,,1,0,0
1200010591,12/20/2016,Control SRL,,1,0,0
1200010585,12/20/2016,Control SRL,,1,0,0
9103001959,12/20/2016,Control SRL,,0,0,1
1200010593,12/20/2016,Control SRL,,1,0,0
1200010594,12/20/2016,Control SRL,,1,0,0
1100030358,12/20/2016,Control SRL,,1,0,0
1100030360,12/20/2016,Control SRL,,1,0,0
1100030359,12/20/2016,Control SRL,,1,0,0
1100030453,12/20/2016,Control SRL,,1,0,0
1200010569,12/20/2016,Control SRL,,1,0,0
1100030452,12/20/2016,Control SRL,,1,0,0
1100030454,12/20/2016,Control SRL,,1,0,0
1100030362,12/20/2016,Control SRL,,1,0,0
1100030361,12/20/2016,Control SRL,,1,0,0
9103001960,12/20/2016,Control SRL,,0,0,1
1200010580,12/20/2016,Control SRL,,1,0,0
1100030364,12/20/2016,Control SRL,,1,0,0
1100030363,12/20/2016,Control SRL,,1,0,0
1200010570,12/20/2016,Control SRL,,1,0,0
1200010581,12/20/2016,Control SRL,,1,0,0
1200010571,12/20/2016,Control SRL,,1,0,0
1100030365,12/20/2016,Control SRL,,1,0,0
1100030366,12/20/2016,Control SRL,,1,0,0
1100030367,12/20/2016,Control SRL,,1,0,0
1100030368,12/20/2016,Control SRL,,1,0,0
1200010572,12/20/2016,Control SRL,,1,0,0
1200010573,12/20/2016,Control SRL,,1,0,0
1200010575,12/20/2016,Control SRL,,1,0,0
1200010576,12/20/2016,Control SRL,,1,0,0
1100030369,12/20/2016,Control SRL,,1,0,0
1200010577,12/20/2016,Control SRL,,1,0,0
1200010567,12/20/2016,Control SRL,,1,0,0
1200010568,12/20/2016,Control SRL,,1,0,0
1200010578,12/20/2016,Control SRL,,1,0,0
1100030370,12/20/2016,Control SRL,,1,0,0
1100030371,12/20/2016,Control SRL,,1,0,0
1200010579,12/20/2016,Control SRL,,1,0,0
1100030372,12/20/2016,Control SRL,,1,0,0
1100030373,12/20/2016,Control SRL,,1,0,0
1200010566,12/20/2016,Control SRL,,1,0,0
1200010565,12/20/2016,Control SRL,,1,0,0
1100030374,12/20/2016,Control SRL,,1,0,0
1100031311,12/19/2016,Veritecnica SRL,,1,0,0
1100031312,12/19/2016,Veritecnica SRL,,1,0,0
1100031313,12/19/2016,Veritecnica SRL,,1,0,0
9102006225,12/19/2016,Veritecnica SRL,,0,0,1
1100031315,12/19/2016,Veritecnica SRL,,1,0,0
9102006226,12/19/2016,Veritecnica SRL,,0,0,1
1100031316,12/19/2016,Veritecnica SRL,,1,0,0
1100031317,12/19/2016,Veritecnica SRL,,1,0,0
1100031318,12/19/2016,Veritecnica SRL,,1,0,0
1100031319,12/19/2016,Veritecnica SRL,,1,0,0
1100031320,12/19/2016,Veritecnica SRL,,1,0,0
9102006227,12/19/2016,Veritecnica SRL,,0,0,1
1100031321,12/19/2016,Veritecnica SRL,,1,0,0
9102006228,12/19/2016,Veritecnica SRL,,0,0,1
9102006229,12/19/2016,Veritecnica SRL,,0,0,1
1100031322,12/19/2016,Veritecnica SRL,,1,0,0
1100031323,12/19/2016,Veritecnica SRL,,1,0,0
1100031324,12/19/2016,Veritecnica SRL,,1,0,0
1100031325,12/19/2016,Veritecnica SRL,,1,0,0
1100031326,12/19/2016,Veritecnica SRL,,1,0,0
1100031327,12/19/2016,Veritecnica SRL,,1,0,0
1100031328,12/19/2016,Veritecnica SRL,,1,0,0
1100031329,12/19/2016,Veritecnica SRL,,1,0,0
1100031330,12/19/2016,Veritecnica SRL,,1,0,0
1100031331,12/19/2016,Veritecnica SRL,,1,0,0
1100031332,12/19/2016,Veritecnica SRL,,1,0,0
1100031333,12/19/2016,Veritecnica SRL,,1,0,0
1100031334,12/19/2016,Veritecnica SRL,,1,0,0
1200010479,12/19/2016,Veritecnica SRL,,1,0,0
1100031335,12/19/2016,Veritecnica SRL,,1,0,0
1100031336,12/19/2016,Veritecnica SRL,,1,0,0
9102006230,12/19/2016,Veritecnica SRL,,0,1,0
1100031337,12/19/2016,Veritecnica SRL,,1,0,0
1100031338,12/19/2016,Veritecnica SRL,,1,0,0
1100031339,12/19/2016,Veritecnica SRL,,1,0,0
1100031340,12/19/2016,Veritecnica SRL,,1,0,0
1100031341,12/19/2016,Veritecnica SRL,,1,0,0
9102006231,12/19/2016,Veritecnica SRL,,0,0,1
9102006232,12/19/2016,Veritecnica SRL,,0,1,0
1100031342,12/19/2016,Veritecnica SRL,,1,0,0
1100031343,12/19/2016,Veritecnica SRL,,1,0,0
1100031344,12/19/2016,Veritecnica SRL,,1,0,0
1100031345,12/19/2016,Veritecnica SRL,,1,0,0
1100031346,12/19/2016,Veritecnica SRL,,1,0,0
1100031347,12/19/2016,Veritecnica SRL,,1,0,0
1200010480,12/19/2016,Veritecnica SRL,,1,0,0
9102006233,12/19/2016,Veritecnica SRL,,0,1,0
9102006234,12/19/2016,Veritecnica SRL,,0,1,0
1100031348,12/19/2016,Veritecnica SRL,,1,0,0
1200010481,12/19/2016,Veritecnica SRL,,1,0,0
1100031349,12/19/2016,Veritecnica SRL,,1,0,0
1100031350,12/19/2016,Veritecnica SRL,,1,0,0
1100031351,12/19/2016,Veritecnica SRL,,1,0,0
1200010482,12/19/2016,Veritecnica SRL,,1,0,0
1100031352,12/19/2016,Veritecnica SRL,,1,0,0
1100031353,12/19/2016,Veritecnica SRL,,1,0,0
1200010483,12/19/2016,Veritecnica SRL,,1,0,0
1100031354,12/19/2016,Veritecnica SRL,,1,0,0
9102006235,12/19/2016,Veritecnica SRL,,0,1,0
1100031355,12/19/2016,Veritecnica SRL,,1,0,0
1200010484,12/19/2016,Veritecnica SRL,,1,0,0
1100031356,12/19/2016,Veritecnica SRL,,1,0,0
1100031357,12/19/2016,Veritecnica SRL,,1,0,0
9102006236,12/19/2016,Veritecnica SRL,,0,0,1
1100031358,12/19/2016,Veritecnica SRL,,1,0,0
9102006237,12/19/2016,Veritecnica SRL,,0,1,0
1200010485,12/19/2016,Veritecnica SRL,,1,0,0
1200010486,12/19/2016,Veritecnica SRL,,1,0,0
1100031359,12/19/2016,Veritecnica SRL,,1,0,0
1200010487,12/19/2016,Veritecnica SRL,,1,0,0
1100031368,12/20/2016,Veritecnica SRL,,1,0,0
1100031369,12/20/2016,Veritecnica SRL,,1,0,0
9102006238,12/20/2016,Veritecnica SRL,,0,0,1
1200010489,12/20/2016,Veritecnica SRL,,1,0,0
1100031370,12/20/2016,Veritecnica SRL,,1,0,0
1100031371,12/20/2016,Veritecnica SRL,,1,0,0
9102006239,12/20/2016,Veritecnica SRL,,0,1,0
1100031372,12/20/2016,Veritecnica SRL,,1,0,0
1200010490,12/20/2016,Veritecnica SRL,,1,0,0
1100031373,12/20/2016,Veritecnica SRL,,1,0,0
1100031374,12/20/2016,Veritecnica SRL,,1,0,0
1100031375,12/20/2016,Veritecnica SRL,,1,0,0
1200010491,12/20/2016,Veritecnica SRL,,1,0,0
1100031376,12/20/2016,Veritecnica SRL,,1,0,0
1100031377,12/20/2016,Veritecnica SRL,,1,0,0
9102006240,12/20/2016,Veritecnica SRL,,0,1,0
1100031378,12/20/2016,Veritecnica SRL,,1,0,0
1100031379,12/20/2016,Veritecnica SRL,,1,0,0
1100031380,12/20/2016,Veritecnica SRL,,1,0,0
1100031381,12/20/2016,Veritecnica SRL,,1,0,0
1100031382,12/20/2016,Veritecnica SRL,,1,0,0
1100031383,12/20/2016,Veritecnica SRL,,1,0,0
1100031384,12/20/2016,Veritecnica SRL,,1,0,0
1100031385,12/20/2016,Veritecnica SRL,,1,0,0
1100031386,12/20/2016,Veritecnica SRL,,1,0,0
1200010492,12/20/2016,Veritecnica SRL,,1,0,0
1100031387,12/20/2016,Veritecnica SRL,,1,0,0
1100031388,12/20/2016,Veritecnica SRL,,1,0,0
1100031389,12/20/2016,Veritecnica SRL,,1,0,0
1100031390,12/20/2016,Veritecnica SRL,,1,0,0
1200010493,12/20/2016,Veritecnica SRL,,1,0,0
1100031391,12/20/2016,Veritecnica SRL,,1,0,0
9202001124,12/20/2016,Veritecnica SRL,,0,0,1
1100031392,12/20/2016,Veritecnica SRL,,1,0,0
9102006241,12/20/2016,Veritecnica SRL,,0,0,1
1100031393,12/20/2016,Veritecnica SRL,,1,0,0
1100031394,12/20/2016,Veritecnica SRL,,1,0,0
1200010494,12/20/2016,Veritecnica SRL,,1,0,0
9102006242,12/20/2016,Veritecnica SRL,,0,0,1
1100031395,12/20/2016,Veritecnica SRL,,1,0,0
1100031396,12/20/2016,Veritecnica SRL,,1,0,0
1100031397,12/20/2016,Veritecnica SRL,,1,0,0
1100031398,12/20/2016,Veritecnica SRL,,1,0,0
1200010495,12/20/2016,Veritecnica SRL,,1,0,0
9102006243,12/20/2016,Veritecnica SRL,,0,1,0
1100031399,12/20/2016,Veritecnica SRL,,1,0,0
1100031400,12/20/2016,Veritecnica SRL,,1,0,0
1100031401,12/20/2016,Veritecnica SRL,,1,0,0
9102006244,12/20/2016,Veritecnica SRL,,0,1,0
1100031402,12/20/2016,Veritecnica SRL,,1,0,0
1100031403,12/20/2016,Veritecnica SRL,,1,0,0
1100031404,12/20/2016,Veritecnica SRL,,1,0,0
1100031405,12/20/2016,Veritecnica SRL,,1,0,0
1100031406,12/20/2016,Veritecnica SRL,,1,0,0
1100031407,12/20/2016,Veritecnica SRL,,1,0,0
1100031408,12/20/2016,Veritecnica SRL,,1,0,0
1100031409,12/20/2016,Veritecnica SRL,,1,0,0
1100031411,12/20/2016,Veritecnica SRL,,1,0,0
1100031410,12/20/2016,Veritecnica SRL,,1,0,0
1100031412,12/20/2016,Veritecnica SRL,,1,0,0
1100031413,12/20/2016,Veritecnica SRL,,1,0,0
1100031414,12/20/2016,Veritecnica SRL,,1,0,0
1200010496,12/20/2016,Veritecnica SRL,,1,0,0
1100031415,12/20/2016,Veritecnica SRL,,1,0,0
1100031416,12/20/2016,Veritecnica SRL,,1,0,0
1200010497,12/20/2016,Veritecnica SRL,,1,0,0
9102006245,12/20/2016,Veritecnica SRL,,0,1,0
9102006246,12/20/2016,Veritecnica SRL,,0,1,0
1100031417,12/20/2016,Veritecnica SRL,,1,0,0
1100031418,12/20/2016,Veritecnica SRL,,1,0,0
1100031419,12/20/2016,Veritecnica SRL,,1,0,0
1100031420,12/20/2016,Veritecnica SRL,,1,0,0
1100031360,12/19/2016,Veritecnica SRL,,1,0,0
1100031361,12/19/2016,Veritecnica SRL,,1,0,0
1100031362,12/19/2016,Veritecnica SRL,,1,0,0
1100031363,12/19/2016,Veritecnica SRL,,1,0,0
1100031364,12/19/2016,Veritecnica SRL,,1,0,0
1100031365,12/19/2016,Veritecnica SRL,,1,0,0
1100031366,12/19/2016,Veritecnica SRL,,1,0,0
1100031367,12/19/2016,Veritecnica SRL,,1,0,0
