Nrocertificado,Fecha,Idtaller,Dominiovehiculo,Aprobado,RechazadoLeveModerado,RechazadoGrave
1100030899,12/16/2016,Asociación de Bomberos Voluntarios - San Martín de los Andes,,1,0,0
1100030900,12/16/2016,Asociación de Bomberos Voluntarios - San Martín de los Andes,,1,0,0
9101002320,12/16/2016,Asociación de Bomberos Voluntarios - San Martín de los Andes,,0,1,0
9101002321,12/16/2016,Asociación de Bomberos Voluntarios - San Martín de los Andes,,0,1,0
1100030901,12/16/2016,Asociación de Bomberos Voluntarios - San Martín de los Andes,,1,0,0
9101002322,12/16/2016,Asociación de Bomberos Voluntarios - San Martín de los Andes,,0,0,1
9201000427,12/16/2016,Asociación de Bomberos Voluntarios - San Martín de los Andes,,0,0,1
9101002323,12/16/2016,Asociación de Bomberos Voluntarios - San Martín de los Andes,,0,1,0
1100030902,12/16/2016,Asociación de Bomberos Voluntarios - San Martín de los Andes,,1,0,0
1100030903,12/16/2016,Asociación de Bomberos Voluntarios - San Martín de los Andes,,1,0,0
1100030904,12/16/2016,Asociación de Bomberos Voluntarios - San Martín de los Andes,,1,0,0
1100030905,12/16/2016,Asociación de Bomberos Voluntarios - San Martín de los Andes,,1,0,0
1100030906,12/16/2016,Asociación de Bomberos Voluntarios - San Martín de los Andes,,1,0,0
1100030907,12/16/2016,Asociación de Bomberos Voluntarios - San Martín de los Andes,,1,0,0
1100030908,12/16/2016,Asociación de Bomberos Voluntarios - San Martín de los Andes,,1,0,0
1100030909,12/16/2016,Asociación de Bomberos Voluntarios - San Martín de los Andes,,1,0,0
9101002324,12/16/2016,Asociación de Bomberos Voluntarios - San Martín de los Andes,,0,1,0
9101002325,12/16/2016,Asociación de Bomberos Voluntarios - San Martín de los Andes,,0,0,1
9101002326,12/16/2016,Asociación de Bomberos Voluntarios - San Martín de los Andes,,0,1,0
1100030910,12/16/2016,Asociación de Bomberos Voluntarios - San Martín de los Andes,,1,0,0
1100030911,12/16/2016,Asociación de Bomberos Voluntarios - San Martín de los Andes,,1,0,0
1100030912,12/16/2016,Asociación de Bomberos Voluntarios - San Martín de los Andes,,1,0,0
1100030913,12/16/2016,Asociación de Bomberos Voluntarios - San Martín de los Andes,,1,0,0
1100030914,12/16/2016,Asociación de Bomberos Voluntarios - San Martín de los Andes,,1,0,0
9101002327,12/16/2016,Asociación de Bomberos Voluntarios - San Martín de los Andes,,0,1,0
9101002328,12/16/2016,Asociación de Bomberos Voluntarios - San Martín de los Andes,,0,1,0
1100030915,12/16/2016,Asociación de Bomberos Voluntarios - San Martín de los Andes,,1,0,0
1100030916,12/16/2016,Asociación de Bomberos Voluntarios - San Martín de los Andes,,1,0,0
1100030917,12/16/2016,Asociación de Bomberos Voluntarios - San Martín de los Andes,,1,0,0
1100030918,12/16/2016,Asociación de Bomberos Voluntarios - San Martín de los Andes,,1,0,0
1100030919,12/16/2016,Asociación de Bomberos Voluntarios - San Martín de los Andes,,1,0,0
1100030920,12/16/2016,Asociación de Bomberos Voluntarios - San Martín de los Andes,,1,0,0
1100030921,12/16/2016,Asociación de Bomberos Voluntarios - San Martín de los Andes,,1,0,0
1100030922,12/16/2016,Asociación de Bomberos Voluntarios - San Martín de los Andes,,1,0,0
1100030923,12/16/2016,Asociación de Bomberos Voluntarios - San Martín de los Andes,,1,0,0
1100030924,12/16/2016,Asociación de Bomberos Voluntarios - San Martín de los Andes,,1,0,0
1100030925,12/16/2016,Asociación de Bomberos Voluntarios - San Martín de los Andes,,1,0,0
1100030926,12/16/2016,Asociación de Bomberos Voluntarios - San Martín de los Andes,,1,0,0
1100030927,12/16/2016,Asociación de Bomberos Voluntarios - San Martín de los Andes,,1,0,0
1200010114,12/16/2016,Asociación de Bomberos Voluntarios - San Martín de los Andes,,1,0,0
1100030928,12/16/2016,Asociación de Bomberos Voluntarios - San Martín de los Andes,,1,0,0
1100030929,12/16/2016,Asociación de Bomberos Voluntarios - San Martín de los Andes,,1,0,0
9101002329,12/16/2016,Asociación de Bomberos Voluntarios - San Martín de los Andes,,0,0,1
1100030930,12/16/2016,Asociación de Bomberos Voluntarios - San Martín de los Andes,,1,0,0
9201000428,12/16/2016,Asociación de Bomberos Voluntarios - San Martín de los Andes,,0,1,0
9101002330,12/16/2016,Asociación de Bomberos Voluntarios - San Martín de los Andes,,0,1,0
9101002331,12/16/2016,Asociación de Bomberos Voluntarios - San Martín de los Andes,,0,0,1
1100030931,12/16/2016,Asociación de Bomberos Voluntarios - San Martín de los Andes,,1,0,0
9101002332,12/17/2016,Asociación de Bomberos Voluntarios - San Martín de los Andes,,0,1,0
1100030932,12/17/2016,Asociación de Bomberos Voluntarios - San Martín de los Andes,,1,0,0
1100030933,12/17/2016,Asociación de Bomberos Voluntarios - San Martín de los Andes,,1,0,0
9101002333,12/17/2016,Asociación de Bomberos Voluntarios - San Martín de los Andes,,0,0,1
1100030934,12/17/2016,Asociación de Bomberos Voluntarios - San Martín de los Andes,,1,0,0
1200010115,12/17/2016,Asociación de Bomberos Voluntarios - San Martín de los Andes,,1,0,0
1200010116,12/17/2016,Asociación de Bomberos Voluntarios - San Martín de los Andes,,1,0,0
1100030935,12/17/2016,Asociación de Bomberos Voluntarios - San Martín de los Andes,,1,0,0
1100030936,12/17/2016,Asociación de Bomberos Voluntarios - San Martín de los Andes,,1,0,0
1200010117,12/17/2016,Asociación de Bomberos Voluntarios - San Martín de los Andes,,1,0,0
1200010118,12/17/2016,Asociación de Bomberos Voluntarios - San Martín de los Andes,,1,0,0
1200010119,12/17/2016,Asociación de Bomberos Voluntarios - San Martín de los Andes,,1,0,0
9101002334,12/17/2016,Asociación de Bomberos Voluntarios - San Martín de los Andes,,0,1,0
1100030937,12/17/2016,Asociación de Bomberos Voluntarios - San Martín de los Andes,,1,0,0
1100030938,12/17/2016,Asociación de Bomberos Voluntarios - San Martín de los Andes,,1,0,0
1100030939,12/17/2016,Asociación de Bomberos Voluntarios - San Martín de los Andes,,1,0,0
1100030940,12/17/2016,Asociación de Bomberos Voluntarios - San Martín de los Andes,,1,0,0
1100030941,12/17/2016,Asociación de Bomberos Voluntarios - San Martín de los Andes,,1,0,0
1200010120,12/17/2016,Asociación de Bomberos Voluntarios - San Martín de los Andes,,1,0,0
1100030942,12/17/2016,Asociación de Bomberos Voluntarios - San Martín de los Andes,,1,0,0
9103001943,12/16/2016,Control SRL,,0,0,1
9103001944,12/16/2016,Control SRL,,0,0,1
1100030476,12/16/2016,Control SRL,,1,0,0
1200010527,12/16/2016,Control SRL,,1,0,0
1100030477,12/16/2016,Control SRL,,1,0,0
1100030478,12/16/2016,Control SRL,,1,0,0
9103001945,12/16/2016,Control SRL,,0,0,1
9103001946,12/16/2016,Control SRL,,0,0,1
1100030479,12/16/2016,Control SRL,,1,0,0
1100030480,12/16/2016,Control SRL,,1,0,0
1100030481,12/16/2016,Control SRL,,1,0,0
1100030482,12/16/2016,Control SRL,,1,0,0
1100030483,12/16/2016,Control SRL,,1,0,0
9103001947,12/16/2016,Control SRL,,0,0,1
1100030484,12/16/2016,Control SRL,,1,0,0
1100030485,12/16/2016,Control SRL,,1,0,0
1100030281,12/16/2016,Control SRL,,1,0,0
1100030282,12/16/2016,Control SRL,,1,0,0
9103001948,12/16/2016,Control SRL,,0,0,1
1100030283,12/16/2016,Control SRL,,1,0,0
1100030284,12/16/2016,Control SRL,,1,0,0
1100030285,12/16/2016,Control SRL,,1,0,0
1100030286,12/16/2016,Control SRL,,1,0,0
1100030287,12/16/2016,Control SRL,,1,0,0
1100030460,12/16/2016,Control SRL,,1,0,0
1100030288,12/16/2016,Control SRL,,1,0,0
1100030289,12/16/2016,Control SRL,,1,0,0
1100030290,12/16/2016,Control SRL,,1,0,0
1100030291,12/16/2016,Control SRL,,1,0,0
1100030459,12/16/2016,Control SRL,,1,0,0
1100030292,12/16/2016,Control SRL,,1,0,0
1100030293,12/16/2016,Control SRL,,1,0,0
1100030294,12/16/2016,Control SRL,,1,0,0
9103001949,12/16/2016,Control SRL,,0,0,1
1200010529,12/16/2016,Control SRL,,1,0,0
1100030295,12/16/2016,Control SRL,,1,0,0
1100030296,12/16/2016,Control SRL,,1,0,0
1100030458,12/16/2016,Control SRL,,1,0,0
1100030726,12/16/2016,Veritecnica SRL,,1,0,0
1100030727,12/16/2016,Veritecnica SRL,,1,0,0
1100030728,12/16/2016,Veritecnica SRL,,1,0,0
9102006198,12/16/2016,Veritecnica SRL,,0,1,0
1100030729,12/16/2016,Veritecnica SRL,,1,0,0
9102006199,12/16/2016,Veritecnica SRL,,0,1,0
1100030730,12/16/2016,Veritecnica SRL,,1,0,0
9102006200,12/16/2016,Veritecnica SRL,,0,1,0
1100030731,12/16/2016,Veritecnica SRL,,1,0,0
9102006201,12/16/2016,Veritecnica SRL,,0,0,1
1100030732,12/16/2016,Veritecnica SRL,,1,0,0
1100030733,12/16/2016,Veritecnica SRL,,1,0,0
1100030734,12/16/2016,Veritecnica SRL,,1,0,0
1100030735,12/16/2016,Veritecnica SRL,,1,0,0
1100030736,12/16/2016,Veritecnica SRL,,1,0,0
1100030737,12/16/2016,Veritecnica SRL,,1,0,0
9102006202,12/16/2016,Veritecnica SRL,,0,0,1
9102006203,12/16/2016,Veritecnica SRL,,0,1,0
1100030738,12/16/2016,Veritecnica SRL,,1,0,0
1100030739,12/16/2016,Veritecnica SRL,,1,0,0
9102006204,12/16/2016,Veritecnica SRL,,0,0,1
9102006205,12/16/2016,Veritecnica SRL,,0,1,0
1100030740,12/16/2016,Veritecnica SRL,,1,0,0
9202001121,12/16/2016,Veritecnica SRL,,0,0,1
1100030741,12/16/2016,Veritecnica SRL,,1,0,0
1200010474,12/16/2016,Veritecnica SRL,,1,0,0
9102006206,12/16/2016,Veritecnica SRL,,0,0,1
9102006207,12/16/2016,Veritecnica SRL,,0,0,1
1100030742,12/16/2016,Veritecnica SRL,,1,0,0
1100030743,12/16/2016,Veritecnica SRL,,1,0,0
1100030744,12/16/2016,Veritecnica SRL,,1,0,0
1100030745,12/16/2016,Veritecnica SRL,,1,0,0
9102006208,12/16/2016,Veritecnica SRL,,0,1,0
1100030746,12/16/2016,Veritecnica SRL,,1,0,0
9102006209,12/16/2016,Veritecnica SRL,,0,1,0
9102006210,12/16/2016,Veritecnica SRL,,0,1,0
1100030747,12/16/2016,Veritecnica SRL,,1,0,0
1100030748,12/16/2016,Veritecnica SRL,,1,0,0
1100030749,12/16/2016,Veritecnica SRL,,1,0,0
1100030750,12/16/2016,Veritecnica SRL,,1,0,0
1100031251,12/16/2016,Veritecnica SRL,,1,0,0
1100031252,12/16/2016,Veritecnica SRL,,1,0,0
9102006211,12/16/2016,Veritecnica SRL,,0,1,0
9102006212,12/16/2016,Veritecnica SRL,,0,1,0
9102006213,12/16/2016,Veritecnica SRL,,0,1,0
1100031253,12/16/2016,Veritecnica SRL,,1,0,0
9202001122,12/16/2016,Veritecnica SRL,,0,0,1
1100031254,12/16/2016,Veritecnica SRL,,1,0,0
1100031255,12/16/2016,Veritecnica SRL,,1,0,0
1100031256,12/16/2016,Veritecnica SRL,,1,0,0
1100031257,12/16/2016,Veritecnica SRL,,1,0,0
1100031258,12/16/2016,Veritecnica SRL,,1,0,0
1100031259,12/16/2016,Veritecnica SRL,,1,0,0
1100031260,12/16/2016,Veritecnica SRL,,1,0,0
1100031261,12/16/2016,Veritecnica SRL,,1,0,0
1100031262,12/16/2016,Veritecnica SRL,,1,0,0
1100031263,12/16/2016,Veritecnica SRL,,1,0,0
1100031264,12/16/2016,Veritecnica SRL,,1,0,0
1100031265,12/16/2016,Veritecnica SRL,,1,0,0
1100031266,12/16/2016,Veritecnica SRL,,1,0,0
1100031267,12/16/2016,Veritecnica SRL,,1,0,0
1100031268,12/16/2016,Veritecnica SRL,,1,0,0
1100031269,12/16/2016,Veritecnica SRL,,1,0,0
1100031270,12/16/2016,Veritecnica SRL,,1,0,0
1100031271,12/16/2016,Veritecnica SRL,,1,0,0
1100031272,12/16/2016,Veritecnica SRL,,1,0,0
1100031273,12/16/2016,Veritecnica SRL,,1,0,0
1100031274,12/16/2016,Veritecnica SRL,,1,0,0
1100031275,12/16/2016,Veritecnica SRL,,1,0,0
9102006214,12/16/2016,Veritecnica SRL,,0,1,0
1100031276,12/16/2016,Veritecnica SRL,,1,0,0
1100031277,12/16/2016,Veritecnica SRL,,1,0,0
1100031278,12/16/2016,Veritecnica SRL,,1,0,0
1100031279,12/16/2016,Veritecnica SRL,,1,0,0
1100031280,12/16/2016,Veritecnica SRL,,1,0,0
1100031281,12/16/2016,Veritecnica SRL,,1,0,0
9202001123,12/16/2016,Veritecnica SRL,,0,0,1
1100031282,12/16/2016,Veritecnica SRL,,1,0,0
1100031283,12/16/2016,Veritecnica SRL,,1,0,0
9102006215,12/17/2016,Veritecnica SRL,,0,1,0
1100031284,12/17/2016,Veritecnica SRL,,1,0,0
9102006216,12/17/2016,Veritecnica SRL,,0,1,0
1100031285,12/17/2016,Veritecnica SRL,,1,0,0
1100031286,12/17/2016,Veritecnica SRL,,1,0,0
1100031287,12/17/2016,Veritecnica SRL,,1,0,0
9102006217,12/17/2016,Veritecnica SRL,,0,0,1
1100031288,12/17/2016,Veritecnica SRL,,1,0,0
1100031289,12/17/2016,Veritecnica SRL,,1,0,0
1100031290,12/17/2016,Veritecnica SRL,,1,0,0
1100031292,12/17/2016,Veritecnica SRL,,1,0,0
1100031291,12/17/2016,Veritecnica SRL,,1,0,0
9102006218,12/17/2016,Veritecnica SRL,,0,1,0
1100031293,12/17/2016,Veritecnica SRL,,1,0,0
1100031294,12/17/2016,Veritecnica SRL,,1,0,0
1100031295,12/17/2016,Veritecnica SRL,,1,0,0
1100031296,12/17/2016,Veritecnica SRL,,1,0,0
1100031297,12/17/2016,Veritecnica SRL,,1,0,0
9102006219,12/17/2016,Veritecnica SRL,,0,1,0
1100031298,12/17/2016,Veritecnica SRL,,1,0,0
1100031299,12/17/2016,Veritecnica SRL,,1,0,0
1100031300,12/17/2016,Veritecnica SRL,,1,0,0
1100031301,12/17/2016,Veritecnica SRL,,1,0,0
1200010475,12/17/2016,Veritecnica SRL,,1,0,0
9102006220,12/17/2016,Veritecnica SRL,,0,1,0
9102006221,12/17/2016,Veritecnica SRL,,0,1,0
1100031302,12/17/2016,Veritecnica SRL,,1,0,0
9102006222,12/17/2016,Veritecnica SRL,,0,1,0
1100031303,12/17/2016,Veritecnica SRL,,1,0,0
1200010476,12/17/2016,Veritecnica SRL,,1,0,0
1100031304,12/17/2016,Veritecnica SRL,,1,0,0
1100031305,12/17/2016,Veritecnica SRL,,1,0,0
1100031306,12/17/2016,Veritecnica SRL,,1,0,0
9102006223,12/17/2016,Veritecnica SRL,,0,1,0
1100031307,12/17/2016,Veritecnica SRL,,1,0,0
1200010477,12/17/2016,Veritecnica SRL,,1,0,0
9102006224,12/17/2016,Veritecnica SRL,,0,0,1
1100031308,12/17/2016,Veritecnica SRL,,1,0,0
1100031309,12/17/2016,Veritecnica SRL,,1,0,0
1200010478,12/17/2016,Veritecnica SRL,,1,0,0
1100031310,12/17/2016,Veritecnica SRL,,1,0,0
