Nrocertificado,Fecha,Idtaller,Dominiovehiculo,Aprobado,RechazadoLeveModerado,RechazadoGrave
1100025838,08/31/2016,Asociación de Bomberos Voluntarios - San Martín de los Andes,,1,0,0
9101001931,08/31/2016,Asociación de Bomberos Voluntarios - San Martín de los Andes,,0,1,0
1100025839,08/31/2016,Asociación de Bomberos Voluntarios - San Martín de los Andes,,1,0,0
1100025840,08/31/2016,Asociación de Bomberos Voluntarios - San Martín de los Andes,,1,0,0
9101001932,08/31/2016,Asociación de Bomberos Voluntarios - San Martín de los Andes,,0,1,0
1200007605,08/31/2016,Asociación de Bomberos Voluntarios - San Martín de los Andes,,1,0,0
1200007606,08/31/2016,Asociación de Bomberos Voluntarios - San Martín de los Andes,,1,0,0
1100025841,08/31/2016,Asociación de Bomberos Voluntarios - San Martín de los Andes,,1,0,0
1100025842,08/31/2016,Asociación de Bomberos Voluntarios - San Martín de los Andes,,1,0,0
1100025843,08/31/2016,Asociación de Bomberos Voluntarios - San Martín de los Andes,,1,0,0
1100025845,09/01/2016,Asociación de Bomberos Voluntarios - San Martín de los Andes,,1,0,0
1100025844,09/01/2016,Asociación de Bomberos Voluntarios - San Martín de los Andes,,1,0,0
9101001933,09/01/2016,Asociación de Bomberos Voluntarios - San Martín de los Andes,,0,1,0
1100025846,09/01/2016,Asociación de Bomberos Voluntarios - San Martín de los Andes,,1,0,0
1100025847,09/01/2016,Asociación de Bomberos Voluntarios - San Martín de los Andes,,1,0,0
1100025848,09/01/2016,Asociación de Bomberos Voluntarios - San Martín de los Andes,,1,0,0
9101001934,09/01/2016,Asociación de Bomberos Voluntarios - San Martín de los Andes,,0,1,0
9201000360,09/01/2016,Asociación de Bomberos Voluntarios - San Martín de los Andes,,0,1,0
9101001935,09/01/2016,Asociación de Bomberos Voluntarios - San Martín de los Andes,,0,0,1
1200007607,09/01/2016,Asociación de Bomberos Voluntarios - San Martín de los Andes,,1,0,0
1200007608,09/01/2016,Asociación de Bomberos Voluntarios - San Martín de los Andes,,1,0,0
1100025849,09/01/2016,Asociación de Bomberos Voluntarios - San Martín de los Andes,,1,0,0
1100025850,09/01/2016,Asociación de Bomberos Voluntarios - San Martín de los Andes,,1,0,0
9201000361,09/01/2016,Asociación de Bomberos Voluntarios - San Martín de los Andes,,0,1,0
1100025851,09/01/2016,Asociación de Bomberos Voluntarios - San Martín de los Andes,,1,0,0
9101001936,09/01/2016,Asociación de Bomberos Voluntarios - San Martín de los Andes,,0,1,0
1100025852,09/01/2016,Asociación de Bomberos Voluntarios - San Martín de los Andes,,1,0,0
1100025853,09/01/2016,Asociación de Bomberos Voluntarios - San Martín de los Andes,,1,0,0
1100025854,09/01/2016,Asociación de Bomberos Voluntarios - San Martín de los Andes,,1,0,0
1100025855,09/01/2016,Asociación de Bomberos Voluntarios - San Martín de los Andes,,1,0,0
1100025856,09/01/2016,Asociación de Bomberos Voluntarios - San Martín de los Andes,,1,0,0
9101001937,09/01/2016,Asociación de Bomberos Voluntarios - San Martín de los Andes,,0,0,1
1100025857,09/01/2016,Asociación de Bomberos Voluntarios - San Martín de los Andes,,1,0,0
9101001938,09/01/2016,Asociación de Bomberos Voluntarios - San Martín de los Andes,,0,0,1
1100025858,09/01/2016,Asociación de Bomberos Voluntarios - San Martín de los Andes,,1,0,0
1100025859,09/01/2016,Asociación de Bomberos Voluntarios - San Martín de los Andes,,1,0,0
1100025676,08/31/2016,Control SRL,,1,0,0
1200008725,08/31/2016,Control SRL,,1,0,0
1100025735,08/31/2016,Control SRL,,1,0,0
9103001641,08/31/2016,Control SRL,,0,0,1
1200008722,08/31/2016,Control SRL,,1,0,0
1100025734,08/31/2016,Control SRL,,1,0,0
1200008723,08/31/2016,Control SRL,,1,0,0
1200008726,08/31/2016,Control SRL,,1,0,0
9103001642,08/31/2016,Control SRL,,0,0,1
1100025733,08/31/2016,Control SRL,,1,0,0
1100025732,08/31/2016,Control SRL,,1,0,0
9103001643,08/31/2016,Control SRL,,0,0,1
1100025731,08/31/2016,Control SRL,,1,0,0
1100025730,08/31/2016,Control SRL,,1,0,0
9103001644,08/31/2016,Control SRL,,0,0,1
9203000445,08/31/2016,Control SRL,,0,0,1
1100025673,08/31/2016,Control SRL,,1,0,0
1100025729,08/31/2016,Control SRL,,1,0,0
1100025728,08/31/2016,Control SRL,,1,0,0
9203000446,08/31/2016,Control SRL,,0,0,1
1100025727,08/31/2016,Control SRL,,1,0,0
1100025726,08/31/2016,Control SRL,,1,0,0
1100025725,08/31/2016,Control SRL,,1,0,0
1200008727,08/31/2016,Control SRL,,1,0,0
1200008728,08/31/2016,Control SRL,,1,0,0
1100025724,08/31/2016,Control SRL,,1,0,0
1100025723,08/31/2016,Control SRL,,1,0,0
1100025722,08/31/2016,Control SRL,,1,0,0
1100025678,08/31/2016,Control SRL,,1,0,0
1100025721,08/31/2016,Control SRL,,1,0,0
1100025720,08/31/2016,Control SRL,,1,0,0
1100025719,08/31/2016,Control SRL,,1,0,0
1100025679,09/01/2016,Control SRL,,1,0,0
1200008729,09/01/2016,Control SRL,,1,0,0
9103001645,09/01/2016,Control SRL,,0,1,0
1100025718,09/01/2016,Control SRL,,1,0,0
1100025717,09/01/2016,Control SRL,,1,0,0
1100025716,09/01/2016,Control SRL,,1,0,0
1100025680,09/01/2016,Control SRL,,1,0,0
1100025715,09/01/2016,Control SRL,,1,0,0
1100025714,09/01/2016,Control SRL,,1,0,0
1100025713,09/01/2016,Control SRL,,1,0,0
1200008730,09/01/2016,Control SRL,,1,0,0
1100025712,09/01/2016,Control SRL,,1,0,0
9203000447,09/01/2016,Control SRL,,0,0,1
1100025711,09/01/2016,Control SRL,,1,0,0
1100025710,09/01/2016,Control SRL,,1,0,0
9203000448,09/01/2016,Control SRL,,0,0,1
9103001646,09/01/2016,Control SRL,,0,0,1
1200008731,09/01/2016,Control SRL,,1,0,0
1200008732,09/01/2016,Control SRL,,1,0,0
1200008733,09/01/2016,Control SRL,,1,0,0
1200008734,09/01/2016,Control SRL,,1,0,0
1100025709,09/01/2016,Control SRL,,1,0,0
1200008735,09/01/2016,Control SRL,,1,0,0
1100025708,09/01/2016,Control SRL,,1,0,0
1200008736,09/01/2016,Control SRL,,1,0,0
9103001647,09/01/2016,Control SRL,,0,0,1
1100025707,09/01/2016,Control SRL,,1,0,0
1200008737,09/01/2016,Control SRL,,1,0,0
9203000449,09/01/2016,Control SRL,,0,0,1
1100025706,09/01/2016,Control SRL,,1,0,0
1100025705,09/01/2016,Control SRL,,1,0,0
9103001648,09/01/2016,Control SRL,,0,0,1
9103001649,09/01/2016,Control SRL,,0,0,1
1200008738,09/01/2016,Control SRL,,1,0,0
1100025473,08/31/2016,Veritecnica SRL,,1,0,0
1100025474,08/31/2016,Veritecnica SRL,,1,0,0
1200008850,08/31/2016,Veritecnica SRL,,1,0,0
1100025475,08/31/2016,Veritecnica SRL,,1,0,0
1100025476,08/31/2016,Veritecnica SRL,,1,0,0
1200008853,08/31/2016,Veritecnica SRL,,1,0,0
9102005369,08/31/2016,Veritecnica SRL,,0,0,1
1200008852,08/31/2016,Veritecnica SRL,,1,0,0
9102005370,08/31/2016,Veritecnica SRL,,0,0,1
9102005371,08/31/2016,Veritecnica SRL,,0,1,0
1100025477,08/31/2016,Veritecnica SRL,,1,0,0
1100025478,08/31/2016,Veritecnica SRL,,1,0,0
1100025479,08/31/2016,Veritecnica SRL,,1,0,0
1100025480,08/31/2016,Veritecnica SRL,,1,0,0
9102005372,08/31/2016,Veritecnica SRL,,0,0,1
1200008851,08/31/2016,Veritecnica SRL,,1,0,0
1100025481,08/31/2016,Veritecnica SRL,,1,0,0
1200008854,08/31/2016,Veritecnica SRL,,1,0,0
1200008855,08/31/2016,Veritecnica SRL,,1,0,0
9102005373,08/31/2016,Veritecnica SRL,,0,1,0
9202000888,08/31/2016,Veritecnica SRL,,0,0,1
1100025482,08/31/2016,Veritecnica SRL,,1,0,0
1200008856,08/31/2016,Veritecnica SRL,,1,0,0
1200008857,08/31/2016,Veritecnica SRL,,1,0,0
9102005374,08/31/2016,Veritecnica SRL,,0,1,0
9102005375,08/31/2016,Veritecnica SRL,,0,1,0
1100025483,08/31/2016,Veritecnica SRL,,1,0,0
1100025484,08/31/2016,Veritecnica SRL,,1,0,0
1100025485,08/31/2016,Veritecnica SRL,,1,0,0
1200008858,08/31/2016,Veritecnica SRL,,1,0,0
1200008859,08/31/2016,Veritecnica SRL,,1,0,0
1200008860,08/31/2016,Veritecnica SRL,,1,0,0
1100025486,08/31/2016,Veritecnica SRL,,1,0,0
1200008861,08/31/2016,Veritecnica SRL,,1,0,0
9102005376,08/31/2016,Veritecnica SRL,,0,1,0
1100025487,08/31/2016,Veritecnica SRL,,1,0,0
1200008862,08/31/2016,Veritecnica SRL,,1,0,0
1100025488,08/31/2016,Veritecnica SRL,,1,0,0
1100025489,08/31/2016,Veritecnica SRL,,1,0,0
1100025490,08/31/2016,Veritecnica SRL,,1,0,0
1200008863,08/31/2016,Veritecnica SRL,,1,0,0
1200008864,08/31/2016,Veritecnica SRL,,1,0,0
1100025491,08/31/2016,Veritecnica SRL,,1,0,0
9102005377,08/31/2016,Veritecnica SRL,,0,1,0
1100025492,08/31/2016,Veritecnica SRL,,1,0,0
1100025493,08/31/2016,Veritecnica SRL,,1,0,0
9102005378,09/01/2016,Veritecnica SRL,,0,1,0
9202000889,09/01/2016,Veritecnica SRL,,0,0,1
1100025494,09/01/2016,Veritecnica SRL,,1,0,0
1100025495,09/01/2016,Veritecnica SRL,,1,0,0
1100025496,09/01/2016,Veritecnica SRL,,1,0,0
9102005379,09/01/2016,Veritecnica SRL,,0,0,1
1100025497,09/01/2016,Veritecnica SRL,,1,0,0
9102005380,09/01/2016,Veritecnica SRL,,0,0,1
1100025498,09/01/2016,Veritecnica SRL,,1,0,0
1200008865,09/01/2016,Veritecnica SRL,,1,0,0
9102005381,09/01/2016,Veritecnica SRL,,0,0,1
1100025499,09/01/2016,Veritecnica SRL,,1,0,0
1200008866,09/01/2016,Veritecnica SRL,,1,0,0
1100025500,09/01/2016,Veritecnica SRL,,1,0,0
9102005382,09/01/2016,Veritecnica SRL,,0,0,1
1100026002,09/01/2016,Veritecnica SRL,,1,0,0
1100026001,09/01/2016,Veritecnica SRL,,1,0,0
9102005383,09/01/2016,Veritecnica SRL,,0,1,0
9202000890,09/01/2016,Veritecnica SRL,,0,0,1
9102005384,09/01/2016,Veritecnica SRL,,0,0,1
1100026003,09/01/2016,Veritecnica SRL,,1,0,0
1200008867,09/01/2016,Veritecnica SRL,,1,0,0
1100026004,09/01/2016,Veritecnica SRL,,1,0,0
1100026005,09/01/2016,Veritecnica SRL,,1,0,0
1200008868,09/01/2016,Veritecnica SRL,,1,0,0
1100026006,09/01/2016,Veritecnica SRL,,1,0,0
1200008869,09/01/2016,Veritecnica SRL,,1,0,0
1200008870,09/01/2016,Veritecnica SRL,,1,0,0
9202000891,09/01/2016,Veritecnica SRL,,0,0,1
1200008871,09/01/2016,Veritecnica SRL,,1,0,0
1100026007,09/01/2016,Veritecnica SRL,,1,0,0
9202000892,09/01/2016,Veritecnica SRL,,0,0,1
1100026008,09/01/2016,Veritecnica SRL,,1,0,0
1100026009,09/01/2016,Veritecnica SRL,,1,0,0
1100026010,09/01/2016,Veritecnica SRL,,1,0,0
1100026011,09/01/2016,Veritecnica SRL,,1,0,0
9202000893,09/01/2016,Veritecnica SRL,,0,0,1
1100026012,09/01/2016,Veritecnica SRL,,1,0,0
9102005385,09/01/2016,Veritecnica SRL,,0,1,0
1100026013,09/01/2016,Veritecnica SRL,,1,0,0
1100026014,09/01/2016,Veritecnica SRL,,1,0,0
1200008872,09/01/2016,Veritecnica SRL,,1,0,0
1200008873,09/01/2016,Veritecnica SRL,,1,0,0
1200008874,09/01/2016,Veritecnica SRL,,1,0,0
1200008875,09/01/2016,Veritecnica SRL,,1,0,0
1100026015,09/01/2016,Veritecnica SRL,,1,0,0
9102005386,09/01/2016,Veritecnica SRL,,0,0,1
9102005387,09/01/2016,Veritecnica SRL,,0,1,0
1200008876,09/01/2016,Veritecnica SRL,,1,0,0
1100026016,09/01/2016,Veritecnica SRL,,1,0,0
1200008877,09/01/2016,Veritecnica SRL,,1,0,0
9102005388,09/01/2016,Veritecnica SRL,,0,0,1
9102005389,09/01/2016,Veritecnica SRL,,0,1,0
1100026017,09/01/2016,Veritecnica SRL,,1,0,0
1100026018,09/01/2016,Veritecnica SRL,,1,0,0
1100026019,09/01/2016,Veritecnica SRL,,1,0,0
9102005390,09/01/2016,Veritecnica SRL,,0,1,0
1100026020,09/01/2016,Veritecnica SRL,,1,0,0
1100026021,09/01/2016,Veritecnica SRL,,1,0,0
1200008878,09/01/2016,Veritecnica SRL,,1,0,0
