Nrocertificado,Fecha,Idtaller,Dominiovehiculo,Aprobado,RechazadoLeveModerado,RechazadoGrave
1100020870,04/29/2016,Asociación de Bomberos Voluntarios - San Martín de los Andes,,1,0,0
1100020871,04/29/2016,Asociación de Bomberos Voluntarios - San Martín de los Andes,,1,0,0
9101001605,04/29/2016,Asociación de Bomberos Voluntarios - San Martín de los Andes,,0,0,1
1100020872,04/29/2016,Asociación de Bomberos Voluntarios - San Martín de los Andes,,1,0,0
9101001606,04/29/2016,Asociación de Bomberos Voluntarios - San Martín de los Andes,,0,1,0
1100020873,04/29/2016,Asociación de Bomberos Voluntarios - San Martín de los Andes,,1,0,0
1100020874,04/29/2016,Asociación de Bomberos Voluntarios - San Martín de los Andes,,1,0,0
1100020875,04/29/2016,Asociación de Bomberos Voluntarios - San Martín de los Andes,,1,0,0
9101001607,04/29/2016,Asociación de Bomberos Voluntarios - San Martín de los Andes,,0,0,1
1100020876,04/29/2016,Asociación de Bomberos Voluntarios - San Martín de los Andes,,1,0,0
1100020877,04/29/2016,Asociación de Bomberos Voluntarios - San Martín de los Andes,,1,0,0
9101001608,04/29/2016,Asociación de Bomberos Voluntarios - San Martín de los Andes,,0,1,0
1100020878,04/29/2016,Asociación de Bomberos Voluntarios - San Martín de los Andes,,1,0,0
1100020879,04/29/2016,Asociación de Bomberos Voluntarios - San Martín de los Andes,,1,0,0
9101001609,04/29/2016,Asociación de Bomberos Voluntarios - San Martín de los Andes,,0,1,0
9101001610,04/29/2016,Asociación de Bomberos Voluntarios - San Martín de los Andes,,0,1,0
1100020880,04/29/2016,Asociación de Bomberos Voluntarios - San Martín de los Andes,,1,0,0
1100020881,04/29/2016,Asociación de Bomberos Voluntarios - San Martín de los Andes,,1,0,0
1200005403,04/29/2016,Asociación de Bomberos Voluntarios - San Martín de los Andes,,1,0,0
1100020882,04/30/2016,Asociación de Bomberos Voluntarios - San Martín de los Andes,,1,0,0
1100020883,04/30/2016,Asociación de Bomberos Voluntarios - San Martín de los Andes,,1,0,0
1100020884,04/30/2016,Asociación de Bomberos Voluntarios - San Martín de los Andes,,1,0,0
9103001326,04/29/2016,Control SRL,,0,0,1
1100021392,04/29/2016,Control SRL,,1,0,0
1100021393,04/29/2016,Control SRL,,1,0,0
9103001327,04/29/2016,Control SRL,,0,0,1
1100021394,04/29/2016,Control SRL,,1,0,0
1100021395,04/29/2016,Control SRL,,1,0,0
1100021396,04/29/2016,Control SRL,,1,0,0
1100021397,04/29/2016,Control SRL,,1,0,0
1100021398,04/29/2016,Control SRL,,1,0,0
1100021399,04/29/2016,Control SRL,,1,0,0
1100021400,04/29/2016,Control SRL,,1,0,0
1100021401,04/29/2016,Control SRL,,1,0,0
1100021402,04/29/2016,Control SRL,,1,0,0
9103001328,04/29/2016,Control SRL,,0,0,1
1100021403,04/29/2016,Control SRL,,1,0,0
9203000353,04/29/2016,Control SRL,,0,0,1
9103001329,04/29/2016,Control SRL,,0,0,1
1200006858,04/29/2016,Control SRL,,1,0,0
9203000354,04/29/2016,Control SRL,,0,0,1
1100021404,04/29/2016,Control SRL,,1,0,0
1100021405,04/29/2016,Control SRL,,1,0,0
9103001330,04/29/2016,Control SRL,,0,0,1
9103001331,04/29/2016,Control SRL,,0,0,1
1100021406,04/29/2016,Control SRL,,1,0,0
1100021407,04/29/2016,Control SRL,,1,0,0
1100021408,04/29/2016,Control SRL,,1,0,0
9203000355,04/29/2016,Control SRL,,0,0,1
9203000356,04/29/2016,Control SRL,,0,0,1
9203000357,04/29/2016,Control SRL,,0,0,1
1100021409,04/29/2016,Control SRL,,1,0,0
1200006860,04/29/2016,Control SRL,,1,0,0
1200006859,04/29/2016,Control SRL,,1,0,0
1100021410,04/29/2016,Control SRL,,1,0,0
1100021751,04/29/2016,Control SRL,,1,0,0
1200006861,04/29/2016,Control SRL,,1,0,0
9203000358,04/29/2016,Control SRL,,0,0,1
1200006862,04/29/2016,Control SRL,,1,0,0
1200006863,04/29/2016,Control SRL,,1,0,0
9103001332,04/29/2016,Control SRL,,0,0,1
9103001333,04/29/2016,Control SRL,,0,0,1
1200006754,04/29/2016,Veritecnica SRL,,1,0,0
1200006755,04/29/2016,Veritecnica SRL,,1,0,0
1100021191,04/29/2016,Veritecnica SRL,,1,0,0
9102004352,04/29/2016,Veritecnica SRL,,0,0,1
1100021192,04/29/2016,Veritecnica SRL,,1,0,0
1200006756,04/29/2016,Veritecnica SRL,,1,0,0
9102004353,04/29/2016,Veritecnica SRL,,0,1,0
1100021193,04/29/2016,Veritecnica SRL,,1,0,0
9102004354,04/29/2016,Veritecnica SRL,,0,0,1
9102004355,04/29/2016,Veritecnica SRL,,0,1,0
9102004356,04/29/2016,Veritecnica SRL,,0,1,0
1100021194,04/29/2016,Veritecnica SRL,,1,0,0
1100021195,04/29/2016,Veritecnica SRL,,1,0,0
1200006757,04/29/2016,Veritecnica SRL,,1,0,0
9202000649,04/29/2016,Veritecnica SRL,,0,0,1
1200006758,04/29/2016,Veritecnica SRL,,1,0,0
1200006759,04/29/2016,Veritecnica SRL,,1,0,0
1100021196,04/29/2016,Veritecnica SRL,,1,0,0
9202000650,04/29/2016,Veritecnica SRL,,0,0,1
1200006760,04/29/2016,Veritecnica SRL,,1,0,0
1100021197,04/29/2016,Veritecnica SRL,,1,0,0
1100021198,04/29/2016,Veritecnica SRL,,1,0,0
1100021199,04/29/2016,Veritecnica SRL,,1,0,0
1100021200,04/29/2016,Veritecnica SRL,,1,0,0
9102004357,04/29/2016,Veritecnica SRL,,0,1,0
1200006761,04/29/2016,Veritecnica SRL,,1,0,0
1100021201,04/29/2016,Veritecnica SRL,,1,0,0
1100021202,04/29/2016,Veritecnica SRL,,1,0,0
1100021203,04/29/2016,Veritecnica SRL,,1,0,0
9102004358,04/29/2016,Veritecnica SRL,,0,1,0
9102004359,04/29/2016,Veritecnica SRL,,0,0,1
1200006762,04/29/2016,Veritecnica SRL,,1,0,0
9102004360,04/29/2016,Veritecnica SRL,,0,1,0
1100021204,04/29/2016,Veritecnica SRL,,1,0,0
9202000651,04/29/2016,Veritecnica SRL,,0,0,1
1100021205,04/29/2016,Veritecnica SRL,,1,0,0
1100021206,04/29/2016,Veritecnica SRL,,1,0,0
1100021207,04/29/2016,Veritecnica SRL,,1,0,0
1100021208,04/29/2016,Veritecnica SRL,,1,0,0
1100021209,04/29/2016,Veritecnica SRL,,1,0,0
1100021210,04/29/2016,Veritecnica SRL,,1,0,0
1100021211,04/29/2016,Veritecnica SRL,,1,0,0
1100021212,04/29/2016,Veritecnica SRL,,1,0,0
1100021213,04/29/2016,Veritecnica SRL,,1,0,0
1100021214,04/29/2016,Veritecnica SRL,,1,0,0
9102004361,04/29/2016,Veritecnica SRL,,0,1,0
1100021215,04/29/2016,Veritecnica SRL,,1,0,0
1100021216,04/29/2016,Veritecnica SRL,,1,0,0
1100021217,04/29/2016,Veritecnica SRL,,1,0,0
1200006763,04/29/2016,Veritecnica SRL,,1,0,0
1200006764,04/29/2016,Veritecnica SRL,,1,0,0
9102004362,04/29/2016,Veritecnica SRL,,0,1,0
9102004363,04/29/2016,Veritecnica SRL,,0,1,0
1100021218,04/29/2016,Veritecnica SRL,,1,0,0
1100021219,04/29/2016,Veritecnica SRL,,1,0,0
1100021220,04/29/2016,Veritecnica SRL,,1,0,0
1200006765,04/29/2016,Veritecnica SRL,,1,0,0
9102004364,04/29/2016,Veritecnica SRL,,0,1,0
9102004365,04/30/2016,Veritecnica SRL,,0,0,1
1200006766,04/30/2016,Veritecnica SRL,,1,0,0
1100021221,04/30/2016,Veritecnica SRL,,1,0,0
1100021222,04/30/2016,Veritecnica SRL,,1,0,0
1200006767,04/30/2016,Veritecnica SRL,,1,0,0
1100021223,04/30/2016,Veritecnica SRL,,1,0,0
9102004366,04/30/2016,Veritecnica SRL,,0,0,1
9102004367,04/30/2016,Veritecnica SRL,,0,1,0
1200006768,04/30/2016,Veritecnica SRL,,1,0,0
1200006769,04/30/2016,Veritecnica SRL,,1,0,0
1100021224,04/30/2016,Veritecnica SRL,,1,0,0
1200006770,04/30/2016,Veritecnica SRL,,1,0,0
1100021225,04/30/2016,Veritecnica SRL,,1,0,0
1100021226,04/30/2016,Veritecnica SRL,,1,0,0
1200006771,04/30/2016,Veritecnica SRL,,1,0,0
1200006772,04/30/2016,Veritecnica SRL,,1,0,0
1200006773,04/30/2016,Veritecnica SRL,,1,0,0
9102004368,04/30/2016,Veritecnica SRL,,0,1,0
9202000652,04/30/2016,Veritecnica SRL,,0,0,1
1200006774,04/30/2016,Veritecnica SRL,,1,0,0
1100021227,04/30/2016,Veritecnica SRL,,1,0,0
9102004369,04/30/2016,Veritecnica SRL,,0,0,1
1200006775,04/30/2016,Veritecnica SRL,,1,0,0
1200006776,04/30/2016,Veritecnica SRL,,1,0,0
1200006777,04/30/2016,Veritecnica SRL,,1,0,0
