Nrocertificado,Fecha,Idtaller,Dominiovehiculo,Aprobado,RechazadoLeveModerado,RechazadoGrave
1100026961,10/06/2016,Asociación de Bomberos Voluntarios - San Martín de los Andes,,1,0,0
1100026962,10/06/2016,Asociación de Bomberos Voluntarios - San Martín de los Andes,,1,0,0
1100026963,10/06/2016,Asociación de Bomberos Voluntarios - San Martín de los Andes,,1,0,0
1100026964,10/06/2016,Asociación de Bomberos Voluntarios - San Martín de los Andes,,1,0,0
1100026965,10/06/2016,Asociación de Bomberos Voluntarios - San Martín de los Andes,,1,0,0
1100026966,10/06/2016,Asociación de Bomberos Voluntarios - San Martín de los Andes,,1,0,0
9101002062,10/06/2016,Asociación de Bomberos Voluntarios - San Martín de los Andes,,0,1,0
1100026967,10/06/2016,Asociación de Bomberos Voluntarios - San Martín de los Andes,,1,0,0
1100026968,10/06/2016,Asociación de Bomberos Voluntarios - San Martín de los Andes,,1,0,0
1200008516,10/06/2016,Asociación de Bomberos Voluntarios - San Martín de los Andes,,1,0,0
1100026969,10/06/2016,Asociación de Bomberos Voluntarios - San Martín de los Andes,,1,0,0
1100026970,10/06/2016,Asociación de Bomberos Voluntarios - San Martín de los Andes,,1,0,0
1100026971,10/06/2016,Asociación de Bomberos Voluntarios - San Martín de los Andes,,1,0,0
9101002063,10/06/2016,Asociación de Bomberos Voluntarios - San Martín de los Andes,,0,1,0
1100026972,10/06/2016,Asociación de Bomberos Voluntarios - San Martín de los Andes,,1,0,0
1100026973,10/06/2016,Asociación de Bomberos Voluntarios - San Martín de los Andes,,1,0,0
1100026974,10/06/2016,Asociación de Bomberos Voluntarios - San Martín de los Andes,,1,0,0
9101002064,10/06/2016,Asociación de Bomberos Voluntarios - San Martín de los Andes,,0,1,0
1200008517,10/06/2016,Asociación de Bomberos Voluntarios - San Martín de los Andes,,1,0,0
9101002065,10/06/2016,Asociación de Bomberos Voluntarios - San Martín de los Andes,,0,1,0
9101002066,10/06/2016,Asociación de Bomberos Voluntarios - San Martín de los Andes,,0,1,0
1100026975,10/06/2016,Asociación de Bomberos Voluntarios - San Martín de los Andes,,1,0,0
9101002067,10/06/2016,Asociación de Bomberos Voluntarios - San Martín de los Andes,,0,1,0
1100026976,10/06/2016,Asociación de Bomberos Voluntarios - San Martín de los Andes,,1,0,0
1200008518,10/06/2016,Asociación de Bomberos Voluntarios - San Martín de los Andes,,1,0,0
1200008519,10/06/2016,Asociación de Bomberos Voluntarios - San Martín de los Andes,,1,0,0
9101002068,10/06/2016,Asociación de Bomberos Voluntarios - San Martín de los Andes,,0,1,0
9101002069,10/06/2016,Asociación de Bomberos Voluntarios - San Martín de los Andes,,0,1,0
1200008520,10/06/2016,Asociación de Bomberos Voluntarios - San Martín de los Andes,,1,0,0
1100026977,10/06/2016,Asociación de Bomberos Voluntarios - San Martín de los Andes,,1,0,0
1100026978,10/07/2016,Asociación de Bomberos Voluntarios - San Martín de los Andes,,1,0,0
1100026979,10/07/2016,Asociación de Bomberos Voluntarios - San Martín de los Andes,,1,0,0
1200008521,10/07/2016,Asociación de Bomberos Voluntarios - San Martín de los Andes,,1,0,0
1100026980,10/07/2016,Asociación de Bomberos Voluntarios - San Martín de los Andes,,1,0,0
1100026981,10/07/2016,Asociación de Bomberos Voluntarios - San Martín de los Andes,,1,0,0
1200008522,10/07/2016,Asociación de Bomberos Voluntarios - San Martín de los Andes,,1,0,0
1100026982,10/07/2016,Asociación de Bomberos Voluntarios - San Martín de los Andes,,1,0,0
1100026983,10/07/2016,Asociación de Bomberos Voluntarios - San Martín de los Andes,,1,0,0
1100026984,10/07/2016,Asociación de Bomberos Voluntarios - San Martín de los Andes,,1,0,0
9101002070,10/07/2016,Asociación de Bomberos Voluntarios - San Martín de los Andes,,0,1,0
1100026985,10/07/2016,Asociación de Bomberos Voluntarios - San Martín de los Andes,,1,0,0
1100026986,10/07/2016,Asociación de Bomberos Voluntarios - San Martín de los Andes,,1,0,0
1100026987,10/07/2016,Asociación de Bomberos Voluntarios - San Martín de los Andes,,1,0,0
1100026988,10/07/2016,Asociación de Bomberos Voluntarios - San Martín de los Andes,,1,0,0
1100026989,10/07/2016,Asociación de Bomberos Voluntarios - San Martín de los Andes,,1,0,0
1100027369,10/06/2016,Control SRL,,1,0,0
1100027370,10/06/2016,Control SRL,,1,0,0
1100027371,10/06/2016,Control SRL,,1,0,0
9203000472,10/06/2016,Control SRL,,0,0,1
1100027372,10/06/2016,Control SRL,,1,0,0
1100027373,10/06/2016,Control SRL,,1,0,0
1100027374,10/06/2016,Control SRL,,1,0,0
1100027375,10/06/2016,Control SRL,,1,0,0
1100027376,10/06/2016,Control SRL,,1,0,0
1100027377,10/06/2016,Control SRL,,1,0,0
1100027378,10/06/2016,Control SRL,,1,0,0
1100027379,10/06/2016,Control SRL,,1,0,0
1200009432,10/06/2016,Control SRL,,1,0,0
1100027380,10/06/2016,Control SRL,,1,0,0
1100027381,10/06/2016,Control SRL,,1,0,0
9203000473,10/06/2016,Control SRL,,0,0,1
1100027382,10/06/2016,Control SRL,,1,0,0
1200009435,10/06/2016,Control SRL,,1,0,0
1100027383,10/06/2016,Control SRL,,1,0,0
1200009433,10/06/2016,Control SRL,,1,0,0
1200009434,10/06/2016,Control SRL,,1,0,0
1100027384,10/06/2016,Control SRL,,1,0,0
1200009436,10/06/2016,Control SRL,,1,0,0
1100027385,10/06/2016,Control SRL,,1,0,0
1100027387,10/06/2016,Control SRL,,1,0,0
1100027386,10/06/2016,Control SRL,,1,0,0
1200009437,10/06/2016,Control SRL,,1,0,0
9203000474,10/06/2016,Control SRL,,0,0,1
1200009438,10/06/2016,Control SRL,,1,0,0
1200009440,10/06/2016,Control SRL,,1,0,0
1200009441,10/06/2016,Control SRL,,1,0,0
1200009442,10/06/2016,Control SRL,,1,0,0
1200009439,10/06/2016,Control SRL,,1,0,0
1200009443,10/06/2016,Control SRL,,1,0,0
1200009444,10/06/2016,Control SRL,,1,0,0
1100027388,10/06/2016,Control SRL,,1,0,0
1100027389,10/06/2016,Control SRL,,1,0,0
1100027390,10/06/2016,Control SRL,,1,0,0
1100027392,10/07/2016,Control SRL,,1,0,0
1200009446,10/07/2016,Control SRL,,1,0,0
1200009445,10/07/2016,Control SRL,,1,0,0
1200009447,10/07/2016,Control SRL,,1,0,0
1200009448,10/07/2016,Control SRL,,1,0,0
1100027391,10/07/2016,Control SRL,,1,0,0
1100027393,10/07/2016,Control SRL,,1,0,0
1200009450,10/07/2016,Control SRL,,1,0,0
1200009449,10/07/2016,Control SRL,,1,0,0
1200009451,10/07/2016,Control SRL,,1,0,0
1200009452,10/07/2016,Control SRL,,1,0,0
1200009453,10/07/2016,Control SRL,,1,0,0
1100027394,10/07/2016,Control SRL,,1,0,0
1100027395,10/07/2016,Control SRL,,1,0,0
1200009455,10/07/2016,Control SRL,,1,0,0
9203000475,10/07/2016,Control SRL,,0,0,1
1200009456,10/07/2016,Control SRL,,1,0,0
1100027396,10/07/2016,Control SRL,,1,0,0
1100027397,10/07/2016,Control SRL,,1,0,0
1100027398,10/07/2016,Control SRL,,1,0,0
1200009454,10/07/2016,Control SRL,,1,0,0
1100027399,10/07/2016,Control SRL,,1,0,0
1100027400,10/07/2016,Control SRL,,1,0,0
1100027401,10/07/2016,Control SRL,,1,0,0
1100027402,10/07/2016,Control SRL,,1,0,0
9103001740,10/07/2016,Control SRL,,0,0,1
1100027403,10/07/2016,Control SRL,,1,0,0
1100027404,10/07/2016,Control SRL,,1,0,0
1100027405,10/07/2016,Control SRL,,1,0,0
1100027406,10/07/2016,Control SRL,,1,0,0
1100027407,10/07/2016,Control SRL,,1,0,0
1100027408,10/07/2016,Control SRL,,1,0,0
1100027409,10/07/2016,Control SRL,,1,0,0
1200009457,10/07/2016,Control SRL,,1,0,0
1100027179,10/06/2016,Veritecnica SRL,,1,0,0
9102005665,10/06/2016,Veritecnica SRL,,0,0,1
1100027180,10/06/2016,Veritecnica SRL,,1,0,0
1100027181,10/06/2016,Veritecnica SRL,,1,0,0
1100027182,10/06/2016,Veritecnica SRL,,1,0,0
1100027183,10/06/2016,Veritecnica SRL,,1,0,0
9102005666,10/06/2016,Veritecnica SRL,,0,0,1
1100027184,10/06/2016,Veritecnica SRL,,1,0,0
9102005667,10/06/2016,Veritecnica SRL,,0,0,1
9102005668,10/06/2016,Veritecnica SRL,,0,0,1
1100027185,10/06/2016,Veritecnica SRL,,1,0,0
1100027186,10/06/2016,Veritecnica SRL,,1,0,0
1100027187,10/06/2016,Veritecnica SRL,,1,0,0
1100027188,10/06/2016,Veritecnica SRL,,1,0,0
1200009352,10/06/2016,Veritecnica SRL,,1,0,0
1100027189,10/06/2016,Veritecnica SRL,,1,0,0
1200009353,10/06/2016,Veritecnica SRL,,1,0,0
1100027190,10/06/2016,Veritecnica SRL,,1,0,0
1100027191,10/06/2016,Veritecnica SRL,,1,0,0
9102005669,10/06/2016,Veritecnica SRL,,0,1,0
1100027192,10/06/2016,Veritecnica SRL,,1,0,0
1100027193,10/06/2016,Veritecnica SRL,,1,0,0
1100027194,10/06/2016,Veritecnica SRL,,1,0,0
1200009354,10/06/2016,Veritecnica SRL,,1,0,0
1100027195,10/06/2016,Veritecnica SRL,,1,0,0
1100027196,10/06/2016,Veritecnica SRL,,1,0,0
1100027197,10/06/2016,Veritecnica SRL,,1,0,0
9102005670,10/06/2016,Veritecnica SRL,,0,1,0
9102005671,10/06/2016,Veritecnica SRL,,0,1,0
1200009355,10/06/2016,Veritecnica SRL,,1,0,0
9202000994,10/06/2016,Veritecnica SRL,,0,0,1
1100027198,10/06/2016,Veritecnica SRL,,1,0,0
1200009356,10/06/2016,Veritecnica SRL,,1,0,0
1100027199,10/06/2016,Veritecnica SRL,,1,0,0
1100027200,10/06/2016,Veritecnica SRL,,1,0,0
1200009357,10/06/2016,Veritecnica SRL,,1,0,0
1200009358,10/06/2016,Veritecnica SRL,,1,0,0
1100027201,10/06/2016,Veritecnica SRL,,1,0,0
1200009359,10/06/2016,Veritecnica SRL,,1,0,0
9102005672,10/06/2016,Veritecnica SRL,,0,1,0
1100027202,10/06/2016,Veritecnica SRL,,1,0,0
1100027203,10/06/2016,Veritecnica SRL,,1,0,0
1100027204,10/06/2016,Veritecnica SRL,,1,0,0
1100027205,10/06/2016,Veritecnica SRL,,1,0,0
1100027206,10/06/2016,Veritecnica SRL,,1,0,0
1100027207,10/06/2016,Veritecnica SRL,,1,0,0
1200009360,10/06/2016,Veritecnica SRL,,1,0,0
9102005673,10/06/2016,Veritecnica SRL,,0,1,0
1100027208,10/06/2016,Veritecnica SRL,,1,0,0
1100027209,10/06/2016,Veritecnica SRL,,1,0,0
1100027210,10/06/2016,Veritecnica SRL,,1,0,0
1200009361,10/06/2016,Veritecnica SRL,,1,0,0
1100027211,10/06/2016,Veritecnica SRL,,1,0,0
1100027212,10/06/2016,Veritecnica SRL,,1,0,0
1100027214,10/06/2016,Veritecnica SRL,,1,0,0
1100027215,10/06/2016,Veritecnica SRL,,1,0,0
1200009362,10/06/2016,Veritecnica SRL,,1,0,0
1100027213,10/06/2016,Veritecnica SRL,,1,0,0
1100027216,10/06/2016,Veritecnica SRL,,1,0,0
1100027217,10/06/2016,Veritecnica SRL,,1,0,0
1200009363,10/06/2016,Veritecnica SRL,,1,0,0
1100027218,10/06/2016,Veritecnica SRL,,1,0,0
1200009364,10/06/2016,Veritecnica SRL,,1,0,0
1200009365,10/06/2016,Veritecnica SRL,,1,0,0
1100027219,10/06/2016,Veritecnica SRL,,1,0,0
1100027220,10/06/2016,Veritecnica SRL,,1,0,0
1200009366,10/06/2016,Veritecnica SRL,,1,0,0
1100027221,10/06/2016,Veritecnica SRL,,1,0,0
1100027222,10/06/2016,Veritecnica SRL,,1,0,0
1100027223,10/06/2016,Veritecnica SRL,,1,0,0
1100027224,10/07/2016,Veritecnica SRL,,1,0,0
1100027225,10/07/2016,Veritecnica SRL,,1,0,0
1100027226,10/07/2016,Veritecnica SRL,,1,0,0
9102005674,10/07/2016,Veritecnica SRL,,0,0,1
1100027227,10/07/2016,Veritecnica SRL,,1,0,0
1100027228,10/07/2016,Veritecnica SRL,,1,0,0
1100027229,10/07/2016,Veritecnica SRL,,1,0,0
1200009367,10/07/2016,Veritecnica SRL,,1,0,0
1100027230,10/07/2016,Veritecnica SRL,,1,0,0
1200009368,10/07/2016,Veritecnica SRL,,1,0,0
1100027231,10/07/2016,Veritecnica SRL,,1,0,0
1100027232,10/07/2016,Veritecnica SRL,,1,0,0
1100027233,10/07/2016,Veritecnica SRL,,1,0,0
1100027234,10/07/2016,Veritecnica SRL,,1,0,0
1100027235,10/07/2016,Veritecnica SRL,,1,0,0
1100027236,10/07/2016,Veritecnica SRL,,1,0,0
9202000995,10/07/2016,Veritecnica SRL,,0,0,1
1100027237,10/07/2016,Veritecnica SRL,,1,0,0
1100027238,10/07/2016,Veritecnica SRL,,1,0,0
1100027239,10/07/2016,Veritecnica SRL,,1,0,0
9102005675,10/07/2016,Veritecnica SRL,,0,0,1
9102005676,10/07/2016,Veritecnica SRL,,0,0,1
1100027240,10/07/2016,Veritecnica SRL,,1,0,0
9102005677,10/07/2016,Veritecnica SRL,,0,1,0
1100027242,10/07/2016,Veritecnica SRL,,1,0,0
1100027241,10/07/2016,Veritecnica SRL,,1,0,0
9102005678,10/07/2016,Veritecnica SRL,,0,1,0
1200009369,10/07/2016,Veritecnica SRL,,1,0,0
1100027243,10/07/2016,Veritecnica SRL,,1,0,0
1200009370,10/07/2016,Veritecnica SRL,,1,0,0
1200009371,10/07/2016,Veritecnica SRL,,1,0,0
9102005679,10/07/2016,Veritecnica SRL,,0,1,0
1100027244,10/07/2016,Veritecnica SRL,,1,0,0
1200009372,10/07/2016,Veritecnica SRL,,1,0,0
1200009373,10/07/2016,Veritecnica SRL,,1,0,0
9202000996,10/07/2016,Veritecnica SRL,,0,0,1
1200009374,10/07/2016,Veritecnica SRL,,1,0,0
1200009375,10/07/2016,Veritecnica SRL,,1,0,0
1100027245,10/07/2016,Veritecnica SRL,,1,0,0
1100027246,10/07/2016,Veritecnica SRL,,1,0,0
1100027247,10/07/2016,Veritecnica SRL,,1,0,0
1100027248,10/07/2016,Veritecnica SRL,,1,0,0
1100027249,10/07/2016,Veritecnica SRL,,1,0,0
1100027250,10/07/2016,Veritecnica SRL,,1,0,0
1100027751,10/07/2016,Veritecnica SRL,,1,0,0
1100027752,10/07/2016,Veritecnica SRL,,1,0,0
9102005680,10/07/2016,Veritecnica SRL,,0,1,0
1200009376,10/07/2016,Veritecnica SRL,,1,0,0
1200009377,10/07/2016,Veritecnica SRL,,1,0,0
1100027753,10/07/2016,Veritecnica SRL,,1,0,0
1100027754,10/07/2016,Veritecnica SRL,,1,0,0
9202000997,10/07/2016,Veritecnica SRL,,0,0,1
1100027755,10/07/2016,Veritecnica SRL,,1,0,0
1100027756,10/07/2016,Veritecnica SRL,,1,0,0
1100027757,10/07/2016,Veritecnica SRL,,1,0,0
1100027759,10/07/2016,Veritecnica SRL,,1,0,0
1100027758,10/07/2016,Veritecnica SRL,,1,0,0
1100027760,10/07/2016,Veritecnica SRL,,1,0,0
9102005681,10/07/2016,Veritecnica SRL,,0,0,1
1100027761,10/07/2016,Veritecnica SRL,,1,0,0
9102005682,10/07/2016,Veritecnica SRL,,0,1,0
9102005683,10/07/2016,Veritecnica SRL,,0,0,1
