Nrocertificado,Fecha,Idtaller,Dominiovehiculo,Aprobado,RechazadoLeveModerado,RechazadoGrave
1100027547,10/14/2016,Asociación de Bomberos Voluntarios - San Martín de los Andes,,1,0,0
1100027548,10/14/2016,Asociación de Bomberos Voluntarios - San Martín de los Andes,,1,0,0
9101002086,10/14/2016,Asociación de Bomberos Voluntarios - San Martín de los Andes,,0,1,0
1100027549,10/14/2016,Asociación de Bomberos Voluntarios - San Martín de los Andes,,1,0,0
1100027550,10/14/2016,Asociación de Bomberos Voluntarios - San Martín de los Andes,,1,0,0
1100027551,10/14/2016,Asociación de Bomberos Voluntarios - San Martín de los Andes,,1,0,0
1100027552,10/14/2016,Asociación de Bomberos Voluntarios - San Martín de los Andes,,1,0,0
1100027553,10/14/2016,Asociación de Bomberos Voluntarios - San Martín de los Andes,,1,0,0
9101002087,10/14/2016,Asociación de Bomberos Voluntarios - San Martín de los Andes,,0,1,0
1100027554,10/14/2016,Asociación de Bomberos Voluntarios - San Martín de los Andes,,1,0,0
1200008526,10/14/2016,Asociación de Bomberos Voluntarios - San Martín de los Andes,,1,0,0
1100027555,10/14/2016,Asociación de Bomberos Voluntarios - San Martín de los Andes,,1,0,0
1100027556,10/14/2016,Asociación de Bomberos Voluntarios - San Martín de los Andes,,1,0,0
9101002088,10/14/2016,Asociación de Bomberos Voluntarios - San Martín de los Andes,,0,1,0
1100027557,10/14/2016,Asociación de Bomberos Voluntarios - San Martín de los Andes,,1,0,0
1100027558,10/14/2016,Asociación de Bomberos Voluntarios - San Martín de los Andes,,1,0,0
9101002089,10/15/2016,Asociación de Bomberos Voluntarios - San Martín de los Andes,,0,1,0
1100027559,10/15/2016,Asociación de Bomberos Voluntarios - San Martín de los Andes,,1,0,0
9101002090,10/15/2016,Asociación de Bomberos Voluntarios - San Martín de los Andes,,0,1,0
1100027560,10/15/2016,Asociación de Bomberos Voluntarios - San Martín de los Andes,,1,0,0
1200008527,10/15/2016,Asociación de Bomberos Voluntarios - San Martín de los Andes,,1,0,0
1200008528,10/15/2016,Asociación de Bomberos Voluntarios - San Martín de los Andes,,1,0,0
1200008529,10/15/2016,Asociación de Bomberos Voluntarios - San Martín de los Andes,,1,0,0
1200008530,10/15/2016,Asociación de Bomberos Voluntarios - San Martín de los Andes,,1,0,0
1100027561,10/15/2016,Asociación de Bomberos Voluntarios - San Martín de los Andes,,1,0,0
1100027562,10/15/2016,Asociación de Bomberos Voluntarios - San Martín de los Andes,,1,0,0
1100027563,10/15/2016,Asociación de Bomberos Voluntarios - San Martín de los Andes,,1,0,0
1100027564,10/15/2016,Asociación de Bomberos Voluntarios - San Martín de los Andes,,1,0,0
1100027565,10/15/2016,Asociación de Bomberos Voluntarios - San Martín de los Andes,,1,0,0
1100027566,10/15/2016,Asociación de Bomberos Voluntarios - San Martín de los Andes,,1,0,0
1100027567,10/15/2016,Asociación de Bomberos Voluntarios - San Martín de los Andes,,1,0,0
1100027568,10/15/2016,Asociación de Bomberos Voluntarios - San Martín de los Andes,,1,0,0
9103001755,10/14/2016,Control SRL,,0,0,1
1100027467,10/14/2016,Control SRL,,1,0,0
1100027468,10/14/2016,Control SRL,,1,0,0
1100027469,10/14/2016,Control SRL,,1,0,0
9103001756,10/14/2016,Control SRL,,0,0,1
1100027470,10/14/2016,Control SRL,,1,0,0
1200009488,10/14/2016,Control SRL,,1,0,0
1200009493,10/14/2016,Control SRL,,1,0,0
1200009489,10/14/2016,Control SRL,,1,0,0
1100027471,10/14/2016,Control SRL,,1,0,0
1100027472,10/14/2016,Control SRL,,1,0,0
9103001757,10/14/2016,Control SRL,,0,0,1
1200009490,10/14/2016,Control SRL,,1,0,0
1100027473,10/14/2016,Control SRL,,1,0,0
1100027474,10/14/2016,Control SRL,,1,0,0
1200009492,10/14/2016,Control SRL,,1,0,0
1100027475,10/14/2016,Control SRL,,1,0,0
1100027476,10/14/2016,Control SRL,,1,0,0
1100027477,10/14/2016,Control SRL,,1,0,0
1200009494,10/14/2016,Control SRL,,1,0,0
1200009495,10/14/2016,Control SRL,,1,0,0
1100027478,10/14/2016,Control SRL,,1,0,0
1200009491,10/14/2016,Control SRL,,1,0,0
1200009496,10/14/2016,Control SRL,,1,0,0
1100027479,10/14/2016,Control SRL,,1,0,0
9103001758,10/14/2016,Control SRL,,0,0,1
9203000478,10/14/2016,Control SRL,,0,0,1
1200009497,10/14/2016,Control SRL,,1,0,0
9103001759,10/14/2016,Control SRL,,0,0,1
1200009601,10/14/2016,Control SRL,,1,0,0
9103001760,10/14/2016,Control SRL,,0,0,1
1100027867,10/14/2016,Veritecnica SRL,,1,0,0
1100027868,10/14/2016,Veritecnica SRL,,1,0,0
1100027869,10/14/2016,Veritecnica SRL,,1,0,0
1100027870,10/14/2016,Veritecnica SRL,,1,0,0
1100027871,10/14/2016,Veritecnica SRL,,1,0,0
1100027872,10/14/2016,Veritecnica SRL,,1,0,0
1100027873,10/14/2016,Veritecnica SRL,,1,0,0
9202001011,10/14/2016,Veritecnica SRL,,0,0,1
9202001012,10/14/2016,Veritecnica SRL,,0,0,1
9102005712,10/14/2016,Veritecnica SRL,,0,0,1
1100027874,10/14/2016,Veritecnica SRL,,1,0,0
9102005713,10/14/2016,Veritecnica SRL,,0,0,1
9202001013,10/14/2016,Veritecnica SRL,,0,0,1
9202001014,10/14/2016,Veritecnica SRL,,0,0,1
9202001015,10/14/2016,Veritecnica SRL,,0,0,1
1100027875,10/14/2016,Veritecnica SRL,,1,0,0
1200009522,10/14/2016,Veritecnica SRL,,1,0,0
1100027876,10/14/2016,Veritecnica SRL,,1,0,0
9202001016,10/14/2016,Veritecnica SRL,,0,0,1
1200009523,10/14/2016,Veritecnica SRL,,1,0,0
1200009524,10/14/2016,Veritecnica SRL,,1,0,0
1100027877,10/14/2016,Veritecnica SRL,,1,0,0
1100027878,10/14/2016,Veritecnica SRL,,1,0,0
1100027879,10/14/2016,Veritecnica SRL,,1,0,0
1100027880,10/14/2016,Veritecnica SRL,,1,0,0
1200009525,10/14/2016,Veritecnica SRL,,1,0,0
1200009526,10/14/2016,Veritecnica SRL,,1,0,0
1200009527,10/14/2016,Veritecnica SRL,,1,0,0
9102005714,10/14/2016,Veritecnica SRL,,0,1,0
1200009528,10/14/2016,Veritecnica SRL,,1,0,0
1200009529,10/14/2016,Veritecnica SRL,,1,0,0
1100027881,10/14/2016,Veritecnica SRL,,1,0,0
1100027882,10/14/2016,Veritecnica SRL,,1,0,0
1100027883,10/14/2016,Veritecnica SRL,,1,0,0
9202001017,10/14/2016,Veritecnica SRL,,0,0,1
9102005715,10/14/2016,Veritecnica SRL,,0,1,0
1100027884,10/14/2016,Veritecnica SRL,,1,0,0
1100027885,10/14/2016,Veritecnica SRL,,1,0,0
9202001018,10/14/2016,Veritecnica SRL,,0,0,1
1200009530,10/14/2016,Veritecnica SRL,,1,0,0
1200009531,10/14/2016,Veritecnica SRL,,1,0,0
9202001019,10/14/2016,Veritecnica SRL,,0,0,1
9102005716,10/14/2016,Veritecnica SRL,,0,0,1
9102005717,10/14/2016,Veritecnica SRL,,0,1,0
1100027886,10/14/2016,Veritecnica SRL,,1,0,0
1100027887,10/14/2016,Veritecnica SRL,,1,0,0
1200009532,10/14/2016,Veritecnica SRL,,1,0,0
1200009533,10/15/2016,Veritecnica SRL,,1,0,0
1100027888,10/15/2016,Veritecnica SRL,,1,0,0
1100027889,10/15/2016,Veritecnica SRL,,1,0,0
1100027890,10/15/2016,Veritecnica SRL,,1,0,0
1100027891,10/15/2016,Veritecnica SRL,,1,0,0
1100027892,10/15/2016,Veritecnica SRL,,1,0,0
1200009534,10/15/2016,Veritecnica SRL,,1,0,0
9102005718,10/15/2016,Veritecnica SRL,,0,1,0
1200009535,10/15/2016,Veritecnica SRL,,1,0,0
9102005719,10/15/2016,Veritecnica SRL,,0,1,0
9202001020,10/15/2016,Veritecnica SRL,,0,0,1
1200009536,10/15/2016,Veritecnica SRL,,1,0,0
9102005720,10/15/2016,Veritecnica SRL,,0,1,0
1100027893,10/15/2016,Veritecnica SRL,,1,0,0
9102005721,10/15/2016,Veritecnica SRL,,0,0,1
9202001021,10/15/2016,Veritecnica SRL,,0,0,1
1100027894,10/15/2016,Veritecnica SRL,,1,0,0
9202001022,10/15/2016,Veritecnica SRL,,0,0,1
1100027895,10/15/2016,Veritecnica SRL,,1,0,0
9102005722,10/15/2016,Veritecnica SRL,,0,0,1
1100027896,10/15/2016,Veritecnica SRL,,1,0,0
1100027897,10/15/2016,Veritecnica SRL,,1,0,0
9102005723,10/15/2016,Veritecnica SRL,,0,0,1
9202001023,10/15/2016,Veritecnica SRL,,0,0,1
1100027898,10/15/2016,Veritecnica SRL,,1,0,0
1200009395,10/15/2016,Veritecnica SRL,,1,0,0
1200009396,10/15/2016,Veritecnica SRL,,1,0,0
9102005724,10/15/2016,Veritecnica SRL,,0,0,1
1200009397,10/15/2016,Veritecnica SRL,,1,0,0
1200009398,10/15/2016,Veritecnica SRL,,1,0,0
1100027899,10/15/2016,Veritecnica SRL,,1,0,0
1200009399,10/15/2016,Veritecnica SRL,,1,0,0
1100027900,10/15/2016,Veritecnica SRL,,1,0,0
1200009400,10/15/2016,Veritecnica SRL,,1,0,0
9102005725,10/15/2016,Veritecnica SRL,,0,1,0
9202001024,10/15/2016,Veritecnica SRL,,0,0,1
1200009537,10/15/2016,Veritecnica SRL,,1,0,0
1200009538,10/15/2016,Veritecnica SRL,,1,0,0
1200009539,10/15/2016,Veritecnica SRL,,1,0,0
1200009540,10/15/2016,Veritecnica SRL,,1,0,0
1200009541,10/15/2016,Veritecnica SRL,,1,0,0
