Nrocertificado,Fecha,Idtaller,Dominiovehiculo,Aprobado,RechazadoLeveModerado,RechazadoGrave
1100029529,11/19/2016,Asociación de Bomberos Voluntarios - San Martín de los Andes,,1,0,0
1200008580,11/19/2016,Asociación de Bomberos Voluntarios - San Martín de los Andes,,1,0,0
1100029530,11/19/2016,Asociación de Bomberos Voluntarios - San Martín de los Andes,,1,0,0
1100029531,11/19/2016,Asociación de Bomberos Voluntarios - San Martín de los Andes,,1,0,0
1100029532,11/19/2016,Asociación de Bomberos Voluntarios - San Martín de los Andes,,1,0,0
1100029533,11/19/2016,Asociación de Bomberos Voluntarios - San Martín de los Andes,,1,0,0
1100029534,11/19/2016,Asociación de Bomberos Voluntarios - San Martín de los Andes,,1,0,0
1100029535,11/19/2016,Asociación de Bomberos Voluntarios - San Martín de los Andes,,1,0,0
9101002223,11/19/2016,Asociación de Bomberos Voluntarios - San Martín de los Andes,,0,1,0
1100029262,11/19/2016,Veritecnica SRL,,1,0,0
1100029263,11/19/2016,Veritecnica SRL,,1,0,0
1100029264,11/19/2016,Veritecnica SRL,,1,0,0
1100029265,11/19/2016,Veritecnica SRL,,1,0,0
1100029266,11/19/2016,Veritecnica SRL,,1,0,0
1100029267,11/19/2016,Veritecnica SRL,,1,0,0
1100029268,11/19/2016,Veritecnica SRL,,1,0,0
1100029269,11/19/2016,Veritecnica SRL,,1,0,0
1100029270,11/19/2016,Veritecnica SRL,,1,0,0
1100029271,11/19/2016,Veritecnica SRL,,1,0,0
1100029272,11/19/2016,Veritecnica SRL,,1,0,0
1100029273,11/19/2016,Veritecnica SRL,,1,0,0
1100029274,11/19/2016,Veritecnica SRL,,1,0,0
1200010243,11/19/2016,Veritecnica SRL,,1,0,0
1100029275,11/19/2016,Veritecnica SRL,,1,0,0
1100029276,11/19/2016,Veritecnica SRL,,1,0,0
1100029277,11/19/2016,Veritecnica SRL,,1,0,0
9102005949,11/19/2016,Veritecnica SRL,,0,1,0
1200010244,11/19/2016,Veritecnica SRL,,1,0,0
