Nrocertificado,Fecha,Idtaller,Dominiovehiculo,Aprobado,RechazadoLeveModerado,RechazadoGrave
1100027589,10/18/2016,Asociación de Bomberos Voluntarios - San Martín de los Andes,,1,0,0
1100027590,10/18/2016,Asociación de Bomberos Voluntarios - San Martín de los Andes,,1,0,0
1100027591,10/18/2016,Asociación de Bomberos Voluntarios - San Martín de los Andes,,1,0,0
1200008531,10/18/2016,Asociación de Bomberos Voluntarios - San Martín de los Andes,,1,0,0
1100027592,10/18/2016,Asociación de Bomberos Voluntarios - San Martín de los Andes,,1,0,0
9101002095,10/18/2016,Asociación de Bomberos Voluntarios - San Martín de los Andes,,0,0,1
1100027593,10/18/2016,Asociación de Bomberos Voluntarios - San Martín de los Andes,,1,0,0
1100027594,10/18/2016,Asociación de Bomberos Voluntarios - San Martín de los Andes,,1,0,0
1100027595,10/18/2016,Asociación de Bomberos Voluntarios - San Martín de los Andes,,1,0,0
1100027596,10/18/2016,Asociación de Bomberos Voluntarios - San Martín de los Andes,,1,0,0
1100027597,10/18/2016,Asociación de Bomberos Voluntarios - San Martín de los Andes,,1,0,0
1100027598,10/18/2016,Asociación de Bomberos Voluntarios - San Martín de los Andes,,1,0,0
9101002096,10/18/2016,Asociación de Bomberos Voluntarios - San Martín de los Andes,,0,0,1
1100027599,10/18/2016,Asociación de Bomberos Voluntarios - San Martín de los Andes,,1,0,0
1100027600,10/19/2016,Asociación de Bomberos Voluntarios - San Martín de los Andes,,1,0,0
9101002097,10/19/2016,Asociación de Bomberos Voluntarios - San Martín de los Andes,,0,1,0
9101002098,10/19/2016,Asociación de Bomberos Voluntarios - San Martín de los Andes,,0,1,0
9101002099,10/19/2016,Asociación de Bomberos Voluntarios - San Martín de los Andes,,0,1,0
9101002100,10/19/2016,Asociación de Bomberos Voluntarios - San Martín de los Andes,,0,1,0
1100027601,10/19/2016,Asociación de Bomberos Voluntarios - San Martín de los Andes,,1,0,0
9201000392,10/19/2016,Asociación de Bomberos Voluntarios - San Martín de los Andes,,0,1,0
1100027602,10/19/2016,Asociación de Bomberos Voluntarios - San Martín de los Andes,,1,0,0
1100027603,10/19/2016,Asociación de Bomberos Voluntarios - San Martín de los Andes,,1,0,0
9101002101,10/19/2016,Asociación de Bomberos Voluntarios - San Martín de los Andes,,0,1,0
1100027604,10/19/2016,Asociación de Bomberos Voluntarios - San Martín de los Andes,,1,0,0
1100027605,10/19/2016,Asociación de Bomberos Voluntarios - San Martín de los Andes,,1,0,0
9101002102,10/19/2016,Asociación de Bomberos Voluntarios - San Martín de los Andes,,0,1,0
9101002103,10/19/2016,Asociación de Bomberos Voluntarios - San Martín de los Andes,,0,1,0
9103001765,10/18/2016,Control SRL,,0,0,1
9103001766,10/18/2016,Control SRL,,0,0,1
1100027495,10/18/2016,Control SRL,,1,0,0
1100027496,10/18/2016,Control SRL,,1,0,0
1100027497,10/18/2016,Control SRL,,1,0,0
1100027498,10/18/2016,Control SRL,,1,0,0
1200009613,10/18/2016,Control SRL,,1,0,0
1100028001,10/18/2016,Control SRL,,1,0,0
1100027499,10/18/2016,Control SRL,,1,0,0
1100028002,10/18/2016,Control SRL,,1,0,0
9203000481,10/18/2016,Control SRL,,0,0,1
1200009615,10/18/2016,Control SRL,,1,0,0
1100028003,10/18/2016,Control SRL,,1,0,0
1100028006,10/18/2016,Control SRL,,1,0,0
1100028004,10/18/2016,Control SRL,,1,0,0
1100028005,10/18/2016,Control SRL,,1,0,0
9203000482,10/18/2016,Control SRL,,0,0,1
1100028007,10/18/2016,Control SRL,,1,0,0
1100028008,10/18/2016,Control SRL,,1,0,0
1200009616,10/18/2016,Control SRL,,1,0,0
1100028009,10/18/2016,Control SRL,,1,0,0
1100028010,10/18/2016,Control SRL,,1,0,0
1200009617,10/18/2016,Control SRL,,1,0,0
1200009618,10/18/2016,Control SRL,,1,0,0
1200009619,10/18/2016,Control SRL,,1,0,0
1200009621,10/18/2016,Control SRL,,1,0,0
1200009622,10/18/2016,Control SRL,,1,0,0
1200009623,10/18/2016,Control SRL,,1,0,0
1200009620,10/18/2016,Control SRL,,1,0,0
9203000483,10/18/2016,Control SRL,,0,0,1
1100028011,10/18/2016,Control SRL,,1,0,0
1100028013,10/18/2016,Control SRL,,1,0,0
1100028012,10/18/2016,Control SRL,,1,0,0
1100028014,10/18/2016,Control SRL,,1,0,0
1100028015,10/19/2016,Control SRL,,1,0,0
1100028016,10/19/2016,Control SRL,,1,0,0
1100028017,10/19/2016,Control SRL,,1,0,0
1200009630,10/19/2016,Control SRL,,1,0,0
1100028018,10/19/2016,Control SRL,,1,0,0
1100028019,10/19/2016,Control SRL,,1,0,0
1200009624,10/19/2016,Control SRL,,1,0,0
1200009626,10/19/2016,Control SRL,,1,0,0
1200009625,10/19/2016,Control SRL,,1,0,0
1100028020,10/19/2016,Control SRL,,1,0,0
1200009627,10/19/2016,Control SRL,,1,0,0
1100028021,10/19/2016,Control SRL,,1,0,0
1200009628,10/19/2016,Control SRL,,1,0,0
1100028022,10/19/2016,Control SRL,,1,0,0
1200009631,10/19/2016,Control SRL,,1,0,0
1100028023,10/19/2016,Control SRL,,1,0,0
9103001767,10/19/2016,Control SRL,,0,0,1
9103001768,10/19/2016,Control SRL,,0,0,1
1100028025,10/19/2016,Control SRL,,1,0,0
1100028026,10/19/2016,Control SRL,,1,0,0
1100028027,10/19/2016,Control SRL,,1,0,0
1200009629,10/19/2016,Control SRL,,1,0,0
1200009632,10/19/2016,Control SRL,,1,0,0
9103001769,10/19/2016,Control SRL,,0,0,1
9103001770,10/19/2016,Control SRL,,0,0,1
1100028028,10/19/2016,Control SRL,,1,0,0
1100027928,10/18/2016,Veritecnica SRL,,1,0,0
1200009551,10/18/2016,Veritecnica SRL,,1,0,0
1200009552,10/18/2016,Veritecnica SRL,,1,0,0
9102005736,10/18/2016,Veritecnica SRL,,0,1,0
1200009553,10/18/2016,Veritecnica SRL,,1,0,0
1100027929,10/18/2016,Veritecnica SRL,,1,0,0
1200009554,10/18/2016,Veritecnica SRL,,1,0,0
1200009555,10/18/2016,Veritecnica SRL,,1,0,0
9102005737,10/18/2016,Veritecnica SRL,,0,0,1
1100027930,10/18/2016,Veritecnica SRL,,1,0,0
9202001030,10/18/2016,Veritecnica SRL,,0,0,1
9102005738,10/18/2016,Veritecnica SRL,,0,1,0
1100027931,10/18/2016,Veritecnica SRL,,1,0,0
1100027932,10/18/2016,Veritecnica SRL,,1,0,0
1100027933,10/18/2016,Veritecnica SRL,,1,0,0
1200009556,10/18/2016,Veritecnica SRL,,1,0,0
1100027934,10/18/2016,Veritecnica SRL,,1,0,0
1100027935,10/18/2016,Veritecnica SRL,,1,0,0
1100027936,10/18/2016,Veritecnica SRL,,1,0,0
9102005739,10/18/2016,Veritecnica SRL,,0,1,0
1200009557,10/18/2016,Veritecnica SRL,,1,0,0
1100027937,10/18/2016,Veritecnica SRL,,1,0,0
9202001031,10/18/2016,Veritecnica SRL,,0,0,1
9102005740,10/18/2016,Veritecnica SRL,,0,0,1
1200009558,10/18/2016,Veritecnica SRL,,1,0,0
1100027938,10/19/2016,Veritecnica SRL,,1,0,0
1100027939,10/19/2016,Veritecnica SRL,,1,0,0
9102005741,10/19/2016,Veritecnica SRL,,0,1,0
9202001032,10/19/2016,Veritecnica SRL,,0,0,1
9102005742,10/19/2016,Veritecnica SRL,,0,0,1
1200009559,10/19/2016,Veritecnica SRL,,1,0,0
9102005743,10/19/2016,Veritecnica SRL,,0,0,1
9102005744,10/19/2016,Veritecnica SRL,,0,1,0
1100027940,10/19/2016,Veritecnica SRL,,1,0,0
1100027941,10/19/2016,Veritecnica SRL,,1,0,0
1100027942,10/19/2016,Veritecnica SRL,,1,0,0
9202001033,10/19/2016,Veritecnica SRL,,0,0,1
1100027943,10/19/2016,Veritecnica SRL,,1,0,0
9102005745,10/19/2016,Veritecnica SRL,,0,0,1
1100027944,10/19/2016,Veritecnica SRL,,1,0,0
1100027945,10/19/2016,Veritecnica SRL,,1,0,0
1100027946,10/19/2016,Veritecnica SRL,,1,0,0
1100027947,10/19/2016,Veritecnica SRL,,1,0,0
1200009560,10/19/2016,Veritecnica SRL,,1,0,0
9102005746,10/19/2016,Veritecnica SRL,,0,1,0
9202001034,10/19/2016,Veritecnica SRL,,0,0,1
1200009561,10/19/2016,Veritecnica SRL,,1,0,0
1100027948,10/19/2016,Veritecnica SRL,,1,0,0
1200009562,10/19/2016,Veritecnica SRL,,1,0,0
1100027949,10/19/2016,Veritecnica SRL,,1,0,0
9102005747,10/19/2016,Veritecnica SRL,,0,0,1
1200009563,10/19/2016,Veritecnica SRL,,1,0,0
9102005748,10/19/2016,Veritecnica SRL,,0,1,0
1200009564,10/19/2016,Veritecnica SRL,,1,0,0
1100027950,10/19/2016,Veritecnica SRL,,1,0,0
1100027951,10/19/2016,Veritecnica SRL,,1,0,0
1100027952,10/19/2016,Veritecnica SRL,,1,0,0
9202001035,10/19/2016,Veritecnica SRL,,0,0,1
1200009565,10/19/2016,Veritecnica SRL,,1,0,0
9202001036,10/19/2016,Veritecnica SRL,,0,0,1
9202001037,10/19/2016,Veritecnica SRL,,0,0,1
1200009566,10/19/2016,Veritecnica SRL,,1,0,0
1100027953,10/19/2016,Veritecnica SRL,,1,0,0
1200009568,10/19/2016,Veritecnica SRL,,1,0,0
1100027954,10/19/2016,Veritecnica SRL,,1,0,0
9102005749,10/19/2016,Veritecnica SRL,,0,0,1
1100027955,10/19/2016,Veritecnica SRL,,1,0,0
1100027956,10/19/2016,Veritecnica SRL,,1,0,0
1100027957,10/19/2016,Veritecnica SRL,,1,0,0
1100027958,10/19/2016,Veritecnica SRL,,1,0,0
9102005750,10/19/2016,Veritecnica SRL,,0,1,0
9102005751,10/19/2016,Veritecnica SRL,,0,0,1
1100027959,10/19/2016,Veritecnica SRL,,1,0,0
1100027960,10/19/2016,Veritecnica SRL,,1,0,0
9102005752,10/19/2016,Veritecnica SRL,,0,1,0
1200009567,10/19/2016,Veritecnica SRL,,1,0,0
1100027961,10/19/2016,Veritecnica SRL,,1,0,0
1200009570,10/19/2016,Veritecnica SRL,,1,0,0
1200009569,10/19/2016,Veritecnica SRL,,1,0,0
9102005753,10/19/2016,Veritecnica SRL,,0,0,1
