Nrocertificado,Fecha,Idtaller,Dominiovehiculo,Aprobado,RechazadoLeveModerado,RechazadoGrave
1100028351,11/09/2016,Asociación de Bomberos Voluntarios - San Martín de los Andes,,1,0,0
1100028352,11/09/2016,Asociación de Bomberos Voluntarios - San Martín de los Andes,,1,0,0
9101002175,11/09/2016,Asociación de Bomberos Voluntarios - San Martín de los Andes,,0,1,0
1100028353,11/09/2016,Asociación de Bomberos Voluntarios - San Martín de los Andes,,1,0,0
9201000404,11/09/2016,Asociación de Bomberos Voluntarios - San Martín de los Andes,,0,0,1
9101002176,11/09/2016,Asociación de Bomberos Voluntarios - San Martín de los Andes,,0,1,0
1100028354,11/09/2016,Asociación de Bomberos Voluntarios - San Martín de los Andes,,1,0,0
1100028355,11/09/2016,Asociación de Bomberos Voluntarios - San Martín de los Andes,,1,0,0
9101002177,11/09/2016,Asociación de Bomberos Voluntarios - San Martín de los Andes,,0,0,1
9101002178,11/09/2016,Asociación de Bomberos Voluntarios - San Martín de los Andes,,0,0,1
1200008559,11/09/2016,Asociación de Bomberos Voluntarios - San Martín de los Andes,,1,0,0
1100028356,11/09/2016,Asociación de Bomberos Voluntarios - San Martín de los Andes,,1,0,0
9101002179,11/09/2016,Asociación de Bomberos Voluntarios - San Martín de los Andes,,0,1,0
1100028357,11/09/2016,Asociación de Bomberos Voluntarios - San Martín de los Andes,,1,0,0
1100028358,11/09/2016,Asociación de Bomberos Voluntarios - San Martín de los Andes,,1,0,0
9101002180,11/09/2016,Asociación de Bomberos Voluntarios - San Martín de los Andes,,0,1,0
1100028359,11/09/2016,Asociación de Bomberos Voluntarios - San Martín de los Andes,,1,0,0
9101002181,11/09/2016,Asociación de Bomberos Voluntarios - San Martín de los Andes,,0,1,0
9101002182,11/09/2016,Asociación de Bomberos Voluntarios - San Martín de los Andes,,0,1,0
1100028360,11/09/2016,Asociación de Bomberos Voluntarios - San Martín de los Andes,,1,0,0
9101002183,11/09/2016,Asociación de Bomberos Voluntarios - San Martín de los Andes,,0,1,0
1100028361,11/09/2016,Asociación de Bomberos Voluntarios - San Martín de los Andes,,1,0,0
9101002184,11/09/2016,Asociación de Bomberos Voluntarios - San Martín de los Andes,,0,1,0
1100028362,11/09/2016,Asociación de Bomberos Voluntarios - San Martín de los Andes,,1,0,0
1100028363,11/09/2016,Asociación de Bomberos Voluntarios - San Martín de los Andes,,1,0,0
1100028364,11/09/2016,Asociación de Bomberos Voluntarios - San Martín de los Andes,,1,0,0
1100028365,11/09/2016,Asociación de Bomberos Voluntarios - San Martín de los Andes,,1,0,0
1100028366,11/10/2016,Asociación de Bomberos Voluntarios - San Martín de los Andes,,1,0,0
1100028367,11/10/2016,Asociación de Bomberos Voluntarios - San Martín de los Andes,,1,0,0
1100028368,11/10/2016,Asociación de Bomberos Voluntarios - San Martín de los Andes,,1,0,0
9101002185,11/10/2016,Asociación de Bomberos Voluntarios - San Martín de los Andes,,0,0,1
1100028369,11/10/2016,Asociación de Bomberos Voluntarios - San Martín de los Andes,,1,0,0
1100028370,11/10/2016,Asociación de Bomberos Voluntarios - San Martín de los Andes,,1,0,0
1100028371,11/10/2016,Asociación de Bomberos Voluntarios - San Martín de los Andes,,1,0,0
1100028372,11/10/2016,Asociación de Bomberos Voluntarios - San Martín de los Andes,,1,0,0
1100028373,11/10/2016,Asociación de Bomberos Voluntarios - San Martín de los Andes,,1,0,0
9101002186,11/10/2016,Asociación de Bomberos Voluntarios - San Martín de los Andes,,0,0,1
1100028374,11/10/2016,Asociación de Bomberos Voluntarios - San Martín de los Andes,,1,0,0
1100028375,11/10/2016,Asociación de Bomberos Voluntarios - San Martín de los Andes,,1,0,0
1100028376,11/10/2016,Asociación de Bomberos Voluntarios - San Martín de los Andes,,1,0,0
9201000405,11/10/2016,Asociación de Bomberos Voluntarios - San Martín de los Andes,,0,1,0
1100028377,11/10/2016,Asociación de Bomberos Voluntarios - San Martín de los Andes,,1,0,0
1100028378,11/10/2016,Asociación de Bomberos Voluntarios - San Martín de los Andes,,1,0,0
9101002187,11/10/2016,Asociación de Bomberos Voluntarios - San Martín de los Andes,,0,1,0
1100028379,11/10/2016,Asociación de Bomberos Voluntarios - San Martín de los Andes,,1,0,0
9201000406,11/10/2016,Asociación de Bomberos Voluntarios - San Martín de los Andes,,0,1,0
1100028380,11/10/2016,Asociación de Bomberos Voluntarios - San Martín de los Andes,,1,0,0
9101002188,11/10/2016,Asociación de Bomberos Voluntarios - San Martín de los Andes,,0,1,0
1100028381,11/10/2016,Asociación de Bomberos Voluntarios - San Martín de los Andes,,1,0,0
1100028382,11/10/2016,Asociación de Bomberos Voluntarios - San Martín de los Andes,,1,0,0
1100028383,11/10/2016,Asociación de Bomberos Voluntarios - San Martín de los Andes,,1,0,0
9101002189,11/10/2016,Asociación de Bomberos Voluntarios - San Martín de los Andes,,0,1,0
1100028384,11/10/2016,Asociación de Bomberos Voluntarios - San Martín de los Andes,,1,0,0
1100028385,11/10/2016,Asociación de Bomberos Voluntarios - San Martín de los Andes,,1,0,0
1100028386,11/10/2016,Asociación de Bomberos Voluntarios - San Martín de los Andes,,1,0,0
1100028387,11/10/2016,Asociación de Bomberos Voluntarios - San Martín de los Andes,,1,0,0
1100028388,11/10/2016,Asociación de Bomberos Voluntarios - San Martín de los Andes,,1,0,0
1100028389,11/10/2016,Asociación de Bomberos Voluntarios - San Martín de los Andes,,1,0,0
1100028390,11/10/2016,Asociación de Bomberos Voluntarios - San Martín de los Andes,,1,0,0
9101002190,11/10/2016,Asociación de Bomberos Voluntarios - San Martín de los Andes,,0,0,1
1100028391,11/10/2016,Asociación de Bomberos Voluntarios - San Martín de los Andes,,1,0,0
9101002191,11/10/2016,Asociación de Bomberos Voluntarios - San Martín de los Andes,,0,1,0
1100028392,11/10/2016,Asociación de Bomberos Voluntarios - San Martín de los Andes,,1,0,0
1100028393,11/10/2016,Asociación de Bomberos Voluntarios - San Martín de los Andes,,1,0,0
1100028394,11/10/2016,Asociación de Bomberos Voluntarios - San Martín de los Andes,,1,0,0
1200008558,11/10/2016,Asociación de Bomberos Voluntarios - San Martín de los Andes,,1,0,0
1200010004,11/09/2016,Control SRL,,1,0,0
1200010003,11/09/2016,Control SRL,,1,0,0
1200010005,11/09/2016,Control SRL,,1,0,0
9203000512,11/09/2016,Control SRL,,0,0,1
1200010006,11/09/2016,Control SRL,,1,0,0
9103001815,11/09/2016,Control SRL,,0,0,1
1200010007,11/09/2016,Control SRL,,1,0,0
1100028230,11/09/2016,Control SRL,,1,0,0
1100028231,11/09/2016,Control SRL,,1,0,0
1200010008,11/09/2016,Control SRL,,1,0,0
1100028232,11/09/2016,Control SRL,,1,0,0
9103001816,11/09/2016,Control SRL,,0,0,1
1100028233,11/09/2016,Control SRL,,1,0,0
1100028234,11/09/2016,Control SRL,,1,0,0
1200010009,11/09/2016,Control SRL,,1,0,0
9203000513,11/09/2016,Control SRL,,0,0,1
1200010011,11/09/2016,Control SRL,,1,0,0
1100028235,11/09/2016,Control SRL,,1,0,0
1100028236,11/09/2016,Control SRL,,1,0,0
1100028237,11/09/2016,Control SRL,,1,0,0
1100028238,11/09/2016,Control SRL,,1,0,0
1100028239,11/09/2016,Control SRL,,1,0,0
1200010012,11/09/2016,Control SRL,,1,0,0
1100028240,11/09/2016,Control SRL,,1,0,0
1100028241,11/09/2016,Control SRL,,1,0,0
1100028242,11/09/2016,Control SRL,,1,0,0
1100028243,11/09/2016,Control SRL,,1,0,0
1100028244,11/09/2016,Control SRL,,1,0,0
1100028245,11/09/2016,Control SRL,,1,0,0
1100028246,11/09/2016,Control SRL,,1,0,0
1100028247,11/09/2016,Control SRL,,1,0,0
1200010013,11/09/2016,Control SRL,,1,0,0
1100028248,11/09/2016,Control SRL,,1,0,0
9103001817,11/09/2016,Control SRL,,0,0,1
1200010010,11/09/2016,Control SRL,,1,0,0
9203000514,11/10/2016,Control SRL,,0,0,1
1100028249,11/10/2016,Control SRL,,1,0,0
1200010024,11/10/2016,Control SRL,,1,0,0
1200010023,11/10/2016,Control SRL,,1,0,0
1200010021,11/10/2016,Control SRL,,1,0,0
1100028250,11/10/2016,Control SRL,,1,0,0
1200010022,11/10/2016,Control SRL,,1,0,0
1200010025,11/10/2016,Control SRL,,1,0,0
1200010020,11/10/2016,Control SRL,,1,0,0
1100028751,11/10/2016,Control SRL,,1,0,0
1100028752,11/10/2016,Control SRL,,1,0,0
1200010019,11/10/2016,Control SRL,,1,0,0
1100028753,11/10/2016,Control SRL,,1,0,0
1100028754,11/10/2016,Control SRL,,1,0,0
1200010018,11/10/2016,Control SRL,,1,0,0
1100028755,11/10/2016,Control SRL,,1,0,0
1100028756,11/10/2016,Control SRL,,1,0,0
1200010017,11/10/2016,Control SRL,,1,0,0
1100028757,11/10/2016,Control SRL,,1,0,0
1200010016,11/10/2016,Control SRL,,1,0,0
9103001818,11/10/2016,Control SRL,,0,0,1
1200010026,11/10/2016,Control SRL,,1,0,0
1200010015,11/10/2016,Control SRL,,1,0,0
1100028758,11/10/2016,Control SRL,,1,0,0
1200010027,11/10/2016,Control SRL,,1,0,0
1200010014,11/10/2016,Control SRL,,1,0,0
1100028759,11/10/2016,Control SRL,,1,0,0
1100029032,11/09/2016,Veritecnica SRL,,1,0,0
1100029033,11/09/2016,Veritecnica SRL,,1,0,0
1200009940,11/09/2016,Veritecnica SRL,,1,0,0
9102005871,11/09/2016,Veritecnica SRL,,0,0,1
1100029034,11/09/2016,Veritecnica SRL,,1,0,0
1200009941,11/09/2016,Veritecnica SRL,,1,0,0
1100029035,11/09/2016,Veritecnica SRL,,1,0,0
9102005872,11/09/2016,Veritecnica SRL,,0,0,1
9102005873,11/09/2016,Veritecnica SRL,,0,1,0
9202001073,11/09/2016,Veritecnica SRL,,0,0,1
1100029036,11/09/2016,Veritecnica SRL,,1,0,0
1200009942,11/09/2016,Veritecnica SRL,,1,0,0
1100029037,11/09/2016,Veritecnica SRL,,1,0,0
1100029038,11/09/2016,Veritecnica SRL,,1,0,0
1100029039,11/09/2016,Veritecnica SRL,,1,0,0
9102005874,11/09/2016,Veritecnica SRL,,0,0,1
9102005875,11/09/2016,Veritecnica SRL,,0,1,0
9102005876,11/09/2016,Veritecnica SRL,,0,0,1
9102005877,11/09/2016,Veritecnica SRL,,0,0,1
9102005878,11/09/2016,Veritecnica SRL,,0,0,1
1100029040,11/09/2016,Veritecnica SRL,,1,0,0
1100029041,11/09/2016,Veritecnica SRL,,1,0,0
1100029042,11/09/2016,Veritecnica SRL,,1,0,0
1200009943,11/09/2016,Veritecnica SRL,,1,0,0
1100029043,11/09/2016,Veritecnica SRL,,1,0,0
1200009944,11/09/2016,Veritecnica SRL,,1,0,0
9202001074,11/09/2016,Veritecnica SRL,,0,0,1
1100029044,11/09/2016,Veritecnica SRL,,1,0,0
1100029045,11/09/2016,Veritecnica SRL,,1,0,0
1100029046,11/09/2016,Veritecnica SRL,,1,0,0
9102005879,11/09/2016,Veritecnica SRL,,0,1,0
1100029047,11/09/2016,Veritecnica SRL,,1,0,0
1100029048,11/09/2016,Veritecnica SRL,,1,0,0
1200009946,11/09/2016,Veritecnica SRL,,1,0,0
9102005880,11/09/2016,Veritecnica SRL,,0,1,0
1100029049,11/09/2016,Veritecnica SRL,,1,0,0
1100029050,11/09/2016,Veritecnica SRL,,1,0,0
1100029051,11/09/2016,Veritecnica SRL,,1,0,0
1100029052,11/09/2016,Veritecnica SRL,,1,0,0
1100029053,11/09/2016,Veritecnica SRL,,1,0,0
1100029054,11/09/2016,Veritecnica SRL,,1,0,0
1200009945,11/09/2016,Veritecnica SRL,,1,0,0
1200009947,11/09/2016,Veritecnica SRL,,1,0,0
1200009948,11/09/2016,Veritecnica SRL,,1,0,0
1100029055,11/09/2016,Veritecnica SRL,,1,0,0
1100029056,11/09/2016,Veritecnica SRL,,1,0,0
1100029057,11/09/2016,Veritecnica SRL,,1,0,0
1200009949,11/09/2016,Veritecnica SRL,,1,0,0
1200009950,11/09/2016,Veritecnica SRL,,1,0,0
1100029058,11/09/2016,Veritecnica SRL,,1,0,0
1200009952,11/09/2016,Veritecnica SRL,,1,0,0
9102005881,11/09/2016,Veritecnica SRL,,0,0,1
1100029059,11/09/2016,Veritecnica SRL,,1,0,0
1100029060,11/09/2016,Veritecnica SRL,,1,0,0
1100029061,11/09/2016,Veritecnica SRL,,1,0,0
1100029062,11/10/2016,Veritecnica SRL,,1,0,0
1100029063,11/10/2016,Veritecnica SRL,,1,0,0
1100029064,11/10/2016,Veritecnica SRL,,1,0,0
1200009951,11/10/2016,Veritecnica SRL,,1,0,0
9102005882,11/10/2016,Veritecnica SRL,,0,0,1
9102005883,11/10/2016,Veritecnica SRL,,0,0,1
9102005884,11/10/2016,Veritecnica SRL,,0,1,0
1100029065,11/10/2016,Veritecnica SRL,,1,0,0
9102005885,11/10/2016,Veritecnica SRL,,0,1,0
1200009953,11/10/2016,Veritecnica SRL,,1,0,0
9102005886,11/10/2016,Veritecnica SRL,,0,0,1
1100029066,11/10/2016,Veritecnica SRL,,1,0,0
1100029067,11/10/2016,Veritecnica SRL,,1,0,0
1100029068,11/10/2016,Veritecnica SRL,,1,0,0
1200009954,11/10/2016,Veritecnica SRL,,1,0,0
1200009955,11/10/2016,Veritecnica SRL,,1,0,0
1100029069,11/10/2016,Veritecnica SRL,,1,0,0
1100029070,11/10/2016,Veritecnica SRL,,1,0,0
9202001075,11/10/2016,Veritecnica SRL,,0,0,1
1100029071,11/10/2016,Veritecnica SRL,,1,0,0
9102005887,11/10/2016,Veritecnica SRL,,0,0,1
1100029072,11/10/2016,Veritecnica SRL,,1,0,0
1100029073,11/10/2016,Veritecnica SRL,,1,0,0
1100029074,11/10/2016,Veritecnica SRL,,1,0,0
1100029075,11/10/2016,Veritecnica SRL,,1,0,0
1200009956,11/10/2016,Veritecnica SRL,,1,0,0
9102005888,11/10/2016,Veritecnica SRL,,0,0,1
1100029076,11/10/2016,Veritecnica SRL,,1,0,0
9102005889,11/10/2016,Veritecnica SRL,,0,1,0
1200009957,11/10/2016,Veritecnica SRL,,1,0,0
1100029077,11/10/2016,Veritecnica SRL,,1,0,0
1100029078,11/10/2016,Veritecnica SRL,,1,0,0
1100029079,11/10/2016,Veritecnica SRL,,1,0,0
1100029080,11/10/2016,Veritecnica SRL,,1,0,0
9102005890,11/10/2016,Veritecnica SRL,,0,1,0
9102005891,11/10/2016,Veritecnica SRL,,0,1,0
1200009958,11/10/2016,Veritecnica SRL,,1,0,0
1200009959,11/10/2016,Veritecnica SRL,,1,0,0
1100029081,11/10/2016,Veritecnica SRL,,1,0,0
9202001076,11/10/2016,Veritecnica SRL,,0,0,1
1100029082,11/10/2016,Veritecnica SRL,,1,0,0
9102005892,11/10/2016,Veritecnica SRL,,0,0,1
1100029083,11/10/2016,Veritecnica SRL,,1,0,0
1100029084,11/10/2016,Veritecnica SRL,,1,0,0
1200009960,11/10/2016,Veritecnica SRL,,1,0,0
1200009961,11/10/2016,Veritecnica SRL,,1,0,0
1200009962,11/10/2016,Veritecnica SRL,,1,0,0
1100029085,11/10/2016,Veritecnica SRL,,1,0,0
1100029086,11/10/2016,Veritecnica SRL,,1,0,0
