Nrocertificado,Fecha,Idtaller,Dominiovehiculo,Aprobado,RechazadoLeveModerado,RechazadoGrave
1100022334,05/21/2016,Asociación de Bomberos Voluntarios - San Martín de los Andes,,1,0,0
9201000304,05/21/2016,Asociación de Bomberos Voluntarios - San Martín de los Andes,,0,1,0
1100022335,05/21/2016,Asociación de Bomberos Voluntarios - San Martín de los Andes,,1,0,0
1200005437,05/21/2016,Asociación de Bomberos Voluntarios - San Martín de los Andes,,1,0,0
1100022336,05/21/2016,Asociación de Bomberos Voluntarios - San Martín de los Andes,,1,0,0
1100022035,05/21/2016,Veritecnica SRL,,1,0,0
9102004519,05/21/2016,Veritecnica SRL,,0,0,1
1200007290,05/21/2016,Veritecnica SRL,,1,0,0
9102004520,05/21/2016,Veritecnica SRL,,0,0,1
1100022036,05/21/2016,Veritecnica SRL,,1,0,0
1200007291,05/21/2016,Veritecnica SRL,,1,0,0
9202000699,05/21/2016,Veritecnica SRL,,0,0,1
9102004521,05/21/2016,Veritecnica SRL,,0,0,1
1100022037,05/21/2016,Veritecnica SRL,,1,0,0
1100022038,05/21/2016,Veritecnica SRL,,1,0,0
1100022039,05/21/2016,Veritecnica SRL,,1,0,0
1100022040,05/21/2016,Veritecnica SRL,,1,0,0
1100022041,05/21/2016,Veritecnica SRL,,1,0,0
1100022042,05/21/2016,Veritecnica SRL,,1,0,0
9102004522,05/21/2016,Veritecnica SRL,,0,1,0
9102004523,05/21/2016,Veritecnica SRL,,0,0,1
1200007292,05/21/2016,Veritecnica SRL,,1,0,0
