Nrocertificado,Fecha,Idtaller,Dominiovehiculo,Aprobado,RechazadoLeveModerado,RechazadoGrave
9101001668,05/14/2016,Asociación de Bomberos Voluntarios - San Martín de los Andes,,0,1,0
1100022269,05/14/2016,Asociación de Bomberos Voluntarios - San Martín de los Andes,,1,0,0
1100022270,05/14/2016,Asociación de Bomberos Voluntarios - San Martín de los Andes,,1,0,0
1100022271,05/14/2016,Asociación de Bomberos Voluntarios - San Martín de los Andes,,1,0,0
1100022272,05/14/2016,Asociación de Bomberos Voluntarios - San Martín de los Andes,,1,0,0
1100022273,05/14/2016,Asociación de Bomberos Voluntarios - San Martín de los Andes,,1,0,0
1100022274,05/14/2016,Asociación de Bomberos Voluntarios - San Martín de los Andes,,1,0,0
1100022275,05/14/2016,Asociación de Bomberos Voluntarios - San Martín de los Andes,,1,0,0
1100022276,05/14/2016,Asociación de Bomberos Voluntarios - San Martín de los Andes,,1,0,0
1100022277,05/14/2016,Asociación de Bomberos Voluntarios - San Martín de los Andes,,1,0,0
1100021682,05/14/2016,Veritecnica SRL,,1,0,0
1100021683,05/14/2016,Veritecnica SRL,,1,0,0
1100021684,05/14/2016,Veritecnica SRL,,1,0,0
1100021685,05/14/2016,Veritecnica SRL,,1,0,0
1100021686,05/14/2016,Veritecnica SRL,,1,0,0
1100021687,05/14/2016,Veritecnica SRL,,1,0,0
9102004476,05/14/2016,Veritecnica SRL,,0,1,0
1200006985,05/14/2016,Veritecnica SRL,,1,0,0
1200006986,05/14/2016,Veritecnica SRL,,1,0,0
1100021688,05/14/2016,Veritecnica SRL,,1,0,0
9202000685,05/14/2016,Veritecnica SRL,,0,0,1
9202000686,05/14/2016,Veritecnica SRL,,0,0,1
9102004477,05/14/2016,Veritecnica SRL,,0,1,0
1100021689,05/14/2016,Veritecnica SRL,,1,0,0
