Nrocertificado,Fecha,Idtaller,Dominiovehiculo,Aprobado,RechazadoLeveModerado,RechazadoGrave
1100027745,11/02/2016,Asociación de Bomberos Voluntarios - San Martín de los Andes,,1,0,0
1100027746,11/02/2016,Asociación de Bomberos Voluntarios - San Martín de los Andes,,1,0,0
1100027747,11/02/2016,Asociación de Bomberos Voluntarios - San Martín de los Andes,,1,0,0
1100027748,11/02/2016,Asociación de Bomberos Voluntarios - San Martín de los Andes,,1,0,0
1100027749,11/02/2016,Asociación de Bomberos Voluntarios - San Martín de los Andes,,1,0,0
9101002134,11/02/2016,Asociación de Bomberos Voluntarios - San Martín de los Andes,,0,1,0
1100027750,11/02/2016,Asociación de Bomberos Voluntarios - San Martín de los Andes,,1,0,0
1100028251,11/02/2016,Asociación de Bomberos Voluntarios - San Martín de los Andes,,1,0,0
1100028252,11/02/2016,Asociación de Bomberos Voluntarios - San Martín de los Andes,,1,0,0
1100028253,11/02/2016,Asociación de Bomberos Voluntarios - San Martín de los Andes,,1,0,0
9101002135,11/02/2016,Asociación de Bomberos Voluntarios - San Martín de los Andes,,0,0,1
9101002136,11/02/2016,Asociación de Bomberos Voluntarios - San Martín de los Andes,,0,1,0
1100028254,11/02/2016,Asociación de Bomberos Voluntarios - San Martín de los Andes,,1,0,0
1100028255,11/02/2016,Asociación de Bomberos Voluntarios - San Martín de los Andes,,1,0,0
1100028256,11/02/2016,Asociación de Bomberos Voluntarios - San Martín de los Andes,,1,0,0
1100028257,11/02/2016,Asociación de Bomberos Voluntarios - San Martín de los Andes,,1,0,0
1100028258,11/02/2016,Asociación de Bomberos Voluntarios - San Martín de los Andes,,1,0,0
1100028259,11/02/2016,Asociación de Bomberos Voluntarios - San Martín de los Andes,,1,0,0
1100028260,11/02/2016,Asociación de Bomberos Voluntarios - San Martín de los Andes,,1,0,0
9101002137,11/02/2016,Asociación de Bomberos Voluntarios - San Martín de los Andes,,0,1,0
1100028261,11/02/2016,Asociación de Bomberos Voluntarios - San Martín de los Andes,,1,0,0
9101002138,11/02/2016,Asociación de Bomberos Voluntarios - San Martín de los Andes,,0,0,1
1100028262,11/02/2016,Asociación de Bomberos Voluntarios - San Martín de los Andes,,1,0,0
9101002139,11/02/2016,Asociación de Bomberos Voluntarios - San Martín de los Andes,,0,0,1
1100028263,11/03/2016,Asociación de Bomberos Voluntarios - San Martín de los Andes,,1,0,0
1100028264,11/03/2016,Asociación de Bomberos Voluntarios - San Martín de los Andes,,1,0,0
1100028265,11/03/2016,Asociación de Bomberos Voluntarios - San Martín de los Andes,,1,0,0
1100028266,11/03/2016,Asociación de Bomberos Voluntarios - San Martín de los Andes,,1,0,0
1200008543,11/03/2016,Asociación de Bomberos Voluntarios - San Martín de los Andes,,1,0,0
1100028267,11/03/2016,Asociación de Bomberos Voluntarios - San Martín de los Andes,,1,0,0
1200008544,11/03/2016,Asociación de Bomberos Voluntarios - San Martín de los Andes,,1,0,0
1200008545,11/03/2016,Asociación de Bomberos Voluntarios - San Martín de los Andes,,1,0,0
9101002140,11/03/2016,Asociación de Bomberos Voluntarios - San Martín de los Andes,,0,1,0
9101002141,11/03/2016,Asociación de Bomberos Voluntarios - San Martín de los Andes,,0,0,1
1100028268,11/03/2016,Asociación de Bomberos Voluntarios - San Martín de los Andes,,1,0,0
1100028269,11/03/2016,Asociación de Bomberos Voluntarios - San Martín de los Andes,,1,0,0
1100028270,11/03/2016,Asociación de Bomberos Voluntarios - San Martín de los Andes,,1,0,0
1100028271,11/03/2016,Asociación de Bomberos Voluntarios - San Martín de los Andes,,1,0,0
1100028272,11/03/2016,Asociación de Bomberos Voluntarios - San Martín de los Andes,,1,0,0
9101002142,11/03/2016,Asociación de Bomberos Voluntarios - San Martín de los Andes,,0,1,0
1100028273,11/03/2016,Asociación de Bomberos Voluntarios - San Martín de los Andes,,1,0,0
1100028274,11/03/2016,Asociación de Bomberos Voluntarios - San Martín de los Andes,,1,0,0
1100028275,11/03/2016,Asociación de Bomberos Voluntarios - San Martín de los Andes,,1,0,0
1100028276,11/03/2016,Asociación de Bomberos Voluntarios - San Martín de los Andes,,1,0,0
1100028277,11/03/2016,Asociación de Bomberos Voluntarios - San Martín de los Andes,,1,0,0
1100028278,11/03/2016,Asociación de Bomberos Voluntarios - San Martín de los Andes,,1,0,0
1100028279,11/03/2016,Asociación de Bomberos Voluntarios - San Martín de los Andes,,1,0,0
1100028280,11/03/2016,Asociación de Bomberos Voluntarios - San Martín de los Andes,,1,0,0
9101002143,11/03/2016,Asociación de Bomberos Voluntarios - San Martín de los Andes,,0,1,0
1100028281,11/03/2016,Asociación de Bomberos Voluntarios - San Martín de los Andes,,1,0,0
9101002144,11/03/2016,Asociación de Bomberos Voluntarios - San Martín de los Andes,,0,0,1
1100028282,11/03/2016,Asociación de Bomberos Voluntarios - San Martín de los Andes,,1,0,0
1100028283,11/03/2016,Asociación de Bomberos Voluntarios - San Martín de los Andes,,1,0,0
1100028284,11/03/2016,Asociación de Bomberos Voluntarios - San Martín de los Andes,,1,0,0
9101002145,11/03/2016,Asociación de Bomberos Voluntarios - San Martín de los Andes,,0,0,1
9103001802,11/02/2016,Control SRL,,0,0,1
1100028134,11/02/2016,Control SRL,,1,0,0
1100028135,11/02/2016,Control SRL,,1,0,0
1100028136,11/02/2016,Control SRL,,1,0,0
1100028137,11/02/2016,Control SRL,,1,0,0
9203000501,11/02/2016,Control SRL,,0,0,1
1200009832,11/02/2016,Control SRL,,1,0,0
1200009833,11/02/2016,Control SRL,,1,0,0
1100028138,11/02/2016,Control SRL,,1,0,0
1200009836,11/02/2016,Control SRL,,1,0,0
1200009835,11/02/2016,Control SRL,,1,0,0
1200009837,11/02/2016,Control SRL,,1,0,0
1200009838,11/02/2016,Control SRL,,1,0,0
9103001803,11/02/2016,Control SRL,,0,0,1
1100028139,11/02/2016,Control SRL,,1,0,0
1100028140,11/02/2016,Control SRL,,1,0,0
1100028141,11/02/2016,Control SRL,,1,0,0
1200009840,11/02/2016,Control SRL,,1,0,0
1200009839,11/02/2016,Control SRL,,1,0,0
1200009834,11/02/2016,Control SRL,,1,0,0
1200009845,11/02/2016,Control SRL,,1,0,0
1200009846,11/02/2016,Control SRL,,1,0,0
1200009844,11/02/2016,Control SRL,,1,0,0
1200009645,11/02/2016,Control SRL,,1,0,0
1200009843,11/02/2016,Control SRL,,1,0,0
1100028142,11/02/2016,Control SRL,,1,0,0
1100028143,11/02/2016,Control SRL,,1,0,0
1100028144,11/02/2016,Control SRL,,1,0,0
1100028145,11/02/2016,Control SRL,,1,0,0
1200009841,11/02/2016,Control SRL,,1,0,0
1100028146,11/02/2016,Control SRL,,1,0,0
1100028147,11/02/2016,Control SRL,,1,0,0
1100028148,11/02/2016,Control SRL,,1,0,0
1200009842,11/02/2016,Control SRL,,1,0,0
1100028149,11/02/2016,Control SRL,,1,0,0
1100028150,11/02/2016,Control SRL,,1,0,0
1200009847,11/02/2016,Control SRL,,1,0,0
1200009848,11/02/2016,Control SRL,,1,0,0
9203000502,11/03/2016,Control SRL,,0,0,1
1100028151,11/03/2016,Control SRL,,1,0,0
1100028152,11/03/2016,Control SRL,,1,0,0
1100028153,11/03/2016,Control SRL,,1,0,0
1100028154,11/03/2016,Control SRL,,1,0,0
1100028155,11/03/2016,Control SRL,,1,0,0
1100028156,11/03/2016,Control SRL,,1,0,0
1100028157,11/03/2016,Control SRL,,1,0,0
1100028158,11/03/2016,Control SRL,,1,0,0
9103001804,11/03/2016,Control SRL,,0,0,1
1100028159,11/03/2016,Control SRL,,1,0,0
1100028160,11/03/2016,Control SRL,,1,0,0
1200009860,11/03/2016,Control SRL,,1,0,0
1100028161,11/03/2016,Control SRL,,1,0,0
1200009849,11/03/2016,Control SRL,,1,0,0
1200009850,11/03/2016,Control SRL,,1,0,0
9103001805,11/03/2016,Control SRL,,0,0,1
1200009859,11/03/2016,Control SRL,,1,0,0
1100028162,11/03/2016,Control SRL,,1,0,0
1100028163,11/03/2016,Control SRL,,1,0,0
1100028164,11/03/2016,Control SRL,,1,0,0
1100028165,11/03/2016,Control SRL,,1,0,0
1100028166,11/03/2016,Control SRL,,1,0,0
1200009900,11/03/2016,Control SRL,,1,0,0
1200009899,11/03/2016,Control SRL,,1,0,0
1200009898,11/03/2016,Control SRL,,1,0,0
1200009851,11/03/2016,Control SRL,,1,0,0
1100028167,11/03/2016,Control SRL,,1,0,0
1100028168,11/03/2016,Control SRL,,1,0,0
1100028169,11/03/2016,Control SRL,,1,0,0
1200009896,11/03/2016,Control SRL,,1,0,0
1200009895,11/03/2016,Control SRL,,1,0,0
1200009897,11/03/2016,Control SRL,,1,0,0
1200009894,11/03/2016,Control SRL,,1,0,0
1200009893,11/03/2016,Control SRL,,1,0,0
1100028170,11/03/2016,Control SRL,,1,0,0
1100028171,11/03/2016,Control SRL,,1,0,0
1200009892,11/03/2016,Control SRL,,1,0,0
1100028172,11/03/2016,Control SRL,,1,0,0
1100028173,11/03/2016,Control SRL,,1,0,0
1100028174,11/03/2016,Control SRL,,1,0,0
1100028175,11/03/2016,Control SRL,,1,0,0
1100028176,11/03/2016,Control SRL,,1,0,0
1100028177,11/03/2016,Control SRL,,1,0,0
1100028178,11/03/2016,Control SRL,,1,0,0
1100028665,11/02/2016,Veritecnica SRL,,1,0,0
1100028666,11/02/2016,Veritecnica SRL,,1,0,0
1100028667,11/02/2016,Veritecnica SRL,,1,0,0
1100028668,11/02/2016,Veritecnica SRL,,1,0,0
1100028669,11/02/2016,Veritecnica SRL,,1,0,0
1100028670,11/02/2016,Veritecnica SRL,,1,0,0
1100028671,11/02/2016,Veritecnica SRL,,1,0,0
9102005826,11/02/2016,Veritecnica SRL,,0,0,1
1100028672,11/02/2016,Veritecnica SRL,,1,0,0
1100028673,11/02/2016,Veritecnica SRL,,1,0,0
1200009781,11/02/2016,Veritecnica SRL,,1,0,0
9102005827,11/02/2016,Veritecnica SRL,,0,0,1
1100028674,11/02/2016,Veritecnica SRL,,1,0,0
1200009782,11/02/2016,Veritecnica SRL,,1,0,0
1200009783,11/02/2016,Veritecnica SRL,,1,0,0
1200009784,11/02/2016,Veritecnica SRL,,1,0,0
1200009785,11/02/2016,Veritecnica SRL,,1,0,0
9102005828,11/02/2016,Veritecnica SRL,,0,0,1
9202001062,11/02/2016,Veritecnica SRL,,0,0,1
9202001063,11/02/2016,Veritecnica SRL,,0,0,1
9202001064,11/02/2016,Veritecnica SRL,,0,0,1
1100028675,11/02/2016,Veritecnica SRL,,1,0,0
1200009786,11/02/2016,Veritecnica SRL,,1,0,0
1100028676,11/02/2016,Veritecnica SRL,,1,0,0
9102005829,11/02/2016,Veritecnica SRL,,0,1,0
1100028677,11/02/2016,Veritecnica SRL,,1,0,0
9202001065,11/02/2016,Veritecnica SRL,,0,0,1
1200009787,11/02/2016,Veritecnica SRL,,1,0,0
1100028678,11/02/2016,Veritecnica SRL,,1,0,0
1200009788,11/02/2016,Veritecnica SRL,,1,0,0
1100028679,11/02/2016,Veritecnica SRL,,1,0,0
1100028680,11/02/2016,Veritecnica SRL,,1,0,0
9102005830,11/02/2016,Veritecnica SRL,,0,0,1
1100028681,11/02/2016,Veritecnica SRL,,1,0,0
1100028682,11/02/2016,Veritecnica SRL,,1,0,0
1100028683,11/02/2016,Veritecnica SRL,,1,0,0
1200009789,11/02/2016,Veritecnica SRL,,1,0,0
1100028684,11/03/2016,Veritecnica SRL,,1,0,0
1100028685,11/03/2016,Veritecnica SRL,,1,0,0
1200009790,11/03/2016,Veritecnica SRL,,1,0,0
1100028686,11/03/2016,Veritecnica SRL,,1,0,0
9102005831,11/03/2016,Veritecnica SRL,,0,0,1
1100028687,11/03/2016,Veritecnica SRL,,1,0,0
1100028688,11/03/2016,Veritecnica SRL,,1,0,0
9102005832,11/03/2016,Veritecnica SRL,,0,1,0
1100028689,11/03/2016,Veritecnica SRL,,1,0,0
1100028690,11/03/2016,Veritecnica SRL,,1,0,0
1200009791,11/03/2016,Veritecnica SRL,,1,0,0
1200009792,11/03/2016,Veritecnica SRL,,1,0,0
1100028691,11/03/2016,Veritecnica SRL,,1,0,0
9202001066,11/03/2016,Veritecnica SRL,,0,0,1
9202001067,11/03/2016,Veritecnica SRL,,0,1,0
1100028692,11/03/2016,Veritecnica SRL,,1,0,0
1200009793,11/03/2016,Veritecnica SRL,,1,0,0
9202001068,11/03/2016,Veritecnica SRL,,0,0,1
9202001069,11/03/2016,Veritecnica SRL,,0,0,1
1200009794,11/03/2016,Veritecnica SRL,,1,0,0
1100028693,11/03/2016,Veritecnica SRL,,1,0,0
1200009795,11/03/2016,Veritecnica SRL,,1,0,0
1100028694,11/03/2016,Veritecnica SRL,,1,0,0
1100028695,11/03/2016,Veritecnica SRL,,1,0,0
1200009796,11/03/2016,Veritecnica SRL,,1,0,0
1100028696,11/03/2016,Veritecnica SRL,,1,0,0
1200009797,11/03/2016,Veritecnica SRL,,1,0,0
1100028697,11/03/2016,Veritecnica SRL,,1,0,0
1200009798,11/03/2016,Veritecnica SRL,,1,0,0
1100028698,11/03/2016,Veritecnica SRL,,1,0,0
1200009799,11/03/2016,Veritecnica SRL,,1,0,0
1200009800,11/03/2016,Veritecnica SRL,,1,0,0
9102005833,11/03/2016,Veritecnica SRL,,0,0,1
1100028699,11/03/2016,Veritecnica SRL,,1,0,0
9102005834,11/03/2016,Veritecnica SRL,,0,0,1
1100028700,11/03/2016,Veritecnica SRL,,1,0,0
1100028701,11/03/2016,Veritecnica SRL,,1,0,0
1200009901,11/03/2016,Veritecnica SRL,,1,0,0
