Nrocertificado,Fecha,Idtaller,Dominiovehiculo,Aprobado,RechazadoLeveModerado,RechazadoGrave
1100020225,04/14/2016,Asociación de Bomberos Voluntarios - San Martín de los Andes,,1,0,0
1200005386,04/14/2016,Asociación de Bomberos Voluntarios - San Martín de los Andes,,1,0,0
1200005387,04/14/2016,Asociación de Bomberos Voluntarios - San Martín de los Andes,,1,0,0
1100020226,04/14/2016,Asociación de Bomberos Voluntarios - San Martín de los Andes,,1,0,0
1100020227,04/14/2016,Asociación de Bomberos Voluntarios - San Martín de los Andes,,1,0,0
1100020228,04/14/2016,Asociación de Bomberos Voluntarios - San Martín de los Andes,,1,0,0
1200005388,04/14/2016,Asociación de Bomberos Voluntarios - San Martín de los Andes,,1,0,0
1100020229,04/14/2016,Asociación de Bomberos Voluntarios - San Martín de los Andes,,1,0,0
9201000270,04/14/2016,Asociación de Bomberos Voluntarios - San Martín de los Andes,,0,0,1
9101001549,04/14/2016,Asociación de Bomberos Voluntarios - San Martín de los Andes,,0,0,1
1100020230,04/14/2016,Asociación de Bomberos Voluntarios - San Martín de los Andes,,1,0,0
1100020231,04/14/2016,Asociación de Bomberos Voluntarios - San Martín de los Andes,,1,0,0
1100020232,04/14/2016,Asociación de Bomberos Voluntarios - San Martín de los Andes,,1,0,0
9101001550,04/14/2016,Asociación de Bomberos Voluntarios - San Martín de los Andes,,0,1,0
9101001551,04/14/2016,Asociación de Bomberos Voluntarios - San Martín de los Andes,,0,1,0
1100020233,04/14/2016,Asociación de Bomberos Voluntarios - San Martín de los Andes,,1,0,0
1100020234,04/14/2016,Asociación de Bomberos Voluntarios - San Martín de los Andes,,1,0,0
1100020235,04/14/2016,Asociación de Bomberos Voluntarios - San Martín de los Andes,,1,0,0
9101001552,04/14/2016,Asociación de Bomberos Voluntarios - San Martín de los Andes,,0,1,0
1100020236,04/14/2016,Asociación de Bomberos Voluntarios - San Martín de los Andes,,1,0,0
1100020237,04/14/2016,Asociación de Bomberos Voluntarios - San Martín de los Andes,,1,0,0
9101001553,04/14/2016,Asociación de Bomberos Voluntarios - San Martín de los Andes,,0,1,0
1100020238,04/14/2016,Asociación de Bomberos Voluntarios - San Martín de los Andes,,1,0,0
9101001554,04/14/2016,Asociación de Bomberos Voluntarios - San Martín de los Andes,,0,1,0
1200005389,04/14/2016,Asociación de Bomberos Voluntarios - San Martín de los Andes,,1,0,0
1100020239,04/15/2016,Asociación de Bomberos Voluntarios - San Martín de los Andes,,1,0,0
9101001555,04/15/2016,Asociación de Bomberos Voluntarios - San Martín de los Andes,,0,1,0
1100020240,04/15/2016,Asociación de Bomberos Voluntarios - San Martín de los Andes,,1,0,0
1100020241,04/15/2016,Asociación de Bomberos Voluntarios - San Martín de los Andes,,1,0,0
1100020242,04/15/2016,Asociación de Bomberos Voluntarios - San Martín de los Andes,,1,0,0
1100020243,04/15/2016,Asociación de Bomberos Voluntarios - San Martín de los Andes,,1,0,0
1100020244,04/15/2016,Asociación de Bomberos Voluntarios - San Martín de los Andes,,1,0,0
9101001556,04/15/2016,Asociación de Bomberos Voluntarios - San Martín de los Andes,,0,0,1
1200005390,04/15/2016,Asociación de Bomberos Voluntarios - San Martín de los Andes,,1,0,0
1200005391,04/15/2016,Asociación de Bomberos Voluntarios - San Martín de los Andes,,1,0,0
1100020245,04/15/2016,Asociación de Bomberos Voluntarios - San Martín de los Andes,,1,0,0
1100020246,04/15/2016,Asociación de Bomberos Voluntarios - San Martín de los Andes,,1,0,0
1100020247,04/15/2016,Asociación de Bomberos Voluntarios - San Martín de los Andes,,1,0,0
1100020248,04/15/2016,Asociación de Bomberos Voluntarios - San Martín de los Andes,,1,0,0
9101001557,04/15/2016,Asociación de Bomberos Voluntarios - San Martín de los Andes,,0,1,0
9101001558,04/15/2016,Asociación de Bomberos Voluntarios - San Martín de los Andes,,0,1,0
1100020249,04/15/2016,Asociación de Bomberos Voluntarios - San Martín de los Andes,,1,0,0
1100020250,04/15/2016,Asociación de Bomberos Voluntarios - San Martín de los Andes,,1,0,0
9101001559,04/15/2016,Asociación de Bomberos Voluntarios - San Martín de los Andes,,0,1,0
1100020751,04/15/2016,Asociación de Bomberos Voluntarios - San Martín de los Andes,,1,0,0
1100020752,04/15/2016,Asociación de Bomberos Voluntarios - San Martín de los Andes,,1,0,0
9201000271,04/15/2016,Asociación de Bomberos Voluntarios - San Martín de los Andes,,0,1,0
1100020753,04/15/2016,Asociación de Bomberos Voluntarios - San Martín de los Andes,,1,0,0
1200006565,04/14/2016,Control SRL,,1,0,0
1200006562,04/14/2016,Control SRL,,1,0,0
1200006561,04/14/2016,Control SRL,,1,0,0
1100019172,04/14/2016,Control SRL,,1,0,0
1100019173,04/14/2016,Control SRL,,1,0,0
1100019174,04/14/2016,Control SRL,,1,0,0
1200006570,04/14/2016,Control SRL,,1,0,0
1200006571,04/14/2016,Control SRL,,1,0,0
9103001282,04/14/2016,Control SRL,,0,0,1
1100019175,04/14/2016,Control SRL,,1,0,0
1200006572,04/14/2016,Control SRL,,1,0,0
9103001283,04/14/2016,Control SRL,,0,0,1
1200006573,04/14/2016,Control SRL,,1,0,0
1100019176,04/14/2016,Control SRL,,1,0,0
1100019177,04/14/2016,Control SRL,,1,0,0
1100019178,04/14/2016,Control SRL,,1,0,0
1100019179,04/14/2016,Control SRL,,1,0,0
9103001284,04/14/2016,Control SRL,,0,0,1
9103001285,04/14/2016,Control SRL,,0,0,1
1100019180,04/14/2016,Control SRL,,1,0,0
1200006574,04/14/2016,Control SRL,,1,0,0
1100019181,04/14/2016,Control SRL,,1,0,0
1200006575,04/14/2016,Control SRL,,1,0,0
1100019182,04/14/2016,Control SRL,,1,0,0
1200006576,04/14/2016,Control SRL,,1,0,0
1200006577,04/14/2016,Control SRL,,1,0,0
1200006578,04/14/2016,Control SRL,,1,0,0
1100019183,04/14/2016,Control SRL,,1,0,0
9103001286,04/15/2016,Control SRL,,0,0,1
9103001287,04/15/2016,Control SRL,,0,0,1
1100019184,04/15/2016,Control SRL,,1,0,0
9103001288,04/15/2016,Control SRL,,0,0,1
1100019185,04/15/2016,Control SRL,,1,0,0
9103001289,04/15/2016,Control SRL,,0,0,1
9103001290,04/15/2016,Control SRL,,0,0,1
9103001291,04/15/2016,Control SRL,,0,0,1
1100019186,04/15/2016,Control SRL,,1,0,0
1200006579,04/15/2016,Control SRL,,1,0,0
1100019187,04/15/2016,Control SRL,,1,0,0
1200006580,04/15/2016,Control SRL,,1,0,0
9103001292,04/15/2016,Control SRL,,0,0,1
9203000344,04/15/2016,Control SRL,,0,0,1
1100019188,04/15/2016,Control SRL,,1,0,0
1100019189,04/15/2016,Control SRL,,1,0,0
1100019190,04/15/2016,Control SRL,,1,0,0
1100019191,04/15/2016,Control SRL,,1,0,0
1200006592,04/15/2016,Control SRL,,1,0,0
1200006593,04/15/2016,Control SRL,,1,0,0
1200006594,04/15/2016,Control SRL,,1,0,0
1100019192,04/15/2016,Control SRL,,1,0,0
1100019193,04/15/2016,Control SRL,,1,0,0
1100019194,04/15/2016,Control SRL,,1,0,0
1100019195,04/15/2016,Control SRL,,1,0,0
1100019196,04/15/2016,Control SRL,,1,0,0
1100019197,04/15/2016,Control SRL,,1,0,0
9103001293,04/15/2016,Control SRL,,0,0,1
1100020670,04/14/2016,Veritecnica SRL,,1,0,0
1100020671,04/14/2016,Veritecnica SRL,,1,0,0
1100020672,04/14/2016,Veritecnica SRL,,1,0,0
1100020673,04/14/2016,Veritecnica SRL,,1,0,0
1100020674,04/14/2016,Veritecnica SRL,,1,0,0
9102004228,04/14/2016,Veritecnica SRL,,0,0,1
1100020675,04/14/2016,Veritecnica SRL,,1,0,0
9102004229,04/14/2016,Veritecnica SRL,,0,0,1
1100020676,04/14/2016,Veritecnica SRL,,1,0,0
1100020677,04/14/2016,Veritecnica SRL,,1,0,0
1100020678,04/14/2016,Veritecnica SRL,,1,0,0
1200006640,04/14/2016,Veritecnica SRL,,1,0,0
9102004230,04/14/2016,Veritecnica SRL,,0,1,0
1200006641,04/14/2016,Veritecnica SRL,,1,0,0
1200006642,04/14/2016,Veritecnica SRL,,1,0,0
1100020679,04/14/2016,Veritecnica SRL,,1,0,0
1200006643,04/14/2016,Veritecnica SRL,,1,0,0
9102004231,04/14/2016,Veritecnica SRL,,0,0,1
1200006644,04/14/2016,Veritecnica SRL,,1,0,0
1100020680,04/14/2016,Veritecnica SRL,,1,0,0
1200006645,04/14/2016,Veritecnica SRL,,1,0,0
1200006646,04/14/2016,Veritecnica SRL,,1,0,0
1100020681,04/14/2016,Veritecnica SRL,,1,0,0
1200006647,04/14/2016,Veritecnica SRL,,1,0,0
1200006648,04/14/2016,Veritecnica SRL,,1,0,0
1200006649,04/14/2016,Veritecnica SRL,,1,0,0
9202000624,04/14/2016,Veritecnica SRL,,0,0,1
9202000625,04/14/2016,Veritecnica SRL,,0,0,1
1100020682,04/14/2016,Veritecnica SRL,,1,0,0
1100020683,04/14/2016,Veritecnica SRL,,1,0,0
1200006650,04/14/2016,Veritecnica SRL,,1,0,0
1100020684,04/14/2016,Veritecnica SRL,,1,0,0
9102004232,04/14/2016,Veritecnica SRL,,0,0,1
9202000626,04/14/2016,Veritecnica SRL,,0,0,1
1100020685,04/14/2016,Veritecnica SRL,,1,0,0
1200006651,04/14/2016,Veritecnica SRL,,1,0,0
1100020686,04/14/2016,Veritecnica SRL,,1,0,0
9102004233,04/14/2016,Veritecnica SRL,,0,0,1
9102004234,04/14/2016,Veritecnica SRL,,0,1,0
1200006652,04/14/2016,Veritecnica SRL,,1,0,0
1100020687,04/14/2016,Veritecnica SRL,,1,0,0
9102004235,04/14/2016,Veritecnica SRL,,0,0,1
1100020688,04/14/2016,Veritecnica SRL,,1,0,0
1100020689,04/14/2016,Veritecnica SRL,,1,0,0
1200006653,04/14/2016,Veritecnica SRL,,1,0,0
1200006654,04/14/2016,Veritecnica SRL,,1,0,0
1100020690,04/14/2016,Veritecnica SRL,,1,0,0
1100020691,04/14/2016,Veritecnica SRL,,1,0,0
1100020692,04/14/2016,Veritecnica SRL,,1,0,0
1100020693,04/14/2016,Veritecnica SRL,,1,0,0
1200006655,04/14/2016,Veritecnica SRL,,1,0,0
1200006656,04/14/2016,Veritecnica SRL,,1,0,0
1200006657,04/14/2016,Veritecnica SRL,,1,0,0
9102004236,04/14/2016,Veritecnica SRL,,0,0,1
9102004237,04/14/2016,Veritecnica SRL,,0,0,1
1100020694,04/14/2016,Veritecnica SRL,,1,0,0
1100020695,04/14/2016,Veritecnica SRL,,1,0,0
9102004238,04/14/2016,Veritecnica SRL,,0,0,1
1200006658,04/14/2016,Veritecnica SRL,,1,0,0
1100020696,04/14/2016,Veritecnica SRL,,1,0,0
1100020697,04/15/2016,Veritecnica SRL,,1,0,0
1100020698,04/15/2016,Veritecnica SRL,,1,0,0
1100020699,04/15/2016,Veritecnica SRL,,1,0,0
1100020700,04/15/2016,Veritecnica SRL,,1,0,0
1100020701,04/15/2016,Veritecnica SRL,,1,0,0
1100020702,04/15/2016,Veritecnica SRL,,1,0,0
9102004239,04/15/2016,Veritecnica SRL,,0,0,1
1100020703,04/15/2016,Veritecnica SRL,,1,0,0
1100020704,04/15/2016,Veritecnica SRL,,1,0,0
1100020705,04/15/2016,Veritecnica SRL,,1,0,0
1200006659,04/15/2016,Veritecnica SRL,,1,0,0
9102004240,04/15/2016,Veritecnica SRL,,0,1,0
1200006660,04/15/2016,Veritecnica SRL,,1,0,0
1200006661,04/15/2016,Veritecnica SRL,,1,0,0
1100020706,04/15/2016,Veritecnica SRL,,1,0,0
1200006662,04/15/2016,Veritecnica SRL,,1,0,0
1100020707,04/15/2016,Veritecnica SRL,,1,0,0
9102004241,04/15/2016,Veritecnica SRL,,0,0,1
1100020708,04/15/2016,Veritecnica SRL,,1,0,0
1200006663,04/15/2016,Veritecnica SRL,,1,0,0
1100020709,04/15/2016,Veritecnica SRL,,1,0,0
1100020710,04/15/2016,Veritecnica SRL,,1,0,0
1100020711,04/15/2016,Veritecnica SRL,,1,0,0
1100020712,04/15/2016,Veritecnica SRL,,1,0,0
1100020713,04/15/2016,Veritecnica SRL,,1,0,0
1100020714,04/15/2016,Veritecnica SRL,,1,0,0
9102004242,04/15/2016,Veritecnica SRL,,0,1,0
1100020715,04/15/2016,Veritecnica SRL,,1,0,0
1200006664,04/15/2016,Veritecnica SRL,,1,0,0
1100020716,04/15/2016,Veritecnica SRL,,1,0,0
1100020717,04/15/2016,Veritecnica SRL,,1,0,0
1100020718,04/15/2016,Veritecnica SRL,,1,0,0
1100020719,04/15/2016,Veritecnica SRL,,1,0,0
1100020720,04/15/2016,Veritecnica SRL,,1,0,0
9102004243,04/15/2016,Veritecnica SRL,,0,0,1
1100020721,04/15/2016,Veritecnica SRL,,1,0,0
1100020722,04/15/2016,Veritecnica SRL,,1,0,0
1100020723,04/15/2016,Veritecnica SRL,,1,0,0
1100020724,04/15/2016,Veritecnica SRL,,1,0,0
1100020725,04/15/2016,Veritecnica SRL,,1,0,0
1100020726,04/15/2016,Veritecnica SRL,,1,0,0
1200006665,04/15/2016,Veritecnica SRL,,1,0,0
1100020727,04/15/2016,Veritecnica SRL,,1,0,0
1100020728,04/15/2016,Veritecnica SRL,,1,0,0
1100020729,04/15/2016,Veritecnica SRL,,1,0,0
