Nrocertificado,Fecha,Idtaller,Dominiovehiculo,Aprobado,RechazadoLeveModerado,RechazadoGrave
1100028366,11/10/2016,Asociación de Bomberos Voluntarios - San Martín de los Andes,,1,0,0
1100028367,11/10/2016,Asociación de Bomberos Voluntarios - San Martín de los Andes,,1,0,0
1100028368,11/10/2016,Asociación de Bomberos Voluntarios - San Martín de los Andes,,1,0,0
9101002185,11/10/2016,Asociación de Bomberos Voluntarios - San Martín de los Andes,,0,0,1
1100028369,11/10/2016,Asociación de Bomberos Voluntarios - San Martín de los Andes,,1,0,0
1100028370,11/10/2016,Asociación de Bomberos Voluntarios - San Martín de los Andes,,1,0,0
1100028371,11/10/2016,Asociación de Bomberos Voluntarios - San Martín de los Andes,,1,0,0
1100028372,11/10/2016,Asociación de Bomberos Voluntarios - San Martín de los Andes,,1,0,0
1100028373,11/10/2016,Asociación de Bomberos Voluntarios - San Martín de los Andes,,1,0,0
9101002186,11/10/2016,Asociación de Bomberos Voluntarios - San Martín de los Andes,,0,0,1
1100028374,11/10/2016,Asociación de Bomberos Voluntarios - San Martín de los Andes,,1,0,0
1100028375,11/10/2016,Asociación de Bomberos Voluntarios - San Martín de los Andes,,1,0,0
1100028376,11/10/2016,Asociación de Bomberos Voluntarios - San Martín de los Andes,,1,0,0
9201000405,11/10/2016,Asociación de Bomberos Voluntarios - San Martín de los Andes,,0,1,0
1100028377,11/10/2016,Asociación de Bomberos Voluntarios - San Martín de los Andes,,1,0,0
1100028378,11/10/2016,Asociación de Bomberos Voluntarios - San Martín de los Andes,,1,0,0
9101002187,11/10/2016,Asociación de Bomberos Voluntarios - San Martín de los Andes,,0,1,0
1100028379,11/10/2016,Asociación de Bomberos Voluntarios - San Martín de los Andes,,1,0,0
9201000406,11/10/2016,Asociación de Bomberos Voluntarios - San Martín de los Andes,,0,1,0
1100028380,11/10/2016,Asociación de Bomberos Voluntarios - San Martín de los Andes,,1,0,0
9101002188,11/10/2016,Asociación de Bomberos Voluntarios - San Martín de los Andes,,0,1,0
1100028381,11/10/2016,Asociación de Bomberos Voluntarios - San Martín de los Andes,,1,0,0
1100028382,11/10/2016,Asociación de Bomberos Voluntarios - San Martín de los Andes,,1,0,0
1100028383,11/10/2016,Asociación de Bomberos Voluntarios - San Martín de los Andes,,1,0,0
9101002189,11/10/2016,Asociación de Bomberos Voluntarios - San Martín de los Andes,,0,1,0
1100028384,11/10/2016,Asociación de Bomberos Voluntarios - San Martín de los Andes,,1,0,0
1100028385,11/10/2016,Asociación de Bomberos Voluntarios - San Martín de los Andes,,1,0,0
1100028386,11/10/2016,Asociación de Bomberos Voluntarios - San Martín de los Andes,,1,0,0
1100028387,11/10/2016,Asociación de Bomberos Voluntarios - San Martín de los Andes,,1,0,0
1100028388,11/10/2016,Asociación de Bomberos Voluntarios - San Martín de los Andes,,1,0,0
1100028389,11/10/2016,Asociación de Bomberos Voluntarios - San Martín de los Andes,,1,0,0
1100028390,11/10/2016,Asociación de Bomberos Voluntarios - San Martín de los Andes,,1,0,0
9101002190,11/10/2016,Asociación de Bomberos Voluntarios - San Martín de los Andes,,0,0,1
1100028391,11/10/2016,Asociación de Bomberos Voluntarios - San Martín de los Andes,,1,0,0
9101002191,11/10/2016,Asociación de Bomberos Voluntarios - San Martín de los Andes,,0,1,0
1100028392,11/10/2016,Asociación de Bomberos Voluntarios - San Martín de los Andes,,1,0,0
1100028393,11/10/2016,Asociación de Bomberos Voluntarios - San Martín de los Andes,,1,0,0
1100028394,11/10/2016,Asociación de Bomberos Voluntarios - San Martín de los Andes,,1,0,0
1200008558,11/10/2016,Asociación de Bomberos Voluntarios - San Martín de los Andes,,1,0,0
9101002192,11/11/2016,Asociación de Bomberos Voluntarios - San Martín de los Andes,,0,1,0
1100028395,11/11/2016,Asociación de Bomberos Voluntarios - San Martín de los Andes,,1,0,0
1200008557,11/11/2016,Asociación de Bomberos Voluntarios - San Martín de los Andes,,1,0,0
1100028396,11/11/2016,Asociación de Bomberos Voluntarios - San Martín de los Andes,,1,0,0
1100028397,11/11/2016,Asociación de Bomberos Voluntarios - San Martín de los Andes,,1,0,0
1100028398,11/11/2016,Asociación de Bomberos Voluntarios - San Martín de los Andes,,1,0,0
1100028399,11/11/2016,Asociación de Bomberos Voluntarios - San Martín de los Andes,,1,0,0
1100028400,11/11/2016,Asociación de Bomberos Voluntarios - San Martín de los Andes,,1,0,0
1100028401,11/11/2016,Asociación de Bomberos Voluntarios - San Martín de los Andes,,1,0,0
1200008556,11/11/2016,Asociación de Bomberos Voluntarios - San Martín de los Andes,,1,0,0
1200008555,11/11/2016,Asociación de Bomberos Voluntarios - San Martín de los Andes,,1,0,0
9201000407,11/11/2016,Asociación de Bomberos Voluntarios - San Martín de los Andes,,0,1,0
1100028402,11/11/2016,Asociación de Bomberos Voluntarios - San Martín de los Andes,,1,0,0
1100028403,11/11/2016,Asociación de Bomberos Voluntarios - San Martín de los Andes,,1,0,0
1100028404,11/11/2016,Asociación de Bomberos Voluntarios - San Martín de los Andes,,1,0,0
9101002193,11/11/2016,Asociación de Bomberos Voluntarios - San Martín de los Andes,,0,1,0
1100028405,11/11/2016,Asociación de Bomberos Voluntarios - San Martín de los Andes,,1,0,0
1100028406,11/11/2016,Asociación de Bomberos Voluntarios - San Martín de los Andes,,1,0,0
1100028407,11/11/2016,Asociación de Bomberos Voluntarios - San Martín de los Andes,,1,0,0
9101002194,11/11/2016,Asociación de Bomberos Voluntarios - San Martín de los Andes,,0,0,1
1100028408,11/11/2016,Asociación de Bomberos Voluntarios - San Martín de los Andes,,1,0,0
9101002195,11/11/2016,Asociación de Bomberos Voluntarios - San Martín de los Andes,,0,1,0
1100028409,11/11/2016,Asociación de Bomberos Voluntarios - San Martín de los Andes,,1,0,0
9101002196,11/11/2016,Asociación de Bomberos Voluntarios - San Martín de los Andes,,0,0,1
9101002197,11/11/2016,Asociación de Bomberos Voluntarios - San Martín de los Andes,,0,1,0
1100028410,11/11/2016,Asociación de Bomberos Voluntarios - San Martín de los Andes,,1,0,0
1100028411,11/11/2016,Asociación de Bomberos Voluntarios - San Martín de los Andes,,1,0,0
9101002198,11/11/2016,Asociación de Bomberos Voluntarios - San Martín de los Andes,,0,1,0
1100028412,11/11/2016,Asociación de Bomberos Voluntarios - San Martín de los Andes,,1,0,0
1100028413,11/11/2016,Asociación de Bomberos Voluntarios - San Martín de los Andes,,1,0,0
1200008554,11/11/2016,Asociación de Bomberos Voluntarios - San Martín de los Andes,,1,0,0
1100028414,11/11/2016,Asociación de Bomberos Voluntarios - San Martín de los Andes,,1,0,0
1100028415,11/11/2016,Asociación de Bomberos Voluntarios - San Martín de los Andes,,1,0,0
1100028416,11/11/2016,Asociación de Bomberos Voluntarios - San Martín de los Andes,,1,0,0
1100028417,11/11/2016,Asociación de Bomberos Voluntarios - San Martín de los Andes,,1,0,0
1100028418,11/11/2016,Asociación de Bomberos Voluntarios - San Martín de los Andes,,1,0,0
1100028419,11/11/2016,Asociación de Bomberos Voluntarios - San Martín de los Andes,,1,0,0
9101002199,11/11/2016,Asociación de Bomberos Voluntarios - San Martín de los Andes,,0,1,0
9101002200,11/11/2016,Asociación de Bomberos Voluntarios - San Martín de los Andes,,0,1,0
1100028420,11/11/2016,Asociación de Bomberos Voluntarios - San Martín de los Andes,,1,0,0
1200008553,11/11/2016,Asociación de Bomberos Voluntarios - San Martín de los Andes,,1,0,0
9203000514,11/10/2016,Control SRL,,0,0,1
1100028249,11/10/2016,Control SRL,,1,0,0
1200010024,11/10/2016,Control SRL,,1,0,0
1200010023,11/10/2016,Control SRL,,1,0,0
1200010021,11/10/2016,Control SRL,,1,0,0
1100028250,11/10/2016,Control SRL,,1,0,0
1200010022,11/10/2016,Control SRL,,1,0,0
1200010025,11/10/2016,Control SRL,,1,0,0
1200010020,11/10/2016,Control SRL,,1,0,0
1100028751,11/10/2016,Control SRL,,1,0,0
1100028752,11/10/2016,Control SRL,,1,0,0
1200010019,11/10/2016,Control SRL,,1,0,0
1100028753,11/10/2016,Control SRL,,1,0,0
1100028754,11/10/2016,Control SRL,,1,0,0
1200010018,11/10/2016,Control SRL,,1,0,0
1100028755,11/10/2016,Control SRL,,1,0,0
1100028756,11/10/2016,Control SRL,,1,0,0
1200010017,11/10/2016,Control SRL,,1,0,0
1100028757,11/10/2016,Control SRL,,1,0,0
1200010016,11/10/2016,Control SRL,,1,0,0
9103001818,11/10/2016,Control SRL,,0,0,1
1200010026,11/10/2016,Control SRL,,1,0,0
1200010015,11/10/2016,Control SRL,,1,0,0
1100028758,11/10/2016,Control SRL,,1,0,0
1200010027,11/10/2016,Control SRL,,1,0,0
1200010014,11/10/2016,Control SRL,,1,0,0
1100028759,11/10/2016,Control SRL,,1,0,0
1200010029,11/11/2016,Control SRL,,1,0,0
1200010028,11/11/2016,Control SRL,,1,0,0
9103001819,11/11/2016,Control SRL,,0,0,1
1100028760,11/11/2016,Control SRL,,1,0,0
9103001820,11/11/2016,Control SRL,,0,0,1
1100028761,11/11/2016,Control SRL,,1,0,0
1100028762,11/11/2016,Control SRL,,1,0,0
9103001821,11/11/2016,Control SRL,,0,0,1
1100028763,11/11/2016,Control SRL,,1,0,0
1200010034,11/11/2016,Control SRL,,1,0,0
1100028764,11/11/2016,Control SRL,,1,0,0
1200010033,11/11/2016,Control SRL,,1,0,0
1200010035,11/11/2016,Control SRL,,1,0,0
1100028766,11/11/2016,Control SRL,,1,0,0
1100028765,11/11/2016,Control SRL,,1,0,0
1200010032,11/11/2016,Control SRL,,1,0,0
1100028767,11/11/2016,Control SRL,,1,0,0
1200010031,11/11/2016,Control SRL,,1,0,0
1100028768,11/11/2016,Control SRL,,1,0,0
1200010036,11/11/2016,Control SRL,,1,0,0
1200010030,11/11/2016,Control SRL,,1,0,0
9203000515,11/11/2016,Control SRL,,0,0,1
9203000516,11/11/2016,Control SRL,,0,0,1
1200010037,11/11/2016,Control SRL,,1,0,0
1100028769,11/11/2016,Control SRL,,1,0,0
1100028770,11/11/2016,Control SRL,,1,0,0
1200010038,11/11/2016,Control SRL,,1,0,0
9203000517,11/11/2016,Control SRL,,0,0,1
1100028771,11/11/2016,Control SRL,,1,0,0
1200010039,11/11/2016,Control SRL,,1,0,0
1100028772,11/11/2016,Control SRL,,1,0,0
1200010040,11/11/2016,Control SRL,,1,0,0
1200010043,11/11/2016,Control SRL,,1,0,0
9203000518,11/11/2016,Control SRL,,0,0,1
1100028773,11/11/2016,Control SRL,,1,0,0
1100028774,11/11/2016,Control SRL,,1,0,0
1200010044,11/11/2016,Control SRL,,1,0,0
1200010045,11/11/2016,Control SRL,,1,0,0
1200010046,11/11/2016,Control SRL,,1,0,0
1100028775,11/11/2016,Control SRL,,1,0,0
1100028776,11/11/2016,Control SRL,,1,0,0
1100028779,11/11/2016,Control SRL,,1,0,0
1100028777,11/11/2016,Control SRL,,1,0,0
1200010047,11/11/2016,Control SRL,,1,0,0
1100028778,11/11/2016,Control SRL,,1,0,0
1100028780,11/11/2016,Control SRL,,1,0,0
1100028781,11/11/2016,Control SRL,,1,0,0
1100029062,11/10/2016,Veritecnica SRL,,1,0,0
1100029063,11/10/2016,Veritecnica SRL,,1,0,0
1100029064,11/10/2016,Veritecnica SRL,,1,0,0
1200009951,11/10/2016,Veritecnica SRL,,1,0,0
9102005882,11/10/2016,Veritecnica SRL,,0,0,1
9102005883,11/10/2016,Veritecnica SRL,,0,0,1
9102005884,11/10/2016,Veritecnica SRL,,0,1,0
1100029065,11/10/2016,Veritecnica SRL,,1,0,0
9102005885,11/10/2016,Veritecnica SRL,,0,1,0
1200009953,11/10/2016,Veritecnica SRL,,1,0,0
9102005886,11/10/2016,Veritecnica SRL,,0,0,1
1100029066,11/10/2016,Veritecnica SRL,,1,0,0
1100029067,11/10/2016,Veritecnica SRL,,1,0,0
1100029068,11/10/2016,Veritecnica SRL,,1,0,0
1200009954,11/10/2016,Veritecnica SRL,,1,0,0
1200009955,11/10/2016,Veritecnica SRL,,1,0,0
1100029069,11/10/2016,Veritecnica SRL,,1,0,0
1100029070,11/10/2016,Veritecnica SRL,,1,0,0
9202001075,11/10/2016,Veritecnica SRL,,0,0,1
1100029071,11/10/2016,Veritecnica SRL,,1,0,0
9102005887,11/10/2016,Veritecnica SRL,,0,0,1
1100029072,11/10/2016,Veritecnica SRL,,1,0,0
1100029073,11/10/2016,Veritecnica SRL,,1,0,0
1100029074,11/10/2016,Veritecnica SRL,,1,0,0
1100029075,11/10/2016,Veritecnica SRL,,1,0,0
1200009956,11/10/2016,Veritecnica SRL,,1,0,0
9102005888,11/10/2016,Veritecnica SRL,,0,0,1
1100029076,11/10/2016,Veritecnica SRL,,1,0,0
9102005889,11/10/2016,Veritecnica SRL,,0,1,0
1200009957,11/10/2016,Veritecnica SRL,,1,0,0
1100029077,11/10/2016,Veritecnica SRL,,1,0,0
1100029078,11/10/2016,Veritecnica SRL,,1,0,0
1100029079,11/10/2016,Veritecnica SRL,,1,0,0
1100029080,11/10/2016,Veritecnica SRL,,1,0,0
9102005890,11/10/2016,Veritecnica SRL,,0,1,0
9102005891,11/10/2016,Veritecnica SRL,,0,1,0
1200009958,11/10/2016,Veritecnica SRL,,1,0,0
1200009959,11/10/2016,Veritecnica SRL,,1,0,0
1100029081,11/10/2016,Veritecnica SRL,,1,0,0
9202001076,11/10/2016,Veritecnica SRL,,0,0,1
1100029082,11/10/2016,Veritecnica SRL,,1,0,0
9102005892,11/10/2016,Veritecnica SRL,,0,0,1
1100029083,11/10/2016,Veritecnica SRL,,1,0,0
1100029084,11/10/2016,Veritecnica SRL,,1,0,0
1200009960,11/10/2016,Veritecnica SRL,,1,0,0
1200009961,11/10/2016,Veritecnica SRL,,1,0,0
1200009962,11/10/2016,Veritecnica SRL,,1,0,0
1100029085,11/10/2016,Veritecnica SRL,,1,0,0
1100029086,11/10/2016,Veritecnica SRL,,1,0,0
1100029087,11/11/2016,Veritecnica SRL,,1,0,0
1100029088,11/11/2016,Veritecnica SRL,,1,0,0
9102005893,11/11/2016,Veritecnica SRL,,0,1,0
1100029089,11/11/2016,Veritecnica SRL,,1,0,0
9102005894,11/11/2016,Veritecnica SRL,,0,0,1
1100029090,11/11/2016,Veritecnica SRL,,1,0,0
9102005895,11/11/2016,Veritecnica SRL,,0,0,1
1100029091,11/11/2016,Veritecnica SRL,,1,0,0
1100029092,11/11/2016,Veritecnica SRL,,1,0,0
9102005896,11/11/2016,Veritecnica SRL,,0,1,0
1200009963,11/11/2016,Veritecnica SRL,,1,0,0
1100029093,11/11/2016,Veritecnica SRL,,1,0,0
9202001077,11/11/2016,Veritecnica SRL,,0,0,1
9102005897,11/11/2016,Veritecnica SRL,,0,0,1
1100029094,11/11/2016,Veritecnica SRL,,1,0,0
1100029095,11/11/2016,Veritecnica SRL,,1,0,0
9202001078,11/11/2016,Veritecnica SRL,,0,0,1
9102005898,11/11/2016,Veritecnica SRL,,0,0,1
9102005899,11/11/2016,Veritecnica SRL,,0,1,0
9102005900,11/11/2016,Veritecnica SRL,,0,1,0
1100029096,11/11/2016,Veritecnica SRL,,1,0,0
1100029097,11/11/2016,Veritecnica SRL,,1,0,0
1100029098,11/11/2016,Veritecnica SRL,,1,0,0
1100029099,11/11/2016,Veritecnica SRL,,1,0,0
1100029100,11/11/2016,Veritecnica SRL,,1,0,0
1100029101,11/11/2016,Veritecnica SRL,,1,0,0
1100029102,11/11/2016,Veritecnica SRL,,1,0,0
1100029103,11/11/2016,Veritecnica SRL,,1,0,0
1100029104,11/11/2016,Veritecnica SRL,,1,0,0
1200009964,11/11/2016,Veritecnica SRL,,1,0,0
1100029105,11/11/2016,Veritecnica SRL,,1,0,0
1100029106,11/11/2016,Veritecnica SRL,,1,0,0
9102005901,11/11/2016,Veritecnica SRL,,0,0,1
1100029107,11/11/2016,Veritecnica SRL,,1,0,0
1100029108,11/11/2016,Veritecnica SRL,,1,0,0
1200009965,11/11/2016,Veritecnica SRL,,1,0,0
9202001079,11/11/2016,Veritecnica SRL,,0,0,1
1200009966,11/11/2016,Veritecnica SRL,,1,0,0
1100029109,11/11/2016,Veritecnica SRL,,1,0,0
