Nrocertificado,Fecha,Idtaller,Dominiovehiculo,Aprobado,RechazadoLeveModerado,RechazadoGrave
9101001986,09/16/2016,Asociación de Bomberos Voluntarios - San Martín de los Andes,,0,0,1
9201000379,09/16/2016,Asociación de Bomberos Voluntarios - San Martín de los Andes,,0,0,1
1100025967,09/16/2016,Asociación de Bomberos Voluntarios - San Martín de los Andes,,1,0,0
1100025968,09/16/2016,Asociación de Bomberos Voluntarios - San Martín de los Andes,,1,0,0
9101001987,09/16/2016,Asociación de Bomberos Voluntarios - San Martín de los Andes,,0,0,1
1100025969,09/16/2016,Asociación de Bomberos Voluntarios - San Martín de los Andes,,1,0,0
1100025970,09/16/2016,Asociación de Bomberos Voluntarios - San Martín de los Andes,,1,0,0
1200007638,09/16/2016,Asociación de Bomberos Voluntarios - San Martín de los Andes,,1,0,0
9201000380,09/16/2016,Asociación de Bomberos Voluntarios - San Martín de los Andes,,0,0,1
1100025971,09/16/2016,Asociación de Bomberos Voluntarios - San Martín de los Andes,,1,0,0
1100025972,09/16/2016,Asociación de Bomberos Voluntarios - San Martín de los Andes,,1,0,0
1100025973,09/16/2016,Asociación de Bomberos Voluntarios - San Martín de los Andes,,1,0,0
9101001988,09/16/2016,Asociación de Bomberos Voluntarios - San Martín de los Andes,,0,1,0
9101001989,09/16/2016,Asociación de Bomberos Voluntarios - San Martín de los Andes,,0,0,1
1200007639,09/16/2016,Asociación de Bomberos Voluntarios - San Martín de los Andes,,1,0,0
9201000381,09/16/2016,Asociación de Bomberos Voluntarios - San Martín de los Andes,,0,1,0
9101001990,09/16/2016,Asociación de Bomberos Voluntarios - San Martín de los Andes,,0,1,0
9101001991,09/16/2016,Asociación de Bomberos Voluntarios - San Martín de los Andes,,0,1,0
1200007640,09/16/2016,Asociación de Bomberos Voluntarios - San Martín de los Andes,,1,0,0
9101001992,09/17/2016,Asociación de Bomberos Voluntarios - San Martín de los Andes,,0,1,0
9101001993,09/17/2016,Asociación de Bomberos Voluntarios - San Martín de los Andes,,0,0,1
1100025974,09/17/2016,Asociación de Bomberos Voluntarios - San Martín de los Andes,,1,0,0
1100025975,09/17/2016,Asociación de Bomberos Voluntarios - San Martín de los Andes,,1,0,0
1100025976,09/17/2016,Asociación de Bomberos Voluntarios - San Martín de los Andes,,1,0,0
1100025977,09/17/2016,Asociación de Bomberos Voluntarios - San Martín de los Andes,,1,0,0
9103001698,09/16/2016,Control SRL,,0,0,1
1200009053,09/16/2016,Control SRL,,1,0,0
1100026388,09/16/2016,Control SRL,,1,0,0
1200009055,09/16/2016,Control SRL,,1,0,0
1100026389,09/16/2016,Control SRL,,1,0,0
1100026390,09/16/2016,Control SRL,,1,0,0
1200009054,09/16/2016,Control SRL,,1,0,0
1100026391,09/16/2016,Control SRL,,1,0,0
9103001699,09/16/2016,Control SRL,,0,0,1
1200009056,09/16/2016,Control SRL,,1,0,0
1100026392,09/16/2016,Control SRL,,1,0,0
1200009057,09/16/2016,Control SRL,,1,0,0
1200009058,09/16/2016,Control SRL,,1,0,0
1200009059,09/16/2016,Control SRL,,1,0,0
1100026394,09/16/2016,Control SRL,,1,0,0
1100026393,09/16/2016,Control SRL,,1,0,0
1100026395,09/16/2016,Control SRL,,1,0,0
1100026396,09/16/2016,Control SRL,,1,0,0
1100026397,09/16/2016,Control SRL,,1,0,0
1100026398,09/16/2016,Control SRL,,1,0,0
1100026399,09/16/2016,Control SRL,,1,0,0
1200009060,09/16/2016,Control SRL,,1,0,0
1100026400,09/16/2016,Control SRL,,1,0,0
9103001700,09/16/2016,Control SRL,,0,0,1
1200009061,09/16/2016,Control SRL,,1,0,0
1200009062,09/16/2016,Control SRL,,1,0,0
1200009063,09/16/2016,Control SRL,,1,0,0
1100026401,09/16/2016,Control SRL,,1,0,0
1200009064,09/16/2016,Control SRL,,1,0,0
1100026402,09/16/2016,Control SRL,,1,0,0
1200009065,09/16/2016,Control SRL,,1,0,0
1200009066,09/16/2016,Control SRL,,1,0,0
1100026403,09/16/2016,Control SRL,,1,0,0
1100026404,09/16/2016,Control SRL,,1,0,0
1100026405,09/16/2016,Control SRL,,1,0,0
1100026406,09/16/2016,Control SRL,,1,0,0
1100026407,09/16/2016,Control SRL,,1,0,0
1100026408,09/16/2016,Control SRL,,1,0,0
1200009067,09/16/2016,Control SRL,,1,0,0
1100026409,09/16/2016,Control SRL,,1,0,0
1100026545,09/16/2016,Veritecnica SRL,,1,0,0
1100026546,09/16/2016,Veritecnica SRL,,1,0,0
1200008981,09/16/2016,Veritecnica SRL,,1,0,0
9102005519,09/16/2016,Veritecnica SRL,,0,0,1
9102005520,09/16/2016,Veritecnica SRL,,0,0,1
1200008982,09/16/2016,Veritecnica SRL,,1,0,0
1100026547,09/16/2016,Veritecnica SRL,,1,0,0
1100026548,09/16/2016,Veritecnica SRL,,1,0,0
1100026549,09/16/2016,Veritecnica SRL,,1,0,0
1200008983,09/16/2016,Veritecnica SRL,,1,0,0
1100026550,09/16/2016,Veritecnica SRL,,1,0,0
9102005521,09/16/2016,Veritecnica SRL,,0,1,0
1200008984,09/16/2016,Veritecnica SRL,,1,0,0
1200008985,09/16/2016,Veritecnica SRL,,1,0,0
1200008986,09/16/2016,Veritecnica SRL,,1,0,0
1100026551,09/16/2016,Veritecnica SRL,,1,0,0
1200008987,09/16/2016,Veritecnica SRL,,1,0,0
9202000933,09/16/2016,Veritecnica SRL,,0,0,1
9102005522,09/16/2016,Veritecnica SRL,,0,0,1
1100026552,09/16/2016,Veritecnica SRL,,1,0,0
9102005523,09/16/2016,Veritecnica SRL,,0,0,1
9202000934,09/16/2016,Veritecnica SRL,,0,0,1
9202000935,09/16/2016,Veritecnica SRL,,0,1,0
1100026553,09/16/2016,Veritecnica SRL,,1,0,0
1200008988,09/16/2016,Veritecnica SRL,,1,0,0
1100026554,09/16/2016,Veritecnica SRL,,1,0,0
9202000936,09/16/2016,Veritecnica SRL,,0,0,1
1100026555,09/16/2016,Veritecnica SRL,,1,0,0
1100026556,09/16/2016,Veritecnica SRL,,1,0,0
9202000937,09/16/2016,Veritecnica SRL,,0,0,1
1100026557,09/16/2016,Veritecnica SRL,,1,0,0
1200008989,09/16/2016,Veritecnica SRL,,1,0,0
1100026558,09/16/2016,Veritecnica SRL,,1,0,0
1100026559,09/16/2016,Veritecnica SRL,,1,0,0
1100026560,09/16/2016,Veritecnica SRL,,1,0,0
1200008990,09/16/2016,Veritecnica SRL,,1,0,0
1100026561,09/16/2016,Veritecnica SRL,,1,0,0
1100026562,09/16/2016,Veritecnica SRL,,1,0,0
1100026563,09/16/2016,Veritecnica SRL,,1,0,0
1200008991,09/16/2016,Veritecnica SRL,,1,0,0
1200008992,09/16/2016,Veritecnica SRL,,1,0,0
1200008993,09/16/2016,Veritecnica SRL,,1,0,0
1100026564,09/16/2016,Veritecnica SRL,,1,0,0
1100026565,09/17/2016,Veritecnica SRL,,1,0,0
1100026566,09/17/2016,Veritecnica SRL,,1,0,0
1100026567,09/17/2016,Veritecnica SRL,,1,0,0
1100026568,09/17/2016,Veritecnica SRL,,1,0,0
1100026569,09/17/2016,Veritecnica SRL,,1,0,0
1100026570,09/17/2016,Veritecnica SRL,,1,0,0
1100026571,09/17/2016,Veritecnica SRL,,1,0,0
1200008994,09/17/2016,Veritecnica SRL,,1,0,0
9102005524,09/17/2016,Veritecnica SRL,,0,0,1
1100026572,09/17/2016,Veritecnica SRL,,1,0,0
1100026573,09/17/2016,Veritecnica SRL,,1,0,0
9102005525,09/17/2016,Veritecnica SRL,,0,1,0
1100026574,09/17/2016,Veritecnica SRL,,1,0,0
1100026575,09/17/2016,Veritecnica SRL,,1,0,0
1100026576,09/17/2016,Veritecnica SRL,,1,0,0
