Nrocertificado,Fecha,Idtaller,Dominiovehiculo,Aprobado,RechazadoLeveModerado,RechazadoGrave
1100011254,01/14/2016,Asociación de Bomberos Voluntarios - San Martín de los Andes,,1,0,0
1100011255,01/14/2016,Asociación de Bomberos Voluntarios - San Martín de los Andes,,1,0,0
1100011256,01/14/2016,Asociación de Bomberos Voluntarios - San Martín de los Andes,,1,0,0
1100011257,01/14/2016,Asociación de Bomberos Voluntarios - San Martín de los Andes,,1,0,0
9101001084,01/14/2016,Asociación de Bomberos Voluntarios - San Martín de los Andes,,0,0,1
1100011258,01/14/2016,Asociación de Bomberos Voluntarios - San Martín de los Andes,,1,0,0
1100011259,01/14/2016,Asociación de Bomberos Voluntarios - San Martín de los Andes,,1,0,0
1100011260,01/14/2016,Asociación de Bomberos Voluntarios - San Martín de los Andes,,1,0,0
1100011261,01/14/2016,Asociación de Bomberos Voluntarios - San Martín de los Andes,,1,0,0
9101001085,01/14/2016,Asociación de Bomberos Voluntarios - San Martín de los Andes,,0,0,1
9101001086,01/14/2016,Asociación de Bomberos Voluntarios - San Martín de los Andes,,0,1,0
9101001087,01/14/2016,Asociación de Bomberos Voluntarios - San Martín de los Andes,,0,0,1
1100011262,01/14/2016,Asociación de Bomberos Voluntarios - San Martín de los Andes,,1,0,0
1100011263,01/14/2016,Asociación de Bomberos Voluntarios - San Martín de los Andes,,1,0,0
1100011264,01/14/2016,Asociación de Bomberos Voluntarios - San Martín de los Andes,,1,0,0
9201000207,01/14/2016,Asociación de Bomberos Voluntarios - San Martín de los Andes,,0,0,1
1100011265,01/14/2016,Asociación de Bomberos Voluntarios - San Martín de los Andes,,1,0,0
1100011266,01/14/2016,Asociación de Bomberos Voluntarios - San Martín de los Andes,,1,0,0
1100011267,01/14/2016,Asociación de Bomberos Voluntarios - San Martín de los Andes,,1,0,0
1100011268,01/14/2016,Asociación de Bomberos Voluntarios - San Martín de los Andes,,1,0,0
9101001088,01/14/2016,Asociación de Bomberos Voluntarios - San Martín de los Andes,,0,1,0
9101001089,01/14/2016,Asociación de Bomberos Voluntarios - San Martín de los Andes,,0,1,0
1100011269,01/14/2016,Asociación de Bomberos Voluntarios - San Martín de los Andes,,1,0,0
9101001090,01/14/2016,Asociación de Bomberos Voluntarios - San Martín de los Andes,,0,1,0
1200002991,01/14/2016,Asociación de Bomberos Voluntarios - San Martín de los Andes,,1,0,0
1100011270,01/14/2016,Asociación de Bomberos Voluntarios - San Martín de los Andes,,1,0,0
1100011271,01/14/2016,Asociación de Bomberos Voluntarios - San Martín de los Andes,,1,0,0
1100011272,01/14/2016,Asociación de Bomberos Voluntarios - San Martín de los Andes,,1,0,0
9101001091,01/14/2016,Asociación de Bomberos Voluntarios - San Martín de los Andes,,0,0,1
9101001092,01/14/2016,Asociación de Bomberos Voluntarios - San Martín de los Andes,,0,0,1
1100011273,01/14/2016,Asociación de Bomberos Voluntarios - San Martín de los Andes,,1,0,0
9101001093,01/14/2016,Asociación de Bomberos Voluntarios - San Martín de los Andes,,0,0,1
1100011274,01/14/2016,Asociación de Bomberos Voluntarios - San Martín de los Andes,,1,0,0
9101001094,01/14/2016,Asociación de Bomberos Voluntarios - San Martín de los Andes,,0,1,0
1200002993,01/14/2016,Asociación de Bomberos Voluntarios - San Martín de los Andes,,1,0,0
9201000208,01/14/2016,Asociación de Bomberos Voluntarios - San Martín de los Andes,,0,0,1
1200002994,01/14/2016,Asociación de Bomberos Voluntarios - San Martín de los Andes,,1,0,0
1100011275,01/14/2016,Asociación de Bomberos Voluntarios - San Martín de los Andes,,1,0,0
1100011276,01/14/2016,Asociación de Bomberos Voluntarios - San Martín de los Andes,,1,0,0
1100011277,01/15/2016,Asociación de Bomberos Voluntarios - San Martín de los Andes,,1,0,0
1100011278,01/15/2016,Asociación de Bomberos Voluntarios - San Martín de los Andes,,1,0,0
9101001095,01/15/2016,Asociación de Bomberos Voluntarios - San Martín de los Andes,,0,1,0
9101001096,01/15/2016,Asociación de Bomberos Voluntarios - San Martín de los Andes,,0,1,0
1100011279,01/15/2016,Asociación de Bomberos Voluntarios - San Martín de los Andes,,1,0,0
1100011280,01/15/2016,Asociación de Bomberos Voluntarios - San Martín de los Andes,,1,0,0
9101001097,01/15/2016,Asociación de Bomberos Voluntarios - San Martín de los Andes,,0,1,0
1100011698,01/14/2016,Control SRL,,1,0,0
9101001098,01/15/2016,Asociación de Bomberos Voluntarios - San Martín de los Andes,,0,1,0
9103000850,01/14/2016,Control SRL,,0,0,1
9101001099,01/15/2016,Asociación de Bomberos Voluntarios - San Martín de los Andes,,0,0,1
1100011699,01/14/2016,Control SRL,,1,0,0
9101001100,01/15/2016,Asociación de Bomberos Voluntarios - San Martín de los Andes,,0,1,0
1100011700,01/14/2016,Control SRL,,1,0,0
1100011281,01/15/2016,Asociación de Bomberos Voluntarios - San Martín de los Andes,,1,0,0
1100012003,01/14/2016,Control SRL,,1,0,0
9101001101,01/15/2016,Asociación de Bomberos Voluntarios - San Martín de los Andes,,0,1,0
1100012002,01/14/2016,Control SRL,,1,0,0
1100011282,01/15/2016,Asociación de Bomberos Voluntarios - San Martín de los Andes,,1,0,0
1100012004,01/14/2016,Control SRL,,1,0,0
1100011283,01/15/2016,Asociación de Bomberos Voluntarios - San Martín de los Andes,,1,0,0
1100012001,01/14/2016,Control SRL,,1,0,0
1100011284,01/15/2016,Asociación de Bomberos Voluntarios - San Martín de los Andes,,1,0,0
1100012005,01/14/2016,Control SRL,,1,0,0
1100011285,01/15/2016,Asociación de Bomberos Voluntarios - San Martín de los Andes,,1,0,0
1100012006,01/14/2016,Control SRL,,1,0,0
1100011286,01/15/2016,Asociación de Bomberos Voluntarios - San Martín de los Andes,,1,0,0
1100012007,01/14/2016,Control SRL,,1,0,0
1100011287,01/15/2016,Asociación de Bomberos Voluntarios - San Martín de los Andes,,1,0,0
1100012008,01/14/2016,Control SRL,,1,0,0
1200002995,01/15/2016,Asociación de Bomberos Voluntarios - San Martín de los Andes,,1,0,0
1100012009,01/14/2016,Control SRL,,1,0,0
1100011288,01/15/2016,Asociación de Bomberos Voluntarios - San Martín de los Andes,,1,0,0
1100012010,01/14/2016,Control SRL,,1,0,0
1100011289,01/15/2016,Asociación de Bomberos Voluntarios - San Martín de los Andes,,1,0,0
1100012012,01/14/2016,Control SRL,,1,0,0
1100011290,01/15/2016,Asociación de Bomberos Voluntarios - San Martín de los Andes,,1,0,0
1100012013,01/14/2016,Control SRL,,1,0,0
9101001102,01/15/2016,Asociación de Bomberos Voluntarios - San Martín de los Andes,,0,1,0
1100012011,01/14/2016,Control SRL,,1,0,0
9101001103,01/15/2016,Asociación de Bomberos Voluntarios - San Martín de los Andes,,0,1,0
9103000851,01/14/2016,Control SRL,,0,0,1
9101001104,01/15/2016,Asociación de Bomberos Voluntarios - San Martín de los Andes,,0,1,0
9103000852,01/14/2016,Control SRL,,0,0,1
1100011291,01/15/2016,Asociación de Bomberos Voluntarios - San Martín de los Andes,,1,0,0
1100012014,01/14/2016,Control SRL,,1,0,0
9101001105,01/15/2016,Asociación de Bomberos Voluntarios - San Martín de los Andes,,0,0,1
9103000853,01/14/2016,Control SRL,,0,0,1
1100011292,01/15/2016,Asociación de Bomberos Voluntarios - San Martín de los Andes,,1,0,0
1100012015,01/14/2016,Control SRL,,1,0,0
1100011293,01/15/2016,Asociación de Bomberos Voluntarios - San Martín de los Andes,,1,0,0
1100012016,01/14/2016,Control SRL,,1,0,0
1100011294,01/15/2016,Asociación de Bomberos Voluntarios - San Martín de los Andes,,1,0,0
1100012017,01/14/2016,Control SRL,,1,0,0
1100011295,01/15/2016,Asociación de Bomberos Voluntarios - San Martín de los Andes,,1,0,0
1100012019,01/14/2016,Control SRL,,1,0,0
1100011296,01/15/2016,Asociación de Bomberos Voluntarios - San Martín de los Andes,,1,0,0
9103000854,01/14/2016,Control SRL,,0,0,1
1100011297,01/15/2016,Asociación de Bomberos Voluntarios - San Martín de los Andes,,1,0,0
1100012020,01/14/2016,Control SRL,,1,0,0
1100011298,01/15/2016,Asociación de Bomberos Voluntarios - San Martín de los Andes,,1,0,0
1100012018,01/14/2016,Control SRL,,1,0,0
1100011299,01/15/2016,Asociación de Bomberos Voluntarios - San Martín de los Andes,,1,0,0
1100012021,01/14/2016,Control SRL,,1,0,0
1100012023,01/14/2016,Control SRL,,1,0,0
1100012022,01/14/2016,Control SRL,,1,0,0
1100012024,01/14/2016,Control SRL,,1,0,0
1100012026,01/14/2016,Control SRL,,1,0,0
1100012025,01/14/2016,Control SRL,,1,0,0
1100012027,01/14/2016,Control SRL,,1,0,0
1100012029,01/14/2016,Control SRL,,1,0,0
9103000855,01/14/2016,Control SRL,,0,0,1
1100012028,01/14/2016,Control SRL,,1,0,0
1100012032,01/14/2016,Control SRL,,1,0,0
1100012030,01/14/2016,Control SRL,,1,0,0
9103000856,01/14/2016,Control SRL,,0,0,1
9103000857,01/14/2016,Control SRL,,0,0,1
9103000858,01/14/2016,Control SRL,,0,0,1
1100012031,01/14/2016,Control SRL,,1,0,0
1100012033,01/14/2016,Control SRL,,1,0,0
1100012035,01/14/2016,Control SRL,,1,0,0
1100012034,01/14/2016,Control SRL,,1,0,0
9103000859,01/14/2016,Control SRL,,0,0,1
1200005117,01/14/2016,Control SRL,,1,0,0
1100012036,01/14/2016,Control SRL,,1,0,0
1100012037,01/14/2016,Control SRL,,1,0,0
9103000860,01/14/2016,Control SRL,,0,0,1
1200005118,01/14/2016,Control SRL,,1,0,0
1100012039,01/14/2016,Control SRL,,1,0,0
9103000861,01/14/2016,Control SRL,,0,0,1
9103000862,01/14/2016,Control SRL,,0,0,1
9103000863,01/14/2016,Control SRL,,0,0,1
1100012041,01/14/2016,Control SRL,,1,0,0
1100012040,01/14/2016,Control SRL,,1,0,0
1100012042,01/14/2016,Control SRL,,1,0,0
1100012043,01/14/2016,Control SRL,,1,0,0
1100012044,01/14/2016,Control SRL,,1,0,0
9103000864,01/14/2016,Control SRL,,0,0,1
9103000865,01/14/2016,Control SRL,,0,0,1
1100012038,01/14/2016,Control SRL,,1,0,0
1100012046,01/14/2016,Control SRL,,1,0,0
9103000866,01/14/2016,Control SRL,,0,0,1
1100012048,01/14/2016,Control SRL,,1,0,0
1100012049,01/14/2016,Control SRL,,1,0,0
9103000867,01/14/2016,Control SRL,,0,0,1
1200005119,01/14/2016,Control SRL,,1,0,0
1100012050,01/14/2016,Control SRL,,1,0,0
1100012051,01/14/2016,Control SRL,,1,0,0
9103000868,01/14/2016,Control SRL,,0,0,1
1100012052,01/14/2016,Control SRL,,1,0,0
1100012047,01/14/2016,Control SRL,,1,0,0
1100012053,01/14/2016,Control SRL,,1,0,0
9103000869,01/14/2016,Control SRL,,0,0,1
1100012054,01/14/2016,Control SRL,,1,0,0
1100012055,01/14/2016,Control SRL,,1,0,0
1100012056,01/14/2016,Control SRL,,1,0,0
1100012057,01/14/2016,Control SRL,,1,0,0
9103000870,01/14/2016,Control SRL,,0,0,1
1100012058,01/14/2016,Control SRL,,1,0,0
9103000871,01/14/2016,Control SRL,,0,0,1
1200005120,01/14/2016,Control SRL,,1,0,0
1100012059,01/14/2016,Control SRL,,1,0,0
1100012061,01/14/2016,Control SRL,,1,0,0
1100012060,01/14/2016,Control SRL,,1,0,0
1100012062,01/14/2016,Control SRL,,1,0,0
9103000872,01/14/2016,Control SRL,,0,0,1
1100012064,01/14/2016,Control SRL,,1,0,0
1100012063,01/14/2016,Control SRL,,1,0,0
1100012065,01/14/2016,Control SRL,,1,0,0
1100012066,01/14/2016,Control SRL,,1,0,0
1100012069,01/15/2016,Control SRL,,1,0,0
1100012067,01/15/2016,Control SRL,,1,0,0
1100012070,01/15/2016,Control SRL,,1,0,0
1100012071,01/15/2016,Control SRL,,1,0,0
1100012068,01/15/2016,Control SRL,,1,0,0
1100012072,01/15/2016,Control SRL,,1,0,0
1100012073,01/15/2016,Control SRL,,1,0,0
1100012074,01/15/2016,Control SRL,,1,0,0
1100012075,01/15/2016,Control SRL,,1,0,0
1100012076,01/15/2016,Control SRL,,1,0,0
9103000873,01/15/2016,Control SRL,,0,0,1
1200005121,01/15/2016,Control SRL,,1,0,0
1100012078,01/15/2016,Control SRL,,1,0,0
1100012077,01/15/2016,Control SRL,,1,0,0
1100012083,01/15/2016,Control SRL,,1,0,0
9103000874,01/15/2016,Control SRL,,0,0,1
1100012080,01/15/2016,Control SRL,,1,0,0
1100012079,01/15/2016,Control SRL,,1,0,0
1100012082,01/15/2016,Control SRL,,1,0,0
1100012081,01/15/2016,Control SRL,,1,0,0
1100012088,01/15/2016,Control SRL,,1,0,0
1100012084,01/15/2016,Control SRL,,1,0,0
1100012086,01/15/2016,Control SRL,,1,0,0
1100012085,01/15/2016,Control SRL,,1,0,0
1100012087,01/15/2016,Control SRL,,1,0,0
1100012089,01/15/2016,Control SRL,,1,0,0
9103000875,01/15/2016,Control SRL,,0,0,1
1100012090,01/15/2016,Control SRL,,1,0,0
9103000876,01/15/2016,Control SRL,,0,0,1
1100012091,01/15/2016,Control SRL,,1,0,0
1100012092,01/15/2016,Control SRL,,1,0,0
1100012093,01/15/2016,Control SRL,,1,0,0
1100012094,01/15/2016,Control SRL,,1,0,0
1100012095,01/15/2016,Control SRL,,1,0,0
9103000877,01/15/2016,Control SRL,,0,0,1
1100012098,01/15/2016,Control SRL,,1,0,0
1100012099,01/15/2016,Control SRL,,1,0,0
9103000878,01/15/2016,Control SRL,,0,0,1
1100012100,01/15/2016,Control SRL,,1,0,0
1100012301,01/15/2016,Control SRL,,1,0,0
1100012096,01/15/2016,Control SRL,,1,0,0
1100012302,01/15/2016,Control SRL,,1,0,0
1100012097,01/15/2016,Control SRL,,1,0,0
1100012303,01/15/2016,Control SRL,,1,0,0
1100012304,01/15/2016,Control SRL,,1,0,0
1100012305,01/15/2016,Control SRL,,1,0,0
1100012306,01/15/2016,Control SRL,,1,0,0
1100012307,01/15/2016,Control SRL,,1,0,0
1100012308,01/15/2016,Control SRL,,1,0,0
1100012310,01/15/2016,Control SRL,,1,0,0
9103000879,01/15/2016,Control SRL,,0,0,1
9203000270,01/15/2016,Control SRL,,0,0,1
9203000271,01/15/2016,Control SRL,,0,0,1
1100012311,01/15/2016,Control SRL,,1,0,0
1100012312,01/15/2016,Control SRL,,1,0,0
1100012313,01/15/2016,Control SRL,,1,0,0
1100012314,01/15/2016,Control SRL,,1,0,0
1100012315,01/15/2016,Control SRL,,1,0,0
1100012316,01/15/2016,Control SRL,,1,0,0
1100012317,01/15/2016,Control SRL,,1,0,0
1100012318,01/15/2016,Control SRL,,1,0,0
1200005122,01/15/2016,Control SRL,,1,0,0
9103000880,01/15/2016,Control SRL,,0,0,1
1100012319,01/15/2016,Control SRL,,1,0,0
1100012320,01/15/2016,Control SRL,,1,0,0
1100012321,01/15/2016,Control SRL,,1,0,0
1100012322,01/15/2016,Control SRL,,1,0,0
1100012309,01/15/2016,Control SRL,,1,0,0
1100012323,01/15/2016,Control SRL,,1,0,0
1100012324,01/15/2016,Control SRL,,1,0,0
1100012325,01/15/2016,Control SRL,,1,0,0
1100012326,01/15/2016,Control SRL,,1,0,0
1100012327,01/15/2016,Control SRL,,1,0,0
1100012328,01/15/2016,Control SRL,,1,0,0
1200005123,01/15/2016,Control SRL,,1,0,0
1100012329,01/15/2016,Control SRL,,1,0,0
1100012361,01/15/2016,Control SRL,,1,0,0
1100012362,01/15/2016,Control SRL,,1,0,0
1100012330,01/15/2016,Control SRL,,1,0,0
1100012331,01/15/2016,Control SRL,,1,0,0
1100012333,01/15/2016,Control SRL,,1,0,0
1100012332,01/15/2016,Control SRL,,1,0,0
1200005124,01/15/2016,Control SRL,,1,0,0
1200005125,01/15/2016,Control SRL,,1,0,0
1100012334,01/15/2016,Control SRL,,1,0,0
1100012336,01/15/2016,Control SRL,,1,0,0
1100012335,01/15/2016,Control SRL,,1,0,0
1100012337,01/15/2016,Control SRL,,1,0,0
1100013481,01/14/2016,Veritecnica SRL,,1,0,0
1100013482,01/14/2016,Veritecnica SRL,,1,0,0
9102002513,01/14/2016,Veritecnica SRL,,0,1,0
1100013483,01/14/2016,Veritecnica SRL,,1,0,0
1100013485,01/14/2016,Veritecnica SRL,,1,0,0
1100013484,01/14/2016,Veritecnica SRL,,1,0,0
1100013486,01/14/2016,Veritecnica SRL,,1,0,0
9102002514,01/14/2016,Veritecnica SRL,,0,1,0
9102002515,01/14/2016,Veritecnica SRL,,0,1,0
1100013487,01/14/2016,Veritecnica SRL,,1,0,0
1100013488,01/14/2016,Veritecnica SRL,,1,0,0
1100013489,01/14/2016,Veritecnica SRL,,1,0,0
1100013490,01/14/2016,Veritecnica SRL,,1,0,0
9102002516,01/14/2016,Veritecnica SRL,,0,0,1
9102002517,01/14/2016,Veritecnica SRL,,0,0,1
1100013491,01/14/2016,Veritecnica SRL,,1,0,0
9102002518,01/14/2016,Veritecnica SRL,,0,1,0
1100013492,01/14/2016,Veritecnica SRL,,1,0,0
1100013493,01/14/2016,Veritecnica SRL,,1,0,0
1100013494,01/14/2016,Veritecnica SRL,,1,0,0
1100013495,01/14/2016,Veritecnica SRL,,1,0,0
9102002519,01/14/2016,Veritecnica SRL,,0,0,1
1100013496,01/14/2016,Veritecnica SRL,,1,0,0
1100013497,01/14/2016,Veritecnica SRL,,1,0,0
1100013498,01/14/2016,Veritecnica SRL,,1,0,0
1100013499,01/14/2016,Veritecnica SRL,,1,0,0
9102002520,01/14/2016,Veritecnica SRL,,0,0,1
9102002521,01/14/2016,Veritecnica SRL,,0,1,0
1100013500,01/14/2016,Veritecnica SRL,,1,0,0
1100013601,01/14/2016,Veritecnica SRL,,1,0,0
1100013603,01/14/2016,Veritecnica SRL,,1,0,0
1100013602,01/14/2016,Veritecnica SRL,,1,0,0
1100013604,01/14/2016,Veritecnica SRL,,1,0,0
9102002522,01/14/2016,Veritecnica SRL,,0,1,0
9102002523,01/14/2016,Veritecnica SRL,,0,1,0
9102002524,01/14/2016,Veritecnica SRL,,0,1,0
1100013605,01/14/2016,Veritecnica SRL,,1,0,0
1100013606,01/14/2016,Veritecnica SRL,,1,0,0
9102002525,01/14/2016,Veritecnica SRL,,0,1,0
1100013608,01/14/2016,Veritecnica SRL,,1,0,0
1100013607,01/14/2016,Veritecnica SRL,,1,0,0
1100013609,01/14/2016,Veritecnica SRL,,1,0,0
9102002526,01/14/2016,Veritecnica SRL,,0,1,0
1100013610,01/14/2016,Veritecnica SRL,,1,0,0
1100013611,01/14/2016,Veritecnica SRL,,1,0,0
9102002527,01/14/2016,Veritecnica SRL,,0,1,0
1100013612,01/14/2016,Veritecnica SRL,,1,0,0
9102002528,01/14/2016,Veritecnica SRL,,0,1,0
1200005212,01/14/2016,Veritecnica SRL,,1,0,0
1100013614,01/14/2016,Veritecnica SRL,,1,0,0
1100013613,01/14/2016,Veritecnica SRL,,1,0,0
1100013615,01/14/2016,Veritecnica SRL,,1,0,0
9102002529,01/14/2016,Veritecnica SRL,,0,1,0
9102002530,01/14/2016,Veritecnica SRL,,0,0,1
1100013616,01/14/2016,Veritecnica SRL,,1,0,0
1100013617,01/14/2016,Veritecnica SRL,,1,0,0
9102002531,01/14/2016,Veritecnica SRL,,0,1,0
1100013618,01/14/2016,Veritecnica SRL,,1,0,0
1100013619,01/14/2016,Veritecnica SRL,,1,0,0
9102002532,01/14/2016,Veritecnica SRL,,0,1,0
1100013620,01/14/2016,Veritecnica SRL,,1,0,0
1100013621,01/14/2016,Veritecnica SRL,,1,0,0
1100013622,01/14/2016,Veritecnica SRL,,1,0,0
1100013623,01/14/2016,Veritecnica SRL,,1,0,0
1200005213,01/14/2016,Veritecnica SRL,,1,0,0
9102002533,01/14/2016,Veritecnica SRL,,0,0,1
1100013624,01/14/2016,Veritecnica SRL,,1,0,0
9102002534,01/14/2016,Veritecnica SRL,,0,1,0
1100013625,01/14/2016,Veritecnica SRL,,1,0,0
1100013626,01/14/2016,Veritecnica SRL,,1,0,0
9102002535,01/14/2016,Veritecnica SRL,,0,0,1
1200005214,01/14/2016,Veritecnica SRL,,1,0,0
9102002536,01/14/2016,Veritecnica SRL,,0,1,0
1100013627,01/14/2016,Veritecnica SRL,,1,0,0
1100013628,01/14/2016,Veritecnica SRL,,1,0,0
9102002537,01/14/2016,Veritecnica SRL,,0,0,1
1100013629,01/14/2016,Veritecnica SRL,,1,0,0
1100013630,01/14/2016,Veritecnica SRL,,1,0,0
1100013631,01/14/2016,Veritecnica SRL,,1,0,0
1200005215,01/14/2016,Veritecnica SRL,,1,0,0
9102002538,01/14/2016,Veritecnica SRL,,0,1,0
1100013632,01/14/2016,Veritecnica SRL,,1,0,0
1100013633,01/14/2016,Veritecnica SRL,,1,0,0
1100013634,01/14/2016,Veritecnica SRL,,1,0,0
1100013635,01/14/2016,Veritecnica SRL,,1,0,0
1100013636,01/14/2016,Veritecnica SRL,,1,0,0
1100013637,01/14/2016,Veritecnica SRL,,1,0,0
1100013638,01/14/2016,Veritecnica SRL,,1,0,0
1100013639,01/14/2016,Veritecnica SRL,,1,0,0
1100013640,01/14/2016,Veritecnica SRL,,1,0,0
9102002539,01/14/2016,Veritecnica SRL,,0,1,0
1100013641,01/14/2016,Veritecnica SRL,,1,0,0
1100013642,01/14/2016,Veritecnica SRL,,1,0,0
9102002540,01/14/2016,Veritecnica SRL,,0,1,0
9102002541,01/14/2016,Veritecnica SRL,,0,1,0
9102002542,01/14/2016,Veritecnica SRL,,0,0,1
9102002543,01/14/2016,Veritecnica SRL,,0,1,0
1100013643,01/14/2016,Veritecnica SRL,,1,0,0
9102002544,01/14/2016,Veritecnica SRL,,0,1,0
9102002545,01/14/2016,Veritecnica SRL,,0,0,1
1100013644,01/14/2016,Veritecnica SRL,,1,0,0
1100013645,01/14/2016,Veritecnica SRL,,1,0,0
9102002546,01/14/2016,Veritecnica SRL,,0,0,1
1100013646,01/14/2016,Veritecnica SRL,,1,0,0
9102002547,01/14/2016,Veritecnica SRL,,0,0,1
1100013647,01/14/2016,Veritecnica SRL,,1,0,0
1200005216,01/14/2016,Veritecnica SRL,,1,0,0
1200005217,01/14/2016,Veritecnica SRL,,1,0,0
1200005218,01/14/2016,Veritecnica SRL,,1,0,0
1200005219,01/14/2016,Veritecnica SRL,,1,0,0
1100013648,01/14/2016,Veritecnica SRL,,1,0,0
1200005220,01/14/2016,Veritecnica SRL,,1,0,0
1100013649,01/14/2016,Veritecnica SRL,,1,0,0
1100013650,01/14/2016,Veritecnica SRL,,1,0,0
1100013651,01/14/2016,Veritecnica SRL,,1,0,0
9102002548,01/14/2016,Veritecnica SRL,,0,1,0
1200005221,01/14/2016,Veritecnica SRL,,1,0,0
1100013652,01/14/2016,Veritecnica SRL,,1,0,0
1100013653,01/14/2016,Veritecnica SRL,,1,0,0
1100013654,01/14/2016,Veritecnica SRL,,1,0,0
1100013655,01/14/2016,Veritecnica SRL,,1,0,0
9102002549,01/14/2016,Veritecnica SRL,,0,1,0
1100013656,01/14/2016,Veritecnica SRL,,1,0,0
1100013657,01/14/2016,Veritecnica SRL,,1,0,0
1100013658,01/14/2016,Veritecnica SRL,,1,0,0
1100013659,01/14/2016,Veritecnica SRL,,1,0,0
1100013660,01/14/2016,Veritecnica SRL,,1,0,0
1100013661,01/14/2016,Veritecnica SRL,,1,0,0
1100013662,01/14/2016,Veritecnica SRL,,1,0,0
1100013663,01/14/2016,Veritecnica SRL,,1,0,0
1100013664,01/14/2016,Veritecnica SRL,,1,0,0
9102002550,01/14/2016,Veritecnica SRL,,0,0,1
9102002551,01/14/2016,Veritecnica SRL,,0,1,0
1200005222,01/14/2016,Veritecnica SRL,,1,0,0
1100013665,01/14/2016,Veritecnica SRL,,1,0,0
1100013666,01/14/2016,Veritecnica SRL,,1,0,0
1100013667,01/14/2016,Veritecnica SRL,,1,0,0
1100013668,01/14/2016,Veritecnica SRL,,1,0,0
1100013669,01/14/2016,Veritecnica SRL,,1,0,0
9102002552,01/14/2016,Veritecnica SRL,,0,0,1
1100013670,01/14/2016,Veritecnica SRL,,1,0,0
9102002553,01/14/2016,Veritecnica SRL,,0,1,0
1100013671,01/14/2016,Veritecnica SRL,,1,0,0
1100013672,01/14/2016,Veritecnica SRL,,1,0,0
1100013673,01/14/2016,Veritecnica SRL,,1,0,0
9102002554,01/14/2016,Veritecnica SRL,,0,0,1
9102002555,01/14/2016,Veritecnica SRL,,0,1,0
1100013674,01/14/2016,Veritecnica SRL,,1,0,0
9102002556,01/14/2016,Veritecnica SRL,,0,1,0
1100013675,01/14/2016,Veritecnica SRL,,1,0,0
1200005223,01/14/2016,Veritecnica SRL,,1,0,0
1100013676,01/14/2016,Veritecnica SRL,,1,0,0
1100013677,01/14/2016,Veritecnica SRL,,1,0,0
1100013678,01/14/2016,Veritecnica SRL,,1,0,0
1100013679,01/14/2016,Veritecnica SRL,,1,0,0
1100013680,01/14/2016,Veritecnica SRL,,1,0,0
1100013681,01/14/2016,Veritecnica SRL,,1,0,0
1100013682,01/14/2016,Veritecnica SRL,,1,0,0
1100013683,01/14/2016,Veritecnica SRL,,1,0,0
1100013684,01/14/2016,Veritecnica SRL,,1,0,0
1100013685,01/14/2016,Veritecnica SRL,,1,0,0
1100013686,01/14/2016,Veritecnica SRL,,1,0,0
9102002557,01/14/2016,Veritecnica SRL,,0,0,1
9102002558,01/14/2016,Veritecnica SRL,,0,0,1
1100013687,01/15/2016,Veritecnica SRL,,1,0,0
1100013688,01/15/2016,Veritecnica SRL,,1,0,0
1100013689,01/15/2016,Veritecnica SRL,,1,0,0
1100013690,01/15/2016,Veritecnica SRL,,1,0,0
1100013691,01/15/2016,Veritecnica SRL,,1,0,0
1100013692,01/15/2016,Veritecnica SRL,,1,0,0
1100013693,01/15/2016,Veritecnica SRL,,1,0,0
9102002559,01/15/2016,Veritecnica SRL,,0,0,1
9102002560,01/15/2016,Veritecnica SRL,,0,1,0
1100013694,01/15/2016,Veritecnica SRL,,1,0,0
1100013695,01/15/2016,Veritecnica SRL,,1,0,0
9102002561,01/15/2016,Veritecnica SRL,,0,1,0
9102002562,01/15/2016,Veritecnica SRL,,0,0,1
1100013696,01/15/2016,Veritecnica SRL,,1,0,0
1100013697,01/15/2016,Veritecnica SRL,,1,0,0
1100013698,01/15/2016,Veritecnica SRL,,1,0,0
1100013699,01/15/2016,Veritecnica SRL,,1,0,0
9102002563,01/15/2016,Veritecnica SRL,,0,0,1
1100013700,01/15/2016,Veritecnica SRL,,1,0,0
9102002564,01/15/2016,Veritecnica SRL,,0,0,1
1100013801,01/15/2016,Veritecnica SRL,,1,0,0
1100013802,01/15/2016,Veritecnica SRL,,1,0,0
1100013803,01/15/2016,Veritecnica SRL,,1,0,0
1100013804,01/15/2016,Veritecnica SRL,,1,0,0
1100013805,01/15/2016,Veritecnica SRL,,1,0,0
1100013806,01/15/2016,Veritecnica SRL,,1,0,0
1100013807,01/15/2016,Veritecnica SRL,,1,0,0
1100013808,01/15/2016,Veritecnica SRL,,1,0,0
1100013809,01/15/2016,Veritecnica SRL,,1,0,0
1100013810,01/15/2016,Veritecnica SRL,,1,0,0
9102002565,01/15/2016,Veritecnica SRL,,0,1,0
1100013811,01/15/2016,Veritecnica SRL,,1,0,0
1100013812,01/15/2016,Veritecnica SRL,,1,0,0
1100013813,01/15/2016,Veritecnica SRL,,1,0,0
9102002566,01/15/2016,Veritecnica SRL,,0,1,0
1100013814,01/15/2016,Veritecnica SRL,,1,0,0
1100013815,01/15/2016,Veritecnica SRL,,1,0,0
9102002567,01/15/2016,Veritecnica SRL,,0,1,0
1100013816,01/15/2016,Veritecnica SRL,,1,0,0
1100013818,01/15/2016,Veritecnica SRL,,1,0,0
1100013817,01/15/2016,Veritecnica SRL,,1,0,0
1100013819,01/15/2016,Veritecnica SRL,,1,0,0
9102002568,01/15/2016,Veritecnica SRL,,0,0,1
1100013820,01/15/2016,Veritecnica SRL,,1,0,0
9102002569,01/15/2016,Veritecnica SRL,,0,0,1
1100013821,01/15/2016,Veritecnica SRL,,1,0,0
1100013822,01/15/2016,Veritecnica SRL,,1,0,0
1100013823,01/15/2016,Veritecnica SRL,,1,0,0
1100013824,01/15/2016,Veritecnica SRL,,1,0,0
9102002570,01/15/2016,Veritecnica SRL,,0,1,0
1100013825,01/15/2016,Veritecnica SRL,,1,0,0
1100013826,01/15/2016,Veritecnica SRL,,1,0,0
1100013827,01/15/2016,Veritecnica SRL,,1,0,0
9102002571,01/15/2016,Veritecnica SRL,,0,1,0
1200005224,01/15/2016,Veritecnica SRL,,1,0,0
9102002572,01/15/2016,Veritecnica SRL,,0,0,1
9102002573,01/15/2016,Veritecnica SRL,,0,1,0
1100013828,01/15/2016,Veritecnica SRL,,1,0,0
1100013829,01/15/2016,Veritecnica SRL,,1,0,0
1100013830,01/15/2016,Veritecnica SRL,,1,0,0
1100013831,01/15/2016,Veritecnica SRL,,1,0,0
1100013833,01/15/2016,Veritecnica SRL,,1,0,0
1100013832,01/15/2016,Veritecnica SRL,,1,0,0
1100013834,01/15/2016,Veritecnica SRL,,1,0,0
1100013835,01/15/2016,Veritecnica SRL,,1,0,0
1200005225,01/15/2016,Veritecnica SRL,,1,0,0
9102002574,01/15/2016,Veritecnica SRL,,0,1,0
1100013836,01/15/2016,Veritecnica SRL,,1,0,0
1100013837,01/15/2016,Veritecnica SRL,,1,0,0
1100013838,01/15/2016,Veritecnica SRL,,1,0,0
1100013839,01/15/2016,Veritecnica SRL,,1,0,0
1200005226,01/15/2016,Veritecnica SRL,,1,0,0
9202000472,01/15/2016,Veritecnica SRL,,0,0,1
1100013840,01/15/2016,Veritecnica SRL,,1,0,0
1100013841,01/15/2016,Veritecnica SRL,,1,0,0
9102002575,01/15/2016,Veritecnica SRL,,0,0,1
1100013842,01/15/2016,Veritecnica SRL,,1,0,0
1100013843,01/15/2016,Veritecnica SRL,,1,0,0
1100013844,01/15/2016,Veritecnica SRL,,1,0,0
9102002576,01/15/2016,Veritecnica SRL,,0,1,0
1100013845,01/15/2016,Veritecnica SRL,,1,0,0
1100013846,01/15/2016,Veritecnica SRL,,1,0,0
1100013847,01/15/2016,Veritecnica SRL,,1,0,0
1200005227,01/15/2016,Veritecnica SRL,,1,0,0
1100013848,01/15/2016,Veritecnica SRL,,1,0,0
1200005228,01/15/2016,Veritecnica SRL,,1,0,0
1100013850,01/15/2016,Veritecnica SRL,,1,0,0
1100013849,01/15/2016,Veritecnica SRL,,1,0,0
9102002577,01/15/2016,Veritecnica SRL,,0,1,0
9102002578,01/15/2016,Veritecnica SRL,,0,0,1
9102002579,01/15/2016,Veritecnica SRL,,0,1,0
9102002580,01/15/2016,Veritecnica SRL,,0,0,1
1100013851,01/15/2016,Veritecnica SRL,,1,0,0
1100013852,01/15/2016,Veritecnica SRL,,1,0,0
1100013853,01/15/2016,Veritecnica SRL,,1,0,0
1100013854,01/15/2016,Veritecnica SRL,,1,0,0
1100013855,01/15/2016,Veritecnica SRL,,1,0,0
1100013856,01/15/2016,Veritecnica SRL,,1,0,0
1100013857,01/15/2016,Veritecnica SRL,,1,0,0
9102002581,01/15/2016,Veritecnica SRL,,0,1,0
1100013858,01/15/2016,Veritecnica SRL,,1,0,0
1100013859,01/15/2016,Veritecnica SRL,,1,0,0
1100013860,01/15/2016,Veritecnica SRL,,1,0,0
1100013861,01/15/2016,Veritecnica SRL,,1,0,0
1100013862,01/15/2016,Veritecnica SRL,,1,0,0
9102002582,01/15/2016,Veritecnica SRL,,0,0,1
9102002583,01/15/2016,Veritecnica SRL,,0,0,1
1100013863,01/15/2016,Veritecnica SRL,,1,0,0
1100013864,01/15/2016,Veritecnica SRL,,1,0,0
9102002584,01/15/2016,Veritecnica SRL,,0,1,0
1100013865,01/15/2016,Veritecnica SRL,,1,0,0
1100013866,01/15/2016,Veritecnica SRL,,1,0,0
1100013867,01/15/2016,Veritecnica SRL,,1,0,0
1100013868,01/15/2016,Veritecnica SRL,,1,0,0
9102002585,01/15/2016,Veritecnica SRL,,0,1,0
9102002586,01/15/2016,Veritecnica SRL,,0,0,1
9102002587,01/15/2016,Veritecnica SRL,,0,0,1
9102002588,01/15/2016,Veritecnica SRL,,0,0,1
9102002589,01/15/2016,Veritecnica SRL,,0,1,0
1100013869,01/15/2016,Veritecnica SRL,,1,0,0
1100013870,01/15/2016,Veritecnica SRL,,1,0,0
9102002590,01/15/2016,Veritecnica SRL,,0,1,0
1100013871,01/15/2016,Veritecnica SRL,,1,0,0
1100013872,01/15/2016,Veritecnica SRL,,1,0,0
1100013873,01/15/2016,Veritecnica SRL,,1,0,0
1100013874,01/15/2016,Veritecnica SRL,,1,0,0
1100013875,01/15/2016,Veritecnica SRL,,1,0,0
1100013876,01/15/2016,Veritecnica SRL,,1,0,0
1100013877,01/15/2016,Veritecnica SRL,,1,0,0
9102002591,01/15/2016,Veritecnica SRL,,0,1,0
1100013878,01/15/2016,Veritecnica SRL,,1,0,0
1100013879,01/15/2016,Veritecnica SRL,,1,0,0
1100013881,01/15/2016,Veritecnica SRL,,1,0,0
1100013880,01/15/2016,Veritecnica SRL,,1,0,0
1200005229,01/15/2016,Veritecnica SRL,,1,0,0
1100013883,01/15/2016,Veritecnica SRL,,1,0,0
1100013882,01/15/2016,Veritecnica SRL,,1,0,0
1100013884,01/15/2016,Veritecnica SRL,,1,0,0
1100013885,01/15/2016,Veritecnica SRL,,1,0,0
9102002592,01/15/2016,Veritecnica SRL,,0,0,1
1100013886,01/15/2016,Veritecnica SRL,,1,0,0
1100013888,01/15/2016,Veritecnica SRL,,1,0,0
1100013887,01/15/2016,Veritecnica SRL,,1,0,0
1100013889,01/15/2016,Veritecnica SRL,,1,0,0
9102002593,01/15/2016,Veritecnica SRL,,0,0,1
1100013890,01/15/2016,Veritecnica SRL,,1,0,0
1100013891,01/15/2016,Veritecnica SRL,,1,0,0
9102002594,01/15/2016,Veritecnica SRL,,0,0,1
1100013893,01/15/2016,Veritecnica SRL,,1,0,0
1100013892,01/15/2016,Veritecnica SRL,,1,0,0
1100013894,01/15/2016,Veritecnica SRL,,1,0,0
1100013895,01/15/2016,Veritecnica SRL,,1,0,0
1100013896,01/15/2016,Veritecnica SRL,,1,0,0
9102002595,01/15/2016,Veritecnica SRL,,0,1,0
1100013897,01/15/2016,Veritecnica SRL,,1,0,0
1100013898,01/15/2016,Veritecnica SRL,,1,0,0
1100013899,01/15/2016,Veritecnica SRL,,1,0,0
1200005230,01/15/2016,Veritecnica SRL,,1,0,0
1100013900,01/15/2016,Veritecnica SRL,,1,0,0
9102002596,01/15/2016,Veritecnica SRL,,0,0,1
9102002597,01/15/2016,Veritecnica SRL,,0,0,1
