Nrocertificado,Fecha,Idtaller,Dominiovehiculo,Aprobado,RechazadoLeveModerado,RechazadoGrave
9101002332,12/17/2016,Asociación de Bomberos Voluntarios - San Martín de los Andes,,0,1,0
1100030932,12/17/2016,Asociación de Bomberos Voluntarios - San Martín de los Andes,,1,0,0
1100030933,12/17/2016,Asociación de Bomberos Voluntarios - San Martín de los Andes,,1,0,0
9101002333,12/17/2016,Asociación de Bomberos Voluntarios - San Martín de los Andes,,0,0,1
1100030934,12/17/2016,Asociación de Bomberos Voluntarios - San Martín de los Andes,,1,0,0
1200010115,12/17/2016,Asociación de Bomberos Voluntarios - San Martín de los Andes,,1,0,0
1200010116,12/17/2016,Asociación de Bomberos Voluntarios - San Martín de los Andes,,1,0,0
1100030935,12/17/2016,Asociación de Bomberos Voluntarios - San Martín de los Andes,,1,0,0
1100030936,12/17/2016,Asociación de Bomberos Voluntarios - San Martín de los Andes,,1,0,0
1200010117,12/17/2016,Asociación de Bomberos Voluntarios - San Martín de los Andes,,1,0,0
1200010118,12/17/2016,Asociación de Bomberos Voluntarios - San Martín de los Andes,,1,0,0
1200010119,12/17/2016,Asociación de Bomberos Voluntarios - San Martín de los Andes,,1,0,0
9101002334,12/17/2016,Asociación de Bomberos Voluntarios - San Martín de los Andes,,0,1,0
1100030937,12/17/2016,Asociación de Bomberos Voluntarios - San Martín de los Andes,,1,0,0
1100030938,12/17/2016,Asociación de Bomberos Voluntarios - San Martín de los Andes,,1,0,0
1100030939,12/17/2016,Asociación de Bomberos Voluntarios - San Martín de los Andes,,1,0,0
1100030940,12/17/2016,Asociación de Bomberos Voluntarios - San Martín de los Andes,,1,0,0
1100030941,12/17/2016,Asociación de Bomberos Voluntarios - San Martín de los Andes,,1,0,0
1200010120,12/17/2016,Asociación de Bomberos Voluntarios - San Martín de los Andes,,1,0,0
1100030942,12/17/2016,Asociación de Bomberos Voluntarios - San Martín de los Andes,,1,0,0
9102006215,12/17/2016,Veritecnica SRL,,0,1,0
1100031284,12/17/2016,Veritecnica SRL,,1,0,0
9102006216,12/17/2016,Veritecnica SRL,,0,1,0
1100031285,12/17/2016,Veritecnica SRL,,1,0,0
1100031286,12/17/2016,Veritecnica SRL,,1,0,0
1100031287,12/17/2016,Veritecnica SRL,,1,0,0
9102006217,12/17/2016,Veritecnica SRL,,0,0,1
1100031288,12/17/2016,Veritecnica SRL,,1,0,0
1100031289,12/17/2016,Veritecnica SRL,,1,0,0
1100031290,12/17/2016,Veritecnica SRL,,1,0,0
1100031292,12/17/2016,Veritecnica SRL,,1,0,0
1100031291,12/17/2016,Veritecnica SRL,,1,0,0
9102006218,12/17/2016,Veritecnica SRL,,0,1,0
1100031293,12/17/2016,Veritecnica SRL,,1,0,0
1100031294,12/17/2016,Veritecnica SRL,,1,0,0
1100031295,12/17/2016,Veritecnica SRL,,1,0,0
1100031296,12/17/2016,Veritecnica SRL,,1,0,0
1100031297,12/17/2016,Veritecnica SRL,,1,0,0
9102006219,12/17/2016,Veritecnica SRL,,0,1,0
1100031298,12/17/2016,Veritecnica SRL,,1,0,0
1100031299,12/17/2016,Veritecnica SRL,,1,0,0
1100031300,12/17/2016,Veritecnica SRL,,1,0,0
1100031301,12/17/2016,Veritecnica SRL,,1,0,0
1200010475,12/17/2016,Veritecnica SRL,,1,0,0
9102006220,12/17/2016,Veritecnica SRL,,0,1,0
9102006221,12/17/2016,Veritecnica SRL,,0,1,0
1100031302,12/17/2016,Veritecnica SRL,,1,0,0
9102006222,12/17/2016,Veritecnica SRL,,0,1,0
1100031303,12/17/2016,Veritecnica SRL,,1,0,0
1200010476,12/17/2016,Veritecnica SRL,,1,0,0
1100031304,12/17/2016,Veritecnica SRL,,1,0,0
1100031305,12/17/2016,Veritecnica SRL,,1,0,0
1100031306,12/17/2016,Veritecnica SRL,,1,0,0
9102006223,12/17/2016,Veritecnica SRL,,0,1,0
1100031307,12/17/2016,Veritecnica SRL,,1,0,0
1200010477,12/17/2016,Veritecnica SRL,,1,0,0
9102006224,12/17/2016,Veritecnica SRL,,0,0,1
1100031308,12/17/2016,Veritecnica SRL,,1,0,0
1100031309,12/17/2016,Veritecnica SRL,,1,0,0
1200010478,12/17/2016,Veritecnica SRL,,1,0,0
1100031310,12/17/2016,Veritecnica SRL,,1,0,0
