Nrocertificado,Fecha,Idtaller,Dominiovehiculo,Aprobado,RechazadoLeveModerado,RechazadoGrave
1100027652,10/25/2016,Asociación de Bomberos Voluntarios - San Martín de los Andes,,1,0,0
9101002111,10/25/2016,Asociación de Bomberos Voluntarios - San Martín de los Andes,,0,0,1
1100027653,10/25/2016,Asociación de Bomberos Voluntarios - San Martín de los Andes,,1,0,0
1100027654,10/25/2016,Asociación de Bomberos Voluntarios - San Martín de los Andes,,1,0,0
1100027655,10/25/2016,Asociación de Bomberos Voluntarios - San Martín de los Andes,,1,0,0
1100027656,10/25/2016,Asociación de Bomberos Voluntarios - San Martín de los Andes,,1,0,0
9101002112,10/25/2016,Asociación de Bomberos Voluntarios - San Martín de los Andes,,0,1,0
1100027657,10/25/2016,Asociación de Bomberos Voluntarios - San Martín de los Andes,,1,0,0
1100027658,10/25/2016,Asociación de Bomberos Voluntarios - San Martín de los Andes,,1,0,0
1100027659,10/25/2016,Asociación de Bomberos Voluntarios - San Martín de los Andes,,1,0,0
1100027660,10/25/2016,Asociación de Bomberos Voluntarios - San Martín de los Andes,,1,0,0
9201000396,10/25/2016,Asociación de Bomberos Voluntarios - San Martín de los Andes,,0,1,0
1100027661,10/25/2016,Asociación de Bomberos Voluntarios - San Martín de los Andes,,1,0,0
9101002113,10/25/2016,Asociación de Bomberos Voluntarios - San Martín de los Andes,,0,1,0
9101002114,10/25/2016,Asociación de Bomberos Voluntarios - San Martín de los Andes,,0,1,0
9101002115,10/25/2016,Asociación de Bomberos Voluntarios - San Martín de los Andes,,0,1,0
1100027662,10/26/2016,Asociación de Bomberos Voluntarios - San Martín de los Andes,,1,0,0
1200008536,10/26/2016,Asociación de Bomberos Voluntarios - San Martín de los Andes,,1,0,0
1100027663,10/26/2016,Asociación de Bomberos Voluntarios - San Martín de los Andes,,1,0,0
9101002116,10/26/2016,Asociación de Bomberos Voluntarios - San Martín de los Andes,,0,1,0
1100027664,10/26/2016,Asociación de Bomberos Voluntarios - San Martín de los Andes,,1,0,0
1100027665,10/26/2016,Asociación de Bomberos Voluntarios - San Martín de los Andes,,1,0,0
1100027666,10/26/2016,Asociación de Bomberos Voluntarios - San Martín de los Andes,,1,0,0
1100027667,10/26/2016,Asociación de Bomberos Voluntarios - San Martín de los Andes,,1,0,0
9101002117,10/26/2016,Asociación de Bomberos Voluntarios - San Martín de los Andes,,0,1,0
9101002118,10/26/2016,Asociación de Bomberos Voluntarios - San Martín de los Andes,,0,0,1
1100027668,10/26/2016,Asociación de Bomberos Voluntarios - San Martín de los Andes,,1,0,0
1100027669,10/26/2016,Asociación de Bomberos Voluntarios - San Martín de los Andes,,1,0,0
1100027670,10/26/2016,Asociación de Bomberos Voluntarios - San Martín de los Andes,,1,0,0
1100027671,10/26/2016,Asociación de Bomberos Voluntarios - San Martín de los Andes,,1,0,0
1100027672,10/26/2016,Asociación de Bomberos Voluntarios - San Martín de los Andes,,1,0,0
9101002119,10/26/2016,Asociación de Bomberos Voluntarios - San Martín de los Andes,,0,1,0
1100027673,10/26/2016,Asociación de Bomberos Voluntarios - San Martín de los Andes,,1,0,0
1100027674,10/26/2016,Asociación de Bomberos Voluntarios - San Martín de los Andes,,1,0,0
1100027675,10/26/2016,Asociación de Bomberos Voluntarios - San Martín de los Andes,,1,0,0
1100027676,10/26/2016,Asociación de Bomberos Voluntarios - San Martín de los Andes,,1,0,0
9201000397,10/26/2016,Asociación de Bomberos Voluntarios - San Martín de los Andes,,0,1,0
1100027677,10/26/2016,Asociación de Bomberos Voluntarios - San Martín de los Andes,,1,0,0
1100027678,10/26/2016,Asociación de Bomberos Voluntarios - San Martín de los Andes,,1,0,0
1100028057,10/26/2016,Control SRL,,1,0,0
1100028058,10/26/2016,Control SRL,,1,0,0
9103001783,10/26/2016,Control SRL,,0,0,1
1200009679,10/26/2016,Control SRL,,1,0,0
1100028059,10/26/2016,Control SRL,,1,0,0
1200009678,10/26/2016,Control SRL,,1,0,0
9103001784,10/26/2016,Control SRL,,0,0,1
1100028060,10/26/2016,Control SRL,,1,0,0
1200009676,10/26/2016,Control SRL,,1,0,0
9203000492,10/26/2016,Control SRL,,0,0,1
9103001785,10/26/2016,Control SRL,,0,0,1
1100028061,10/26/2016,Control SRL,,1,0,0
1200009697,10/26/2016,Control SRL,,1,0,0
1100028062,10/26/2016,Control SRL,,1,0,0
1200009677,10/26/2016,Control SRL,,1,0,0
1100028063,10/26/2016,Control SRL,,1,0,0
1100028064,10/26/2016,Control SRL,,1,0,0
1200009675,10/26/2016,Control SRL,,1,0,0
9103001786,10/26/2016,Control SRL,,0,0,1
9103001787,10/26/2016,Control SRL,,0,0,1
1200009680,10/26/2016,Control SRL,,1,0,0
1100028130,10/26/2016,Control SRL,,1,0,0
9103001788,10/26/2016,Control SRL,,0,0,1
1100028065,10/26/2016,Control SRL,,1,0,0
9103001789,10/26/2016,Control SRL,,0,0,1
1200009696,10/26/2016,Control SRL,,1,0,0
1200009695,10/26/2016,Control SRL,,1,0,0
9103001790,10/26/2016,Control SRL,,0,0,1
1200009693,10/26/2016,Control SRL,,1,0,0
1200009681,10/26/2016,Control SRL,,1,0,0
9103001791,10/26/2016,Control SRL,,0,0,1
1100028066,10/26/2016,Control SRL,,1,0,0
1100028611,10/25/2016,Veritecnica SRL,,1,0,0
1100028610,10/25/2016,Veritecnica SRL,,1,0,0
1100028609,10/25/2016,Veritecnica SRL,,1,0,0
1100028608,10/25/2016,Veritecnica SRL,,1,0,0
9102005776,10/25/2016,Veritecnica SRL,,0,0,1
9102005777,10/25/2016,Veritecnica SRL,,0,1,0
1100028607,10/25/2016,Veritecnica SRL,,1,0,0
1100028606,10/25/2016,Veritecnica SRL,,1,0,0
9102005778,10/25/2016,Veritecnica SRL,,0,1,0
1100028605,10/25/2016,Veritecnica SRL,,1,0,0
1100028604,10/25/2016,Veritecnica SRL,,1,0,0
9102005779,10/25/2016,Veritecnica SRL,,0,1,0
1100028603,10/25/2016,Veritecnica SRL,,1,0,0
1200009716,10/25/2016,Veritecnica SRL,,1,0,0
1100028602,10/25/2016,Veritecnica SRL,,1,0,0
9102005780,10/25/2016,Veritecnica SRL,,0,0,1
1100028601,10/25/2016,Veritecnica SRL,,1,0,0
1100028531,10/25/2016,Veritecnica SRL,,1,0,0
1100028532,10/25/2016,Veritecnica SRL,,1,0,0
9102005781,10/25/2016,Veritecnica SRL,,0,1,0
1100028534,10/25/2016,Veritecnica SRL,,1,0,0
1100028533,10/25/2016,Veritecnica SRL,,1,0,0
1100028535,10/25/2016,Veritecnica SRL,,1,0,0
1200009717,10/25/2016,Veritecnica SRL,,1,0,0
9102005782,10/25/2016,Veritecnica SRL,,0,0,1
1100028536,10/25/2016,Veritecnica SRL,,1,0,0
9102005783,10/25/2016,Veritecnica SRL,,0,0,1
9102005784,10/25/2016,Veritecnica SRL,,0,1,0
1100028537,10/25/2016,Veritecnica SRL,,1,0,0
1200009718,10/25/2016,Veritecnica SRL,,1,0,0
1100028538,10/25/2016,Veritecnica SRL,,1,0,0
9102005785,10/25/2016,Veritecnica SRL,,0,1,0
9202001049,10/25/2016,Veritecnica SRL,,0,0,1
1100028539,10/25/2016,Veritecnica SRL,,1,0,0
1100028540,10/25/2016,Veritecnica SRL,,1,0,0
1200009719,10/25/2016,Veritecnica SRL,,1,0,0
1100028541,10/26/2016,Veritecnica SRL,,1,0,0
1100028543,10/26/2016,Veritecnica SRL,,1,0,0
1100028542,10/26/2016,Veritecnica SRL,,1,0,0
9102005786,10/26/2016,Veritecnica SRL,,0,1,0
1100028544,10/26/2016,Veritecnica SRL,,1,0,0
1100028545,10/26/2016,Veritecnica SRL,,1,0,0
9102005787,10/26/2016,Veritecnica SRL,,0,0,1
1100028546,10/26/2016,Veritecnica SRL,,1,0,0
1100028547,10/26/2016,Veritecnica SRL,,1,0,0
1200009720,10/26/2016,Veritecnica SRL,,1,0,0
9102005788,10/26/2016,Veritecnica SRL,,0,1,0
9102005789,10/26/2016,Veritecnica SRL,,0,0,1
9102005790,10/26/2016,Veritecnica SRL,,0,0,1
1100028548,10/26/2016,Veritecnica SRL,,1,0,0
1100028549,10/26/2016,Veritecnica SRL,,1,0,0
9102005791,10/26/2016,Veritecnica SRL,,0,0,1
1100028550,10/26/2016,Veritecnica SRL,,1,0,0
1200009721,10/26/2016,Veritecnica SRL,,1,0,0
9102005792,10/26/2016,Veritecnica SRL,,0,0,1
1100028551,10/26/2016,Veritecnica SRL,,1,0,0
1200009722,10/26/2016,Veritecnica SRL,,1,0,0
1200009724,10/26/2016,Veritecnica SRL,,1,0,0
1200009723,10/26/2016,Veritecnica SRL,,1,0,0
1100028552,10/26/2016,Veritecnica SRL,,1,0,0
1200009725,10/26/2016,Veritecnica SRL,,1,0,0
1200009726,10/26/2016,Veritecnica SRL,,1,0,0
1100028553,10/26/2016,Veritecnica SRL,,1,0,0
1200009727,10/26/2016,Veritecnica SRL,,1,0,0
1100028554,10/26/2016,Veritecnica SRL,,1,0,0
9202001050,10/26/2016,Veritecnica SRL,,0,0,1
9102005793,10/26/2016,Veritecnica SRL,,0,1,0
1100028555,10/26/2016,Veritecnica SRL,,1,0,0
9102005794,10/26/2016,Veritecnica SRL,,0,0,1
1100028556,10/26/2016,Veritecnica SRL,,1,0,0
1100028557,10/26/2016,Veritecnica SRL,,1,0,0
1100028558,10/26/2016,Veritecnica SRL,,1,0,0
9102005795,10/26/2016,Veritecnica SRL,,0,0,1
1100028559,10/26/2016,Veritecnica SRL,,1,0,0
1100028560,10/26/2016,Veritecnica SRL,,1,0,0
1100028561,10/26/2016,Veritecnica SRL,,1,0,0
1100028562,10/26/2016,Veritecnica SRL,,1,0,0
9102005796,10/26/2016,Veritecnica SRL,,0,0,1
1100028563,10/26/2016,Veritecnica SRL,,1,0,0
1200009728,10/26/2016,Veritecnica SRL,,1,0,0
1100028564,10/26/2016,Veritecnica SRL,,1,0,0
1200009729,10/26/2016,Veritecnica SRL,,1,0,0
