Nrocertificado,Fecha,Idtaller,Dominiovehiculo,Aprobado,RechazadoLeveModerado,RechazadoGrave
1200005320,02/12/2016,Asociación de Bomberos Voluntarios - San Martín de los Andes,,1,0,0
1100012791,02/12/2016,Asociación de Bomberos Voluntarios - San Martín de los Andes,,1,0,0
1100012792,02/12/2016,Asociación de Bomberos Voluntarios - San Martín de los Andes,,1,0,0
1200005321,02/12/2016,Asociación de Bomberos Voluntarios - San Martín de los Andes,,1,0,0
1200005322,02/12/2016,Asociación de Bomberos Voluntarios - San Martín de los Andes,,1,0,0
1100012793,02/12/2016,Asociación de Bomberos Voluntarios - San Martín de los Andes,,1,0,0
9101001273,02/12/2016,Asociación de Bomberos Voluntarios - San Martín de los Andes,,0,1,0
1100012794,02/12/2016,Asociación de Bomberos Voluntarios - San Martín de los Andes,,1,0,0
9101001274,02/12/2016,Asociación de Bomberos Voluntarios - San Martín de los Andes,,0,0,1
9101001275,02/12/2016,Asociación de Bomberos Voluntarios - San Martín de los Andes,,0,1,0
1100012795,02/12/2016,Asociación de Bomberos Voluntarios - San Martín de los Andes,,1,0,0
1100012796,02/12/2016,Asociación de Bomberos Voluntarios - San Martín de los Andes,,1,0,0
1100012797,02/12/2016,Asociación de Bomberos Voluntarios - San Martín de los Andes,,1,0,0
1100012798,02/12/2016,Asociación de Bomberos Voluntarios - San Martín de los Andes,,1,0,0
1100012799,02/12/2016,Asociación de Bomberos Voluntarios - San Martín de los Andes,,1,0,0
1100013001,02/12/2016,Asociación de Bomberos Voluntarios - San Martín de los Andes,,1,0,0
1100013002,02/12/2016,Asociación de Bomberos Voluntarios - San Martín de los Andes,,1,0,0
1100013003,02/12/2016,Asociación de Bomberos Voluntarios - San Martín de los Andes,,1,0,0
9101001276,02/12/2016,Asociación de Bomberos Voluntarios - San Martín de los Andes,,0,1,0
1100013004,02/12/2016,Asociación de Bomberos Voluntarios - San Martín de los Andes,,1,0,0
1100013005,02/12/2016,Asociación de Bomberos Voluntarios - San Martín de los Andes,,1,0,0
1100013006,02/12/2016,Asociación de Bomberos Voluntarios - San Martín de los Andes,,1,0,0
1200005323,02/12/2016,Asociación de Bomberos Voluntarios - San Martín de los Andes,,1,0,0
1100013007,02/12/2016,Asociación de Bomberos Voluntarios - San Martín de los Andes,,1,0,0
9101001277,02/12/2016,Asociación de Bomberos Voluntarios - San Martín de los Andes,,0,1,0
1100013008,02/12/2016,Asociación de Bomberos Voluntarios - San Martín de los Andes,,1,0,0
1100013009,02/12/2016,Asociación de Bomberos Voluntarios - San Martín de los Andes,,1,0,0
1100013010,02/12/2016,Asociación de Bomberos Voluntarios - San Martín de los Andes,,1,0,0
1100013011,02/12/2016,Asociación de Bomberos Voluntarios - San Martín de los Andes,,1,0,0
9201000224,02/12/2016,Asociación de Bomberos Voluntarios - San Martín de los Andes,,0,0,1
9101001278,02/12/2016,Asociación de Bomberos Voluntarios - San Martín de los Andes,,0,1,0
1100013012,02/12/2016,Asociación de Bomberos Voluntarios - San Martín de los Andes,,1,0,0
9101001279,02/12/2016,Asociación de Bomberos Voluntarios - San Martín de los Andes,,0,1,0
9201000225,02/12/2016,Asociación de Bomberos Voluntarios - San Martín de los Andes,,0,0,1
1100013013,02/12/2016,Asociación de Bomberos Voluntarios - San Martín de los Andes,,1,0,0
9101001280,02/12/2016,Asociación de Bomberos Voluntarios - San Martín de los Andes,,0,1,0
1100013014,02/13/2016,Asociación de Bomberos Voluntarios - San Martín de los Andes,,1,0,0
9101001281,02/13/2016,Asociación de Bomberos Voluntarios - San Martín de los Andes,,0,1,0
1100013015,02/13/2016,Asociación de Bomberos Voluntarios - San Martín de los Andes,,1,0,0
9101001282,02/13/2016,Asociación de Bomberos Voluntarios - San Martín de los Andes,,0,1,0
1100013016,02/13/2016,Asociación de Bomberos Voluntarios - San Martín de los Andes,,1,0,0
1100013017,02/13/2016,Asociación de Bomberos Voluntarios - San Martín de los Andes,,1,0,0
1100013018,02/13/2016,Asociación de Bomberos Voluntarios - San Martín de los Andes,,1,0,0
1100013019,02/13/2016,Asociación de Bomberos Voluntarios - San Martín de los Andes,,1,0,0
1100013020,02/13/2016,Asociación de Bomberos Voluntarios - San Martín de los Andes,,1,0,0
9101001283,02/13/2016,Asociación de Bomberos Voluntarios - San Martín de los Andes,,0,1,0
9101001284,02/13/2016,Asociación de Bomberos Voluntarios - San Martín de los Andes,,0,1,0
9101001285,02/13/2016,Asociación de Bomberos Voluntarios - San Martín de los Andes,,0,0,1
1100013021,02/13/2016,Asociación de Bomberos Voluntarios - San Martín de los Andes,,1,0,0
1100013022,02/13/2016,Asociación de Bomberos Voluntarios - San Martín de los Andes,,1,0,0
1100013023,02/13/2016,Asociación de Bomberos Voluntarios - San Martín de los Andes,,1,0,0
1100013024,02/13/2016,Asociación de Bomberos Voluntarios - San Martín de los Andes,,1,0,0
1100013025,02/13/2016,Asociación de Bomberos Voluntarios - San Martín de los Andes,,1,0,0
9101001286,02/13/2016,Asociación de Bomberos Voluntarios - San Martín de los Andes,,0,0,1
1100013026,02/13/2016,Asociación de Bomberos Voluntarios - San Martín de los Andes,,1,0,0
1100013027,02/13/2016,Asociación de Bomberos Voluntarios - San Martín de los Andes,,1,0,0
1100013028,02/13/2016,Asociación de Bomberos Voluntarios - San Martín de los Andes,,1,0,0
1100015720,02/12/2016,Control SRL,,1,0,0
1100015721,02/12/2016,Control SRL,,1,0,0
9103001046,02/12/2016,Control SRL,,0,0,1
9103001047,02/12/2016,Control SRL,,0,0,1
9103001048,02/12/2016,Control SRL,,0,0,1
9103001049,02/12/2016,Control SRL,,0,0,1
1100015722,02/12/2016,Control SRL,,1,0,0
1100015727,02/12/2016,Control SRL,,1,0,0
1200005525,02/12/2016,Control SRL,,1,0,0
1100015723,02/12/2016,Control SRL,,1,0,0
9103001050,02/12/2016,Control SRL,,0,0,1
1100015725,02/12/2016,Control SRL,,1,0,0
1100015724,02/12/2016,Control SRL,,1,0,0
1100015726,02/12/2016,Control SRL,,1,0,0
9103001051,02/12/2016,Control SRL,,0,0,1
9103001052,02/12/2016,Control SRL,,0,0,1
1100015728,02/12/2016,Control SRL,,1,0,0
9103001053,02/12/2016,Control SRL,,0,0,1
1100015729,02/12/2016,Control SRL,,1,0,0
1200005526,02/12/2016,Control SRL,,1,0,0
1100015730,02/12/2016,Control SRL,,1,0,0
9203000293,02/12/2016,Control SRL,,0,0,1
1100015731,02/12/2016,Control SRL,,1,0,0
1200005527,02/12/2016,Control SRL,,1,0,0
1100015733,02/12/2016,Control SRL,,1,0,0
1100015732,02/12/2016,Control SRL,,1,0,0
1100015735,02/12/2016,Control SRL,,1,0,0
1100015734,02/12/2016,Control SRL,,1,0,0
1100015736,02/12/2016,Control SRL,,1,0,0
1100015737,02/12/2016,Control SRL,,1,0,0
1100015738,02/12/2016,Control SRL,,1,0,0
1200005528,02/12/2016,Control SRL,,1,0,0
1200005530,02/12/2016,Control SRL,,1,0,0
9103001054,02/12/2016,Control SRL,,0,0,1
1200005529,02/12/2016,Control SRL,,1,0,0
1100015739,02/12/2016,Control SRL,,1,0,0
1100015740,02/12/2016,Control SRL,,1,0,0
1100015741,02/12/2016,Control SRL,,1,0,0
1100015742,02/12/2016,Control SRL,,1,0,0
1100015743,02/12/2016,Control SRL,,1,0,0
1200005531,02/12/2016,Control SRL,,1,0,0
1100015744,02/12/2016,Control SRL,,1,0,0
1200005532,02/12/2016,Control SRL,,1,0,0
1100015745,02/12/2016,Control SRL,,1,0,0
1200005535,02/12/2016,Control SRL,,1,0,0
1200005533,02/12/2016,Control SRL,,1,0,0
1200005534,02/12/2016,Control SRL,,1,0,0
9103001055,02/12/2016,Control SRL,,0,0,1
1100015746,02/12/2016,Control SRL,,1,0,0
1100015747,02/12/2016,Control SRL,,1,0,0
1100015748,02/12/2016,Control SRL,,1,0,0
1100015749,02/12/2016,Control SRL,,1,0,0
1100015750,02/12/2016,Control SRL,,1,0,0
1100015751,02/12/2016,Control SRL,,1,0,0
9103001056,02/12/2016,Control SRL,,0,0,1
1200005536,02/12/2016,Control SRL,,1,0,0
1100015752,02/12/2016,Control SRL,,1,0,0
1100015753,02/12/2016,Control SRL,,1,0,0
9103001057,02/12/2016,Control SRL,,0,0,1
1100015754,02/12/2016,Control SRL,,1,0,0
1100015755,02/12/2016,Control SRL,,1,0,0
9103001058,02/12/2016,Control SRL,,0,0,1
1100015756,02/12/2016,Control SRL,,1,0,0
9103001059,02/12/2016,Control SRL,,0,0,1
1100015761,02/12/2016,Control SRL,,1,0,0
9203000294,02/12/2016,Control SRL,,0,0,1
1100015757,02/12/2016,Control SRL,,1,0,0
1100015758,02/12/2016,Control SRL,,1,0,0
1100015759,02/12/2016,Control SRL,,1,0,0
1100015760,02/12/2016,Control SRL,,1,0,0
1100015762,02/12/2016,Control SRL,,1,0,0
1100015763,02/12/2016,Control SRL,,1,0,0
1100015764,02/12/2016,Control SRL,,1,0,0
1100017898,02/12/2016,Veritecnica SRL,,1,0,0
1200005898,02/12/2016,Veritecnica SRL,,1,0,0
9102003402,02/12/2016,Veritecnica SRL,,0,1,0
1100017900,02/12/2016,Veritecnica SRL,,1,0,0
1100017899,02/12/2016,Veritecnica SRL,,1,0,0
1100017901,02/12/2016,Veritecnica SRL,,1,0,0
9102003403,02/12/2016,Veritecnica SRL,,0,0,1
1100017902,02/12/2016,Veritecnica SRL,,1,0,0
1100017903,02/12/2016,Veritecnica SRL,,1,0,0
1100017904,02/12/2016,Veritecnica SRL,,1,0,0
1100017905,02/12/2016,Veritecnica SRL,,1,0,0
1100017906,02/12/2016,Veritecnica SRL,,1,0,0
1100017907,02/12/2016,Veritecnica SRL,,1,0,0
1100017908,02/12/2016,Veritecnica SRL,,1,0,0
1200005899,02/12/2016,Veritecnica SRL,,1,0,0
1100017909,02/12/2016,Veritecnica SRL,,1,0,0
9102003404,02/12/2016,Veritecnica SRL,,0,1,0
1100017910,02/12/2016,Veritecnica SRL,,1,0,0
9102003405,02/12/2016,Veritecnica SRL,,0,0,1
1100017911,02/12/2016,Veritecnica SRL,,1,0,0
1100017912,02/12/2016,Veritecnica SRL,,1,0,0
1100017913,02/12/2016,Veritecnica SRL,,1,0,0
1100017914,02/12/2016,Veritecnica SRL,,1,0,0
1100017915,02/12/2016,Veritecnica SRL,,1,0,0
1200005900,02/12/2016,Veritecnica SRL,,1,0,0
1100017916,02/12/2016,Veritecnica SRL,,1,0,0
1100017917,02/12/2016,Veritecnica SRL,,1,0,0
9102003406,02/12/2016,Veritecnica SRL,,0,0,1
1100017918,02/12/2016,Veritecnica SRL,,1,0,0
1100017919,02/12/2016,Veritecnica SRL,,1,0,0
1100017920,02/12/2016,Veritecnica SRL,,1,0,0
1100017921,02/12/2016,Veritecnica SRL,,1,0,0
1100017922,02/12/2016,Veritecnica SRL,,1,0,0
1100017923,02/12/2016,Veritecnica SRL,,1,0,0
9102003407,02/12/2016,Veritecnica SRL,,0,0,1
1100017924,02/12/2016,Veritecnica SRL,,1,0,0
1100017925,02/12/2016,Veritecnica SRL,,1,0,0
1100017927,02/12/2016,Veritecnica SRL,,1,0,0
1100017928,02/12/2016,Veritecnica SRL,,1,0,0
1100017926,02/12/2016,Veritecnica SRL,,1,0,0
9102003408,02/12/2016,Veritecnica SRL,,0,1,0
1100017929,02/12/2016,Veritecnica SRL,,1,0,0
9102003409,02/12/2016,Veritecnica SRL,,0,0,1
1100017931,02/12/2016,Veritecnica SRL,,1,0,0
1100017930,02/12/2016,Veritecnica SRL,,1,0,0
9102003410,02/12/2016,Veritecnica SRL,,0,0,1
1200005901,02/12/2016,Veritecnica SRL,,1,0,0
1100017932,02/12/2016,Veritecnica SRL,,1,0,0
9102003411,02/12/2016,Veritecnica SRL,,0,0,1
1100017933,02/12/2016,Veritecnica SRL,,1,0,0
1100017934,02/12/2016,Veritecnica SRL,,1,0,0
1100017935,02/12/2016,Veritecnica SRL,,1,0,0
9102003412,02/12/2016,Veritecnica SRL,,0,1,0
1100017936,02/12/2016,Veritecnica SRL,,1,0,0
1200005902,02/12/2016,Veritecnica SRL,,1,0,0
1100017937,02/12/2016,Veritecnica SRL,,1,0,0
1100017938,02/12/2016,Veritecnica SRL,,1,0,0
1100017940,02/12/2016,Veritecnica SRL,,1,0,0
1100017941,02/12/2016,Veritecnica SRL,,1,0,0
1100017939,02/12/2016,Veritecnica SRL,,1,0,0
1100017942,02/12/2016,Veritecnica SRL,,1,0,0
1100017943,02/12/2016,Veritecnica SRL,,1,0,0
1100017944,02/12/2016,Veritecnica SRL,,1,0,0
1100017946,02/12/2016,Veritecnica SRL,,1,0,0
1100017947,02/12/2016,Veritecnica SRL,,1,0,0
1100017945,02/12/2016,Veritecnica SRL,,1,0,0
1100017948,02/12/2016,Veritecnica SRL,,1,0,0
1100017949,02/12/2016,Veritecnica SRL,,1,0,0
1100017950,02/12/2016,Veritecnica SRL,,1,0,0
1100018201,02/12/2016,Veritecnica SRL,,1,0,0
1100018202,02/12/2016,Veritecnica SRL,,1,0,0
1100018203,02/12/2016,Veritecnica SRL,,1,0,0
1100018204,02/12/2016,Veritecnica SRL,,1,0,0
9102003413,02/12/2016,Veritecnica SRL,,0,0,1
9202000494,02/12/2016,Veritecnica SRL,,0,0,1
1100018205,02/12/2016,Veritecnica SRL,,1,0,0
9102003414,02/12/2016,Veritecnica SRL,,0,0,1
9102003415,02/12/2016,Veritecnica SRL,,0,0,1
1100018206,02/12/2016,Veritecnica SRL,,1,0,0
1100018207,02/12/2016,Veritecnica SRL,,1,0,0
1200005903,02/12/2016,Veritecnica SRL,,1,0,0
1100018208,02/12/2016,Veritecnica SRL,,1,0,0
1200005904,02/12/2016,Veritecnica SRL,,1,0,0
9102003416,02/12/2016,Veritecnica SRL,,0,0,1
1100018209,02/12/2016,Veritecnica SRL,,1,0,0
9102003417,02/12/2016,Veritecnica SRL,,0,0,1
1100018210,02/12/2016,Veritecnica SRL,,1,0,0
1100018211,02/12/2016,Veritecnica SRL,,1,0,0
9102003418,02/12/2016,Veritecnica SRL,,0,0,1
1100018212,02/12/2016,Veritecnica SRL,,1,0,0
1100018213,02/12/2016,Veritecnica SRL,,1,0,0
1100018214,02/12/2016,Veritecnica SRL,,1,0,0
1100018215,02/12/2016,Veritecnica SRL,,1,0,0
1100018216,02/12/2016,Veritecnica SRL,,1,0,0
1100018217,02/12/2016,Veritecnica SRL,,1,0,0
9102003419,02/12/2016,Veritecnica SRL,,0,0,1
1100018218,02/12/2016,Veritecnica SRL,,1,0,0
1100018219,02/12/2016,Veritecnica SRL,,1,0,0
9102003420,02/12/2016,Veritecnica SRL,,0,0,1
9102003421,02/12/2016,Veritecnica SRL,,0,0,1
1100018220,02/12/2016,Veritecnica SRL,,1,0,0
1100018221,02/12/2016,Veritecnica SRL,,1,0,0
9102003422,02/12/2016,Veritecnica SRL,,0,1,0
1100018222,02/12/2016,Veritecnica SRL,,1,0,0
1100018223,02/12/2016,Veritecnica SRL,,1,0,0
1200005905,02/12/2016,Veritecnica SRL,,1,0,0
1100018224,02/12/2016,Veritecnica SRL,,1,0,0
1100018225,02/12/2016,Veritecnica SRL,,1,0,0
9102003423,02/12/2016,Veritecnica SRL,,0,0,1
1100018226,02/12/2016,Veritecnica SRL,,1,0,0
9102003424,02/12/2016,Veritecnica SRL,,0,0,1
1100018227,02/12/2016,Veritecnica SRL,,1,0,0
1100018228,02/12/2016,Veritecnica SRL,,1,0,0
1100018229,02/12/2016,Veritecnica SRL,,1,0,0
1100018230,02/12/2016,Veritecnica SRL,,1,0,0
9102003425,02/12/2016,Veritecnica SRL,,0,0,1
1200005906,02/12/2016,Veritecnica SRL,,1,0,0
1100018231,02/12/2016,Veritecnica SRL,,1,0,0
1200005907,02/12/2016,Veritecnica SRL,,1,0,0
1200005908,02/12/2016,Veritecnica SRL,,1,0,0
1100018232,02/12/2016,Veritecnica SRL,,1,0,0
1100018233,02/12/2016,Veritecnica SRL,,1,0,0
9202000495,02/12/2016,Veritecnica SRL,,0,0,1
1100018234,02/12/2016,Veritecnica SRL,,1,0,0
9102003426,02/12/2016,Veritecnica SRL,,0,0,1
1100018236,02/12/2016,Veritecnica SRL,,1,0,0
1100018235,02/12/2016,Veritecnica SRL,,1,0,0
1100018237,02/12/2016,Veritecnica SRL,,1,0,0
1100018238,02/12/2016,Veritecnica SRL,,1,0,0
1100018239,02/12/2016,Veritecnica SRL,,1,0,0
9102003427,02/12/2016,Veritecnica SRL,,0,1,0
1100018240,02/12/2016,Veritecnica SRL,,1,0,0
1100018241,02/12/2016,Veritecnica SRL,,1,0,0
9102003428,02/12/2016,Veritecnica SRL,,0,0,1
1100018242,02/12/2016,Veritecnica SRL,,1,0,0
1100018243,02/12/2016,Veritecnica SRL,,1,0,0
1200005909,02/12/2016,Veritecnica SRL,,1,0,0
1100018244,02/12/2016,Veritecnica SRL,,1,0,0
1100018245,02/12/2016,Veritecnica SRL,,1,0,0
9102003429,02/12/2016,Veritecnica SRL,,0,1,0
1100018246,02/12/2016,Veritecnica SRL,,1,0,0
1100018247,02/12/2016,Veritecnica SRL,,1,0,0
9102003430,02/12/2016,Veritecnica SRL,,0,0,1
1100018248,02/12/2016,Veritecnica SRL,,1,0,0
1100018249,02/12/2016,Veritecnica SRL,,1,0,0
9102003431,02/12/2016,Veritecnica SRL,,0,1,0
1100018250,02/12/2016,Veritecnica SRL,,1,0,0
1100018251,02/12/2016,Veritecnica SRL,,1,0,0
1100018252,02/12/2016,Veritecnica SRL,,1,0,0
9102003432,02/12/2016,Veritecnica SRL,,0,0,1
1100018253,02/12/2016,Veritecnica SRL,,1,0,0
9102003433,02/13/2016,Veritecnica SRL,,0,0,1
1100018254,02/13/2016,Veritecnica SRL,,1,0,0
1100018255,02/13/2016,Veritecnica SRL,,1,0,0
9102003434,02/13/2016,Veritecnica SRL,,0,0,1
1100018256,02/13/2016,Veritecnica SRL,,1,0,0
1100018257,02/13/2016,Veritecnica SRL,,1,0,0
1100018258,02/13/2016,Veritecnica SRL,,1,0,0
1100018259,02/13/2016,Veritecnica SRL,,1,0,0
1100018260,02/13/2016,Veritecnica SRL,,1,0,0
1100018261,02/13/2016,Veritecnica SRL,,1,0,0
1100018262,02/13/2016,Veritecnica SRL,,1,0,0
1100018263,02/13/2016,Veritecnica SRL,,1,0,0
9102003435,02/13/2016,Veritecnica SRL,,0,0,1
1100018264,02/13/2016,Veritecnica SRL,,1,0,0
1100018265,02/13/2016,Veritecnica SRL,,1,0,0
1100018266,02/13/2016,Veritecnica SRL,,1,0,0
1200005910,02/13/2016,Veritecnica SRL,,1,0,0
1100018267,02/13/2016,Veritecnica SRL,,1,0,0
9102003436,02/13/2016,Veritecnica SRL,,0,0,1
1100018268,02/13/2016,Veritecnica SRL,,1,0,0
1100018269,02/13/2016,Veritecnica SRL,,1,0,0
1100018270,02/13/2016,Veritecnica SRL,,1,0,0
1100018271,02/13/2016,Veritecnica SRL,,1,0,0
9102003437,02/13/2016,Veritecnica SRL,,0,0,1
1100018272,02/13/2016,Veritecnica SRL,,1,0,0
9102003438,02/13/2016,Veritecnica SRL,,0,0,1
1100018273,02/13/2016,Veritecnica SRL,,1,0,0
1100018274,02/13/2016,Veritecnica SRL,,1,0,0
1100018275,02/13/2016,Veritecnica SRL,,1,0,0
1100018276,02/13/2016,Veritecnica SRL,,1,0,0
1100018277,02/13/2016,Veritecnica SRL,,1,0,0
1100018278,02/13/2016,Veritecnica SRL,,1,0,0
1100018279,02/13/2016,Veritecnica SRL,,1,0,0
1100018280,02/13/2016,Veritecnica SRL,,1,0,0
1100018281,02/13/2016,Veritecnica SRL,,1,0,0
9102003439,02/13/2016,Veritecnica SRL,,0,0,1
1100018282,02/13/2016,Veritecnica SRL,,1,0,0
9102003440,02/13/2016,Veritecnica SRL,,0,0,1
1100018283,02/13/2016,Veritecnica SRL,,1,0,0
1200005911,02/13/2016,Veritecnica SRL,,1,0,0
1100018284,02/13/2016,Veritecnica SRL,,1,0,0
9102003441,02/13/2016,Veritecnica SRL,,0,0,1
1100018286,02/13/2016,Veritecnica SRL,,1,0,0
1100018288,02/13/2016,Veritecnica SRL,,1,0,0
1100018285,02/13/2016,Veritecnica SRL,,1,0,0
1100018287,02/13/2016,Veritecnica SRL,,1,0,0
1200005912,02/13/2016,Veritecnica SRL,,1,0,0
1100018289,02/13/2016,Veritecnica SRL,,1,0,0
1100018290,02/13/2016,Veritecnica SRL,,1,0,0
1100018291,02/13/2016,Veritecnica SRL,,1,0,0
9102003442,02/13/2016,Veritecnica SRL,,0,0,1
1100018292,02/13/2016,Veritecnica SRL,,1,0,0
1100018293,02/13/2016,Veritecnica SRL,,1,0,0
9102003443,02/13/2016,Veritecnica SRL,,0,0,1
9102003444,02/13/2016,Veritecnica SRL,,0,1,0
1100018294,02/13/2016,Veritecnica SRL,,1,0,0
