Nrocertificado,Fecha,Idtaller,Dominiovehiculo,Aprobado,RechazadoLeveModerado,RechazadoGrave
1100031587,12/27/2016,Asociación de Bomberos Voluntarios - San Martín de los Andes,,1,0,0
1100031588,12/27/2016,Asociación de Bomberos Voluntarios - San Martín de los Andes,,1,0,0
1100031589,12/27/2016,Asociación de Bomberos Voluntarios - San Martín de los Andes,,1,0,0
1100031590,12/27/2016,Asociación de Bomberos Voluntarios - San Martín de los Andes,,1,0,0
1200010133,12/27/2016,Asociación de Bomberos Voluntarios - San Martín de los Andes,,1,0,0
1100031591,12/27/2016,Asociación de Bomberos Voluntarios - San Martín de los Andes,,1,0,0
1100031592,12/27/2016,Asociación de Bomberos Voluntarios - San Martín de los Andes,,1,0,0
1100031593,12/27/2016,Asociación de Bomberos Voluntarios - San Martín de los Andes,,1,0,0
1100031594,12/27/2016,Asociación de Bomberos Voluntarios - San Martín de los Andes,,1,0,0
1100031595,12/27/2016,Asociación de Bomberos Voluntarios - San Martín de los Andes,,1,0,0
1100031596,12/27/2016,Asociación de Bomberos Voluntarios - San Martín de los Andes,,1,0,0
9101002370,12/27/2016,Asociación de Bomberos Voluntarios - San Martín de los Andes,,0,1,0
1100031597,12/27/2016,Asociación de Bomberos Voluntarios - San Martín de los Andes,,1,0,0
1100031598,12/27/2016,Asociación de Bomberos Voluntarios - San Martín de los Andes,,1,0,0
1100031599,12/27/2016,Asociación de Bomberos Voluntarios - San Martín de los Andes,,1,0,0
1100031600,12/27/2016,Asociación de Bomberos Voluntarios - San Martín de los Andes,,1,0,0
1100031601,12/27/2016,Asociación de Bomberos Voluntarios - San Martín de los Andes,,1,0,0
1100031602,12/27/2016,Asociación de Bomberos Voluntarios - San Martín de los Andes,,1,0,0
1100031603,12/27/2016,Asociación de Bomberos Voluntarios - San Martín de los Andes,,1,0,0
9101002371,12/27/2016,Asociación de Bomberos Voluntarios - San Martín de los Andes,,0,1,0
1100031604,12/27/2016,Asociación de Bomberos Voluntarios - San Martín de los Andes,,1,0,0
1100031605,12/27/2016,Asociación de Bomberos Voluntarios - San Martín de los Andes,,1,0,0
1100031606,12/27/2016,Asociación de Bomberos Voluntarios - San Martín de los Andes,,1,0,0
1100031607,12/27/2016,Asociación de Bomberos Voluntarios - San Martín de los Andes,,1,0,0
1100031608,12/27/2016,Asociación de Bomberos Voluntarios - San Martín de los Andes,,1,0,0
1100031609,12/27/2016,Asociación de Bomberos Voluntarios - San Martín de los Andes,,1,0,0
1100031610,12/27/2016,Asociación de Bomberos Voluntarios - San Martín de los Andes,,1,0,0
1100031611,12/27/2016,Asociación de Bomberos Voluntarios - San Martín de los Andes,,1,0,0
1100031612,12/27/2016,Asociación de Bomberos Voluntarios - San Martín de los Andes,,1,0,0
1100031613,12/27/2016,Asociación de Bomberos Voluntarios - San Martín de los Andes,,1,0,0
1100031614,12/28/2016,Asociación de Bomberos Voluntarios - San Martín de los Andes,,1,0,0
1100031615,12/28/2016,Asociación de Bomberos Voluntarios - San Martín de los Andes,,1,0,0
1100031616,12/28/2016,Asociación de Bomberos Voluntarios - San Martín de los Andes,,1,0,0
1100031617,12/28/2016,Asociación de Bomberos Voluntarios - San Martín de los Andes,,1,0,0
1100031618,12/28/2016,Asociación de Bomberos Voluntarios - San Martín de los Andes,,1,0,0
1100031619,12/28/2016,Asociación de Bomberos Voluntarios - San Martín de los Andes,,1,0,0
9101002372,12/28/2016,Asociación de Bomberos Voluntarios - San Martín de los Andes,,0,1,0
9101002373,12/28/2016,Asociación de Bomberos Voluntarios - San Martín de los Andes,,0,0,1
9101002374,12/28/2016,Asociación de Bomberos Voluntarios - San Martín de los Andes,,0,0,1
9101002375,12/28/2016,Asociación de Bomberos Voluntarios - San Martín de los Andes,,0,1,0
1100031620,12/28/2016,Asociación de Bomberos Voluntarios - San Martín de los Andes,,1,0,0
1100031621,12/28/2016,Asociación de Bomberos Voluntarios - San Martín de los Andes,,1,0,0
9101002376,12/28/2016,Asociación de Bomberos Voluntarios - San Martín de los Andes,,0,1,0
1100031622,12/28/2016,Asociación de Bomberos Voluntarios - San Martín de los Andes,,1,0,0
9101002377,12/28/2016,Asociación de Bomberos Voluntarios - San Martín de los Andes,,0,0,1
1100031623,12/28/2016,Asociación de Bomberos Voluntarios - San Martín de los Andes,,1,0,0
1100031624,12/28/2016,Asociación de Bomberos Voluntarios - San Martín de los Andes,,1,0,0
1100031625,12/28/2016,Asociación de Bomberos Voluntarios - San Martín de los Andes,,1,0,0
9101002378,12/28/2016,Asociación de Bomberos Voluntarios - San Martín de los Andes,,0,1,0
1100031626,12/28/2016,Asociación de Bomberos Voluntarios - San Martín de los Andes,,1,0,0
1100031627,12/28/2016,Asociación de Bomberos Voluntarios - San Martín de los Andes,,1,0,0
1100031628,12/28/2016,Asociación de Bomberos Voluntarios - San Martín de los Andes,,1,0,0
1100031629,12/28/2016,Asociación de Bomberos Voluntarios - San Martín de los Andes,,1,0,0
1100031630,12/28/2016,Asociación de Bomberos Voluntarios - San Martín de los Andes,,1,0,0
1100031631,12/28/2016,Asociación de Bomberos Voluntarios - San Martín de los Andes,,1,0,0
9101002379,12/28/2016,Asociación de Bomberos Voluntarios - San Martín de los Andes,,0,0,1
9101002380,12/28/2016,Asociación de Bomberos Voluntarios - San Martín de los Andes,,0,0,1
1100031632,12/28/2016,Asociación de Bomberos Voluntarios - San Martín de los Andes,,1,0,0
1100031633,12/28/2016,Asociación de Bomberos Voluntarios - San Martín de los Andes,,1,0,0
1100031634,12/28/2016,Asociación de Bomberos Voluntarios - San Martín de los Andes,,1,0,0
9101002381,12/28/2016,Asociación de Bomberos Voluntarios - San Martín de los Andes,,0,0,1
1100031635,12/28/2016,Asociación de Bomberos Voluntarios - San Martín de los Andes,,1,0,0
1100031083,12/27/2016,Control SRL,,1,0,0
9103001991,12/27/2016,Control SRL,,0,0,1
9103001992,12/27/2016,Control SRL,,0,0,1
1100031084,12/27/2016,Control SRL,,1,0,0
9103001993,12/27/2016,Control SRL,,0,0,1
1200010773,12/27/2016,Control SRL,,1,0,0
1100031087,12/27/2016,Control SRL,,1,0,0
1200010774,12/27/2016,Control SRL,,1,0,0
9103001994,12/27/2016,Control SRL,,0,0,1
1100031088,12/27/2016,Control SRL,,1,0,0
1100031089,12/27/2016,Control SRL,,1,0,0
1100031086,12/27/2016,Control SRL,,1,0,0
1100031090,12/27/2016,Control SRL,,1,0,0
1200010775,12/27/2016,Control SRL,,1,0,0
1100031091,12/27/2016,Control SRL,,1,0,0
1100030384,12/27/2016,Control SRL,,1,0,0
1100031104,12/27/2016,Control SRL,,1,0,0
1100031092,12/27/2016,Control SRL,,1,0,0
1100031094,12/27/2016,Control SRL,,1,0,0
1200010776,12/27/2016,Control SRL,,1,0,0
1100031093,12/27/2016,Control SRL,,1,0,0
1100031095,12/27/2016,Control SRL,,1,0,0
1100031096,12/27/2016,Control SRL,,1,0,0
1200010777,12/27/2016,Control SRL,,1,0,0
1100031097,12/27/2016,Control SRL,,1,0,0
1200010778,12/27/2016,Control SRL,,1,0,0
1100031098,12/27/2016,Control SRL,,1,0,0
1200010779,12/27/2016,Control SRL,,1,0,0
1200010783,12/27/2016,Control SRL,,1,0,0
1200010780,12/27/2016,Control SRL,,1,0,0
1100031099,12/27/2016,Control SRL,,1,0,0
1200010784,12/27/2016,Control SRL,,1,0,0
1100031100,12/27/2016,Control SRL,,1,0,0
1200010781,12/27/2016,Control SRL,,1,0,0
1200010786,12/27/2016,Control SRL,,1,0,0
1200010785,12/27/2016,Control SRL,,1,0,0
1100031101,12/27/2016,Control SRL,,1,0,0
1100031102,12/27/2016,Control SRL,,1,0,0
1200010782,12/27/2016,Control SRL,,1,0,0
1100031103,12/27/2016,Control SRL,,1,0,0
1100031107,12/27/2016,Control SRL,,1,0,0
1100031108,12/27/2016,Control SRL,,1,0,0
1200010787,12/27/2016,Control SRL,,1,0,0
1100031110,12/27/2016,Control SRL,,1,0,0
1100031109,12/27/2016,Control SRL,,1,0,0
1100031111,12/27/2016,Control SRL,,1,0,0
1100031112,12/27/2016,Control SRL,,1,0,0
9103001995,12/27/2016,Control SRL,,0,0,1
1100031113,12/27/2016,Control SRL,,1,0,0
1100031114,12/27/2016,Control SRL,,1,0,0
1100031115,12/27/2016,Control SRL,,1,0,0
1100031250,12/27/2016,Control SRL,,1,0,0
1200010788,12/27/2016,Control SRL,,1,0,0
1100031116,12/27/2016,Control SRL,,1,0,0
1100031117,12/27/2016,Control SRL,,1,0,0
1100031118,12/27/2016,Control SRL,,1,0,0
1100031119,12/27/2016,Control SRL,,1,0,0
1100031120,12/27/2016,Control SRL,,1,0,0
1100031121,12/27/2016,Control SRL,,1,0,0
1100031122,12/27/2016,Control SRL,,1,0,0
1100031123,12/27/2016,Control SRL,,1,0,0
1100031124,12/27/2016,Control SRL,,1,0,0
1100031125,12/27/2016,Control SRL,,1,0,0
1100031126,12/27/2016,Control SRL,,1,0,0
1200010789,12/28/2016,Control SRL,,1,0,0
1100031127,12/28/2016,Control SRL,,1,0,0
1200010790,12/28/2016,Control SRL,,1,0,0
1100031128,12/28/2016,Control SRL,,1,0,0
9103001996,12/28/2016,Control SRL,,0,0,1
1100031129,12/28/2016,Control SRL,,1,0,0
9103001997,12/28/2016,Control SRL,,0,0,1
9103001998,12/28/2016,Control SRL,,0,0,1
1100031130,12/28/2016,Control SRL,,1,0,0
1200010791,12/28/2016,Control SRL,,1,0,0
1100031131,12/28/2016,Control SRL,,1,0,0
1100031132,12/28/2016,Control SRL,,1,0,0
1100031133,12/28/2016,Control SRL,,1,0,0
1100031134,12/28/2016,Control SRL,,1,0,0
1200010792,12/28/2016,Control SRL,,1,0,0
1100031135,12/28/2016,Control SRL,,1,0,0
1100031136,12/28/2016,Control SRL,,1,0,0
1100031137,12/28/2016,Control SRL,,1,0,0
9203000556,12/28/2016,Control SRL,,0,0,1
1100031138,12/28/2016,Control SRL,,1,0,0
1100031139,12/28/2016,Control SRL,,1,0,0
1100031140,12/28/2016,Control SRL,,1,0,0
1200010793,12/28/2016,Control SRL,,1,0,0
1100031141,12/28/2016,Control SRL,,1,0,0
1100031142,12/28/2016,Control SRL,,1,0,0
9103001999,12/28/2016,Control SRL,,0,0,1
1100031143,12/28/2016,Control SRL,,1,0,0
9103002000,12/28/2016,Control SRL,,0,0,1
9103002001,12/28/2016,Control SRL,,0,0,1
1100031144,12/28/2016,Control SRL,,1,0,0
9103002002,12/28/2016,Control SRL,,0,0,1
1100031145,12/28/2016,Control SRL,,1,0,0
1100031146,12/28/2016,Control SRL,,1,0,0
9103002003,12/28/2016,Control SRL,,0,0,1
1200010801,12/28/2016,Control SRL,,1,0,0
1200010795,12/28/2016,Control SRL,,1,0,0
1200010794,12/28/2016,Control SRL,,1,0,0
1200010796,12/28/2016,Control SRL,,1,0,0
1100031147,12/28/2016,Control SRL,,1,0,0
1100031148,12/28/2016,Control SRL,,1,0,0
1200010797,12/28/2016,Control SRL,,1,0,0
1100031149,12/28/2016,Control SRL,,1,0,0
1100031150,12/28/2016,Control SRL,,1,0,0
1200010798,12/28/2016,Control SRL,,1,0,0
1200010799,12/28/2016,Control SRL,,1,0,0
1100031151,12/28/2016,Control SRL,,1,0,0
1100031152,12/28/2016,Control SRL,,1,0,0
1200010800,12/28/2016,Control SRL,,1,0,0
1200010802,12/28/2016,Control SRL,,1,0,0
9103002004,12/28/2016,Control SRL,,0,0,1
1100031153,12/28/2016,Control SRL,,1,0,0
9102006335,12/27/2016,Veritecnica SRL,,0,0,1
9102006336,12/27/2016,Veritecnica SRL,,0,1,0
1100032152,12/27/2016,Veritecnica SRL,,1,0,0
1100032157,12/27/2016,Veritecnica SRL,,1,0,0
1100032153,12/27/2016,Veritecnica SRL,,1,0,0
1100032158,12/27/2016,Veritecnica SRL,,1,0,0
1100032159,12/27/2016,Veritecnica SRL,,1,0,0
1100032156,12/27/2016,Veritecnica SRL,,1,0,0
1100032160,12/27/2016,Veritecnica SRL,,1,0,0
1100032154,12/27/2016,Veritecnica SRL,,1,0,0
1100032161,12/27/2016,Veritecnica SRL,,1,0,0
1100032155,12/27/2016,Veritecnica SRL,,1,0,0
9102006337,12/27/2016,Veritecnica SRL,,0,1,0
1100032162,12/27/2016,Veritecnica SRL,,1,0,0
1200010631,12/27/2016,Veritecnica SRL,,1,0,0
1100032163,12/27/2016,Veritecnica SRL,,1,0,0
1100032167,12/27/2016,Veritecnica SRL,,1,0,0
1100032168,12/27/2016,Veritecnica SRL,,1,0,0
9102006338,12/27/2016,Veritecnica SRL,,0,0,1
1100032169,12/27/2016,Veritecnica SRL,,1,0,0
9102006339,12/27/2016,Veritecnica SRL,,0,1,0
1100032164,12/27/2016,Veritecnica SRL,,1,0,0
1100032170,12/27/2016,Veritecnica SRL,,1,0,0
9102006340,12/27/2016,Veritecnica SRL,,0,1,0
1100032171,12/27/2016,Veritecnica SRL,,1,0,0
1100032172,12/27/2016,Veritecnica SRL,,1,0,0
1100032165,12/27/2016,Veritecnica SRL,,1,0,0
1100032173,12/27/2016,Veritecnica SRL,,1,0,0
9102006341,12/27/2016,Veritecnica SRL,,0,0,1
1100032166,12/27/2016,Veritecnica SRL,,1,0,0
1100032174,12/27/2016,Veritecnica SRL,,1,0,0
1100032175,12/27/2016,Veritecnica SRL,,1,0,0
9102006342,12/27/2016,Veritecnica SRL,,0,0,1
9102006343,12/27/2016,Veritecnica SRL,,0,1,0
9102006344,12/27/2016,Veritecnica SRL,,0,0,1
1100032180,12/27/2016,Veritecnica SRL,,1,0,0
9102006345,12/27/2016,Veritecnica SRL,,0,1,0
9102006346,12/27/2016,Veritecnica SRL,,0,1,0
1200010632,12/27/2016,Veritecnica SRL,,1,0,0
9102006347,12/27/2016,Veritecnica SRL,,0,1,0
1100032176,12/27/2016,Veritecnica SRL,,1,0,0
1100032177,12/27/2016,Veritecnica SRL,,1,0,0
9102006348,12/27/2016,Veritecnica SRL,,0,1,0
1100032181,12/27/2016,Veritecnica SRL,,1,0,0
1100032178,12/27/2016,Veritecnica SRL,,1,0,0
1100032179,12/27/2016,Veritecnica SRL,,1,0,0
1100032182,12/27/2016,Veritecnica SRL,,1,0,0
1200010633,12/27/2016,Veritecnica SRL,,1,0,0
1100032183,12/27/2016,Veritecnica SRL,,1,0,0
1100032185,12/27/2016,Veritecnica SRL,,1,0,0
9202001134,12/27/2016,Veritecnica SRL,,0,0,1
1100032184,12/27/2016,Veritecnica SRL,,1,0,0
9102006349,12/27/2016,Veritecnica SRL,,0,0,1
9202001135,12/27/2016,Veritecnica SRL,,0,0,1
9102006350,12/27/2016,Veritecnica SRL,,0,1,0
1100032186,12/27/2016,Veritecnica SRL,,1,0,0
1200010634,12/27/2016,Veritecnica SRL,,1,0,0
1200010635,12/27/2016,Veritecnica SRL,,1,0,0
1100032187,12/27/2016,Veritecnica SRL,,1,0,0
1200010636,12/27/2016,Veritecnica SRL,,1,0,0
1200010637,12/27/2016,Veritecnica SRL,,1,0,0
1100032188,12/27/2016,Veritecnica SRL,,1,0,0
1100032189,12/27/2016,Veritecnica SRL,,1,0,0
1200010638,12/27/2016,Veritecnica SRL,,1,0,0
1100032190,12/27/2016,Veritecnica SRL,,1,0,0
1100032191,12/27/2016,Veritecnica SRL,,1,0,0
9102006351,12/27/2016,Veritecnica SRL,,0,0,1
1100032192,12/27/2016,Veritecnica SRL,,1,0,0
9102006352,12/27/2016,Veritecnica SRL,,0,0,1
1100032193,12/27/2016,Veritecnica SRL,,1,0,0
1100032194,12/27/2016,Veritecnica SRL,,1,0,0
9102006353,12/27/2016,Veritecnica SRL,,0,1,0
1200010639,12/27/2016,Veritecnica SRL,,1,0,0
1100032195,12/27/2016,Veritecnica SRL,,1,0,0
1100032196,12/27/2016,Veritecnica SRL,,1,0,0
1100032201,12/27/2016,Veritecnica SRL,,1,0,0
1200010640,12/27/2016,Veritecnica SRL,,1,0,0
9102006354,12/27/2016,Veritecnica SRL,,0,0,1
1200010641,12/27/2016,Veritecnica SRL,,1,0,0
1100032202,12/27/2016,Veritecnica SRL,,1,0,0
1200010642,12/27/2016,Veritecnica SRL,,1,0,0
1100032197,12/27/2016,Veritecnica SRL,,1,0,0
1100032203,12/27/2016,Veritecnica SRL,,1,0,0
1100032198,12/27/2016,Veritecnica SRL,,1,0,0
1100032204,12/27/2016,Veritecnica SRL,,1,0,0
1100032205,12/27/2016,Veritecnica SRL,,1,0,0
1100032199,12/27/2016,Veritecnica SRL,,1,0,0
1100032200,12/27/2016,Veritecnica SRL,,1,0,0
1200010643,12/27/2016,Veritecnica SRL,,1,0,0
1200010644,12/27/2016,Veritecnica SRL,,1,0,0
1100032207,12/27/2016,Veritecnica SRL,,1,0,0
1100032206,12/27/2016,Veritecnica SRL,,1,0,0
1100032208,12/27/2016,Veritecnica SRL,,1,0,0
9102006355,12/27/2016,Veritecnica SRL,,0,0,1
1100032209,12/27/2016,Veritecnica SRL,,1,0,0
1100032210,12/27/2016,Veritecnica SRL,,1,0,0
1100032211,12/27/2016,Veritecnica SRL,,1,0,0
1100032212,12/27/2016,Veritecnica SRL,,1,0,0
1100032213,12/27/2016,Veritecnica SRL,,1,0,0
9102006356,12/27/2016,Veritecnica SRL,,0,1,0
9102006357,12/27/2016,Veritecnica SRL,,0,1,0
1100032214,12/28/2016,Veritecnica SRL,,1,0,0
1100032215,12/28/2016,Veritecnica SRL,,1,0,0
1100032216,12/28/2016,Veritecnica SRL,,1,0,0
1200010645,12/28/2016,Veritecnica SRL,,1,0,0
9102006358,12/28/2016,Veritecnica SRL,,0,0,1
1100032217,12/28/2016,Veritecnica SRL,,1,0,0
1100032218,12/28/2016,Veritecnica SRL,,1,0,0
9102006359,12/28/2016,Veritecnica SRL,,0,1,0
1100032219,12/28/2016,Veritecnica SRL,,1,0,0
9102006360,12/28/2016,Veritecnica SRL,,0,1,0
1100032222,12/28/2016,Veritecnica SRL,,1,0,0
9102006361,12/28/2016,Veritecnica SRL,,0,1,0
1100032223,12/28/2016,Veritecnica SRL,,1,0,0
9102006362,12/28/2016,Veritecnica SRL,,0,0,1
1100032224,12/28/2016,Veritecnica SRL,,1,0,0
9102006363,12/28/2016,Veritecnica SRL,,0,1,0
1100032225,12/28/2016,Veritecnica SRL,,1,0,0
1100032220,12/28/2016,Veritecnica SRL,,1,0,0
1100032226,12/28/2016,Veritecnica SRL,,1,0,0
1100032221,12/28/2016,Veritecnica SRL,,1,0,0
1100032227,12/28/2016,Veritecnica SRL,,1,0,0
1100032228,12/28/2016,Veritecnica SRL,,1,0,0
1100032229,12/28/2016,Veritecnica SRL,,1,0,0
9102006364,12/28/2016,Veritecnica SRL,,0,1,0
1200010646,12/28/2016,Veritecnica SRL,,1,0,0
1100032230,12/28/2016,Veritecnica SRL,,1,0,0
1100032235,12/28/2016,Veritecnica SRL,,1,0,0
1100032236,12/28/2016,Veritecnica SRL,,1,0,0
1200010647,12/28/2016,Veritecnica SRL,,1,0,0
9102006365,12/28/2016,Veritecnica SRL,,0,1,0
1100032237,12/28/2016,Veritecnica SRL,,1,0,0
1100032231,12/28/2016,Veritecnica SRL,,1,0,0
1100032238,12/28/2016,Veritecnica SRL,,1,0,0
9102006366,12/28/2016,Veritecnica SRL,,0,1,0
1200010648,12/28/2016,Veritecnica SRL,,1,0,0
9102006367,12/28/2016,Veritecnica SRL,,0,1,0
1100032239,12/28/2016,Veritecnica SRL,,1,0,0
1100032232,12/28/2016,Veritecnica SRL,,1,0,0
9102006368,12/28/2016,Veritecnica SRL,,0,1,0
1100032240,12/28/2016,Veritecnica SRL,,1,0,0
1100032233,12/28/2016,Veritecnica SRL,,1,0,0
1200010649,12/28/2016,Veritecnica SRL,,1,0,0
1100032234,12/28/2016,Veritecnica SRL,,1,0,0
9102006369,12/28/2016,Veritecnica SRL,,0,1,0
1200010650,12/28/2016,Veritecnica SRL,,1,0,0
1100032241,12/28/2016,Veritecnica SRL,,1,0,0
9102006370,12/28/2016,Veritecnica SRL,,0,1,0
1100032242,12/28/2016,Veritecnica SRL,,1,0,0
1100032243,12/28/2016,Veritecnica SRL,,1,0,0
1100032244,12/28/2016,Veritecnica SRL,,1,0,0
1200010651,12/28/2016,Veritecnica SRL,,1,0,0
1100032245,12/28/2016,Veritecnica SRL,,1,0,0
1100032246,12/28/2016,Veritecnica SRL,,1,0,0
1100032247,12/28/2016,Veritecnica SRL,,1,0,0
1100032248,12/28/2016,Veritecnica SRL,,1,0,0
1100032249,12/28/2016,Veritecnica SRL,,1,0,0
9102006371,12/28/2016,Veritecnica SRL,,0,1,0
1100032250,12/28/2016,Veritecnica SRL,,1,0,0
1100032501,12/28/2016,Veritecnica SRL,,1,0,0
9102006372,12/28/2016,Veritecnica SRL,,0,1,0
1100032502,12/28/2016,Veritecnica SRL,,1,0,0
1100032503,12/28/2016,Veritecnica SRL,,1,0,0
1100032504,12/28/2016,Veritecnica SRL,,1,0,0
1100032505,12/28/2016,Veritecnica SRL,,1,0,0
1100032506,12/28/2016,Veritecnica SRL,,1,0,0
1200010652,12/28/2016,Veritecnica SRL,,1,0,0
9102006373,12/28/2016,Veritecnica SRL,,0,1,0
9102006374,12/28/2016,Veritecnica SRL,,0,1,0
1100032507,12/28/2016,Veritecnica SRL,,1,0,0
1100032508,12/28/2016,Veritecnica SRL,,1,0,0
9102006375,12/28/2016,Veritecnica SRL,,0,1,0
1100032509,12/28/2016,Veritecnica SRL,,1,0,0
1100032510,12/28/2016,Veritecnica SRL,,1,0,0
1200010653,12/28/2016,Veritecnica SRL,,1,0,0
1100032511,12/28/2016,Veritecnica SRL,,1,0,0
9102006376,12/28/2016,Veritecnica SRL,,0,1,0
9102006377,12/28/2016,Veritecnica SRL,,0,1,0
1100032512,12/28/2016,Veritecnica SRL,,1,0,0
1100032513,12/28/2016,Veritecnica SRL,,1,0,0
1100032514,12/28/2016,Veritecnica SRL,,1,0,0
1100032515,12/28/2016,Veritecnica SRL,,1,0,0
1100032516,12/28/2016,Veritecnica SRL,,1,0,0
1100032517,12/28/2016,Veritecnica SRL,,1,0,0
1100032518,12/28/2016,Veritecnica SRL,,1,0,0
9202001136,12/28/2016,Veritecnica SRL,,0,0,1
1100032519,12/28/2016,Veritecnica SRL,,1,0,0
1100032520,12/28/2016,Veritecnica SRL,,1,0,0
