Nrocertificado,Fecha,Idtaller,Dominiovehiculo,Aprobado,RechazadoLeveModerado,RechazadoGrave
1100024134,08/01/2016,Asociación de Bomberos Voluntarios - San Martín de los Andes,,1,0,0
1100024135,08/01/2016,Asociación de Bomberos Voluntarios - San Martín de los Andes,,1,0,0
1100024136,08/01/2016,Asociación de Bomberos Voluntarios - San Martín de los Andes,,1,0,0
1100024137,08/01/2016,Asociación de Bomberos Voluntarios - San Martín de los Andes,,1,0,0
1100024138,08/01/2016,Asociación de Bomberos Voluntarios - San Martín de los Andes,,1,0,0
1100024139,08/01/2016,Asociación de Bomberos Voluntarios - San Martín de los Andes,,1,0,0
1100024140,08/01/2016,Asociación de Bomberos Voluntarios - San Martín de los Andes,,1,0,0
1100024141,08/01/2016,Asociación de Bomberos Voluntarios - San Martín de los Andes,,1,0,0
9101001859,08/01/2016,Asociación de Bomberos Voluntarios - San Martín de los Andes,,0,0,1
1100024142,08/01/2016,Asociación de Bomberos Voluntarios - San Martín de los Andes,,1,0,0
1100024143,08/01/2016,Asociación de Bomberos Voluntarios - San Martín de los Andes,,1,0,0
1100024144,08/01/2016,Asociación de Bomberos Voluntarios - San Martín de los Andes,,1,0,0
1100024145,08/01/2016,Asociación de Bomberos Voluntarios - San Martín de los Andes,,1,0,0
1100024146,08/01/2016,Asociación de Bomberos Voluntarios - San Martín de los Andes,,1,0,0
1100024147,08/01/2016,Asociación de Bomberos Voluntarios - San Martín de los Andes,,1,0,0
9101001860,08/01/2016,Asociación de Bomberos Voluntarios - San Martín de los Andes,,0,0,1
9101001861,08/01/2016,Asociación de Bomberos Voluntarios - San Martín de los Andes,,0,0,1
1100024148,08/01/2016,Asociación de Bomberos Voluntarios - San Martín de los Andes,,1,0,0
1100024149,08/02/2016,Asociación de Bomberos Voluntarios - San Martín de los Andes,,1,0,0
1100024150,08/02/2016,Asociación de Bomberos Voluntarios - San Martín de los Andes,,1,0,0
1100024151,08/02/2016,Asociación de Bomberos Voluntarios - San Martín de los Andes,,1,0,0
1100024152,08/02/2016,Asociación de Bomberos Voluntarios - San Martín de los Andes,,1,0,0
1100024153,08/02/2016,Asociación de Bomberos Voluntarios - San Martín de los Andes,,1,0,0
1100024154,08/02/2016,Asociación de Bomberos Voluntarios - San Martín de los Andes,,1,0,0
1100024155,08/02/2016,Asociación de Bomberos Voluntarios - San Martín de los Andes,,1,0,0
1100024156,08/02/2016,Asociación de Bomberos Voluntarios - San Martín de los Andes,,1,0,0
1100024157,08/02/2016,Asociación de Bomberos Voluntarios - San Martín de los Andes,,1,0,0
1100024158,08/02/2016,Asociación de Bomberos Voluntarios - San Martín de los Andes,,1,0,0
9101001862,08/02/2016,Asociación de Bomberos Voluntarios - San Martín de los Andes,,0,1,0
1200007581,08/02/2016,Asociación de Bomberos Voluntarios - San Martín de los Andes,,1,0,0
1100024159,08/02/2016,Asociación de Bomberos Voluntarios - San Martín de los Andes,,1,0,0
1100024160,08/02/2016,Asociación de Bomberos Voluntarios - San Martín de los Andes,,1,0,0
1100024161,08/02/2016,Asociación de Bomberos Voluntarios - San Martín de los Andes,,1,0,0
9101001863,08/02/2016,Asociación de Bomberos Voluntarios - San Martín de los Andes,,0,1,0
1100024162,08/02/2016,Asociación de Bomberos Voluntarios - San Martín de los Andes,,1,0,0
9101001864,08/02/2016,Asociación de Bomberos Voluntarios - San Martín de los Andes,,0,0,1
1100024163,08/02/2016,Asociación de Bomberos Voluntarios - San Martín de los Andes,,1,0,0
9101001865,08/02/2016,Asociación de Bomberos Voluntarios - San Martín de los Andes,,0,0,1
1100024164,08/02/2016,Asociación de Bomberos Voluntarios - San Martín de los Andes,,1,0,0
1100024165,08/02/2016,Asociación de Bomberos Voluntarios - San Martín de los Andes,,1,0,0
9103001563,08/01/2016,Control SRL,,0,0,1
1100024821,08/01/2016,Control SRL,,1,0,0
1100024823,08/01/2016,Control SRL,,1,0,0
1200008330,08/01/2016,Control SRL,,1,0,0
1100024824,08/01/2016,Control SRL,,1,0,0
1100024822,08/01/2016,Control SRL,,1,0,0
1200008327,08/01/2016,Control SRL,,1,0,0
9203000410,08/01/2016,Control SRL,,0,0,1
1200008328,08/01/2016,Control SRL,,1,0,0
9103001564,08/01/2016,Control SRL,,0,0,1
9103001565,08/01/2016,Control SRL,,0,0,1
1200008331,08/01/2016,Control SRL,,1,0,0
1200008333,08/01/2016,Control SRL,,1,0,0
1200008332,08/01/2016,Control SRL,,1,0,0
1100024825,08/01/2016,Control SRL,,1,0,0
1100024828,08/01/2016,Control SRL,,1,0,0
1100024826,08/01/2016,Control SRL,,1,0,0
1100024827,08/01/2016,Control SRL,,1,0,0
1100024829,08/01/2016,Control SRL,,1,0,0
1200008335,08/01/2016,Control SRL,,1,0,0
1200008334,08/01/2016,Control SRL,,1,0,0
9203000411,08/01/2016,Control SRL,,0,0,1
1100024880,08/01/2016,Control SRL,,1,0,0
1100024830,08/01/2016,Control SRL,,1,0,0
1100024831,08/01/2016,Control SRL,,1,0,0
1100024832,08/01/2016,Control SRL,,1,0,0
1100024833,08/01/2016,Control SRL,,1,0,0
1100024834,08/02/2016,Control SRL,,1,0,0
1100024835,08/02/2016,Control SRL,,1,0,0
1200008336,08/02/2016,Control SRL,,1,0,0
9103001566,08/02/2016,Control SRL,,0,0,1
9103001567,08/02/2016,Control SRL,,0,0,1
1100024836,08/02/2016,Control SRL,,1,0,0
9103001568,08/02/2016,Control SRL,,0,0,1
1100024837,08/02/2016,Control SRL,,1,0,0
1100024838,08/02/2016,Control SRL,,1,0,0
1100024839,08/02/2016,Control SRL,,1,0,0
1100024840,08/02/2016,Control SRL,,1,0,0
1100024841,08/02/2016,Control SRL,,1,0,0
9203000412,08/02/2016,Control SRL,,0,0,1
1100024842,08/02/2016,Control SRL,,1,0,0
9203000413,08/02/2016,Control SRL,,0,0,1
1100024843,08/02/2016,Control SRL,,1,0,0
1100024844,08/02/2016,Control SRL,,1,0,0
1100024461,08/01/2016,Veritecnica SRL,,1,0,0
1100024462,08/01/2016,Veritecnica SRL,,1,0,0
9102005132,08/01/2016,Veritecnica SRL,,0,1,0
1100024463,08/01/2016,Veritecnica SRL,,1,0,0
9102005133,08/01/2016,Veritecnica SRL,,0,0,1
1200008247,08/01/2016,Veritecnica SRL,,1,0,0
1100024464,08/01/2016,Veritecnica SRL,,1,0,0
1100024465,08/01/2016,Veritecnica SRL,,1,0,0
1100024466,08/01/2016,Veritecnica SRL,,1,0,0
1100024467,08/01/2016,Veritecnica SRL,,1,0,0
9202000828,08/01/2016,Veritecnica SRL,,0,0,1
9102005134,08/01/2016,Veritecnica SRL,,0,1,0
1200008248,08/01/2016,Veritecnica SRL,,1,0,0
9102005135,08/01/2016,Veritecnica SRL,,0,0,1
1100024468,08/01/2016,Veritecnica SRL,,1,0,0
9102005136,08/01/2016,Veritecnica SRL,,0,0,1
1100024469,08/01/2016,Veritecnica SRL,,1,0,0
1100024470,08/01/2016,Veritecnica SRL,,1,0,0
1100024471,08/01/2016,Veritecnica SRL,,1,0,0
1100024472,08/01/2016,Veritecnica SRL,,1,0,0
9202000829,08/01/2016,Veritecnica SRL,,0,0,1
9102005137,08/01/2016,Veritecnica SRL,,0,0,1
1100024473,08/01/2016,Veritecnica SRL,,1,0,0
1100024474,08/01/2016,Veritecnica SRL,,1,0,0
9202000830,08/01/2016,Veritecnica SRL,,0,0,1
1100024475,08/01/2016,Veritecnica SRL,,1,0,0
1100024476,08/01/2016,Veritecnica SRL,,1,0,0
1200008249,08/01/2016,Veritecnica SRL,,1,0,0
9102005138,08/01/2016,Veritecnica SRL,,0,0,1
1200008250,08/01/2016,Veritecnica SRL,,1,0,0
1100024477,08/01/2016,Veritecnica SRL,,1,0,0
1200008251,08/01/2016,Veritecnica SRL,,1,0,0
1200008252,08/01/2016,Veritecnica SRL,,1,0,0
1100024478,08/01/2016,Veritecnica SRL,,1,0,0
1200008253,08/01/2016,Veritecnica SRL,,1,0,0
1200008254,08/01/2016,Veritecnica SRL,,1,0,0
1100024479,08/01/2016,Veritecnica SRL,,1,0,0
1100024480,08/01/2016,Veritecnica SRL,,1,0,0
1100024481,08/01/2016,Veritecnica SRL,,1,0,0
1100024482,08/01/2016,Veritecnica SRL,,1,0,0
1200008255,08/01/2016,Veritecnica SRL,,1,0,0
1200008256,08/01/2016,Veritecnica SRL,,1,0,0
1100024483,08/01/2016,Veritecnica SRL,,1,0,0
1200008257,08/01/2016,Veritecnica SRL,,1,0,0
9202000831,08/01/2016,Veritecnica SRL,,0,0,1
9102005139,08/01/2016,Veritecnica SRL,,0,0,1
1200008258,08/01/2016,Veritecnica SRL,,1,0,0
1200008259,08/01/2016,Veritecnica SRL,,1,0,0
1200008260,08/01/2016,Veritecnica SRL,,1,0,0
1100024484,08/01/2016,Veritecnica SRL,,1,0,0
1100024485,08/01/2016,Veritecnica SRL,,1,0,0
1200008261,08/01/2016,Veritecnica SRL,,1,0,0
9202000832,08/01/2016,Veritecnica SRL,,0,0,1
1100024486,08/01/2016,Veritecnica SRL,,1,0,0
1100024487,08/01/2016,Veritecnica SRL,,1,0,0
9102005140,08/02/2016,Veritecnica SRL,,0,0,1
1100024488,08/02/2016,Veritecnica SRL,,1,0,0
1100024489,08/02/2016,Veritecnica SRL,,1,0,0
1100024490,08/02/2016,Veritecnica SRL,,1,0,0
9102005141,08/02/2016,Veritecnica SRL,,0,0,1
1100024491,08/02/2016,Veritecnica SRL,,1,0,0
9102005142,08/02/2016,Veritecnica SRL,,0,0,1
1100024492,08/02/2016,Veritecnica SRL,,1,0,0
1100024493,08/02/2016,Veritecnica SRL,,1,0,0
1100024494,08/02/2016,Veritecnica SRL,,1,0,0
1100024495,08/02/2016,Veritecnica SRL,,1,0,0
9102005143,08/02/2016,Veritecnica SRL,,0,0,1
1100024496,08/02/2016,Veritecnica SRL,,1,0,0
1100024497,08/02/2016,Veritecnica SRL,,1,0,0
1100024498,08/02/2016,Veritecnica SRL,,1,0,0
1200008262,08/02/2016,Veritecnica SRL,,1,0,0
1200008263,08/02/2016,Veritecnica SRL,,1,0,0
1200008264,08/02/2016,Veritecnica SRL,,1,0,0
9202000833,08/02/2016,Veritecnica SRL,,0,0,1
1200008265,08/02/2016,Veritecnica SRL,,1,0,0
1100024499,08/02/2016,Veritecnica SRL,,1,0,0
1100024500,08/02/2016,Veritecnica SRL,,1,0,0
1200008266,08/02/2016,Veritecnica SRL,,1,0,0
1100025001,08/02/2016,Veritecnica SRL,,1,0,0
1100025002,08/02/2016,Veritecnica SRL,,1,0,0
1200008267,08/02/2016,Veritecnica SRL,,1,0,0
1200008268,08/02/2016,Veritecnica SRL,,1,0,0
1100025003,08/02/2016,Veritecnica SRL,,1,0,0
1100025004,08/02/2016,Veritecnica SRL,,1,0,0
1200008269,08/02/2016,Veritecnica SRL,,1,0,0
1200008270,08/02/2016,Veritecnica SRL,,1,0,0
1200008271,08/02/2016,Veritecnica SRL,,1,0,0
1100025005,08/02/2016,Veritecnica SRL,,1,0,0
1100025006,08/02/2016,Veritecnica SRL,,1,0,0
1100025007,08/02/2016,Veritecnica SRL,,1,0,0
1100025008,08/02/2016,Veritecnica SRL,,1,0,0
1200008272,08/02/2016,Veritecnica SRL,,1,0,0
1200008273,08/02/2016,Veritecnica SRL,,1,0,0
1200008274,08/02/2016,Veritecnica SRL,,1,0,0
1200008275,08/02/2016,Veritecnica SRL,,1,0,0
