Nrocertificado,Fecha,Idtaller,Dominiovehiculo,Aprobado,RechazadoLeveModerado,RechazadoGrave
1100012102,01/27/2016,Asociación de Bomberos Voluntarios - San Martín de los Andes,,1,0,0
1100012103,01/27/2016,Asociación de Bomberos Voluntarios - San Martín de los Andes,,1,0,0
9101001160,01/27/2016,Asociación de Bomberos Voluntarios - San Martín de los Andes,,0,1,0
1100012104,01/27/2016,Asociación de Bomberos Voluntarios - San Martín de los Andes,,1,0,0
1100012105,01/27/2016,Asociación de Bomberos Voluntarios - San Martín de los Andes,,1,0,0
1100012106,01/27/2016,Asociación de Bomberos Voluntarios - San Martín de los Andes,,1,0,0
1100012107,01/27/2016,Asociación de Bomberos Voluntarios - San Martín de los Andes,,1,0,0
1100012108,01/27/2016,Asociación de Bomberos Voluntarios - San Martín de los Andes,,1,0,0
1100012109,01/27/2016,Asociación de Bomberos Voluntarios - San Martín de los Andes,,1,0,0
1100012110,01/27/2016,Asociación de Bomberos Voluntarios - San Martín de los Andes,,1,0,0
1100012111,01/27/2016,Asociación de Bomberos Voluntarios - San Martín de los Andes,,1,0,0
1100012112,01/27/2016,Asociación de Bomberos Voluntarios - San Martín de los Andes,,1,0,0
1100012113,01/27/2016,Asociación de Bomberos Voluntarios - San Martín de los Andes,,1,0,0
1100012114,01/27/2016,Asociación de Bomberos Voluntarios - San Martín de los Andes,,1,0,0
9101001161,01/27/2016,Asociación de Bomberos Voluntarios - San Martín de los Andes,,0,1,0
1100012115,01/27/2016,Asociación de Bomberos Voluntarios - San Martín de los Andes,,1,0,0
1200005305,01/27/2016,Asociación de Bomberos Voluntarios - San Martín de los Andes,,1,0,0
1100012116,01/27/2016,Asociación de Bomberos Voluntarios - San Martín de los Andes,,1,0,0
1100012117,01/27/2016,Asociación de Bomberos Voluntarios - San Martín de los Andes,,1,0,0
1200005306,01/27/2016,Asociación de Bomberos Voluntarios - San Martín de los Andes,,1,0,0
9101001162,01/27/2016,Asociación de Bomberos Voluntarios - San Martín de los Andes,,0,1,0
1100012118,01/27/2016,Asociación de Bomberos Voluntarios - San Martín de los Andes,,1,0,0
1100012119,01/27/2016,Asociación de Bomberos Voluntarios - San Martín de los Andes,,1,0,0
9101001163,01/27/2016,Asociación de Bomberos Voluntarios - San Martín de los Andes,,0,1,0
9101001164,01/27/2016,Asociación de Bomberos Voluntarios - San Martín de los Andes,,0,1,0
1100012120,01/27/2016,Asociación de Bomberos Voluntarios - San Martín de los Andes,,1,0,0
9101001165,01/27/2016,Asociación de Bomberos Voluntarios - San Martín de los Andes,,0,1,0
1100012121,01/27/2016,Asociación de Bomberos Voluntarios - San Martín de los Andes,,1,0,0
1100012122,01/27/2016,Asociación de Bomberos Voluntarios - San Martín de los Andes,,1,0,0
1100012123,01/27/2016,Asociación de Bomberos Voluntarios - San Martín de los Andes,,1,0,0
1100012124,01/27/2016,Asociación de Bomberos Voluntarios - San Martín de los Andes,,1,0,0
1100012125,01/27/2016,Asociación de Bomberos Voluntarios - San Martín de los Andes,,1,0,0
1100012126,01/27/2016,Asociación de Bomberos Voluntarios - San Martín de los Andes,,1,0,0
1100012127,01/27/2016,Asociación de Bomberos Voluntarios - San Martín de los Andes,,1,0,0
1100012128,01/27/2016,Asociación de Bomberos Voluntarios - San Martín de los Andes,,1,0,0
9101001166,01/27/2016,Asociación de Bomberos Voluntarios - San Martín de los Andes,,0,0,1
1100012129,01/28/2016,Asociación de Bomberos Voluntarios - San Martín de los Andes,,1,0,0
1200005307,01/28/2016,Asociación de Bomberos Voluntarios - San Martín de los Andes,,1,0,0
9101001167,01/28/2016,Asociación de Bomberos Voluntarios - San Martín de los Andes,,0,1,0
1100012130,01/28/2016,Asociación de Bomberos Voluntarios - San Martín de los Andes,,1,0,0
1100012131,01/28/2016,Asociación de Bomberos Voluntarios - San Martín de los Andes,,1,0,0
9101001168,01/28/2016,Asociación de Bomberos Voluntarios - San Martín de los Andes,,0,1,0
1100012132,01/28/2016,Asociación de Bomberos Voluntarios - San Martín de los Andes,,1,0,0
1100012133,01/28/2016,Asociación de Bomberos Voluntarios - San Martín de los Andes,,1,0,0
1100012134,01/28/2016,Asociación de Bomberos Voluntarios - San Martín de los Andes,,1,0,0
1100012135,01/28/2016,Asociación de Bomberos Voluntarios - San Martín de los Andes,,1,0,0
1100012136,01/28/2016,Asociación de Bomberos Voluntarios - San Martín de los Andes,,1,0,0
9101001169,01/28/2016,Asociación de Bomberos Voluntarios - San Martín de los Andes,,0,1,0
9101001170,01/28/2016,Asociación de Bomberos Voluntarios - San Martín de los Andes,,0,1,0
1100012137,01/28/2016,Asociación de Bomberos Voluntarios - San Martín de los Andes,,1,0,0
9101001171,01/28/2016,Asociación de Bomberos Voluntarios - San Martín de los Andes,,0,0,1
1100012138,01/28/2016,Asociación de Bomberos Voluntarios - San Martín de los Andes,,1,0,0
9101001172,01/28/2016,Asociación de Bomberos Voluntarios - San Martín de los Andes,,0,0,1
1100012139,01/28/2016,Asociación de Bomberos Voluntarios - San Martín de los Andes,,1,0,0
9101001173,01/28/2016,Asociación de Bomberos Voluntarios - San Martín de los Andes,,0,0,1
1100012140,01/28/2016,Asociación de Bomberos Voluntarios - San Martín de los Andes,,1,0,0
1100012141,01/28/2016,Asociación de Bomberos Voluntarios - San Martín de los Andes,,1,0,0
1100012142,01/28/2016,Asociación de Bomberos Voluntarios - San Martín de los Andes,,1,0,0
1100012143,01/28/2016,Asociación de Bomberos Voluntarios - San Martín de los Andes,,1,0,0
1100012144,01/28/2016,Asociación de Bomberos Voluntarios - San Martín de los Andes,,1,0,0
1100013706,01/27/2016,Control SRL,,1,0,0
1100013707,01/27/2016,Control SRL,,1,0,0
1100013708,01/27/2016,Control SRL,,1,0,0
1100013709,01/27/2016,Control SRL,,1,0,0
1100013713,01/27/2016,Control SRL,,1,0,0
1100013710,01/27/2016,Control SRL,,1,0,0
1100013711,01/27/2016,Control SRL,,1,0,0
1100013712,01/27/2016,Control SRL,,1,0,0
1100013714,01/27/2016,Control SRL,,1,0,0
1100013715,01/27/2016,Control SRL,,1,0,0
1100013716,01/27/2016,Control SRL,,1,0,0
1100013717,01/27/2016,Control SRL,,1,0,0
1100013718,01/27/2016,Control SRL,,1,0,0
1200005171,01/27/2016,Control SRL,,1,0,0
1100013719,01/27/2016,Control SRL,,1,0,0
1100013720,01/27/2016,Control SRL,,1,0,0
1100013721,01/27/2016,Control SRL,,1,0,0
1100013722,01/27/2016,Control SRL,,1,0,0
1100013723,01/27/2016,Control SRL,,1,0,0
1100013732,01/27/2016,Control SRL,,1,0,0
1100013724,01/27/2016,Control SRL,,1,0,0
1100013734,01/27/2016,Control SRL,,1,0,0
9103000941,01/27/2016,Control SRL,,0,1,0
1100013735,01/27/2016,Control SRL,,1,0,0
1100013725,01/27/2016,Control SRL,,1,0,0
1100013726,01/27/2016,Control SRL,,1,0,0
1100013727,01/27/2016,Control SRL,,1,0,0
1100013728,01/27/2016,Control SRL,,1,0,0
1100013729,01/27/2016,Control SRL,,1,0,0
1100013730,01/27/2016,Control SRL,,1,0,0
1100013731,01/27/2016,Control SRL,,1,0,0
1100013733,01/27/2016,Control SRL,,1,0,0
1100013736,01/27/2016,Control SRL,,1,0,0
1100013737,01/27/2016,Control SRL,,1,0,0
1100013738,01/27/2016,Control SRL,,1,0,0
1100013739,01/27/2016,Control SRL,,1,0,0
1100013740,01/27/2016,Control SRL,,1,0,0
1100013741,01/27/2016,Control SRL,,1,0,0
1100013742,01/27/2016,Control SRL,,1,0,0
1100013743,01/27/2016,Control SRL,,1,0,0
1100013745,01/27/2016,Control SRL,,1,0,0
1100013744,01/27/2016,Control SRL,,1,0,0
1100013746,01/27/2016,Control SRL,,1,0,0
1100013747,01/27/2016,Control SRL,,1,0,0
1100013748,01/27/2016,Control SRL,,1,0,0
1200005172,01/27/2016,Control SRL,,1,0,0
1100013749,01/27/2016,Control SRL,,1,0,0
1200005173,01/27/2016,Control SRL,,1,0,0
1100013750,01/27/2016,Control SRL,,1,0,0
1100013751,01/27/2016,Control SRL,,1,0,0
1100013752,01/27/2016,Control SRL,,1,0,0
1100013753,01/27/2016,Control SRL,,1,0,0
1100013755,01/27/2016,Control SRL,,1,0,0
1100013754,01/27/2016,Control SRL,,1,0,0
1100013756,01/27/2016,Control SRL,,1,0,0
9103000942,01/27/2016,Control SRL,,0,0,1
1100013757,01/27/2016,Control SRL,,1,0,0
1100013758,01/27/2016,Control SRL,,1,0,0
1100013759,01/27/2016,Control SRL,,1,0,0
1100013760,01/27/2016,Control SRL,,1,0,0
1100013761,01/27/2016,Control SRL,,1,0,0
9103000943,01/27/2016,Control SRL,,0,0,1
1100013762,01/27/2016,Control SRL,,1,0,0
1100013763,01/27/2016,Control SRL,,1,0,0
1100013764,01/27/2016,Control SRL,,1,0,0
1200005174,01/27/2016,Control SRL,,1,0,0
1200005175,01/27/2016,Control SRL,,1,0,0
1100013765,01/27/2016,Control SRL,,1,0,0
1100013766,01/27/2016,Control SRL,,1,0,0
1100013767,01/27/2016,Control SRL,,1,0,0
1100013768,01/27/2016,Control SRL,,1,0,0
1100013769,01/27/2016,Control SRL,,1,0,0
1100013770,01/27/2016,Control SRL,,1,0,0
9103000944,01/27/2016,Control SRL,,0,1,0
1100013772,01/27/2016,Control SRL,,1,0,0
1100013773,01/27/2016,Control SRL,,1,0,0
1100013774,01/27/2016,Control SRL,,1,0,0
1100013775,01/27/2016,Control SRL,,1,0,0
1100013771,01/27/2016,Control SRL,,1,0,0
1100013776,01/27/2016,Control SRL,,1,0,0
1100013777,01/27/2016,Control SRL,,1,0,0
1100013778,01/27/2016,Control SRL,,1,0,0
1100013779,01/27/2016,Control SRL,,1,0,0
1200005176,01/27/2016,Control SRL,,1,0,0
1100013782,01/27/2016,Control SRL,,1,0,0
1100013780,01/27/2016,Control SRL,,1,0,0
1100013781,01/27/2016,Control SRL,,1,0,0
1100013783,01/27/2016,Control SRL,,1,0,0
1100013786,01/27/2016,Control SRL,,1,0,0
1100013784,01/27/2016,Control SRL,,1,0,0
1100013788,01/27/2016,Control SRL,,1,0,0
1100013785,01/27/2016,Control SRL,,1,0,0
9103000945,01/27/2016,Control SRL,,0,0,1
1100013787,01/27/2016,Control SRL,,1,0,0
1100013789,01/27/2016,Control SRL,,1,0,0
1100013790,01/27/2016,Control SRL,,1,0,0
1100013791,01/27/2016,Control SRL,,1,0,0
1100013792,01/27/2016,Control SRL,,1,0,0
1100013793,01/27/2016,Control SRL,,1,0,0
1100013794,01/27/2016,Control SRL,,1,0,0
1100013796,01/27/2016,Control SRL,,1,0,0
9103000946,01/27/2016,Control SRL,,0,1,0
1100013795,01/27/2016,Control SRL,,1,0,0
1100013797,01/27/2016,Control SRL,,1,0,0
1100013798,01/27/2016,Control SRL,,1,0,0
1100013799,01/27/2016,Control SRL,,1,0,0
1100013800,01/27/2016,Control SRL,,1,0,0
1100013901,01/27/2016,Control SRL,,1,0,0
1100013902,01/27/2016,Control SRL,,1,0,0
1100013903,01/28/2016,Control SRL,,1,0,0
1100013904,01/28/2016,Control SRL,,1,0,0
1100013905,01/28/2016,Control SRL,,1,0,0
1100013906,01/28/2016,Control SRL,,1,0,0
1100013907,01/28/2016,Control SRL,,1,0,0
1100013908,01/28/2016,Control SRL,,1,0,0
1100013909,01/28/2016,Control SRL,,1,0,0
1100013910,01/28/2016,Control SRL,,1,0,0
1100013911,01/28/2016,Control SRL,,1,0,0
9103000947,01/28/2016,Control SRL,,0,1,0
9103000948,01/28/2016,Control SRL,,0,1,0
1100013914,01/28/2016,Control SRL,,1,0,0
1100013915,01/28/2016,Control SRL,,1,0,0
9103000949,01/28/2016,Control SRL,,0,1,0
1100013912,01/28/2016,Control SRL,,1,0,0
1100013918,01/28/2016,Control SRL,,1,0,0
1100013913,01/28/2016,Control SRL,,1,0,0
1100013916,01/28/2016,Control SRL,,1,0,0
1100013919,01/28/2016,Control SRL,,1,0,0
1100013917,01/28/2016,Control SRL,,1,0,0
1100013920,01/28/2016,Control SRL,,1,0,0
9103000950,01/28/2016,Control SRL,,0,1,0
1100013921,01/28/2016,Control SRL,,1,0,0
1100013922,01/28/2016,Control SRL,,1,0,0
1100013923,01/28/2016,Control SRL,,1,0,0
1100013924,01/28/2016,Control SRL,,1,0,0
1100013925,01/28/2016,Control SRL,,1,0,0
1100013928,01/28/2016,Control SRL,,1,0,0
1100013927,01/28/2016,Control SRL,,1,0,0
1100013926,01/28/2016,Control SRL,,1,0,0
9103000951,01/28/2016,Control SRL,,0,1,0
1100013929,01/28/2016,Control SRL,,1,0,0
1100013930,01/28/2016,Control SRL,,1,0,0
1100013931,01/28/2016,Control SRL,,1,0,0
1100013932,01/28/2016,Control SRL,,1,0,0
1100013933,01/28/2016,Control SRL,,1,0,0
1100013934,01/28/2016,Control SRL,,1,0,0
1100013935,01/28/2016,Control SRL,,1,0,0
9103000952,01/28/2016,Control SRL,,0,0,1
9103000953,01/28/2016,Control SRL,,0,1,0
1100013936,01/28/2016,Control SRL,,1,0,0
1100013937,01/28/2016,Control SRL,,1,0,0
1100013938,01/28/2016,Control SRL,,1,0,0
1100013939,01/28/2016,Control SRL,,1,0,0
1100013940,01/28/2016,Control SRL,,1,0,0
1100013941,01/28/2016,Control SRL,,1,0,0
1100013942,01/28/2016,Control SRL,,1,0,0
1100013943,01/28/2016,Control SRL,,1,0,0
1100013944,01/28/2016,Control SRL,,1,0,0
1200003853,01/28/2016,Control SRL,,1,0,0
1100013945,01/28/2016,Control SRL,,1,0,0
9103000954,01/28/2016,Control SRL,,0,1,0
1100013946,01/28/2016,Control SRL,,1,0,0
9103000955,01/28/2016,Control SRL,,0,1,0
1100013947,01/28/2016,Control SRL,,1,0,0
1100013948,01/28/2016,Control SRL,,1,0,0
9103000956,01/28/2016,Control SRL,,0,1,0
1100013949,01/28/2016,Control SRL,,1,0,0
1100013950,01/28/2016,Control SRL,,1,0,0
1100013951,01/28/2016,Control SRL,,1,0,0
1100013952,01/28/2016,Control SRL,,1,0,0
1100013953,01/28/2016,Control SRL,,1,0,0
1100013954,01/28/2016,Control SRL,,1,0,0
1100013955,01/28/2016,Control SRL,,1,0,0
1100013956,01/28/2016,Control SRL,,1,0,0
9103000957,01/28/2016,Control SRL,,0,1,0
9103000958,01/28/2016,Control SRL,,0,1,0
1100013957,01/28/2016,Control SRL,,1,0,0
1100013958,01/28/2016,Control SRL,,1,0,0
1100013959,01/28/2016,Control SRL,,1,0,0
1100013960,01/28/2016,Control SRL,,1,0,0
1100013961,01/28/2016,Control SRL,,1,0,0
1100013962,01/28/2016,Control SRL,,1,0,0
1100013963,01/28/2016,Control SRL,,1,0,0
1100013964,01/28/2016,Control SRL,,1,0,0
1100013965,01/28/2016,Control SRL,,1,0,0
1100013966,01/28/2016,Control SRL,,1,0,0
1100013967,01/28/2016,Control SRL,,1,0,0
1100013968,01/28/2016,Control SRL,,1,0,0
1100013969,01/28/2016,Control SRL,,1,0,0
9103000959,01/28/2016,Control SRL,,0,1,0
1100013970,01/28/2016,Control SRL,,1,0,0
1100013971,01/28/2016,Control SRL,,1,0,0
1100013972,01/28/2016,Control SRL,,1,0,0
9203000284,01/28/2016,Control SRL,,0,1,0
1100013973,01/28/2016,Control SRL,,1,0,0
1200005177,01/28/2016,Control SRL,,1,0,0
1100013974,01/28/2016,Control SRL,,1,0,0
9103000960,01/28/2016,Control SRL,,0,1,0
1100013975,01/28/2016,Control SRL,,1,0,0
1100013976,01/28/2016,Control SRL,,1,0,0
1100013977,01/28/2016,Control SRL,,1,0,0
1100013978,01/28/2016,Control SRL,,1,0,0
1100013979,01/28/2016,Control SRL,,1,0,0
1100013980,01/28/2016,Control SRL,,1,0,0
9103000961,01/28/2016,Control SRL,,0,1,0
1100013981,01/28/2016,Control SRL,,1,0,0
1100013982,01/28/2016,Control SRL,,1,0,0
1100015449,01/27/2016,Veritecnica SRL,,1,0,0
1100015450,01/27/2016,Veritecnica SRL,,1,0,0
1100015451,01/27/2016,Veritecnica SRL,,1,0,0
9102002859,01/27/2016,Veritecnica SRL,,0,0,1
9102002860,01/27/2016,Veritecnica SRL,,0,0,1
9102002861,01/27/2016,Veritecnica SRL,,0,1,0
1100015452,01/27/2016,Veritecnica SRL,,1,0,0
1100015453,01/27/2016,Veritecnica SRL,,1,0,0
1100015454,01/27/2016,Veritecnica SRL,,1,0,0
1100015455,01/27/2016,Veritecnica SRL,,1,0,0
9102002862,01/27/2016,Veritecnica SRL,,0,0,1
9102002863,01/27/2016,Veritecnica SRL,,0,1,0
1100015456,01/27/2016,Veritecnica SRL,,1,0,0
1100015457,01/27/2016,Veritecnica SRL,,1,0,0
9102002864,01/27/2016,Veritecnica SRL,,0,1,0
1100015458,01/27/2016,Veritecnica SRL,,1,0,0
1100015459,01/27/2016,Veritecnica SRL,,1,0,0
1100015460,01/27/2016,Veritecnica SRL,,1,0,0
1100015461,01/27/2016,Veritecnica SRL,,1,0,0
1100015462,01/27/2016,Veritecnica SRL,,1,0,0
1100015463,01/27/2016,Veritecnica SRL,,1,0,0
1100015464,01/27/2016,Veritecnica SRL,,1,0,0
9102002865,01/27/2016,Veritecnica SRL,,0,1,0
1100015465,01/27/2016,Veritecnica SRL,,1,0,0
1100015466,01/27/2016,Veritecnica SRL,,1,0,0
9102002866,01/27/2016,Veritecnica SRL,,0,1,0
1100015467,01/27/2016,Veritecnica SRL,,1,0,0
9102002867,01/27/2016,Veritecnica SRL,,0,1,0
1100015468,01/27/2016,Veritecnica SRL,,1,0,0
1100015469,01/27/2016,Veritecnica SRL,,1,0,0
1100015470,01/27/2016,Veritecnica SRL,,1,0,0
1100015471,01/27/2016,Veritecnica SRL,,1,0,0
9102002868,01/27/2016,Veritecnica SRL,,0,0,1
1100015472,01/27/2016,Veritecnica SRL,,1,0,0
1100015473,01/27/2016,Veritecnica SRL,,1,0,0
1100015474,01/27/2016,Veritecnica SRL,,1,0,0
1100015475,01/27/2016,Veritecnica SRL,,1,0,0
1100015476,01/27/2016,Veritecnica SRL,,1,0,0
1100015477,01/27/2016,Veritecnica SRL,,1,0,0
1100015478,01/27/2016,Veritecnica SRL,,1,0,0
1100015479,01/27/2016,Veritecnica SRL,,1,0,0
1100015480,01/27/2016,Veritecnica SRL,,1,0,0
1100015481,01/27/2016,Veritecnica SRL,,1,0,0
9102002869,01/27/2016,Veritecnica SRL,,0,1,0
1100015482,01/27/2016,Veritecnica SRL,,1,0,0
1100015483,01/27/2016,Veritecnica SRL,,1,0,0
1100015484,01/27/2016,Veritecnica SRL,,1,0,0
1100015485,01/27/2016,Veritecnica SRL,,1,0,0
1100015486,01/27/2016,Veritecnica SRL,,1,0,0
1100015487,01/27/2016,Veritecnica SRL,,1,0,0
1100015488,01/27/2016,Veritecnica SRL,,1,0,0
1100015489,01/27/2016,Veritecnica SRL,,1,0,0
1100015490,01/27/2016,Veritecnica SRL,,1,0,0
9102002870,01/27/2016,Veritecnica SRL,,0,0,1
1100015491,01/27/2016,Veritecnica SRL,,1,0,0
1100015492,01/27/2016,Veritecnica SRL,,1,0,0
1100015493,01/27/2016,Veritecnica SRL,,1,0,0
9102002871,01/27/2016,Veritecnica SRL,,0,0,1
9102002872,01/27/2016,Veritecnica SRL,,0,0,1
1100015495,01/27/2016,Veritecnica SRL,,1,0,0
1100015494,01/27/2016,Veritecnica SRL,,1,0,0
9102002873,01/27/2016,Veritecnica SRL,,0,0,1
1100015496,01/27/2016,Veritecnica SRL,,1,0,0
1100015497,01/27/2016,Veritecnica SRL,,1,0,0
1100015498,01/27/2016,Veritecnica SRL,,1,0,0
1100015499,01/27/2016,Veritecnica SRL,,1,0,0
9102002874,01/27/2016,Veritecnica SRL,,0,0,1
9102002875,01/27/2016,Veritecnica SRL,,0,0,1
9102002876,01/27/2016,Veritecnica SRL,,0,0,1
9102002877,01/27/2016,Veritecnica SRL,,0,0,1
1100015500,01/27/2016,Veritecnica SRL,,1,0,0
1100015601,01/27/2016,Veritecnica SRL,,1,0,0
1100015602,01/27/2016,Veritecnica SRL,,1,0,0
1100015603,01/27/2016,Veritecnica SRL,,1,0,0
9102002878,01/27/2016,Veritecnica SRL,,0,0,1
9102002879,01/27/2016,Veritecnica SRL,,0,0,1
9102002880,01/27/2016,Veritecnica SRL,,0,0,1
9102002881,01/27/2016,Veritecnica SRL,,0,1,0
1100015604,01/27/2016,Veritecnica SRL,,1,0,0
1200005812,01/27/2016,Veritecnica SRL,,1,0,0
9102002882,01/27/2016,Veritecnica SRL,,0,1,0
9102002883,01/27/2016,Veritecnica SRL,,0,0,1
9102002884,01/27/2016,Veritecnica SRL,,0,1,0
1100015605,01/27/2016,Veritecnica SRL,,1,0,0
1100015606,01/27/2016,Veritecnica SRL,,1,0,0
1100015607,01/27/2016,Veritecnica SRL,,1,0,0
1100015608,01/27/2016,Veritecnica SRL,,1,0,0
1100015609,01/27/2016,Veritecnica SRL,,1,0,0
1100015610,01/27/2016,Veritecnica SRL,,1,0,0
1100015611,01/27/2016,Veritecnica SRL,,1,0,0
1100015612,01/27/2016,Veritecnica SRL,,1,0,0
9102002885,01/27/2016,Veritecnica SRL,,0,0,1
1100015613,01/27/2016,Veritecnica SRL,,1,0,0
9102002886,01/27/2016,Veritecnica SRL,,0,0,1
1100015614,01/27/2016,Veritecnica SRL,,1,0,0
1100015615,01/27/2016,Veritecnica SRL,,1,0,0
9102002887,01/27/2016,Veritecnica SRL,,0,0,1
1100015616,01/27/2016,Veritecnica SRL,,1,0,0
1100015617,01/27/2016,Veritecnica SRL,,1,0,0
1100015618,01/27/2016,Veritecnica SRL,,1,0,0
9102002888,01/27/2016,Veritecnica SRL,,0,0,1
1100015619,01/27/2016,Veritecnica SRL,,1,0,0
1100015620,01/27/2016,Veritecnica SRL,,1,0,0
9102002889,01/27/2016,Veritecnica SRL,,0,1,0
1100015621,01/27/2016,Veritecnica SRL,,1,0,0
1100015622,01/27/2016,Veritecnica SRL,,1,0,0
9102002890,01/27/2016,Veritecnica SRL,,0,0,1
1100015623,01/27/2016,Veritecnica SRL,,1,0,0
1100015624,01/27/2016,Veritecnica SRL,,1,0,0
1100015625,01/27/2016,Veritecnica SRL,,1,0,0
1100015626,01/27/2016,Veritecnica SRL,,1,0,0
1100015629,01/27/2016,Veritecnica SRL,,1,0,0
1100015628,01/27/2016,Veritecnica SRL,,1,0,0
1100015627,01/27/2016,Veritecnica SRL,,1,0,0
1100015630,01/27/2016,Veritecnica SRL,,1,0,0
1100015631,01/27/2016,Veritecnica SRL,,1,0,0
1100015632,01/27/2016,Veritecnica SRL,,1,0,0
9102002891,01/27/2016,Veritecnica SRL,,0,0,1
1100015633,01/27/2016,Veritecnica SRL,,1,0,0
1100015634,01/27/2016,Veritecnica SRL,,1,0,0
1100015635,01/27/2016,Veritecnica SRL,,1,0,0
1100015636,01/27/2016,Veritecnica SRL,,1,0,0
1100015637,01/27/2016,Veritecnica SRL,,1,0,0
9102002892,01/27/2016,Veritecnica SRL,,0,1,0
1100015638,01/27/2016,Veritecnica SRL,,1,0,0
1100015639,01/27/2016,Veritecnica SRL,,1,0,0
1100015640,01/27/2016,Veritecnica SRL,,1,0,0
9102002893,01/27/2016,Veritecnica SRL,,0,0,1
1100015641,01/27/2016,Veritecnica SRL,,1,0,0
9102002894,01/27/2016,Veritecnica SRL,,0,1,0
1100015642,01/27/2016,Veritecnica SRL,,1,0,0
1200005813,01/27/2016,Veritecnica SRL,,1,0,0
9102002895,01/27/2016,Veritecnica SRL,,0,1,0
1100015643,01/27/2016,Veritecnica SRL,,1,0,0
1100015644,01/27/2016,Veritecnica SRL,,1,0,0
1100015645,01/27/2016,Veritecnica SRL,,1,0,0
1100015646,01/27/2016,Veritecnica SRL,,1,0,0
1100015647,01/27/2016,Veritecnica SRL,,1,0,0
1100015648,01/27/2016,Veritecnica SRL,,1,0,0
1100015649,01/27/2016,Veritecnica SRL,,1,0,0
1100015650,01/27/2016,Veritecnica SRL,,1,0,0
1100015651,01/27/2016,Veritecnica SRL,,1,0,0
9102002896,01/27/2016,Veritecnica SRL,,0,0,1
1100015652,01/27/2016,Veritecnica SRL,,1,0,0
1100015653,01/27/2016,Veritecnica SRL,,1,0,0
9102002897,01/27/2016,Veritecnica SRL,,0,0,1
1100015654,01/27/2016,Veritecnica SRL,,1,0,0
1100015655,01/27/2016,Veritecnica SRL,,1,0,0
9102002898,01/27/2016,Veritecnica SRL,,0,0,1
1100015656,01/27/2016,Veritecnica SRL,,1,0,0
1100015657,01/27/2016,Veritecnica SRL,,1,0,0
1100015658,01/27/2016,Veritecnica SRL,,1,0,0
1100015659,01/28/2016,Veritecnica SRL,,1,0,0
1100015660,01/28/2016,Veritecnica SRL,,1,0,0
1100015661,01/28/2016,Veritecnica SRL,,1,0,0
1100015662,01/28/2016,Veritecnica SRL,,1,0,0
9102002899,01/28/2016,Veritecnica SRL,,0,1,0
1100015663,01/28/2016,Veritecnica SRL,,1,0,0
1100015664,01/28/2016,Veritecnica SRL,,1,0,0
1100015665,01/28/2016,Veritecnica SRL,,1,0,0
1100015666,01/28/2016,Veritecnica SRL,,1,0,0
1100015667,01/28/2016,Veritecnica SRL,,1,0,0
1100015668,01/28/2016,Veritecnica SRL,,1,0,0
1100015670,01/28/2016,Veritecnica SRL,,1,0,0
1100015669,01/28/2016,Veritecnica SRL,,1,0,0
1100015671,01/28/2016,Veritecnica SRL,,1,0,0
1100015672,01/28/2016,Veritecnica SRL,,1,0,0
1100015673,01/28/2016,Veritecnica SRL,,1,0,0
1100015674,01/28/2016,Veritecnica SRL,,1,0,0
9102002900,01/28/2016,Veritecnica SRL,,0,0,1
1100015675,01/28/2016,Veritecnica SRL,,1,0,0
1100015676,01/28/2016,Veritecnica SRL,,1,0,0
1200005814,01/28/2016,Veritecnica SRL,,1,0,0
1100015677,01/28/2016,Veritecnica SRL,,1,0,0
1100015678,01/28/2016,Veritecnica SRL,,1,0,0
1100015679,01/28/2016,Veritecnica SRL,,1,0,0
1100015680,01/28/2016,Veritecnica SRL,,1,0,0
9102002901,01/28/2016,Veritecnica SRL,,0,0,1
1100015681,01/28/2016,Veritecnica SRL,,1,0,0
1100015682,01/28/2016,Veritecnica SRL,,1,0,0
9102002902,01/28/2016,Veritecnica SRL,,0,1,0
9102002903,01/28/2016,Veritecnica SRL,,0,1,0
9102002904,01/28/2016,Veritecnica SRL,,0,1,0
1100015683,01/28/2016,Veritecnica SRL,,1,0,0
1100015684,01/28/2016,Veritecnica SRL,,1,0,0
9102002905,01/28/2016,Veritecnica SRL,,0,1,0
1100015685,01/28/2016,Veritecnica SRL,,1,0,0
9102002906,01/28/2016,Veritecnica SRL,,0,0,1
9102002907,01/28/2016,Veritecnica SRL,,0,1,0
9102002908,01/28/2016,Veritecnica SRL,,0,0,1
9102002909,01/28/2016,Veritecnica SRL,,0,0,1
9102002910,01/28/2016,Veritecnica SRL,,0,0,1
9102002911,01/28/2016,Veritecnica SRL,,0,1,0
1200005815,01/28/2016,Veritecnica SRL,,1,0,0
9102002912,01/28/2016,Veritecnica SRL,,0,0,1
1100015686,01/28/2016,Veritecnica SRL,,1,0,0
1100015687,01/28/2016,Veritecnica SRL,,1,0,0
1200005816,01/28/2016,Veritecnica SRL,,1,0,0
9102002913,01/28/2016,Veritecnica SRL,,0,0,1
9102002914,01/28/2016,Veritecnica SRL,,0,0,1
1100015688,01/28/2016,Veritecnica SRL,,1,0,0
1100015689,01/28/2016,Veritecnica SRL,,1,0,0
1100015690,01/28/2016,Veritecnica SRL,,1,0,0
9102002915,01/28/2016,Veritecnica SRL,,0,0,1
1100015691,01/28/2016,Veritecnica SRL,,1,0,0
1100015692,01/28/2016,Veritecnica SRL,,1,0,0
1100015693,01/28/2016,Veritecnica SRL,,1,0,0
1100015694,01/28/2016,Veritecnica SRL,,1,0,0
1100015695,01/28/2016,Veritecnica SRL,,1,0,0
1100015696,01/28/2016,Veritecnica SRL,,1,0,0
9102002916,01/28/2016,Veritecnica SRL,,0,0,1
1100015697,01/28/2016,Veritecnica SRL,,1,0,0
1100015698,01/28/2016,Veritecnica SRL,,1,0,0
1100015699,01/28/2016,Veritecnica SRL,,1,0,0
1100015700,01/28/2016,Veritecnica SRL,,1,0,0
1100015901,01/28/2016,Veritecnica SRL,,1,0,0
1100015902,01/28/2016,Veritecnica SRL,,1,0,0
1200005817,01/28/2016,Veritecnica SRL,,1,0,0
1100015903,01/28/2016,Veritecnica SRL,,1,0,0
1100015904,01/28/2016,Veritecnica SRL,,1,0,0
1200005818,01/28/2016,Veritecnica SRL,,1,0,0
1200005819,01/28/2016,Veritecnica SRL,,1,0,0
1100015905,01/28/2016,Veritecnica SRL,,1,0,0
9102002917,01/28/2016,Veritecnica SRL,,0,0,1
1100015906,01/28/2016,Veritecnica SRL,,1,0,0
1100015907,01/28/2016,Veritecnica SRL,,1,0,0
1100015908,01/28/2016,Veritecnica SRL,,1,0,0
1100015909,01/28/2016,Veritecnica SRL,,1,0,0
1100015910,01/28/2016,Veritecnica SRL,,1,0,0
9102002918,01/28/2016,Veritecnica SRL,,0,0,1
1100015911,01/28/2016,Veritecnica SRL,,1,0,0
1100015912,01/28/2016,Veritecnica SRL,,1,0,0
1100015913,01/28/2016,Veritecnica SRL,,1,0,0
1200005820,01/28/2016,Veritecnica SRL,,1,0,0
1100015914,01/28/2016,Veritecnica SRL,,1,0,0
1100015915,01/28/2016,Veritecnica SRL,,1,0,0
1100015916,01/28/2016,Veritecnica SRL,,1,0,0
9102002919,01/28/2016,Veritecnica SRL,,0,0,1
1200005821,01/28/2016,Veritecnica SRL,,1,0,0
1100015917,01/28/2016,Veritecnica SRL,,1,0,0
9102002920,01/28/2016,Veritecnica SRL,,0,0,1
1100015918,01/28/2016,Veritecnica SRL,,1,0,0
1100015919,01/28/2016,Veritecnica SRL,,1,0,0
9102002921,01/28/2016,Veritecnica SRL,,0,0,1
1100015920,01/28/2016,Veritecnica SRL,,1,0,0
9102002922,01/28/2016,Veritecnica SRL,,0,0,1
9102002923,01/28/2016,Veritecnica SRL,,0,0,1
1100015921,01/28/2016,Veritecnica SRL,,1,0,0
1100015922,01/28/2016,Veritecnica SRL,,1,0,0
1200005822,01/28/2016,Veritecnica SRL,,1,0,0
9102002924,01/28/2016,Veritecnica SRL,,0,1,0
1200005823,01/28/2016,Veritecnica SRL,,1,0,0
1100015923,01/28/2016,Veritecnica SRL,,1,0,0
9102002925,01/28/2016,Veritecnica SRL,,0,0,1
1100015924,01/28/2016,Veritecnica SRL,,1,0,0
9102002926,01/28/2016,Veritecnica SRL,,0,0,1
9102002927,01/28/2016,Veritecnica SRL,,0,0,1
1100015925,01/28/2016,Veritecnica SRL,,1,0,0
1100015926,01/28/2016,Veritecnica SRL,,1,0,0
9102002928,01/28/2016,Veritecnica SRL,,0,0,1
9102002929,01/28/2016,Veritecnica SRL,,0,1,0
1100015927,01/28/2016,Veritecnica SRL,,1,0,0
1100015928,01/28/2016,Veritecnica SRL,,1,0,0
1100015929,01/28/2016,Veritecnica SRL,,1,0,0
1100015930,01/28/2016,Veritecnica SRL,,1,0,0
1100015931,01/28/2016,Veritecnica SRL,,1,0,0
9202000486,01/28/2016,Veritecnica SRL,,0,0,1
1100015932,01/28/2016,Veritecnica SRL,,1,0,0
1100015933,01/28/2016,Veritecnica SRL,,1,0,0
1100015934,01/28/2016,Veritecnica SRL,,1,0,0
9102002930,01/28/2016,Veritecnica SRL,,0,1,0
1100015935,01/28/2016,Veritecnica SRL,,1,0,0
1100015936,01/28/2016,Veritecnica SRL,,1,0,0
9102002931,01/28/2016,Veritecnica SRL,,0,1,0
1100015937,01/28/2016,Veritecnica SRL,,1,0,0
9102002932,01/28/2016,Veritecnica SRL,,0,0,1
9102002933,01/28/2016,Veritecnica SRL,,0,0,1
1100015938,01/28/2016,Veritecnica SRL,,1,0,0
1100015939,01/28/2016,Veritecnica SRL,,1,0,0
1100015940,01/28/2016,Veritecnica SRL,,1,0,0
9102002934,01/28/2016,Veritecnica SRL,,0,0,1
1100015941,01/28/2016,Veritecnica SRL,,1,0,0
1100015942,01/28/2016,Veritecnica SRL,,1,0,0
1100015943,01/28/2016,Veritecnica SRL,,1,0,0
9102002935,01/28/2016,Veritecnica SRL,,0,1,0
1100015944,01/28/2016,Veritecnica SRL,,1,0,0
1100015945,01/28/2016,Veritecnica SRL,,1,0,0
1100015946,01/28/2016,Veritecnica SRL,,1,0,0
9102002936,01/28/2016,Veritecnica SRL,,0,0,1
1100015947,01/28/2016,Veritecnica SRL,,1,0,0
1100015948,01/28/2016,Veritecnica SRL,,1,0,0
1100015949,01/28/2016,Veritecnica SRL,,1,0,0
1100015950,01/28/2016,Veritecnica SRL,,1,0,0
1100015951,01/28/2016,Veritecnica SRL,,1,0,0
1100015952,01/28/2016,Veritecnica SRL,,1,0,0
1100015953,01/28/2016,Veritecnica SRL,,1,0,0
1100015954,01/28/2016,Veritecnica SRL,,1,0,0
9102002937,01/28/2016,Veritecnica SRL,,0,0,1
9102002938,01/28/2016,Veritecnica SRL,,0,0,1
9102002939,01/28/2016,Veritecnica SRL,,0,0,1
1100015955,01/28/2016,Veritecnica SRL,,1,0,0
1100015957,01/28/2016,Veritecnica SRL,,1,0,0
1100015956,01/28/2016,Veritecnica SRL,,1,0,0
1100015958,01/28/2016,Veritecnica SRL,,1,0,0
1100015959,01/28/2016,Veritecnica SRL,,1,0,0
9102002940,01/28/2016,Veritecnica SRL,,0,1,0
9102002941,01/28/2016,Veritecnica SRL,,0,0,1
1100015960,01/28/2016,Veritecnica SRL,,1,0,0
9102002942,01/28/2016,Veritecnica SRL,,0,0,1
1100015961,01/28/2016,Veritecnica SRL,,1,0,0
1100015962,01/28/2016,Veritecnica SRL,,1,0,0
9202000487,01/28/2016,Veritecnica SRL,,0,0,1
1100015963,01/28/2016,Veritecnica SRL,,1,0,0
1100015964,01/28/2016,Veritecnica SRL,,1,0,0
9202000488,01/28/2016,Veritecnica SRL,,0,0,1
