Nrocertificado,Fecha,Idtaller,Dominiovehiculo,Aprobado,RechazadoLeveModerado,RechazadoGrave
1100025929,09/10/2016,Asociación de Bomberos Voluntarios - San Martín de los Andes,,1,0,0
1100025930,09/10/2016,Asociación de Bomberos Voluntarios - San Martín de los Andes,,1,0,0
1200007627,09/10/2016,Asociación de Bomberos Voluntarios - San Martín de los Andes,,1,0,0
1200007628,09/10/2016,Asociación de Bomberos Voluntarios - San Martín de los Andes,,1,0,0
9101001963,09/10/2016,Asociación de Bomberos Voluntarios - San Martín de los Andes,,0,1,0
1200007629,09/10/2016,Asociación de Bomberos Voluntarios - San Martín de los Andes,,1,0,0
9202000915,09/10/2016,Veritecnica SRL,,0,0,1
1100026178,09/10/2016,Veritecnica SRL,,1,0,0
1200008930,09/10/2016,Veritecnica SRL,,1,0,0
9102005475,09/10/2016,Veritecnica SRL,,0,0,1
9102005476,09/10/2016,Veritecnica SRL,,0,0,1
1100026180,09/10/2016,Veritecnica SRL,,1,0,0
1200008931,09/10/2016,Veritecnica SRL,,1,0,0
1100026181,09/10/2016,Veritecnica SRL,,1,0,0
9202000916,09/10/2016,Veritecnica SRL,,0,0,1
1200008933,09/10/2016,Veritecnica SRL,,1,0,0
1100026182,09/10/2016,Veritecnica SRL,,1,0,0
1200008934,09/10/2016,Veritecnica SRL,,1,0,0
9202000917,09/10/2016,Veritecnica SRL,,0,0,1
9102005477,09/10/2016,Veritecnica SRL,,0,0,1
9202000918,09/10/2016,Veritecnica SRL,,0,0,1
