Nrocertificado,Fecha,Idtaller,Dominiovehiculo,Aprobado,RechazadoLeveModerado,RechazadoGrave
1200005438,05/23/2016,Asociación de Bomberos Voluntarios - San Martín de los Andes,,1,0,0
9201000305,05/23/2016,Asociación de Bomberos Voluntarios - San Martín de los Andes,,0,1,0
9101001688,05/23/2016,Asociación de Bomberos Voluntarios - San Martín de los Andes,,0,1,0
1100022339,05/23/2016,Asociación de Bomberos Voluntarios - San Martín de los Andes,,1,0,0
1100022337,05/23/2016,Asociación de Bomberos Voluntarios - San Martín de los Andes,,1,0,0
1100022338,05/23/2016,Asociación de Bomberos Voluntarios - San Martín de los Andes,,1,0,0
1100022340,05/23/2016,Asociación de Bomberos Voluntarios - San Martín de los Andes,,1,0,0
1100022341,05/23/2016,Asociación de Bomberos Voluntarios - San Martín de los Andes,,1,0,0
1100022342,05/23/2016,Asociación de Bomberos Voluntarios - San Martín de los Andes,,1,0,0
1100022343,05/23/2016,Asociación de Bomberos Voluntarios - San Martín de los Andes,,1,0,0
9101001689,05/23/2016,Asociación de Bomberos Voluntarios - San Martín de los Andes,,0,1,0
1100022344,05/23/2016,Asociación de Bomberos Voluntarios - San Martín de los Andes,,1,0,0
1100022345,05/23/2016,Asociación de Bomberos Voluntarios - San Martín de los Andes,,1,0,0
1100022346,05/23/2016,Asociación de Bomberos Voluntarios - San Martín de los Andes,,1,0,0
1100022347,05/23/2016,Asociación de Bomberos Voluntarios - San Martín de los Andes,,1,0,0
1100022348,05/24/2016,Asociación de Bomberos Voluntarios - San Martín de los Andes,,1,0,0
1100022349,05/24/2016,Asociación de Bomberos Voluntarios - San Martín de los Andes,,1,0,0
1100022350,05/24/2016,Asociación de Bomberos Voluntarios - San Martín de los Andes,,1,0,0
1100022351,05/24/2016,Asociación de Bomberos Voluntarios - San Martín de los Andes,,1,0,0
1100022352,05/24/2016,Asociación de Bomberos Voluntarios - San Martín de los Andes,,1,0,0
9101001690,05/24/2016,Asociación de Bomberos Voluntarios - San Martín de los Andes,,0,1,0
1100022353,05/24/2016,Asociación de Bomberos Voluntarios - San Martín de los Andes,,1,0,0
1100022354,05/24/2016,Asociación de Bomberos Voluntarios - San Martín de los Andes,,1,0,0
1100022355,05/24/2016,Asociación de Bomberos Voluntarios - San Martín de los Andes,,1,0,0
9201000306,05/24/2016,Asociación de Bomberos Voluntarios - San Martín de los Andes,,0,1,0
9101001691,05/24/2016,Asociación de Bomberos Voluntarios - San Martín de los Andes,,0,1,0
1100022356,05/24/2016,Asociación de Bomberos Voluntarios - San Martín de los Andes,,1,0,0
9101001692,05/24/2016,Asociación de Bomberos Voluntarios - San Martín de los Andes,,0,1,0
1100022357,05/24/2016,Asociación de Bomberos Voluntarios - San Martín de los Andes,,1,0,0
9101001693,05/24/2016,Asociación de Bomberos Voluntarios - San Martín de los Andes,,0,1,0
9101001694,05/24/2016,Asociación de Bomberos Voluntarios - San Martín de los Andes,,0,1,0
1100022358,05/24/2016,Asociación de Bomberos Voluntarios - San Martín de los Andes,,1,0,0
9101001695,05/24/2016,Asociación de Bomberos Voluntarios - San Martín de los Andes,,0,0,1
1100022359,05/24/2016,Asociación de Bomberos Voluntarios - San Martín de los Andes,,1,0,0
9101001696,05/24/2016,Asociación de Bomberos Voluntarios - San Martín de los Andes,,0,1,0
1100022360,05/24/2016,Asociación de Bomberos Voluntarios - San Martín de los Andes,,1,0,0
1100022361,05/24/2016,Asociación de Bomberos Voluntarios - San Martín de los Andes,,1,0,0
1100021912,05/23/2016,Control SRL,,1,0,0
1100021913,05/23/2016,Control SRL,,1,0,0
1100021914,05/23/2016,Control SRL,,1,0,0
1100021915,05/23/2016,Control SRL,,1,0,0
9103001400,05/23/2016,Control SRL,,0,1,0
1100021916,05/23/2016,Control SRL,,1,0,0
9103001401,05/23/2016,Control SRL,,0,1,0
1200007170,05/23/2016,Control SRL,,1,0,0
1200007168,05/23/2016,Control SRL,,1,0,0
1100021917,05/23/2016,Control SRL,,1,0,0
1100021918,05/23/2016,Control SRL,,1,0,0
1100021919,05/23/2016,Control SRL,,1,0,0
1100021920,05/23/2016,Control SRL,,1,0,0
9103001402,05/23/2016,Control SRL,,0,0,1
1100021921,05/23/2016,Control SRL,,1,0,0
9203000374,05/23/2016,Control SRL,,0,0,1
1100021922,05/23/2016,Control SRL,,1,0,0
9103001403,05/23/2016,Control SRL,,0,0,1
1100021923,05/23/2016,Control SRL,,1,0,0
9103001404,05/23/2016,Control SRL,,0,0,1
1200007172,05/23/2016,Control SRL,,1,0,0
1200007171,05/23/2016,Control SRL,,1,0,0
1100021924,05/23/2016,Control SRL,,1,0,0
1100021925,05/23/2016,Control SRL,,1,0,0
1100021926,05/23/2016,Control SRL,,1,0,0
9103001405,05/23/2016,Control SRL,,0,1,0
1100021927,05/23/2016,Control SRL,,1,0,0
9103001406,05/23/2016,Control SRL,,0,0,1
1100021928,05/23/2016,Control SRL,,1,0,0
1100021930,05/24/2016,Control SRL,,1,0,0
1100021929,05/24/2016,Control SRL,,1,0,0
1100021960,05/24/2016,Control SRL,,1,0,0
1100021931,05/24/2016,Control SRL,,1,0,0
9103001407,05/24/2016,Control SRL,,0,0,1
1100021932,05/24/2016,Control SRL,,1,0,0
1200007173,05/24/2016,Control SRL,,1,0,0
1200007174,05/24/2016,Control SRL,,1,0,0
1100021933,05/24/2016,Control SRL,,1,0,0
1100021934,05/24/2016,Control SRL,,1,0,0
1200007175,05/24/2016,Control SRL,,1,0,0
1200007176,05/24/2016,Control SRL,,1,0,0
1100021935,05/24/2016,Control SRL,,1,0,0
1200007177,05/24/2016,Control SRL,,1,0,0
1100021936,05/24/2016,Control SRL,,1,0,0
1200007178,05/24/2016,Control SRL,,1,0,0
1100021937,05/24/2016,Control SRL,,1,0,0
1100021938,05/24/2016,Control SRL,,1,0,0
1200007179,05/24/2016,Control SRL,,1,0,0
1100021939,05/24/2016,Control SRL,,1,0,0
9103001408,05/24/2016,Control SRL,,0,0,1
1100021940,05/24/2016,Control SRL,,1,0,0
1100021941,05/24/2016,Control SRL,,1,0,0
1100021943,05/24/2016,Control SRL,,1,0,0
1100021944,05/24/2016,Control SRL,,1,0,0
1100021945,05/24/2016,Control SRL,,1,0,0
1100022043,05/23/2016,Veritecnica SRL,,1,0,0
1100022044,05/23/2016,Veritecnica SRL,,1,0,0
9102004524,05/23/2016,Veritecnica SRL,,0,0,1
1100022045,05/23/2016,Veritecnica SRL,,1,0,0
1100022046,05/23/2016,Veritecnica SRL,,1,0,0
1100022047,05/23/2016,Veritecnica SRL,,1,0,0
9102004525,05/23/2016,Veritecnica SRL,,0,0,1
1100022048,05/23/2016,Veritecnica SRL,,1,0,0
1100022049,05/23/2016,Veritecnica SRL,,1,0,0
1100022050,05/23/2016,Veritecnica SRL,,1,0,0
1100022051,05/23/2016,Veritecnica SRL,,1,0,0
1100022052,05/23/2016,Veritecnica SRL,,1,0,0
1100022054,05/23/2016,Veritecnica SRL,,1,0,0
9102004526,05/23/2016,Veritecnica SRL,,0,0,1
1200007293,05/23/2016,Veritecnica SRL,,1,0,0
9102004527,05/23/2016,Veritecnica SRL,,0,0,1
1100022053,05/23/2016,Veritecnica SRL,,1,0,0
9102004528,05/23/2016,Veritecnica SRL,,0,0,1
1100022055,05/23/2016,Veritecnica SRL,,1,0,0
1100022056,05/23/2016,Veritecnica SRL,,1,0,0
1200007294,05/23/2016,Veritecnica SRL,,1,0,0
1100022057,05/23/2016,Veritecnica SRL,,1,0,0
9102004529,05/23/2016,Veritecnica SRL,,0,0,1
9102004530,05/23/2016,Veritecnica SRL,,0,0,1
9202000700,05/23/2016,Veritecnica SRL,,0,0,1
9102004531,05/23/2016,Veritecnica SRL,,0,0,1
9102004532,05/23/2016,Veritecnica SRL,,0,1,0
1100022058,05/23/2016,Veritecnica SRL,,1,0,0
9102004533,05/23/2016,Veritecnica SRL,,0,1,0
1100022059,05/23/2016,Veritecnica SRL,,1,0,0
1100022060,05/23/2016,Veritecnica SRL,,1,0,0
1100022061,05/23/2016,Veritecnica SRL,,1,0,0
1100022062,05/23/2016,Veritecnica SRL,,1,0,0
9102004534,05/23/2016,Veritecnica SRL,,0,0,1
1200007295,05/23/2016,Veritecnica SRL,,1,0,0
1200007296,05/23/2016,Veritecnica SRL,,1,0,0
1100022063,05/23/2016,Veritecnica SRL,,1,0,0
1200007297,05/23/2016,Veritecnica SRL,,1,0,0
1200007298,05/23/2016,Veritecnica SRL,,1,0,0
1100022064,05/23/2016,Veritecnica SRL,,1,0,0
1100022065,05/23/2016,Veritecnica SRL,,1,0,0
1100022066,05/23/2016,Veritecnica SRL,,1,0,0
1200007299,05/23/2016,Veritecnica SRL,,1,0,0
1100022067,05/23/2016,Veritecnica SRL,,1,0,0
9102004535,05/23/2016,Veritecnica SRL,,0,0,1
1100022068,05/23/2016,Veritecnica SRL,,1,0,0
9102004536,05/23/2016,Veritecnica SRL,,0,0,1
9102004537,05/23/2016,Veritecnica SRL,,0,0,1
1100022069,05/23/2016,Veritecnica SRL,,1,0,0
1100022070,05/23/2016,Veritecnica SRL,,1,0,0
9102004538,05/23/2016,Veritecnica SRL,,0,0,1
1100022071,05/23/2016,Veritecnica SRL,,1,0,0
9102004539,05/23/2016,Veritecnica SRL,,0,0,1
9102004540,05/23/2016,Veritecnica SRL,,0,1,0
1100022073,05/23/2016,Veritecnica SRL,,1,0,0
1200007300,05/23/2016,Veritecnica SRL,,1,0,0
1100022074,05/23/2016,Veritecnica SRL,,1,0,0
1100022072,05/23/2016,Veritecnica SRL,,1,0,0
1200007301,05/23/2016,Veritecnica SRL,,1,0,0
1100022075,05/24/2016,Veritecnica SRL,,1,0,0
1100022076,05/24/2016,Veritecnica SRL,,1,0,0
1100022077,05/24/2016,Veritecnica SRL,,1,0,0
1100022078,05/24/2016,Veritecnica SRL,,1,0,0
1100022079,05/24/2016,Veritecnica SRL,,1,0,0
9102004541,05/24/2016,Veritecnica SRL,,0,0,1
9102004542,05/24/2016,Veritecnica SRL,,0,1,0
1100022080,05/24/2016,Veritecnica SRL,,1,0,0
1100022081,05/24/2016,Veritecnica SRL,,1,0,0
9102004543,05/24/2016,Veritecnica SRL,,0,0,1
1100022082,05/24/2016,Veritecnica SRL,,1,0,0
1200007302,05/24/2016,Veritecnica SRL,,1,0,0
1100022083,05/24/2016,Veritecnica SRL,,1,0,0
1100022084,05/24/2016,Veritecnica SRL,,1,0,0
1100022085,05/24/2016,Veritecnica SRL,,1,0,0
9102004544,05/24/2016,Veritecnica SRL,,0,0,1
9102004545,05/24/2016,Veritecnica SRL,,0,1,0
9102004546,05/24/2016,Veritecnica SRL,,0,0,1
1100022086,05/24/2016,Veritecnica SRL,,1,0,0
9102004547,05/24/2016,Veritecnica SRL,,0,1,0
1100022087,05/24/2016,Veritecnica SRL,,1,0,0
1200007303,05/24/2016,Veritecnica SRL,,1,0,0
1100022088,05/24/2016,Veritecnica SRL,,1,0,0
1100022089,05/24/2016,Veritecnica SRL,,1,0,0
9102004548,05/24/2016,Veritecnica SRL,,0,0,1
9202000701,05/24/2016,Veritecnica SRL,,0,0,1
1100022090,05/24/2016,Veritecnica SRL,,1,0,0
1100022091,05/24/2016,Veritecnica SRL,,1,0,0
1200007304,05/24/2016,Veritecnica SRL,,1,0,0
1100022092,05/24/2016,Veritecnica SRL,,1,0,0
9102004549,05/24/2016,Veritecnica SRL,,0,0,1
1200007305,05/24/2016,Veritecnica SRL,,1,0,0
1100022093,05/24/2016,Veritecnica SRL,,1,0,0
1100022094,05/24/2016,Veritecnica SRL,,1,0,0
1100022095,05/24/2016,Veritecnica SRL,,1,0,0
9102004550,05/24/2016,Veritecnica SRL,,0,0,1
1100022096,05/24/2016,Veritecnica SRL,,1,0,0
1100022097,05/24/2016,Veritecnica SRL,,1,0,0
1200007306,05/24/2016,Veritecnica SRL,,1,0,0
1200007307,05/24/2016,Veritecnica SRL,,1,0,0
1200007308,05/24/2016,Veritecnica SRL,,1,0,0
1100022098,05/24/2016,Veritecnica SRL,,1,0,0
1200007309,05/24/2016,Veritecnica SRL,,1,0,0
1100022099,05/24/2016,Veritecnica SRL,,1,0,0
9102004551,05/24/2016,Veritecnica SRL,,0,0,1
1100022100,05/24/2016,Veritecnica SRL,,1,0,0
1100022101,05/24/2016,Veritecnica SRL,,1,0,0
1200007310,05/24/2016,Veritecnica SRL,,1,0,0
1100022102,05/24/2016,Veritecnica SRL,,1,0,0
1100022103,05/24/2016,Veritecnica SRL,,1,0,0
1100022104,05/24/2016,Veritecnica SRL,,1,0,0
1200007311,05/24/2016,Veritecnica SRL,,1,0,0
1100022105,05/24/2016,Veritecnica SRL,,1,0,0
1200007312,05/24/2016,Veritecnica SRL,,1,0,0
1200007313,05/24/2016,Veritecnica SRL,,1,0,0
1200007314,05/24/2016,Veritecnica SRL,,1,0,0
1100022106,05/24/2016,Veritecnica SRL,,1,0,0
