Nrocertificado,Fecha,Idtaller,Dominiovehiculo,Aprobado,RechazadoLeveModerado,RechazadoGrave
1100026805,09/26/2016,Asociación de Bomberos Voluntarios - San Martín de los Andes,,1,0,0
1100026806,09/26/2016,Asociación de Bomberos Voluntarios - San Martín de los Andes,,1,0,0
9101002014,09/26/2016,Asociación de Bomberos Voluntarios - San Martín de los Andes,,0,1,0
1100026807,09/26/2016,Asociación de Bomberos Voluntarios - San Martín de los Andes,,1,0,0
1100026808,09/26/2016,Asociación de Bomberos Voluntarios - San Martín de los Andes,,1,0,0
1100026809,09/26/2016,Asociación de Bomberos Voluntarios - San Martín de los Andes,,1,0,0
1100026810,09/26/2016,Asociación de Bomberos Voluntarios - San Martín de los Andes,,1,0,0
1100026811,09/26/2016,Asociación de Bomberos Voluntarios - San Martín de los Andes,,1,0,0
1100026812,09/26/2016,Asociación de Bomberos Voluntarios - San Martín de los Andes,,1,0,0
1100026813,09/26/2016,Asociación de Bomberos Voluntarios - San Martín de los Andes,,1,0,0
1100026814,09/26/2016,Asociación de Bomberos Voluntarios - San Martín de los Andes,,1,0,0
1100026815,09/26/2016,Asociación de Bomberos Voluntarios - San Martín de los Andes,,1,0,0
9101002015,09/26/2016,Asociación de Bomberos Voluntarios - San Martín de los Andes,,0,1,0
1100026816,09/26/2016,Asociación de Bomberos Voluntarios - San Martín de los Andes,,1,0,0
9101002016,09/26/2016,Asociación de Bomberos Voluntarios - San Martín de los Andes,,0,0,1
1100026817,09/26/2016,Asociación de Bomberos Voluntarios - San Martín de los Andes,,1,0,0
9201000386,09/26/2016,Asociación de Bomberos Voluntarios - San Martín de los Andes,,0,0,1
1100026818,09/26/2016,Asociación de Bomberos Voluntarios - San Martín de los Andes,,1,0,0
1100026819,09/26/2016,Asociación de Bomberos Voluntarios - San Martín de los Andes,,1,0,0
1100026820,09/26/2016,Asociación de Bomberos Voluntarios - San Martín de los Andes,,1,0,0
1100026821,09/26/2016,Asociación de Bomberos Voluntarios - San Martín de los Andes,,1,0,0
1100026822,09/26/2016,Asociación de Bomberos Voluntarios - San Martín de los Andes,,1,0,0
9101002017,09/26/2016,Asociación de Bomberos Voluntarios - San Martín de los Andes,,0,1,0
1100026823,09/26/2016,Asociación de Bomberos Voluntarios - San Martín de los Andes,,1,0,0
1100026824,09/26/2016,Asociación de Bomberos Voluntarios - San Martín de los Andes,,1,0,0
1200007646,09/27/2016,Asociación de Bomberos Voluntarios - San Martín de los Andes,,1,0,0
1100026825,09/27/2016,Asociación de Bomberos Voluntarios - San Martín de los Andes,,1,0,0
1200007647,09/27/2016,Asociación de Bomberos Voluntarios - San Martín de los Andes,,1,0,0
1100026826,09/27/2016,Asociación de Bomberos Voluntarios - San Martín de los Andes,,1,0,0
9201000387,09/27/2016,Asociación de Bomberos Voluntarios - San Martín de los Andes,,0,1,0
1100026827,09/27/2016,Asociación de Bomberos Voluntarios - San Martín de los Andes,,1,0,0
1100026828,09/27/2016,Asociación de Bomberos Voluntarios - San Martín de los Andes,,1,0,0
1100026829,09/27/2016,Asociación de Bomberos Voluntarios - San Martín de los Andes,,1,0,0
1100026830,09/27/2016,Asociación de Bomberos Voluntarios - San Martín de los Andes,,1,0,0
9101002018,09/27/2016,Asociación de Bomberos Voluntarios - San Martín de los Andes,,0,0,1
9101002019,09/27/2016,Asociación de Bomberos Voluntarios - San Martín de los Andes,,0,1,0
1100026831,09/27/2016,Asociación de Bomberos Voluntarios - San Martín de los Andes,,1,0,0
9101002020,09/27/2016,Asociación de Bomberos Voluntarios - San Martín de los Andes,,0,1,0
1100026832,09/27/2016,Asociación de Bomberos Voluntarios - San Martín de los Andes,,1,0,0
9101002021,09/27/2016,Asociación de Bomberos Voluntarios - San Martín de los Andes,,0,0,1
9201000388,09/27/2016,Asociación de Bomberos Voluntarios - San Martín de los Andes,,0,0,1
1200007648,09/27/2016,Asociación de Bomberos Voluntarios - San Martín de los Andes,,1,0,0
1100026833,09/27/2016,Asociación de Bomberos Voluntarios - San Martín de los Andes,,1,0,0
1100026834,09/27/2016,Asociación de Bomberos Voluntarios - San Martín de los Andes,,1,0,0
1100026835,09/27/2016,Asociación de Bomberos Voluntarios - San Martín de los Andes,,1,0,0
1200007649,09/27/2016,Asociación de Bomberos Voluntarios - San Martín de los Andes,,1,0,0
1100026836,09/27/2016,Asociación de Bomberos Voluntarios - San Martín de los Andes,,1,0,0
1200007650,09/27/2016,Asociación de Bomberos Voluntarios - San Martín de los Andes,,1,0,0
9101002022,09/27/2016,Asociación de Bomberos Voluntarios - San Martín de los Andes,,0,1,0
1100026837,09/27/2016,Asociación de Bomberos Voluntarios - San Martín de los Andes,,1,0,0
1200009253,09/27/2016,Control SRL,,1,0,0
1200009254,09/27/2016,Control SRL,,1,0,0
1200009255,09/27/2016,Control SRL,,1,0,0
1100026478,09/27/2016,Control SRL,,1,0,0
1100026479,09/27/2016,Control SRL,,1,0,0
9103001718,09/27/2016,Control SRL,,0,0,1
9103001719,09/27/2016,Control SRL,,0,0,1
1100026480,09/27/2016,Control SRL,,1,0,0
1200009257,09/27/2016,Control SRL,,1,0,0
9103001720,09/27/2016,Control SRL,,0,0,1
1100026482,09/27/2016,Control SRL,,1,0,0
1100026483,09/27/2016,Control SRL,,1,0,0
9103001721,09/27/2016,Control SRL,,0,0,1
1100026484,09/27/2016,Control SRL,,1,0,0
1100026485,09/27/2016,Control SRL,,1,0,0
9103001722,09/27/2016,Control SRL,,0,0,1
1200009259,09/27/2016,Control SRL,,1,0,0
1200009260,09/27/2016,Control SRL,,1,0,0
1200009262,09/27/2016,Control SRL,,1,0,0
9103001723,09/27/2016,Control SRL,,0,0,1
1200009258,09/27/2016,Control SRL,,1,0,0
1200009261,09/27/2016,Control SRL,,1,0,0
9103001724,09/27/2016,Control SRL,,0,0,1
1200009263,09/27/2016,Control SRL,,1,0,0
1100026487,09/27/2016,Control SRL,,1,0,0
1200009265,09/27/2016,Control SRL,,1,0,0
1200009264,09/27/2016,Control SRL,,1,0,0
1100026488,09/27/2016,Control SRL,,1,0,0
1100026489,09/27/2016,Control SRL,,1,0,0
1200009266,09/27/2016,Control SRL,,1,0,0
1100026491,09/27/2016,Control SRL,,1,0,0
1100026492,09/27/2016,Control SRL,,1,0,0
1200009256,09/27/2016,Control SRL,,1,0,0
1200009267,09/27/2016,Control SRL,,1,0,0
1200009268,09/27/2016,Control SRL,,1,0,0
1200009034,09/27/2016,Control SRL,,1,0,0
9102005571,09/26/2016,Veritecnica SRL,,0,0,1
1100026709,09/26/2016,Veritecnica SRL,,1,0,0
1100026710,09/26/2016,Veritecnica SRL,,1,0,0
1200009160,09/26/2016,Veritecnica SRL,,1,0,0
1100026711,09/26/2016,Veritecnica SRL,,1,0,0
1100026712,09/26/2016,Veritecnica SRL,,1,0,0
9202000965,09/26/2016,Veritecnica SRL,,0,0,1
1100026713,09/26/2016,Veritecnica SRL,,1,0,0
9102005572,09/26/2016,Veritecnica SRL,,0,0,1
1100026714,09/26/2016,Veritecnica SRL,,1,0,0
9202000966,09/26/2016,Veritecnica SRL,,0,0,1
1200009161,09/26/2016,Veritecnica SRL,,1,0,0
1200009162,09/26/2016,Veritecnica SRL,,1,0,0
9102005573,09/26/2016,Veritecnica SRL,,0,0,1
1100026715,09/26/2016,Veritecnica SRL,,1,0,0
1100026716,09/26/2016,Veritecnica SRL,,1,0,0
1100026717,09/26/2016,Veritecnica SRL,,1,0,0
9202000967,09/26/2016,Veritecnica SRL,,0,0,1
1200009163,09/26/2016,Veritecnica SRL,,1,0,0
9102005574,09/26/2016,Veritecnica SRL,,0,0,1
1100026718,09/26/2016,Veritecnica SRL,,1,0,0
1100026719,09/26/2016,Veritecnica SRL,,1,0,0
9102005575,09/26/2016,Veritecnica SRL,,0,0,1
9102005576,09/26/2016,Veritecnica SRL,,0,1,0
1200009164,09/26/2016,Veritecnica SRL,,1,0,0
1200009165,09/26/2016,Veritecnica SRL,,1,0,0
9202000968,09/26/2016,Veritecnica SRL,,0,0,1
1100026720,09/26/2016,Veritecnica SRL,,1,0,0
9102005577,09/26/2016,Veritecnica SRL,,0,1,0
1200009166,09/26/2016,Veritecnica SRL,,1,0,0
9102005578,09/26/2016,Veritecnica SRL,,0,0,1
1200009167,09/26/2016,Veritecnica SRL,,1,0,0
9102005579,09/26/2016,Veritecnica SRL,,0,1,0
1100026721,09/26/2016,Veritecnica SRL,,1,0,0
1200009168,09/26/2016,Veritecnica SRL,,1,0,0
1200009169,09/26/2016,Veritecnica SRL,,1,0,0
1100026722,09/26/2016,Veritecnica SRL,,1,0,0
1200009170,09/26/2016,Veritecnica SRL,,1,0,0
9202000969,09/26/2016,Veritecnica SRL,,0,0,1
9102005580,09/26/2016,Veritecnica SRL,,0,0,1
1100026723,09/26/2016,Veritecnica SRL,,1,0,0
9102005581,09/26/2016,Veritecnica SRL,,0,0,1
1100026724,09/26/2016,Veritecnica SRL,,1,0,0
1100026725,09/26/2016,Veritecnica SRL,,1,0,0
1100026726,09/26/2016,Veritecnica SRL,,1,0,0
9102005582,09/26/2016,Veritecnica SRL,,0,0,1
1100026727,09/26/2016,Veritecnica SRL,,1,0,0
9102005583,09/26/2016,Veritecnica SRL,,0,1,0
9102005584,09/26/2016,Veritecnica SRL,,0,0,1
1100026728,09/26/2016,Veritecnica SRL,,1,0,0
1100026729,09/26/2016,Veritecnica SRL,,1,0,0
1100026730,09/27/2016,Veritecnica SRL,,1,0,0
9102005585,09/27/2016,Veritecnica SRL,,0,0,1
1200009171,09/27/2016,Veritecnica SRL,,1,0,0
9102005586,09/27/2016,Veritecnica SRL,,0,1,0
1100026731,09/27/2016,Veritecnica SRL,,1,0,0
1200009172,09/27/2016,Veritecnica SRL,,1,0,0
1200009173,09/27/2016,Veritecnica SRL,,1,0,0
9102005587,09/27/2016,Veritecnica SRL,,0,0,1
9102005588,09/27/2016,Veritecnica SRL,,0,1,0
1200009174,09/27/2016,Veritecnica SRL,,1,0,0
1100026732,09/27/2016,Veritecnica SRL,,1,0,0
1100026733,09/27/2016,Veritecnica SRL,,1,0,0
1200009175,09/27/2016,Veritecnica SRL,,1,0,0
9102005589,09/27/2016,Veritecnica SRL,,0,0,1
1100026734,09/27/2016,Veritecnica SRL,,1,0,0
1200009176,09/27/2016,Veritecnica SRL,,1,0,0
1200009177,09/27/2016,Veritecnica SRL,,1,0,0
1100026735,09/27/2016,Veritecnica SRL,,1,0,0
1100026736,09/27/2016,Veritecnica SRL,,1,0,0
1100026737,09/27/2016,Veritecnica SRL,,1,0,0
1100026738,09/27/2016,Veritecnica SRL,,1,0,0
1100026739,09/27/2016,Veritecnica SRL,,1,0,0
1200009178,09/27/2016,Veritecnica SRL,,1,0,0
1100026740,09/27/2016,Veritecnica SRL,,1,0,0
9102005590,09/27/2016,Veritecnica SRL,,0,1,0
1100026741,09/27/2016,Veritecnica SRL,,1,0,0
1100026742,09/27/2016,Veritecnica SRL,,1,0,0
1200009179,09/27/2016,Veritecnica SRL,,1,0,0
1100026743,09/27/2016,Veritecnica SRL,,1,0,0
1100026744,09/27/2016,Veritecnica SRL,,1,0,0
9102005591,09/27/2016,Veritecnica SRL,,0,0,1
1100026745,09/27/2016,Veritecnica SRL,,1,0,0
1100026746,09/27/2016,Veritecnica SRL,,1,0,0
9102005592,09/27/2016,Veritecnica SRL,,0,0,1
9102005593,09/27/2016,Veritecnica SRL,,0,0,1
1200009180,09/27/2016,Veritecnica SRL,,1,0,0
