Nrocertificado,Fecha,Idtaller,Dominiovehiculo,Aprobado,RechazadoLeveModerado,RechazadoGrave
1100023218,07/11/2016,Asociación de Bomberos Voluntarios - San Martín de los Andes,,1,0,0
1200007559,07/11/2016,Asociación de Bomberos Voluntarios - San Martín de los Andes,,1,0,0
1100023219,07/11/2016,Asociación de Bomberos Voluntarios - San Martín de los Andes,,1,0,0
9201000341,07/11/2016,Asociación de Bomberos Voluntarios - San Martín de los Andes,,0,1,0
1100023220,07/11/2016,Asociación de Bomberos Voluntarios - San Martín de los Andes,,1,0,0
1100023221,07/11/2016,Asociación de Bomberos Voluntarios - San Martín de los Andes,,1,0,0
1200007560,07/11/2016,Asociación de Bomberos Voluntarios - San Martín de los Andes,,1,0,0
1200007561,07/11/2016,Asociación de Bomberos Voluntarios - San Martín de los Andes,,1,0,0
1100023222,07/11/2016,Asociación de Bomberos Voluntarios - San Martín de los Andes,,1,0,0
1200007562,07/11/2016,Asociación de Bomberos Voluntarios - San Martín de los Andes,,1,0,0
1100023223,07/11/2016,Asociación de Bomberos Voluntarios - San Martín de los Andes,,1,0,0
1200007563,07/11/2016,Asociación de Bomberos Voluntarios - San Martín de los Andes,,1,0,0
1100023224,07/11/2016,Asociación de Bomberos Voluntarios - San Martín de los Andes,,1,0,0
1100023225,07/11/2016,Asociación de Bomberos Voluntarios - San Martín de los Andes,,1,0,0
9101001819,07/11/2016,Asociación de Bomberos Voluntarios - San Martín de los Andes,,0,0,1
1100023226,07/11/2016,Asociación de Bomberos Voluntarios - San Martín de los Andes,,1,0,0
1100023227,07/11/2016,Asociación de Bomberos Voluntarios - San Martín de los Andes,,1,0,0
1200007564,07/11/2016,Asociación de Bomberos Voluntarios - San Martín de los Andes,,1,0,0
1100023228,07/11/2016,Asociación de Bomberos Voluntarios - San Martín de los Andes,,1,0,0
1200007565,07/11/2016,Asociación de Bomberos Voluntarios - San Martín de los Andes,,1,0,0
9101001820,07/11/2016,Asociación de Bomberos Voluntarios - San Martín de los Andes,,0,0,1
1100023229,07/11/2016,Asociación de Bomberos Voluntarios - San Martín de los Andes,,1,0,0
1100023997,07/11/2016,Control SRL,,1,0,0
1100023998,07/11/2016,Control SRL,,1,0,0
1200007919,07/11/2016,Control SRL,,1,0,0
1200007899,07/11/2016,Control SRL,,1,0,0
1100023999,07/11/2016,Control SRL,,1,0,0
1100024000,07/11/2016,Control SRL,,1,0,0
1100024501,07/11/2016,Control SRL,,1,0,0
1100024503,07/11/2016,Control SRL,,1,0,0
1100024502,07/11/2016,Control SRL,,1,0,0
1100024504,07/11/2016,Control SRL,,1,0,0
1100024505,07/11/2016,Control SRL,,1,0,0
1100024506,07/11/2016,Control SRL,,1,0,0
1100024507,07/11/2016,Control SRL,,1,0,0
1100024508,07/11/2016,Control SRL,,1,0,0
1100024509,07/11/2016,Control SRL,,1,0,0
9203000405,07/11/2016,Control SRL,,0,0,1
1100024511,07/11/2016,Control SRL,,1,0,0
1100024510,07/11/2016,Control SRL,,1,0,0
1100024513,07/11/2016,Control SRL,,1,0,0
1200007921,07/11/2016,Control SRL,,1,0,0
1100024512,07/11/2016,Control SRL,,1,0,0
1100024514,07/11/2016,Control SRL,,1,0,0
1100024516,07/11/2016,Control SRL,,1,0,0
1100024515,07/11/2016,Control SRL,,1,0,0
1200007922,07/11/2016,Control SRL,,1,0,0
1100024517,07/11/2016,Control SRL,,1,0,0
1100024518,07/11/2016,Control SRL,,1,0,0
1100024520,07/11/2016,Control SRL,,1,0,0
1100024519,07/11/2016,Control SRL,,1,0,0
1100024521,07/11/2016,Control SRL,,1,0,0
1100024522,07/11/2016,Control SRL,,1,0,0
1100024523,07/11/2016,Control SRL,,1,0,0
1100024524,07/11/2016,Control SRL,,1,0,0
1100024525,07/11/2016,Control SRL,,1,0,0
9103001525,07/11/2016,Control SRL,,0,0,1
1100024526,07/11/2016,Control SRL,,1,0,0
1100024527,07/11/2016,Control SRL,,1,0,0
1200007923,07/11/2016,Control SRL,,1,0,0
1200007924,07/11/2016,Control SRL,,1,0,0
1100024528,07/11/2016,Control SRL,,1,0,0
1200007926,07/11/2016,Control SRL,,1,0,0
1200007925,07/11/2016,Control SRL,,1,0,0
9103001526,07/11/2016,Control SRL,,0,0,1
9103001527,07/11/2016,Control SRL,,0,0,1
9102004941,07/11/2016,Veritecnica SRL,,0,0,1
1200007814,07/11/2016,Veritecnica SRL,,1,0,0
1200007815,07/11/2016,Veritecnica SRL,,1,0,0
1100023550,07/11/2016,Veritecnica SRL,,1,0,0
9202000770,07/11/2016,Veritecnica SRL,,0,0,1
9102004942,07/11/2016,Veritecnica SRL,,0,0,1
1100023552,07/11/2016,Veritecnica SRL,,1,0,0
1100023551,07/11/2016,Veritecnica SRL,,1,0,0
1100023553,07/11/2016,Veritecnica SRL,,1,0,0
9102004943,07/11/2016,Veritecnica SRL,,0,0,1
9102004944,07/11/2016,Veritecnica SRL,,0,0,1
1100023554,07/11/2016,Veritecnica SRL,,1,0,0
9202000771,07/11/2016,Veritecnica SRL,,0,0,1
9102004945,07/11/2016,Veritecnica SRL,,0,0,1
1100023555,07/11/2016,Veritecnica SRL,,1,0,0
1100023556,07/11/2016,Veritecnica SRL,,1,0,0
1100023557,07/11/2016,Veritecnica SRL,,1,0,0
1100023558,07/11/2016,Veritecnica SRL,,1,0,0
1100023559,07/11/2016,Veritecnica SRL,,1,0,0
1100023560,07/11/2016,Veritecnica SRL,,1,0,0
1100023561,07/11/2016,Veritecnica SRL,,1,0,0
1100023562,07/11/2016,Veritecnica SRL,,1,0,0
9102004946,07/11/2016,Veritecnica SRL,,0,0,1
9102004947,07/11/2016,Veritecnica SRL,,0,0,1
1200007816,07/11/2016,Veritecnica SRL,,1,0,0
1200007817,07/11/2016,Veritecnica SRL,,1,0,0
9102004948,07/11/2016,Veritecnica SRL,,0,1,0
1100023563,07/11/2016,Veritecnica SRL,,1,0,0
9102004949,07/11/2016,Veritecnica SRL,,0,0,1
1100023564,07/11/2016,Veritecnica SRL,,1,0,0
1100023565,07/11/2016,Veritecnica SRL,,1,0,0
1100023566,07/11/2016,Veritecnica SRL,,1,0,0
1200007818,07/11/2016,Veritecnica SRL,,1,0,0
9102004950,07/11/2016,Veritecnica SRL,,0,0,1
1100023567,07/11/2016,Veritecnica SRL,,1,0,0
9202000772,07/11/2016,Veritecnica SRL,,0,0,1
1200007819,07/11/2016,Veritecnica SRL,,1,0,0
9202000773,07/11/2016,Veritecnica SRL,,0,0,1
1200007820,07/11/2016,Veritecnica SRL,,1,0,0
9202000774,07/11/2016,Veritecnica SRL,,0,0,1
1100023568,07/11/2016,Veritecnica SRL,,1,0,0
1100023569,07/11/2016,Veritecnica SRL,,1,0,0
1100023570,07/11/2016,Veritecnica SRL,,1,0,0
1100023571,07/11/2016,Veritecnica SRL,,1,0,0
1200007821,07/11/2016,Veritecnica SRL,,1,0,0
9202000775,07/11/2016,Veritecnica SRL,,0,0,1
1100023572,07/11/2016,Veritecnica SRL,,1,0,0
9102004951,07/11/2016,Veritecnica SRL,,0,0,1
1100023573,07/11/2016,Veritecnica SRL,,1,0,0
1100023574,07/11/2016,Veritecnica SRL,,1,0,0
9102004952,07/11/2016,Veritecnica SRL,,0,1,0
1100023575,07/11/2016,Veritecnica SRL,,1,0,0
1100023576,07/11/2016,Veritecnica SRL,,1,0,0
1100023577,07/11/2016,Veritecnica SRL,,1,0,0
1200007822,07/11/2016,Veritecnica SRL,,1,0,0
1100023578,07/11/2016,Veritecnica SRL,,1,0,0
1200007823,07/11/2016,Veritecnica SRL,,1,0,0
9102004953,07/11/2016,Veritecnica SRL,,0,0,1
9102004954,07/11/2016,Veritecnica SRL,,0,1,0
1100023579,07/11/2016,Veritecnica SRL,,1,0,0
1100023580,07/11/2016,Veritecnica SRL,,1,0,0
1100023581,07/11/2016,Veritecnica SRL,,1,0,0
1100023582,07/11/2016,Veritecnica SRL,,1,0,0
1100023583,07/11/2016,Veritecnica SRL,,1,0,0
9102004955,07/11/2016,Veritecnica SRL,,0,1,0
1100023584,07/11/2016,Veritecnica SRL,,1,0,0
1100023585,07/11/2016,Veritecnica SRL,,1,0,0
1100023586,07/11/2016,Veritecnica SRL,,1,0,0
9102004956,07/11/2016,Veritecnica SRL,,0,0,1
9102004957,07/11/2016,Veritecnica SRL,,0,0,1
1100023587,07/11/2016,Veritecnica SRL,,1,0,0
9102004958,07/11/2016,Veritecnica SRL,,0,1,0
9102004959,07/11/2016,Veritecnica SRL,,0,1,0
1100023588,07/11/2016,Veritecnica SRL,,1,0,0
1200007824,07/11/2016,Veritecnica SRL,,1,0,0
9102004960,07/11/2016,Veritecnica SRL,,0,1,0
1100023589,07/11/2016,Veritecnica SRL,,1,0,0
