Nrocertificado,Fecha,Idtaller,Dominiovehiculo,Aprobado,RechazadoLeveModerado,RechazadoGrave
9101002146,11/04/2016,Asociación de Bomberos Voluntarios - San Martín de los Andes,,0,1,0
1200008546,11/04/2016,Asociación de Bomberos Voluntarios - San Martín de los Andes,,1,0,0
1100028285,11/04/2016,Asociación de Bomberos Voluntarios - San Martín de los Andes,,1,0,0
1100028286,11/04/2016,Asociación de Bomberos Voluntarios - San Martín de los Andes,,1,0,0
9101002147,11/04/2016,Asociación de Bomberos Voluntarios - San Martín de los Andes,,0,1,0
1100028287,11/04/2016,Asociación de Bomberos Voluntarios - San Martín de los Andes,,1,0,0
9101002148,11/04/2016,Asociación de Bomberos Voluntarios - San Martín de los Andes,,0,0,1
9101002149,11/04/2016,Asociación de Bomberos Voluntarios - San Martín de los Andes,,0,1,0
9101002150,11/04/2016,Asociación de Bomberos Voluntarios - San Martín de los Andes,,0,1,0
1100028288,11/04/2016,Asociación de Bomberos Voluntarios - San Martín de los Andes,,1,0,0
1100028289,11/04/2016,Asociación de Bomberos Voluntarios - San Martín de los Andes,,1,0,0
1100028290,11/04/2016,Asociación de Bomberos Voluntarios - San Martín de los Andes,,1,0,0
9201000399,11/04/2016,Asociación de Bomberos Voluntarios - San Martín de los Andes,,0,1,0
1100028291,11/04/2016,Asociación de Bomberos Voluntarios - San Martín de los Andes,,1,0,0
9101002151,11/04/2016,Asociación de Bomberos Voluntarios - San Martín de los Andes,,0,0,1
9201000400,11/04/2016,Asociación de Bomberos Voluntarios - San Martín de los Andes,,0,1,0
1200008547,11/04/2016,Asociación de Bomberos Voluntarios - San Martín de los Andes,,1,0,0
1100028292,11/04/2016,Asociación de Bomberos Voluntarios - San Martín de los Andes,,1,0,0
9101002152,11/04/2016,Asociación de Bomberos Voluntarios - San Martín de los Andes,,0,1,0
9101002153,11/04/2016,Asociación de Bomberos Voluntarios - San Martín de los Andes,,0,0,1
9101002154,11/04/2016,Asociación de Bomberos Voluntarios - San Martín de los Andes,,0,1,0
9101002155,11/04/2016,Asociación de Bomberos Voluntarios - San Martín de los Andes,,0,0,1
1100028293,11/04/2016,Asociación de Bomberos Voluntarios - San Martín de los Andes,,1,0,0
1100028294,11/04/2016,Asociación de Bomberos Voluntarios - San Martín de los Andes,,1,0,0
1100028295,11/04/2016,Asociación de Bomberos Voluntarios - San Martín de los Andes,,1,0,0
1100028296,11/04/2016,Asociación de Bomberos Voluntarios - San Martín de los Andes,,1,0,0
1200008548,11/04/2016,Asociación de Bomberos Voluntarios - San Martín de los Andes,,1,0,0
9101002156,11/04/2016,Asociación de Bomberos Voluntarios - San Martín de los Andes,,0,0,1
1100028297,11/04/2016,Asociación de Bomberos Voluntarios - San Martín de los Andes,,1,0,0
9201000401,11/04/2016,Asociación de Bomberos Voluntarios - San Martín de los Andes,,0,1,0
1200008549,11/05/2016,Asociación de Bomberos Voluntarios - San Martín de los Andes,,1,0,0
1100028298,11/05/2016,Asociación de Bomberos Voluntarios - San Martín de los Andes,,1,0,0
9101002157,11/05/2016,Asociación de Bomberos Voluntarios - San Martín de los Andes,,0,0,1
1100028299,11/05/2016,Asociación de Bomberos Voluntarios - San Martín de los Andes,,1,0,0
9101002158,11/05/2016,Asociación de Bomberos Voluntarios - San Martín de los Andes,,0,1,0
1200008550,11/05/2016,Asociación de Bomberos Voluntarios - San Martín de los Andes,,1,0,0
1100028300,11/05/2016,Asociación de Bomberos Voluntarios - San Martín de los Andes,,1,0,0
1100028301,11/05/2016,Asociación de Bomberos Voluntarios - San Martín de los Andes,,1,0,0
1100028302,11/05/2016,Asociación de Bomberos Voluntarios - San Martín de los Andes,,1,0,0
1100028303,11/05/2016,Asociación de Bomberos Voluntarios - San Martín de los Andes,,1,0,0
1100028179,11/04/2016,Control SRL,,1,0,0
1100028180,11/04/2016,Control SRL,,1,0,0
9103001806,11/04/2016,Control SRL,,0,0,1
1100028181,11/04/2016,Control SRL,,1,0,0
1100028182,11/04/2016,Control SRL,,1,0,0
1100028183,11/04/2016,Control SRL,,1,0,0
1100028184,11/04/2016,Control SRL,,1,0,0
1100028185,11/04/2016,Control SRL,,1,0,0
1100028186,11/04/2016,Control SRL,,1,0,0
1100028188,11/04/2016,Control SRL,,1,0,0
1100028187,11/04/2016,Control SRL,,1,0,0
1100028189,11/04/2016,Control SRL,,1,0,0
1100028190,11/04/2016,Control SRL,,1,0,0
9103001807,11/04/2016,Control SRL,,0,0,1
1100028191,11/04/2016,Control SRL,,1,0,0
1200009855,11/04/2016,Control SRL,,1,0,0
1100028192,11/04/2016,Control SRL,,1,0,0
1200009854,11/04/2016,Control SRL,,1,0,0
1200009853,11/04/2016,Control SRL,,1,0,0
1100028193,11/04/2016,Control SRL,,1,0,0
1100028194,11/04/2016,Control SRL,,1,0,0
1100028195,11/04/2016,Control SRL,,1,0,0
1200009852,11/04/2016,Control SRL,,1,0,0
1100028196,11/04/2016,Control SRL,,1,0,0
1100028197,11/04/2016,Control SRL,,1,0,0
1200009857,11/04/2016,Control SRL,,1,0,0
9203000503,11/04/2016,Control SRL,,0,0,1
1200009858,11/04/2016,Control SRL,,1,0,0
1200009861,11/04/2016,Control SRL,,1,0,0
1200009856,11/04/2016,Control SRL,,1,0,0
1200009891,11/04/2016,Control SRL,,1,0,0
1200009862,11/04/2016,Control SRL,,1,0,0
1100028198,11/04/2016,Control SRL,,1,0,0
1100028199,11/04/2016,Control SRL,,1,0,0
1100028200,11/04/2016,Control SRL,,1,0,0
9103001808,11/04/2016,Control SRL,,0,0,1
1200009902,11/04/2016,Veritecnica SRL,,1,0,0
1100028702,11/04/2016,Veritecnica SRL,,1,0,0
1100028703,11/04/2016,Veritecnica SRL,,1,0,0
9102005835,11/04/2016,Veritecnica SRL,,0,0,1
9102005836,11/04/2016,Veritecnica SRL,,0,0,1
1100028704,11/04/2016,Veritecnica SRL,,1,0,0
1100028705,11/04/2016,Veritecnica SRL,,1,0,0
1100028707,11/04/2016,Veritecnica SRL,,1,0,0
1100028706,11/04/2016,Veritecnica SRL,,1,0,0
1200009903,11/04/2016,Veritecnica SRL,,1,0,0
1200009904,11/04/2016,Veritecnica SRL,,1,0,0
1100028708,11/04/2016,Veritecnica SRL,,1,0,0
9102005837,11/04/2016,Veritecnica SRL,,0,0,1
1200009905,11/04/2016,Veritecnica SRL,,1,0,0
9102005838,11/04/2016,Veritecnica SRL,,0,1,0
1200009906,11/04/2016,Veritecnica SRL,,1,0,0
1100028709,11/04/2016,Veritecnica SRL,,1,0,0
1100028710,11/04/2016,Veritecnica SRL,,1,0,0
1100028711,11/04/2016,Veritecnica SRL,,1,0,0
1100028712,11/04/2016,Veritecnica SRL,,1,0,0
1200009907,11/04/2016,Veritecnica SRL,,1,0,0
1100028713,11/04/2016,Veritecnica SRL,,1,0,0
9102005839,11/04/2016,Veritecnica SRL,,0,1,0
1100028714,11/04/2016,Veritecnica SRL,,1,0,0
9102005840,11/04/2016,Veritecnica SRL,,0,0,1
1100028715,11/04/2016,Veritecnica SRL,,1,0,0
1200009908,11/04/2016,Veritecnica SRL,,1,0,0
9102005841,11/04/2016,Veritecnica SRL,,0,0,1
1100028716,11/04/2016,Veritecnica SRL,,1,0,0
1100028717,11/04/2016,Veritecnica SRL,,1,0,0
9102005842,11/04/2016,Veritecnica SRL,,0,0,1
9102005843,11/04/2016,Veritecnica SRL,,0,1,0
1100028718,11/04/2016,Veritecnica SRL,,1,0,0
1100028719,11/04/2016,Veritecnica SRL,,1,0,0
1100028720,11/05/2016,Veritecnica SRL,,1,0,0
1100028721,11/05/2016,Veritecnica SRL,,1,0,0
1100028722,11/05/2016,Veritecnica SRL,,1,0,0
1200009909,11/05/2016,Veritecnica SRL,,1,0,0
9202001070,11/05/2016,Veritecnica SRL,,0,0,1
1100028723,11/05/2016,Veritecnica SRL,,1,0,0
1100028724,11/05/2016,Veritecnica SRL,,1,0,0
1200009910,11/05/2016,Veritecnica SRL,,1,0,0
9102005844,11/05/2016,Veritecnica SRL,,0,0,1
1100028725,11/05/2016,Veritecnica SRL,,1,0,0
1100028726,11/05/2016,Veritecnica SRL,,1,0,0
1100028727,11/05/2016,Veritecnica SRL,,1,0,0
1100028728,11/05/2016,Veritecnica SRL,,1,0,0
1100028729,11/05/2016,Veritecnica SRL,,1,0,0
1100028730,11/05/2016,Veritecnica SRL,,1,0,0
1100028731,11/05/2016,Veritecnica SRL,,1,0,0
1200009911,11/05/2016,Veritecnica SRL,,1,0,0
1100028732,11/05/2016,Veritecnica SRL,,1,0,0
1200009912,11/05/2016,Veritecnica SRL,,1,0,0
1200009913,11/05/2016,Veritecnica SRL,,1,0,0
1200009914,11/05/2016,Veritecnica SRL,,1,0,0
1200009915,11/05/2016,Veritecnica SRL,,1,0,0
1100028733,11/05/2016,Veritecnica SRL,,1,0,0
1100028734,11/05/2016,Veritecnica SRL,,1,0,0
