Nrocertificado,Fecha,Idtaller,Dominiovehiculo,Aprobado,RechazadoLeveModerado,RechazadoGrave
1100024149,08/02/2016,Asociación de Bomberos Voluntarios - San Martín de los Andes,,1,0,0
1100024150,08/02/2016,Asociación de Bomberos Voluntarios - San Martín de los Andes,,1,0,0
1100024151,08/02/2016,Asociación de Bomberos Voluntarios - San Martín de los Andes,,1,0,0
1100024152,08/02/2016,Asociación de Bomberos Voluntarios - San Martín de los Andes,,1,0,0
1100024153,08/02/2016,Asociación de Bomberos Voluntarios - San Martín de los Andes,,1,0,0
1100024154,08/02/2016,Asociación de Bomberos Voluntarios - San Martín de los Andes,,1,0,0
1100024155,08/02/2016,Asociación de Bomberos Voluntarios - San Martín de los Andes,,1,0,0
1100024156,08/02/2016,Asociación de Bomberos Voluntarios - San Martín de los Andes,,1,0,0
1100024157,08/02/2016,Asociación de Bomberos Voluntarios - San Martín de los Andes,,1,0,0
1100024158,08/02/2016,Asociación de Bomberos Voluntarios - San Martín de los Andes,,1,0,0
9101001862,08/02/2016,Asociación de Bomberos Voluntarios - San Martín de los Andes,,0,1,0
1200007581,08/02/2016,Asociación de Bomberos Voluntarios - San Martín de los Andes,,1,0,0
1100024159,08/02/2016,Asociación de Bomberos Voluntarios - San Martín de los Andes,,1,0,0
1100024160,08/02/2016,Asociación de Bomberos Voluntarios - San Martín de los Andes,,1,0,0
1100024161,08/02/2016,Asociación de Bomberos Voluntarios - San Martín de los Andes,,1,0,0
9101001863,08/02/2016,Asociación de Bomberos Voluntarios - San Martín de los Andes,,0,1,0
1100024162,08/02/2016,Asociación de Bomberos Voluntarios - San Martín de los Andes,,1,0,0
9101001864,08/02/2016,Asociación de Bomberos Voluntarios - San Martín de los Andes,,0,0,1
1100024163,08/02/2016,Asociación de Bomberos Voluntarios - San Martín de los Andes,,1,0,0
9101001865,08/02/2016,Asociación de Bomberos Voluntarios - San Martín de los Andes,,0,0,1
1100024164,08/02/2016,Asociación de Bomberos Voluntarios - San Martín de los Andes,,1,0,0
1100024165,08/02/2016,Asociación de Bomberos Voluntarios - San Martín de los Andes,,1,0,0
9101001866,08/03/2016,Asociación de Bomberos Voluntarios - San Martín de los Andes,,0,1,0
1100024167,08/03/2016,Asociación de Bomberos Voluntarios - San Martín de los Andes,,1,0,0
1100024168,08/03/2016,Asociación de Bomberos Voluntarios - San Martín de los Andes,,1,0,0
1100024166,08/03/2016,Asociación de Bomberos Voluntarios - San Martín de los Andes,,1,0,0
1100024169,08/03/2016,Asociación de Bomberos Voluntarios - San Martín de los Andes,,1,0,0
1100024170,08/03/2016,Asociación de Bomberos Voluntarios - San Martín de los Andes,,1,0,0
1100024171,08/03/2016,Asociación de Bomberos Voluntarios - San Martín de los Andes,,1,0,0
1200007582,08/03/2016,Asociación de Bomberos Voluntarios - San Martín de los Andes,,1,0,0
9101001867,08/03/2016,Asociación de Bomberos Voluntarios - San Martín de los Andes,,0,0,1
9101001868,08/03/2016,Asociación de Bomberos Voluntarios - San Martín de los Andes,,0,0,1
1100024172,08/03/2016,Asociación de Bomberos Voluntarios - San Martín de los Andes,,1,0,0
1100024173,08/03/2016,Asociación de Bomberos Voluntarios - San Martín de los Andes,,1,0,0
9101001869,08/03/2016,Asociación de Bomberos Voluntarios - San Martín de los Andes,,0,1,0
9101001870,08/03/2016,Asociación de Bomberos Voluntarios - San Martín de los Andes,,0,1,0
9101001871,08/03/2016,Asociación de Bomberos Voluntarios - San Martín de los Andes,,0,0,1
1100024174,08/03/2016,Asociación de Bomberos Voluntarios - San Martín de los Andes,,1,0,0
9101001872,08/03/2016,Asociación de Bomberos Voluntarios - San Martín de los Andes,,0,0,1
1200007583,08/03/2016,Asociación de Bomberos Voluntarios - San Martín de los Andes,,1,0,0
1100024175,08/03/2016,Asociación de Bomberos Voluntarios - San Martín de los Andes,,1,0,0
1100024834,08/02/2016,Control SRL,,1,0,0
1100024835,08/02/2016,Control SRL,,1,0,0
1200008336,08/02/2016,Control SRL,,1,0,0
9103001566,08/02/2016,Control SRL,,0,0,1
9103001567,08/02/2016,Control SRL,,0,0,1
1100024836,08/02/2016,Control SRL,,1,0,0
9103001568,08/02/2016,Control SRL,,0,0,1
1100024837,08/02/2016,Control SRL,,1,0,0
1100024838,08/02/2016,Control SRL,,1,0,0
1100024839,08/02/2016,Control SRL,,1,0,0
1100024840,08/02/2016,Control SRL,,1,0,0
1100024841,08/02/2016,Control SRL,,1,0,0
9203000412,08/02/2016,Control SRL,,0,0,1
1100024842,08/02/2016,Control SRL,,1,0,0
9203000413,08/02/2016,Control SRL,,0,0,1
1100024843,08/02/2016,Control SRL,,1,0,0
1100024844,08/02/2016,Control SRL,,1,0,0
1100024845,08/03/2016,Control SRL,,1,0,0
1100024846,08/03/2016,Control SRL,,1,0,0
9103001569,08/03/2016,Control SRL,,0,0,1
9103001570,08/03/2016,Control SRL,,0,0,1
9103001571,08/03/2016,Control SRL,,0,0,1
9103001572,08/03/2016,Control SRL,,0,0,1
1100024847,08/03/2016,Control SRL,,1,0,0
1100024848,08/03/2016,Control SRL,,1,0,0
9103001573,08/03/2016,Control SRL,,0,0,1
1100024849,08/03/2016,Control SRL,,1,0,0
1100024850,08/03/2016,Control SRL,,1,0,0
1100024851,08/03/2016,Control SRL,,1,0,0
1100024852,08/03/2016,Control SRL,,1,0,0
9103001574,08/03/2016,Control SRL,,0,0,1
9203000414,08/03/2016,Control SRL,,0,0,1
1100024853,08/03/2016,Control SRL,,1,0,0
1100024854,08/03/2016,Control SRL,,1,0,0
9103001575,08/03/2016,Control SRL,,0,0,1
1100024855,08/03/2016,Control SRL,,1,0,0
9103001576,08/03/2016,Control SRL,,0,0,1
9203000415,08/03/2016,Control SRL,,0,0,1
1100024857,08/03/2016,Control SRL,,1,0,0
1200008351,08/03/2016,Control SRL,,1,0,0
1100024858,08/03/2016,Control SRL,,1,0,0
1100024859,08/03/2016,Control SRL,,1,0,0
1100024860,08/03/2016,Control SRL,,1,0,0
1100024861,08/03/2016,Control SRL,,1,0,0
9103001577,08/03/2016,Control SRL,,0,0,1
1100024862,08/03/2016,Control SRL,,1,0,0
1200008353,08/03/2016,Control SRL,,1,0,0
9103001578,08/03/2016,Control SRL,,0,0,1
1200008352,08/03/2016,Control SRL,,1,0,0
1200008354,08/03/2016,Control SRL,,1,0,0
1200008355,08/03/2016,Control SRL,,1,0,0
9102005140,08/02/2016,Veritecnica SRL,,0,0,1
1100024488,08/02/2016,Veritecnica SRL,,1,0,0
1100024489,08/02/2016,Veritecnica SRL,,1,0,0
1100024490,08/02/2016,Veritecnica SRL,,1,0,0
9102005141,08/02/2016,Veritecnica SRL,,0,0,1
1100024491,08/02/2016,Veritecnica SRL,,1,0,0
9102005142,08/02/2016,Veritecnica SRL,,0,0,1
1100024492,08/02/2016,Veritecnica SRL,,1,0,0
1100024493,08/02/2016,Veritecnica SRL,,1,0,0
1100024494,08/02/2016,Veritecnica SRL,,1,0,0
1100024495,08/02/2016,Veritecnica SRL,,1,0,0
9102005143,08/02/2016,Veritecnica SRL,,0,0,1
1100024496,08/02/2016,Veritecnica SRL,,1,0,0
1100024497,08/02/2016,Veritecnica SRL,,1,0,0
1100024498,08/02/2016,Veritecnica SRL,,1,0,0
1200008262,08/02/2016,Veritecnica SRL,,1,0,0
1200008263,08/02/2016,Veritecnica SRL,,1,0,0
1200008264,08/02/2016,Veritecnica SRL,,1,0,0
9202000833,08/02/2016,Veritecnica SRL,,0,0,1
1200008265,08/02/2016,Veritecnica SRL,,1,0,0
1100024499,08/02/2016,Veritecnica SRL,,1,0,0
1100024500,08/02/2016,Veritecnica SRL,,1,0,0
1200008266,08/02/2016,Veritecnica SRL,,1,0,0
1100025001,08/02/2016,Veritecnica SRL,,1,0,0
1100025002,08/02/2016,Veritecnica SRL,,1,0,0
1200008267,08/02/2016,Veritecnica SRL,,1,0,0
1200008268,08/02/2016,Veritecnica SRL,,1,0,0
1100025003,08/02/2016,Veritecnica SRL,,1,0,0
1100025004,08/02/2016,Veritecnica SRL,,1,0,0
1200008269,08/02/2016,Veritecnica SRL,,1,0,0
1200008270,08/02/2016,Veritecnica SRL,,1,0,0
1200008271,08/02/2016,Veritecnica SRL,,1,0,0
1100025005,08/02/2016,Veritecnica SRL,,1,0,0
1100025006,08/02/2016,Veritecnica SRL,,1,0,0
1100025007,08/02/2016,Veritecnica SRL,,1,0,0
1100025008,08/02/2016,Veritecnica SRL,,1,0,0
1200008272,08/02/2016,Veritecnica SRL,,1,0,0
1200008273,08/02/2016,Veritecnica SRL,,1,0,0
1200008274,08/02/2016,Veritecnica SRL,,1,0,0
1200008275,08/02/2016,Veritecnica SRL,,1,0,0
1100025009,08/03/2016,Veritecnica SRL,,1,0,0
1100025010,08/03/2016,Veritecnica SRL,,1,0,0
1100025011,08/03/2016,Veritecnica SRL,,1,0,0
1100025012,08/03/2016,Veritecnica SRL,,1,0,0
1100025013,08/03/2016,Veritecnica SRL,,1,0,0
1100025014,08/03/2016,Veritecnica SRL,,1,0,0
1100025015,08/03/2016,Veritecnica SRL,,1,0,0
1100025016,08/03/2016,Veritecnica SRL,,1,0,0
1100025017,08/03/2016,Veritecnica SRL,,1,0,0
1100025018,08/03/2016,Veritecnica SRL,,1,0,0
9102005144,08/03/2016,Veritecnica SRL,,0,0,1
1100025019,08/03/2016,Veritecnica SRL,,1,0,0
9102005145,08/03/2016,Veritecnica SRL,,0,0,1
9102005146,08/03/2016,Veritecnica SRL,,0,0,1
1100025020,08/03/2016,Veritecnica SRL,,1,0,0
9202000834,08/03/2016,Veritecnica SRL,,0,0,1
9102005147,08/03/2016,Veritecnica SRL,,0,1,0
1200008276,08/03/2016,Veritecnica SRL,,1,0,0
9102005148,08/03/2016,Veritecnica SRL,,0,1,0
1100025021,08/03/2016,Veritecnica SRL,,1,0,0
9102005149,08/03/2016,Veritecnica SRL,,0,1,0
1100025022,08/03/2016,Veritecnica SRL,,1,0,0
1100025023,08/03/2016,Veritecnica SRL,,1,0,0
1200008277,08/03/2016,Veritecnica SRL,,1,0,0
1200008278,08/03/2016,Veritecnica SRL,,1,0,0
1100025024,08/03/2016,Veritecnica SRL,,1,0,0
1100025025,08/03/2016,Veritecnica SRL,,1,0,0
1100025026,08/03/2016,Veritecnica SRL,,1,0,0
1100025027,08/03/2016,Veritecnica SRL,,1,0,0
1100025028,08/03/2016,Veritecnica SRL,,1,0,0
1100025029,08/03/2016,Veritecnica SRL,,1,0,0
1100025030,08/03/2016,Veritecnica SRL,,1,0,0
1100025031,08/03/2016,Veritecnica SRL,,1,0,0
1100025032,08/03/2016,Veritecnica SRL,,1,0,0
1200008279,08/03/2016,Veritecnica SRL,,1,0,0
9102005150,08/03/2016,Veritecnica SRL,,0,1,0
1200008280,08/03/2016,Veritecnica SRL,,1,0,0
1200008281,08/03/2016,Veritecnica SRL,,1,0,0
9202000835,08/03/2016,Veritecnica SRL,,0,0,1
1100025033,08/03/2016,Veritecnica SRL,,1,0,0
1200008282,08/03/2016,Veritecnica SRL,,1,0,0
1200008283,08/03/2016,Veritecnica SRL,,1,0,0
1100025034,08/03/2016,Veritecnica SRL,,1,0,0
9102005151,08/03/2016,Veritecnica SRL,,0,0,1
1100025035,08/03/2016,Veritecnica SRL,,1,0,0
1200008284,08/03/2016,Veritecnica SRL,,1,0,0
1200008285,08/03/2016,Veritecnica SRL,,1,0,0
