Nrocertificado,Fecha,Idtaller,Dominiovehiculo,Aprobado,RechazadoLeveModerado,RechazadoGrave
1100015822,03/15/2016,Asociación de Bomberos Voluntarios - San Martín de los Andes,,1,0,0
1100015823,03/15/2016,Asociación de Bomberos Voluntarios - San Martín de los Andes,,1,0,0
1100015824,03/15/2016,Asociación de Bomberos Voluntarios - San Martín de los Andes,,1,0,0
1100015825,03/15/2016,Asociación de Bomberos Voluntarios - San Martín de los Andes,,1,0,0
9101001432,03/15/2016,Asociación de Bomberos Voluntarios - San Martín de los Andes,,0,0,1
9101001433,03/15/2016,Asociación de Bomberos Voluntarios - San Martín de los Andes,,0,0,1
1200005366,03/15/2016,Asociación de Bomberos Voluntarios - San Martín de los Andes,,1,0,0
1100015826,03/15/2016,Asociación de Bomberos Voluntarios - San Martín de los Andes,,1,0,0
1100015827,03/15/2016,Asociación de Bomberos Voluntarios - San Martín de los Andes,,1,0,0
1100015829,03/15/2016,Asociación de Bomberos Voluntarios - San Martín de los Andes,,1,0,0
9101001434,03/15/2016,Asociación de Bomberos Voluntarios - San Martín de los Andes,,0,1,0
1100015828,03/15/2016,Asociación de Bomberos Voluntarios - San Martín de los Andes,,1,0,0
1100015830,03/15/2016,Asociación de Bomberos Voluntarios - San Martín de los Andes,,1,0,0
1100015831,03/15/2016,Asociación de Bomberos Voluntarios - San Martín de los Andes,,1,0,0
1100015832,03/15/2016,Asociación de Bomberos Voluntarios - San Martín de los Andes,,1,0,0
9101001435,03/15/2016,Asociación de Bomberos Voluntarios - San Martín de los Andes,,0,0,1
1100015833,03/15/2016,Asociación de Bomberos Voluntarios - San Martín de los Andes,,1,0,0
1100015834,03/15/2016,Asociación de Bomberos Voluntarios - San Martín de los Andes,,1,0,0
1100015835,03/15/2016,Asociación de Bomberos Voluntarios - San Martín de los Andes,,1,0,0
1100015836,03/15/2016,Asociación de Bomberos Voluntarios - San Martín de los Andes,,1,0,0
9101001436,03/15/2016,Asociación de Bomberos Voluntarios - San Martín de los Andes,,0,1,0
1200005367,03/15/2016,Asociación de Bomberos Voluntarios - San Martín de los Andes,,1,0,0
1100015837,03/15/2016,Asociación de Bomberos Voluntarios - San Martín de los Andes,,1,0,0
1100015838,03/15/2016,Asociación de Bomberos Voluntarios - San Martín de los Andes,,1,0,0
1100015839,03/15/2016,Asociación de Bomberos Voluntarios - San Martín de los Andes,,1,0,0
1100015840,03/15/2016,Asociación de Bomberos Voluntarios - San Martín de los Andes,,1,0,0
1100015841,03/15/2016,Asociación de Bomberos Voluntarios - San Martín de los Andes,,1,0,0
1100015842,03/16/2016,Asociación de Bomberos Voluntarios - San Martín de los Andes,,1,0,0
1100015843,03/16/2016,Asociación de Bomberos Voluntarios - San Martín de los Andes,,1,0,0
1100015844,03/16/2016,Asociación de Bomberos Voluntarios - San Martín de los Andes,,1,0,0
1100015845,03/16/2016,Asociación de Bomberos Voluntarios - San Martín de los Andes,,1,0,0
1100015846,03/16/2016,Asociación de Bomberos Voluntarios - San Martín de los Andes,,1,0,0
9101001437,03/16/2016,Asociación de Bomberos Voluntarios - San Martín de los Andes,,0,1,0
1100015847,03/16/2016,Asociación de Bomberos Voluntarios - San Martín de los Andes,,1,0,0
9101001438,03/16/2016,Asociación de Bomberos Voluntarios - San Martín de los Andes,,0,0,1
1100015848,03/16/2016,Asociación de Bomberos Voluntarios - San Martín de los Andes,,1,0,0
1100015849,03/16/2016,Asociación de Bomberos Voluntarios - San Martín de los Andes,,1,0,0
1100015850,03/16/2016,Asociación de Bomberos Voluntarios - San Martín de los Andes,,1,0,0
9101001439,03/16/2016,Asociación de Bomberos Voluntarios - San Martín de los Andes,,0,1,0
9101001440,03/16/2016,Asociación de Bomberos Voluntarios - San Martín de los Andes,,0,1,0
1200005368,03/16/2016,Asociación de Bomberos Voluntarios - San Martín de los Andes,,1,0,0
9101001441,03/16/2016,Asociación de Bomberos Voluntarios - San Martín de los Andes,,0,0,1
1100015851,03/16/2016,Asociación de Bomberos Voluntarios - San Martín de los Andes,,1,0,0
9101001442,03/16/2016,Asociación de Bomberos Voluntarios - San Martín de los Andes,,0,1,0
1100015852,03/16/2016,Asociación de Bomberos Voluntarios - San Martín de los Andes,,1,0,0
1100015853,03/16/2016,Asociación de Bomberos Voluntarios - San Martín de los Andes,,1,0,0
1100015854,03/16/2016,Asociación de Bomberos Voluntarios - San Martín de los Andes,,1,0,0
9101001443,03/16/2016,Asociación de Bomberos Voluntarios - San Martín de los Andes,,0,0,1
1100015855,03/16/2016,Asociación de Bomberos Voluntarios - San Martín de los Andes,,1,0,0
9101001444,03/16/2016,Asociación de Bomberos Voluntarios - San Martín de los Andes,,0,1,0
1100015856,03/16/2016,Asociación de Bomberos Voluntarios - San Martín de los Andes,,1,0,0
1100015857,03/16/2016,Asociación de Bomberos Voluntarios - San Martín de los Andes,,1,0,0
9101001445,03/16/2016,Asociación de Bomberos Voluntarios - San Martín de los Andes,,0,1,0
1100015858,03/16/2016,Asociación de Bomberos Voluntarios - San Martín de los Andes,,1,0,0
9101001446,03/16/2016,Asociación de Bomberos Voluntarios - San Martín de los Andes,,0,1,0
1100015859,03/16/2016,Asociación de Bomberos Voluntarios - San Martín de los Andes,,1,0,0
9103001181,03/15/2016,Control SRL,,0,0,1
1200005734,03/15/2016,Control SRL,,1,0,0
1100018144,03/15/2016,Control SRL,,1,0,0
1100018145,03/15/2016,Control SRL,,1,0,0
1100018146,03/15/2016,Control SRL,,1,0,0
1100018147,03/15/2016,Control SRL,,1,0,0
1200005736,03/15/2016,Control SRL,,1,0,0
1200005735,03/15/2016,Control SRL,,1,0,0
1100018148,03/15/2016,Control SRL,,1,0,0
1100018149,03/15/2016,Control SRL,,1,0,0
1100018150,03/15/2016,Control SRL,,1,0,0
1100018151,03/15/2016,Control SRL,,1,0,0
1100018152,03/15/2016,Control SRL,,1,0,0
1100018143,03/15/2016,Control SRL,,1,0,0
1200005738,03/15/2016,Control SRL,,1,0,0
9103001182,03/15/2016,Control SRL,,0,0,1
1100018153,03/15/2016,Control SRL,,1,0,0
9103001183,03/15/2016,Control SRL,,0,0,1
1200005742,03/15/2016,Control SRL,,1,0,0
1100018154,03/15/2016,Control SRL,,1,0,0
1100018155,03/15/2016,Control SRL,,1,0,0
1100018156,03/15/2016,Control SRL,,1,0,0
1100018157,03/15/2016,Control SRL,,1,0,0
1100018159,03/15/2016,Control SRL,,1,0,0
1100018158,03/15/2016,Control SRL,,1,0,0
1200005737,03/15/2016,Control SRL,,1,0,0
9103001184,03/15/2016,Control SRL,,0,0,1
1100018160,03/15/2016,Control SRL,,1,0,0
1200005744,03/15/2016,Control SRL,,1,0,0
1100018162,03/15/2016,Control SRL,,1,0,0
1100018161,03/15/2016,Control SRL,,1,0,0
1100018163,03/15/2016,Control SRL,,1,0,0
1200005741,03/15/2016,Control SRL,,1,0,0
9203000325,03/15/2016,Control SRL,,0,0,1
1200005740,03/15/2016,Control SRL,,1,0,0
1200005745,03/15/2016,Control SRL,,1,0,0
1100018164,03/15/2016,Control SRL,,1,0,0
1100018165,03/15/2016,Control SRL,,1,0,0
1100018166,03/15/2016,Control SRL,,1,0,0
1200005746,03/15/2016,Control SRL,,1,0,0
1100018167,03/15/2016,Control SRL,,1,0,0
9203000326,03/15/2016,Control SRL,,0,0,1
1100018168,03/15/2016,Control SRL,,1,0,0
1100018169,03/15/2016,Control SRL,,1,0,0
1100018170,03/15/2016,Control SRL,,1,0,0
1200005739,03/15/2016,Control SRL,,1,0,0
1100018171,03/15/2016,Control SRL,,1,0,0
1100018172,03/15/2016,Control SRL,,1,0,0
1100018173,03/15/2016,Control SRL,,1,0,0
1200005748,03/15/2016,Control SRL,,1,0,0
1100018174,03/15/2016,Control SRL,,1,0,0
1200005749,03/15/2016,Control SRL,,1,0,0
1100018176,03/15/2016,Control SRL,,1,0,0
1100018175,03/15/2016,Control SRL,,1,0,0
1200005752,03/15/2016,Control SRL,,1,0,0
1100018177,03/15/2016,Control SRL,,1,0,0
1100018178,03/15/2016,Control SRL,,1,0,0
1200005750,03/15/2016,Control SRL,,1,0,0
1200005751,03/15/2016,Control SRL,,1,0,0
1200005747,03/16/2016,Control SRL,,1,0,0
1100018179,03/16/2016,Control SRL,,1,0,0
1100018180,03/16/2016,Control SRL,,1,0,0
1100018181,03/16/2016,Control SRL,,1,0,0
1100018182,03/16/2016,Control SRL,,1,0,0
1200005753,03/16/2016,Control SRL,,1,0,0
9103001185,03/16/2016,Control SRL,,0,0,1
1100018184,03/16/2016,Control SRL,,1,0,0
1100018185,03/16/2016,Control SRL,,1,0,0
1100018183,03/16/2016,Control SRL,,1,0,0
1100018186,03/16/2016,Control SRL,,1,0,0
1100018187,03/16/2016,Control SRL,,1,0,0
1200005754,03/16/2016,Control SRL,,1,0,0
1100018188,03/16/2016,Control SRL,,1,0,0
1100018189,03/16/2016,Control SRL,,1,0,0
1200005770,03/16/2016,Control SRL,,1,0,0
1200005755,03/16/2016,Control SRL,,1,0,0
1100018190,03/16/2016,Control SRL,,1,0,0
9103001186,03/16/2016,Control SRL,,0,0,1
1100018191,03/16/2016,Control SRL,,1,0,0
1100018192,03/16/2016,Control SRL,,1,0,0
1200005758,03/16/2016,Control SRL,,1,0,0
1100018193,03/16/2016,Control SRL,,1,0,0
1100018194,03/16/2016,Control SRL,,1,0,0
1200005756,03/16/2016,Control SRL,,1,0,0
1100018195,03/16/2016,Control SRL,,1,0,0
9103001187,03/16/2016,Control SRL,,0,0,1
1200005757,03/16/2016,Control SRL,,1,0,0
1100018196,03/16/2016,Control SRL,,1,0,0
1100018197,03/16/2016,Control SRL,,1,0,0
1100018198,03/16/2016,Control SRL,,1,0,0
9203000327,03/16/2016,Control SRL,,0,0,1
1100018199,03/16/2016,Control SRL,,1,0,0
1100018200,03/16/2016,Control SRL,,1,0,0
1100018101,03/16/2016,Control SRL,,1,0,0
1100018102,03/16/2016,Control SRL,,1,0,0
1100018103,03/16/2016,Control SRL,,1,0,0
1100018104,03/16/2016,Control SRL,,1,0,0
9103001188,03/16/2016,Control SRL,,0,0,1
1100018106,03/16/2016,Control SRL,,1,0,0
1100018105,03/16/2016,Control SRL,,1,0,0
1100018107,03/16/2016,Control SRL,,1,0,0
1100018108,03/16/2016,Control SRL,,1,0,0
1100018109,03/16/2016,Control SRL,,1,0,0
1100018110,03/16/2016,Control SRL,,1,0,0
1100018451,03/16/2016,Control SRL,,1,0,0
1100018452,03/16/2016,Control SRL,,1,0,0
1100018453,03/16/2016,Control SRL,,1,0,0
1100018454,03/16/2016,Control SRL,,1,0,0
1100018456,03/16/2016,Control SRL,,1,0,0
9103001189,03/16/2016,Control SRL,,0,0,1
1100019697,03/15/2016,Veritecnica SRL,,1,0,0
1100019698,03/15/2016,Veritecnica SRL,,1,0,0
1100019699,03/15/2016,Veritecnica SRL,,1,0,0
9102003926,03/15/2016,Veritecnica SRL,,0,1,0
1100019700,03/15/2016,Veritecnica SRL,,1,0,0
1100019701,03/15/2016,Veritecnica SRL,,1,0,0
1100019702,03/15/2016,Veritecnica SRL,,1,0,0
1100019703,03/15/2016,Veritecnica SRL,,1,0,0
1200006193,03/15/2016,Veritecnica SRL,,1,0,0
1100019704,03/15/2016,Veritecnica SRL,,1,0,0
9202000564,03/15/2016,Veritecnica SRL,,0,0,1
1100019705,03/15/2016,Veritecnica SRL,,1,0,0
1100019706,03/15/2016,Veritecnica SRL,,1,0,0
1100019707,03/15/2016,Veritecnica SRL,,1,0,0
1200006194,03/15/2016,Veritecnica SRL,,1,0,0
9202000565,03/15/2016,Veritecnica SRL,,0,0,1
1100019708,03/15/2016,Veritecnica SRL,,1,0,0
1100019709,03/15/2016,Veritecnica SRL,,1,0,0
9202000566,03/15/2016,Veritecnica SRL,,0,0,1
1100019710,03/15/2016,Veritecnica SRL,,1,0,0
1100019711,03/15/2016,Veritecnica SRL,,1,0,0
1100019712,03/15/2016,Veritecnica SRL,,1,0,0
1100019714,03/15/2016,Veritecnica SRL,,1,0,0
1100019713,03/15/2016,Veritecnica SRL,,1,0,0
1100019715,03/15/2016,Veritecnica SRL,,1,0,0
1200006195,03/15/2016,Veritecnica SRL,,1,0,0
9102003927,03/15/2016,Veritecnica SRL,,0,1,0
1200006196,03/15/2016,Veritecnica SRL,,1,0,0
1100019716,03/15/2016,Veritecnica SRL,,1,0,0
9202000567,03/15/2016,Veritecnica SRL,,0,0,1
1100019717,03/15/2016,Veritecnica SRL,,1,0,0
9102003928,03/15/2016,Veritecnica SRL,,0,0,1
1100019719,03/15/2016,Veritecnica SRL,,1,0,0
1100019718,03/15/2016,Veritecnica SRL,,1,0,0
1100019720,03/15/2016,Veritecnica SRL,,1,0,0
9102003929,03/15/2016,Veritecnica SRL,,0,0,1
1100019721,03/15/2016,Veritecnica SRL,,1,0,0
1100019722,03/15/2016,Veritecnica SRL,,1,0,0
1100019723,03/15/2016,Veritecnica SRL,,1,0,0
1100019724,03/15/2016,Veritecnica SRL,,1,0,0
1100019725,03/15/2016,Veritecnica SRL,,1,0,0
9102003930,03/15/2016,Veritecnica SRL,,0,0,1
9102003931,03/15/2016,Veritecnica SRL,,0,1,0
1100019727,03/15/2016,Veritecnica SRL,,1,0,0
1100019726,03/15/2016,Veritecnica SRL,,1,0,0
1100019728,03/15/2016,Veritecnica SRL,,1,0,0
9102003932,03/15/2016,Veritecnica SRL,,0,1,0
9102003933,03/15/2016,Veritecnica SRL,,0,0,1
1100019729,03/15/2016,Veritecnica SRL,,1,0,0
1100019730,03/15/2016,Veritecnica SRL,,1,0,0
9202000568,03/15/2016,Veritecnica SRL,,0,0,1
9102003934,03/15/2016,Veritecnica SRL,,0,0,1
1200006197,03/15/2016,Veritecnica SRL,,1,0,0
1100019731,03/15/2016,Veritecnica SRL,,1,0,0
1100019732,03/15/2016,Veritecnica SRL,,1,0,0
1200006198,03/15/2016,Veritecnica SRL,,1,0,0
9202000569,03/15/2016,Veritecnica SRL,,0,0,1
9102003935,03/15/2016,Veritecnica SRL,,0,1,0
1100019733,03/15/2016,Veritecnica SRL,,1,0,0
9102003936,03/15/2016,Veritecnica SRL,,0,0,1
1100019734,03/15/2016,Veritecnica SRL,,1,0,0
1100019735,03/15/2016,Veritecnica SRL,,1,0,0
1100019736,03/15/2016,Veritecnica SRL,,1,0,0
1200006199,03/15/2016,Veritecnica SRL,,1,0,0
1100019737,03/15/2016,Veritecnica SRL,,1,0,0
9102003937,03/15/2016,Veritecnica SRL,,0,0,1
1100019738,03/15/2016,Veritecnica SRL,,1,0,0
1100019739,03/15/2016,Veritecnica SRL,,1,0,0
1100019740,03/15/2016,Veritecnica SRL,,1,0,0
9102003938,03/15/2016,Veritecnica SRL,,0,1,0
1200006200,03/15/2016,Veritecnica SRL,,1,0,0
1100019741,03/15/2016,Veritecnica SRL,,1,0,0
1200006201,03/15/2016,Veritecnica SRL,,1,0,0
1200006202,03/15/2016,Veritecnica SRL,,1,0,0
1200006203,03/15/2016,Veritecnica SRL,,1,0,0
1100019742,03/16/2016,Veritecnica SRL,,1,0,0
9102003939,03/16/2016,Veritecnica SRL,,0,1,0
1100019743,03/16/2016,Veritecnica SRL,,1,0,0
9102003940,03/16/2016,Veritecnica SRL,,0,0,1
1100019744,03/16/2016,Veritecnica SRL,,1,0,0
1100019745,03/16/2016,Veritecnica SRL,,1,0,0
9102003941,03/16/2016,Veritecnica SRL,,0,0,1
1200006204,03/16/2016,Veritecnica SRL,,1,0,0
9102003942,03/16/2016,Veritecnica SRL,,0,0,1
1100019746,03/16/2016,Veritecnica SRL,,1,0,0
1100019747,03/16/2016,Veritecnica SRL,,1,0,0
1100019748,03/16/2016,Veritecnica SRL,,1,0,0
1200006205,03/16/2016,Veritecnica SRL,,1,0,0
1200006206,03/16/2016,Veritecnica SRL,,1,0,0
9102003943,03/16/2016,Veritecnica SRL,,0,1,0
1100019749,03/16/2016,Veritecnica SRL,,1,0,0
1100019750,03/16/2016,Veritecnica SRL,,1,0,0
1100019751,03/16/2016,Veritecnica SRL,,1,0,0
1100019753,03/16/2016,Veritecnica SRL,,1,0,0
1100019752,03/16/2016,Veritecnica SRL,,1,0,0
9202000570,03/16/2016,Veritecnica SRL,,0,0,1
1100019754,03/16/2016,Veritecnica SRL,,1,0,0
9202000571,03/16/2016,Veritecnica SRL,,0,0,1
1200006207,03/16/2016,Veritecnica SRL,,1,0,0
1100019755,03/16/2016,Veritecnica SRL,,1,0,0
1200006208,03/16/2016,Veritecnica SRL,,1,0,0
1100019756,03/16/2016,Veritecnica SRL,,1,0,0
1200006209,03/16/2016,Veritecnica SRL,,1,0,0
1200006210,03/16/2016,Veritecnica SRL,,1,0,0
1100019757,03/16/2016,Veritecnica SRL,,1,0,0
1200006211,03/16/2016,Veritecnica SRL,,1,0,0
1100019758,03/16/2016,Veritecnica SRL,,1,0,0
1100019759,03/16/2016,Veritecnica SRL,,1,0,0
1100019761,03/16/2016,Veritecnica SRL,,1,0,0
1100019760,03/16/2016,Veritecnica SRL,,1,0,0
9102003944,03/16/2016,Veritecnica SRL,,0,0,1
9102003945,03/16/2016,Veritecnica SRL,,0,0,1
9102003946,03/16/2016,Veritecnica SRL,,0,0,1
1100019762,03/16/2016,Veritecnica SRL,,1,0,0
1200006212,03/16/2016,Veritecnica SRL,,1,0,0
1200006213,03/16/2016,Veritecnica SRL,,1,0,0
1200006214,03/16/2016,Veritecnica SRL,,1,0,0
9102003947,03/16/2016,Veritecnica SRL,,0,0,1
1200006215,03/16/2016,Veritecnica SRL,,1,0,0
9102003948,03/16/2016,Veritecnica SRL,,0,1,0
1100019763,03/16/2016,Veritecnica SRL,,1,0,0
1200006216,03/16/2016,Veritecnica SRL,,1,0,0
1100019764,03/16/2016,Veritecnica SRL,,1,0,0
1100019765,03/16/2016,Veritecnica SRL,,1,0,0
1100019766,03/16/2016,Veritecnica SRL,,1,0,0
1100019768,03/16/2016,Veritecnica SRL,,1,0,0
1100019767,03/16/2016,Veritecnica SRL,,1,0,0
1100019769,03/16/2016,Veritecnica SRL,,1,0,0
1100019770,03/16/2016,Veritecnica SRL,,1,0,0
1100019771,03/16/2016,Veritecnica SRL,,1,0,0
1200006217,03/16/2016,Veritecnica SRL,,1,0,0
1100019772,03/16/2016,Veritecnica SRL,,1,0,0
1100019773,03/16/2016,Veritecnica SRL,,1,0,0
1100019774,03/16/2016,Veritecnica SRL,,1,0,0
9102003949,03/16/2016,Veritecnica SRL,,0,1,0
9102003950,03/16/2016,Veritecnica SRL,,0,0,1
1100019775,03/16/2016,Veritecnica SRL,,1,0,0
1100019776,03/16/2016,Veritecnica SRL,,1,0,0
1100019777,03/16/2016,Veritecnica SRL,,1,0,0
1100019778,03/16/2016,Veritecnica SRL,,1,0,0
9202000572,03/16/2016,Veritecnica SRL,,0,0,1
1100019779,03/16/2016,Veritecnica SRL,,1,0,0
