Nrocertificado,Fecha,Idtaller,Dominiovehiculo,Aprobado,RechazadoLeveModerado,RechazadoGrave
1100030943,12/19/2016,Asociación de Bomberos Voluntarios - San Martín de los Andes,,1,0,0
1100030944,12/19/2016,Asociación de Bomberos Voluntarios - San Martín de los Andes,,1,0,0
1100030945,12/19/2016,Asociación de Bomberos Voluntarios - San Martín de los Andes,,1,0,0
9101002335,12/19/2016,Asociación de Bomberos Voluntarios - San Martín de los Andes,,0,0,1
9101002336,12/19/2016,Asociación de Bomberos Voluntarios - San Martín de los Andes,,0,0,1
1100030946,12/19/2016,Asociación de Bomberos Voluntarios - San Martín de los Andes,,1,0,0
1100030947,12/19/2016,Asociación de Bomberos Voluntarios - San Martín de los Andes,,1,0,0
1100030948,12/19/2016,Asociación de Bomberos Voluntarios - San Martín de los Andes,,1,0,0
1100030949,12/19/2016,Asociación de Bomberos Voluntarios - San Martín de los Andes,,1,0,0
9101002337,12/19/2016,Asociación de Bomberos Voluntarios - San Martín de los Andes,,0,0,1
9101002338,12/19/2016,Asociación de Bomberos Voluntarios - San Martín de los Andes,,0,0,1
1100030950,12/19/2016,Asociación de Bomberos Voluntarios - San Martín de los Andes,,1,0,0
9101002339,12/19/2016,Asociación de Bomberos Voluntarios - San Martín de los Andes,,0,0,1
1100030951,12/19/2016,Asociación de Bomberos Voluntarios - San Martín de los Andes,,1,0,0
1100030952,12/19/2016,Asociación de Bomberos Voluntarios - San Martín de los Andes,,1,0,0
1100030953,12/19/2016,Asociación de Bomberos Voluntarios - San Martín de los Andes,,1,0,0
1100030954,12/19/2016,Asociación de Bomberos Voluntarios - San Martín de los Andes,,1,0,0
1200010121,12/19/2016,Asociación de Bomberos Voluntarios - San Martín de los Andes,,1,0,0
1100030955,12/19/2016,Asociación de Bomberos Voluntarios - San Martín de los Andes,,1,0,0
1200010122,12/19/2016,Asociación de Bomberos Voluntarios - San Martín de los Andes,,1,0,0
1100030956,12/19/2016,Asociación de Bomberos Voluntarios - San Martín de los Andes,,1,0,0
1100030957,12/19/2016,Asociación de Bomberos Voluntarios - San Martín de los Andes,,1,0,0
1100030958,12/19/2016,Asociación de Bomberos Voluntarios - San Martín de los Andes,,1,0,0
1100030959,12/19/2016,Asociación de Bomberos Voluntarios - San Martín de los Andes,,1,0,0
1100030960,12/19/2016,Asociación de Bomberos Voluntarios - San Martín de los Andes,,1,0,0
1100030961,12/19/2016,Asociación de Bomberos Voluntarios - San Martín de los Andes,,1,0,0
1100030962,12/19/2016,Asociación de Bomberos Voluntarios - San Martín de los Andes,,1,0,0
1100030963,12/19/2016,Asociación de Bomberos Voluntarios - San Martín de los Andes,,1,0,0
1100030964,12/19/2016,Asociación de Bomberos Voluntarios - San Martín de los Andes,,1,0,0
1200010123,12/19/2016,Asociación de Bomberos Voluntarios - San Martín de los Andes,,1,0,0
1100030965,12/19/2016,Asociación de Bomberos Voluntarios - San Martín de los Andes,,1,0,0
1100030297,12/19/2016,Control SRL,,1,0,0
1100030298,12/19/2016,Control SRL,,1,0,0
1100030299,12/19/2016,Control SRL,,1,0,0
1100030300,12/19/2016,Control SRL,,1,0,0
9103001950,12/19/2016,Control SRL,,0,0,1
1100030302,12/19/2016,Control SRL,,1,0,0
1100030301,12/19/2016,Control SRL,,1,0,0
1100030303,12/19/2016,Control SRL,,1,0,0
1200010534,12/19/2016,Control SRL,,1,0,0
1100030304,12/19/2016,Control SRL,,1,0,0
9103001951,12/19/2016,Control SRL,,0,0,1
1100030305,12/19/2016,Control SRL,,1,0,0
1200010531,12/19/2016,Control SRL,,1,0,0
1100030306,12/19/2016,Control SRL,,1,0,0
1100030307,12/19/2016,Control SRL,,1,0,0
1200010530,12/19/2016,Control SRL,,1,0,0
9203000550,12/19/2016,Control SRL,,0,0,1
1200010532,12/19/2016,Control SRL,,1,0,0
1100030457,12/19/2016,Control SRL,,1,0,0
1100030308,12/19/2016,Control SRL,,1,0,0
1200010533,12/19/2016,Control SRL,,1,0,0
9103001952,12/19/2016,Control SRL,,0,0,1
1100030309,12/19/2016,Control SRL,,1,0,0
1100030310,12/19/2016,Control SRL,,1,0,0
1200010535,12/19/2016,Control SRL,,1,0,0
1200010536,12/19/2016,Control SRL,,1,0,0
9103001953,12/19/2016,Control SRL,,0,0,1
1200010537,12/19/2016,Control SRL,,1,0,0
1100030311,12/19/2016,Control SRL,,1,0,0
1200010538,12/19/2016,Control SRL,,1,0,0
1100030312,12/19/2016,Control SRL,,1,0,0
1200010539,12/19/2016,Control SRL,,1,0,0
1100030456,12/19/2016,Control SRL,,1,0,0
1100030313,12/19/2016,Control SRL,,1,0,0
1100030314,12/19/2016,Control SRL,,1,0,0
1200010541,12/19/2016,Control SRL,,1,0,0
1200010542,12/19/2016,Control SRL,,1,0,0
9203000551,12/19/2016,Control SRL,,0,0,1
1100030315,12/19/2016,Control SRL,,1,0,0
1100030316,12/19/2016,Control SRL,,1,0,0
1100030317,12/19/2016,Control SRL,,1,0,0
1200010543,12/19/2016,Control SRL,,1,0,0
1100030455,12/19/2016,Control SRL,,1,0,0
1100030318,12/19/2016,Control SRL,,1,0,0
9103001954,12/19/2016,Control SRL,,0,0,1
1100030319,12/19/2016,Control SRL,,1,0,0
1200010544,12/19/2016,Control SRL,,1,0,0
1200010545,12/19/2016,Control SRL,,1,0,0
1100030320,12/19/2016,Control SRL,,1,0,0
9103001955,12/19/2016,Control SRL,,0,0,1
1100030321,12/19/2016,Control SRL,,1,0,0
1100030322,12/19/2016,Control SRL,,1,0,0
1100030323,12/19/2016,Control SRL,,1,0,0
1200010528,12/19/2016,Control SRL,,1,0,0
1100030324,12/19/2016,Control SRL,,1,0,0
1100030325,12/19/2016,Control SRL,,1,0,0
9103001956,12/19/2016,Control SRL,,0,0,1
9103001957,12/19/2016,Control SRL,,0,0,1
1200010546,12/19/2016,Control SRL,,1,0,0
1100030326,12/19/2016,Control SRL,,1,0,0
1100030327,12/19/2016,Control SRL,,1,0,0
1200010547,12/19/2016,Control SRL,,1,0,0
1100030328,12/19/2016,Control SRL,,1,0,0
1200010550,12/19/2016,Control SRL,,1,0,0
1100030329,12/19/2016,Control SRL,,1,0,0
1100030330,12/19/2016,Control SRL,,1,0,0
1100030331,12/19/2016,Control SRL,,1,0,0
1200010540,12/19/2016,Control SRL,,1,0,0
1200010548,12/19/2016,Control SRL,,1,0,0
1100030332,12/19/2016,Control SRL,,1,0,0
1200010549,12/19/2016,Control SRL,,1,0,0
1200010551,12/19/2016,Control SRL,,1,0,0
1200010574,12/19/2016,Control SRL,,1,0,0
1100030333,12/19/2016,Control SRL,,1,0,0
1100030334,12/19/2016,Control SRL,,1,0,0
1100030335,12/19/2016,Control SRL,,1,0,0
1100031311,12/19/2016,Veritecnica SRL,,1,0,0
1100031312,12/19/2016,Veritecnica SRL,,1,0,0
1100031313,12/19/2016,Veritecnica SRL,,1,0,0
9102006225,12/19/2016,Veritecnica SRL,,0,0,1
1100031315,12/19/2016,Veritecnica SRL,,1,0,0
9102006226,12/19/2016,Veritecnica SRL,,0,0,1
1100031316,12/19/2016,Veritecnica SRL,,1,0,0
1100031317,12/19/2016,Veritecnica SRL,,1,0,0
1100031318,12/19/2016,Veritecnica SRL,,1,0,0
1100031319,12/19/2016,Veritecnica SRL,,1,0,0
1100031320,12/19/2016,Veritecnica SRL,,1,0,0
9102006227,12/19/2016,Veritecnica SRL,,0,0,1
1100031321,12/19/2016,Veritecnica SRL,,1,0,0
9102006228,12/19/2016,Veritecnica SRL,,0,0,1
9102006229,12/19/2016,Veritecnica SRL,,0,0,1
1100031322,12/19/2016,Veritecnica SRL,,1,0,0
1100031323,12/19/2016,Veritecnica SRL,,1,0,0
1100031324,12/19/2016,Veritecnica SRL,,1,0,0
1100031325,12/19/2016,Veritecnica SRL,,1,0,0
1100031326,12/19/2016,Veritecnica SRL,,1,0,0
1100031327,12/19/2016,Veritecnica SRL,,1,0,0
1100031328,12/19/2016,Veritecnica SRL,,1,0,0
1100031329,12/19/2016,Veritecnica SRL,,1,0,0
1100031330,12/19/2016,Veritecnica SRL,,1,0,0
1100031331,12/19/2016,Veritecnica SRL,,1,0,0
1100031332,12/19/2016,Veritecnica SRL,,1,0,0
1100031333,12/19/2016,Veritecnica SRL,,1,0,0
1100031334,12/19/2016,Veritecnica SRL,,1,0,0
1200010479,12/19/2016,Veritecnica SRL,,1,0,0
1100031335,12/19/2016,Veritecnica SRL,,1,0,0
1100031336,12/19/2016,Veritecnica SRL,,1,0,0
9102006230,12/19/2016,Veritecnica SRL,,0,1,0
1100031337,12/19/2016,Veritecnica SRL,,1,0,0
1100031338,12/19/2016,Veritecnica SRL,,1,0,0
1100031339,12/19/2016,Veritecnica SRL,,1,0,0
1100031340,12/19/2016,Veritecnica SRL,,1,0,0
1100031341,12/19/2016,Veritecnica SRL,,1,0,0
9102006231,12/19/2016,Veritecnica SRL,,0,0,1
9102006232,12/19/2016,Veritecnica SRL,,0,1,0
1100031342,12/19/2016,Veritecnica SRL,,1,0,0
1100031343,12/19/2016,Veritecnica SRL,,1,0,0
1100031344,12/19/2016,Veritecnica SRL,,1,0,0
1100031345,12/19/2016,Veritecnica SRL,,1,0,0
1100031346,12/19/2016,Veritecnica SRL,,1,0,0
1100031347,12/19/2016,Veritecnica SRL,,1,0,0
1200010480,12/19/2016,Veritecnica SRL,,1,0,0
9102006233,12/19/2016,Veritecnica SRL,,0,1,0
9102006234,12/19/2016,Veritecnica SRL,,0,1,0
1100031348,12/19/2016,Veritecnica SRL,,1,0,0
1200010481,12/19/2016,Veritecnica SRL,,1,0,0
1100031349,12/19/2016,Veritecnica SRL,,1,0,0
1100031350,12/19/2016,Veritecnica SRL,,1,0,0
1100031351,12/19/2016,Veritecnica SRL,,1,0,0
1200010482,12/19/2016,Veritecnica SRL,,1,0,0
1100031352,12/19/2016,Veritecnica SRL,,1,0,0
1100031353,12/19/2016,Veritecnica SRL,,1,0,0
1200010483,12/19/2016,Veritecnica SRL,,1,0,0
1100031354,12/19/2016,Veritecnica SRL,,1,0,0
9102006235,12/19/2016,Veritecnica SRL,,0,1,0
1100031355,12/19/2016,Veritecnica SRL,,1,0,0
1200010484,12/19/2016,Veritecnica SRL,,1,0,0
1100031356,12/19/2016,Veritecnica SRL,,1,0,0
1100031357,12/19/2016,Veritecnica SRL,,1,0,0
9102006236,12/19/2016,Veritecnica SRL,,0,0,1
1100031358,12/19/2016,Veritecnica SRL,,1,0,0
9102006237,12/19/2016,Veritecnica SRL,,0,1,0
1200010485,12/19/2016,Veritecnica SRL,,1,0,0
1200010486,12/19/2016,Veritecnica SRL,,1,0,0
1100031359,12/19/2016,Veritecnica SRL,,1,0,0
1200010487,12/19/2016,Veritecnica SRL,,1,0,0
1100031360,12/19/2016,Veritecnica SRL,,1,0,0
1100031361,12/19/2016,Veritecnica SRL,,1,0,0
1100031362,12/19/2016,Veritecnica SRL,,1,0,0
1100031363,12/19/2016,Veritecnica SRL,,1,0,0
1100031364,12/19/2016,Veritecnica SRL,,1,0,0
1100031365,12/19/2016,Veritecnica SRL,,1,0,0
1100031366,12/19/2016,Veritecnica SRL,,1,0,0
1100031367,12/19/2016,Veritecnica SRL,,1,0,0
