Nrocertificado,Fecha,Idtaller,Dominiovehiculo,Aprobado,RechazadoLeveModerado,RechazadoGrave
1100026805,09/26/2016,Asociación de Bomberos Voluntarios - San Martín de los Andes,,1,0,0
1100026806,09/26/2016,Asociación de Bomberos Voluntarios - San Martín de los Andes,,1,0,0
9101002014,09/26/2016,Asociación de Bomberos Voluntarios - San Martín de los Andes,,0,1,0
1100026807,09/26/2016,Asociación de Bomberos Voluntarios - San Martín de los Andes,,1,0,0
1100026808,09/26/2016,Asociación de Bomberos Voluntarios - San Martín de los Andes,,1,0,0
1100026809,09/26/2016,Asociación de Bomberos Voluntarios - San Martín de los Andes,,1,0,0
1100026810,09/26/2016,Asociación de Bomberos Voluntarios - San Martín de los Andes,,1,0,0
1100026811,09/26/2016,Asociación de Bomberos Voluntarios - San Martín de los Andes,,1,0,0
1100026812,09/26/2016,Asociación de Bomberos Voluntarios - San Martín de los Andes,,1,0,0
1100026813,09/26/2016,Asociación de Bomberos Voluntarios - San Martín de los Andes,,1,0,0
1100026814,09/26/2016,Asociación de Bomberos Voluntarios - San Martín de los Andes,,1,0,0
1100026815,09/26/2016,Asociación de Bomberos Voluntarios - San Martín de los Andes,,1,0,0
9101002015,09/26/2016,Asociación de Bomberos Voluntarios - San Martín de los Andes,,0,1,0
1100026816,09/26/2016,Asociación de Bomberos Voluntarios - San Martín de los Andes,,1,0,0
9101002016,09/26/2016,Asociación de Bomberos Voluntarios - San Martín de los Andes,,0,0,1
1100026817,09/26/2016,Asociación de Bomberos Voluntarios - San Martín de los Andes,,1,0,0
9201000386,09/26/2016,Asociación de Bomberos Voluntarios - San Martín de los Andes,,0,0,1
1100026818,09/26/2016,Asociación de Bomberos Voluntarios - San Martín de los Andes,,1,0,0
1100026819,09/26/2016,Asociación de Bomberos Voluntarios - San Martín de los Andes,,1,0,0
1100026820,09/26/2016,Asociación de Bomberos Voluntarios - San Martín de los Andes,,1,0,0
1100026821,09/26/2016,Asociación de Bomberos Voluntarios - San Martín de los Andes,,1,0,0
1100026822,09/26/2016,Asociación de Bomberos Voluntarios - San Martín de los Andes,,1,0,0
9101002017,09/26/2016,Asociación de Bomberos Voluntarios - San Martín de los Andes,,0,1,0
1100026823,09/26/2016,Asociación de Bomberos Voluntarios - San Martín de los Andes,,1,0,0
1100026824,09/26/2016,Asociación de Bomberos Voluntarios - San Martín de los Andes,,1,0,0
9102005571,09/26/2016,Veritecnica SRL,,0,0,1
1100026709,09/26/2016,Veritecnica SRL,,1,0,0
1100026710,09/26/2016,Veritecnica SRL,,1,0,0
1200009160,09/26/2016,Veritecnica SRL,,1,0,0
1100026711,09/26/2016,Veritecnica SRL,,1,0,0
1100026712,09/26/2016,Veritecnica SRL,,1,0,0
9202000965,09/26/2016,Veritecnica SRL,,0,0,1
1100026713,09/26/2016,Veritecnica SRL,,1,0,0
9102005572,09/26/2016,Veritecnica SRL,,0,0,1
1100026714,09/26/2016,Veritecnica SRL,,1,0,0
9202000966,09/26/2016,Veritecnica SRL,,0,0,1
1200009161,09/26/2016,Veritecnica SRL,,1,0,0
1200009162,09/26/2016,Veritecnica SRL,,1,0,0
9102005573,09/26/2016,Veritecnica SRL,,0,0,1
1100026715,09/26/2016,Veritecnica SRL,,1,0,0
1100026716,09/26/2016,Veritecnica SRL,,1,0,0
1100026717,09/26/2016,Veritecnica SRL,,1,0,0
9202000967,09/26/2016,Veritecnica SRL,,0,0,1
1200009163,09/26/2016,Veritecnica SRL,,1,0,0
9102005574,09/26/2016,Veritecnica SRL,,0,0,1
1100026718,09/26/2016,Veritecnica SRL,,1,0,0
1100026719,09/26/2016,Veritecnica SRL,,1,0,0
9102005575,09/26/2016,Veritecnica SRL,,0,0,1
9102005576,09/26/2016,Veritecnica SRL,,0,1,0
1200009164,09/26/2016,Veritecnica SRL,,1,0,0
1200009165,09/26/2016,Veritecnica SRL,,1,0,0
9202000968,09/26/2016,Veritecnica SRL,,0,0,1
1100026720,09/26/2016,Veritecnica SRL,,1,0,0
9102005577,09/26/2016,Veritecnica SRL,,0,1,0
1200009166,09/26/2016,Veritecnica SRL,,1,0,0
9102005578,09/26/2016,Veritecnica SRL,,0,0,1
1200009167,09/26/2016,Veritecnica SRL,,1,0,0
9102005579,09/26/2016,Veritecnica SRL,,0,1,0
1100026721,09/26/2016,Veritecnica SRL,,1,0,0
1200009168,09/26/2016,Veritecnica SRL,,1,0,0
1200009169,09/26/2016,Veritecnica SRL,,1,0,0
1100026722,09/26/2016,Veritecnica SRL,,1,0,0
1200009170,09/26/2016,Veritecnica SRL,,1,0,0
9202000969,09/26/2016,Veritecnica SRL,,0,0,1
9102005580,09/26/2016,Veritecnica SRL,,0,0,1
1100026723,09/26/2016,Veritecnica SRL,,1,0,0
9102005581,09/26/2016,Veritecnica SRL,,0,0,1
1100026724,09/26/2016,Veritecnica SRL,,1,0,0
1100026725,09/26/2016,Veritecnica SRL,,1,0,0
1100026726,09/26/2016,Veritecnica SRL,,1,0,0
9102005582,09/26/2016,Veritecnica SRL,,0,0,1
1100026727,09/26/2016,Veritecnica SRL,,1,0,0
9102005583,09/26/2016,Veritecnica SRL,,0,1,0
9102005584,09/26/2016,Veritecnica SRL,,0,0,1
1100026728,09/26/2016,Veritecnica SRL,,1,0,0
1100026729,09/26/2016,Veritecnica SRL,,1,0,0
