Nrocertificado,Fecha,Idtaller,Dominiovehiculo,Aprobado,RechazadoLeveModerado,RechazadoGrave
1100020829,04/25/2016,Asociación de Bomberos Voluntarios - San Martín de los Andes,,1,0,0
9101001586,04/25/2016,Asociación de Bomberos Voluntarios - San Martín de los Andes,,0,1,0
9101001587,04/25/2016,Asociación de Bomberos Voluntarios - San Martín de los Andes,,0,1,0
1100020830,04/25/2016,Asociación de Bomberos Voluntarios - San Martín de los Andes,,1,0,0
9101001588,04/25/2016,Asociación de Bomberos Voluntarios - San Martín de los Andes,,0,0,1
1100020831,04/25/2016,Asociación de Bomberos Voluntarios - San Martín de los Andes,,1,0,0
9101001589,04/25/2016,Asociación de Bomberos Voluntarios - San Martín de los Andes,,0,1,0
1100020832,04/25/2016,Asociación de Bomberos Voluntarios - San Martín de los Andes,,1,0,0
1100020833,04/25/2016,Asociación de Bomberos Voluntarios - San Martín de los Andes,,1,0,0
1100020834,04/25/2016,Asociación de Bomberos Voluntarios - San Martín de los Andes,,1,0,0
1200005397,04/25/2016,Asociación de Bomberos Voluntarios - San Martín de los Andes,,1,0,0
9201000276,04/25/2016,Asociación de Bomberos Voluntarios - San Martín de los Andes,,0,1,0
1100020835,04/25/2016,Asociación de Bomberos Voluntarios - San Martín de los Andes,,1,0,0
1100020836,04/25/2016,Asociación de Bomberos Voluntarios - San Martín de los Andes,,1,0,0
1200005398,04/25/2016,Asociación de Bomberos Voluntarios - San Martín de los Andes,,1,0,0
9201000277,04/25/2016,Asociación de Bomberos Voluntarios - San Martín de los Andes,,0,1,0
9101001590,04/25/2016,Asociación de Bomberos Voluntarios - San Martín de los Andes,,0,1,0
9101001591,04/25/2016,Asociación de Bomberos Voluntarios - San Martín de los Andes,,0,0,1
9101001592,04/25/2016,Asociación de Bomberos Voluntarios - San Martín de los Andes,,0,1,0
1100021360,04/25/2016,Control SRL,,1,0,0
1100021334,04/25/2016,Control SRL,,1,0,0
1200006831,04/25/2016,Control SRL,,1,0,0
1100021335,04/25/2016,Control SRL,,1,0,0
1100021336,04/25/2016,Control SRL,,1,0,0
1100021337,04/25/2016,Control SRL,,1,0,0
9103001312,04/25/2016,Control SRL,,0,0,1
1100021338,04/25/2016,Control SRL,,1,0,0
9103001313,04/25/2016,Control SRL,,0,0,1
1100021339,04/25/2016,Control SRL,,1,0,0
9203000350,04/25/2016,Control SRL,,0,0,1
1100021340,04/25/2016,Control SRL,,1,0,0
1100021341,04/25/2016,Control SRL,,1,0,0
1100021342,04/25/2016,Control SRL,,1,0,0
1100021343,04/25/2016,Control SRL,,1,0,0
1200006832,04/25/2016,Control SRL,,1,0,0
1100021344,04/25/2016,Control SRL,,1,0,0
1100021345,04/25/2016,Control SRL,,1,0,0
1100021346,04/25/2016,Control SRL,,1,0,0
1100021347,04/25/2016,Control SRL,,1,0,0
1200006833,04/25/2016,Control SRL,,1,0,0
1100021348,04/25/2016,Control SRL,,1,0,0
1100021349,04/25/2016,Control SRL,,1,0,0
1100021350,04/25/2016,Control SRL,,1,0,0
1100021351,04/25/2016,Control SRL,,1,0,0
9103001314,04/25/2016,Control SRL,,0,0,1
1100021352,04/25/2016,Control SRL,,1,0,0
1200006834,04/25/2016,Control SRL,,1,0,0
1100021353,04/25/2016,Control SRL,,1,0,0
1200006835,04/25/2016,Control SRL,,1,0,0
1100021354,04/25/2016,Control SRL,,1,0,0
9102004302,04/25/2016,Veritecnica SRL,,0,1,0
1200006724,04/25/2016,Veritecnica SRL,,1,0,0
9102004303,04/25/2016,Veritecnica SRL,,0,0,1
1100021102,04/25/2016,Veritecnica SRL,,1,0,0
1100021103,04/25/2016,Veritecnica SRL,,1,0,0
1100021104,04/25/2016,Veritecnica SRL,,1,0,0
1100021105,04/25/2016,Veritecnica SRL,,1,0,0
1100021106,04/25/2016,Veritecnica SRL,,1,0,0
1100021107,04/25/2016,Veritecnica SRL,,1,0,0
1100021108,04/25/2016,Veritecnica SRL,,1,0,0
1100021109,04/25/2016,Veritecnica SRL,,1,0,0
9102004304,04/25/2016,Veritecnica SRL,,0,1,0
1100021111,04/25/2016,Veritecnica SRL,,1,0,0
9102004305,04/25/2016,Veritecnica SRL,,0,0,1
9202000642,04/25/2016,Veritecnica SRL,,0,0,1
9102004306,04/25/2016,Veritecnica SRL,,0,0,1
9102004307,04/25/2016,Veritecnica SRL,,0,0,1
1200006725,04/25/2016,Veritecnica SRL,,1,0,0
9102004308,04/25/2016,Veritecnica SRL,,0,0,1
1100021112,04/25/2016,Veritecnica SRL,,1,0,0
1100021113,04/25/2016,Veritecnica SRL,,1,0,0
1200006726,04/25/2016,Veritecnica SRL,,1,0,0
1100021114,04/25/2016,Veritecnica SRL,,1,0,0
9102004309,04/25/2016,Veritecnica SRL,,0,0,1
1200006727,04/25/2016,Veritecnica SRL,,1,0,0
9102004310,04/25/2016,Veritecnica SRL,,0,1,0
9102004311,04/25/2016,Veritecnica SRL,,0,1,0
1200006728,04/25/2016,Veritecnica SRL,,1,0,0
9102004312,04/25/2016,Veritecnica SRL,,0,0,1
1100021115,04/25/2016,Veritecnica SRL,,1,0,0
1100021116,04/25/2016,Veritecnica SRL,,1,0,0
9102004313,04/25/2016,Veritecnica SRL,,0,0,1
1200006729,04/25/2016,Veritecnica SRL,,1,0,0
1100021117,04/25/2016,Veritecnica SRL,,1,0,0
9102004314,04/25/2016,Veritecnica SRL,,0,1,0
1100021118,04/25/2016,Veritecnica SRL,,1,0,0
9102004315,04/25/2016,Veritecnica SRL,,0,0,1
9102004316,04/25/2016,Veritecnica SRL,,0,0,1
9102004317,04/25/2016,Veritecnica SRL,,0,1,0
1100021119,04/25/2016,Veritecnica SRL,,1,0,0
1200006730,04/25/2016,Veritecnica SRL,,1,0,0
9102004318,04/25/2016,Veritecnica SRL,,0,1,0
