Nrocertificado,Fecha,Idtaller,Dominiovehiculo,Aprobado,RechazadoLeveModerado,RechazadoGrave
1100023097,06/27/2016,Asociación de Bomberos Voluntarios - San Martín de los Andes,,1,0,0
1100023098,06/27/2016,Asociación de Bomberos Voluntarios - San Martín de los Andes,,1,0,0
9101001781,06/27/2016,Asociación de Bomberos Voluntarios - San Martín de los Andes,,0,1,0
1100023099,06/27/2016,Asociación de Bomberos Voluntarios - San Martín de los Andes,,1,0,0
1100023100,06/27/2016,Asociación de Bomberos Voluntarios - San Martín de los Andes,,1,0,0
1200005494,06/27/2016,Asociación de Bomberos Voluntarios - San Martín de los Andes,,1,0,0
1100023101,06/27/2016,Asociación de Bomberos Voluntarios - San Martín de los Andes,,1,0,0
1100023102,06/27/2016,Asociación de Bomberos Voluntarios - San Martín de los Andes,,1,0,0
9101001782,06/27/2016,Asociación de Bomberos Voluntarios - San Martín de los Andes,,0,1,0
9101001783,06/27/2016,Asociación de Bomberos Voluntarios - San Martín de los Andes,,0,1,0
1100023103,06/27/2016,Asociación de Bomberos Voluntarios - San Martín de los Andes,,1,0,0
9101001784,06/27/2016,Asociación de Bomberos Voluntarios - San Martín de los Andes,,0,1,0
1200005495,06/27/2016,Asociación de Bomberos Voluntarios - San Martín de los Andes,,1,0,0
9101001785,06/27/2016,Asociación de Bomberos Voluntarios - San Martín de los Andes,,0,1,0
9101001786,06/27/2016,Asociación de Bomberos Voluntarios - San Martín de los Andes,,0,1,0
1100023104,06/27/2016,Asociación de Bomberos Voluntarios - San Martín de los Andes,,1,0,0
1100023762,06/27/2016,Control SRL,,1,0,0
1200007851,06/27/2016,Control SRL,,1,0,0
1100023763,06/27/2016,Control SRL,,1,0,0
1100023764,06/27/2016,Control SRL,,1,0,0
1100023765,06/27/2016,Control SRL,,1,0,0
1100023766,06/27/2016,Control SRL,,1,0,0
1100023767,06/27/2016,Control SRL,,1,0,0
1100023768,06/27/2016,Control SRL,,1,0,0
1100023769,06/27/2016,Control SRL,,1,0,0
1100023770,06/27/2016,Control SRL,,1,0,0
1200007853,06/27/2016,Control SRL,,1,0,0
1100023771,06/27/2016,Control SRL,,1,0,0
1100023772,06/27/2016,Control SRL,,1,0,0
1100023773,06/27/2016,Control SRL,,1,0,0
1100023774,06/27/2016,Control SRL,,1,0,0
1100023775,06/27/2016,Control SRL,,1,0,0
1100023776,06/27/2016,Control SRL,,1,0,0
1200007854,06/27/2016,Control SRL,,1,0,0
1100023777,06/27/2016,Control SRL,,1,0,0
1100023778,06/27/2016,Control SRL,,1,0,0
9103001481,06/27/2016,Control SRL,,0,0,1
1100023779,06/27/2016,Control SRL,,1,0,0
1200007855,06/27/2016,Control SRL,,1,0,0
1200007856,06/27/2016,Control SRL,,1,0,0
1200007857,06/27/2016,Control SRL,,1,0,0
1100023780,06/27/2016,Control SRL,,1,0,0
1100023781,06/27/2016,Control SRL,,1,0,0
1200007859,06/27/2016,Control SRL,,1,0,0
1200007860,06/27/2016,Control SRL,,1,0,0
1100023782,06/27/2016,Control SRL,,1,0,0
1100023783,06/27/2016,Control SRL,,1,0,0
1100023784,06/27/2016,Control SRL,,1,0,0
9103001482,06/27/2016,Control SRL,,0,0,1
1100023270,06/27/2016,Veritecnica SRL,,1,0,0
9102004792,06/27/2016,Veritecnica SRL,,0,0,1
1100023271,06/27/2016,Veritecnica SRL,,1,0,0
9102004793,06/27/2016,Veritecnica SRL,,0,0,1
9102004794,06/27/2016,Veritecnica SRL,,0,0,1
1100023272,06/27/2016,Veritecnica SRL,,1,0,0
1200007721,06/27/2016,Veritecnica SRL,,1,0,0
1100023273,06/27/2016,Veritecnica SRL,,1,0,0
1100023274,06/27/2016,Veritecnica SRL,,1,0,0
9102004795,06/27/2016,Veritecnica SRL,,0,0,1
1100023275,06/27/2016,Veritecnica SRL,,1,0,0
1200007722,06/27/2016,Veritecnica SRL,,1,0,0
1100023276,06/27/2016,Veritecnica SRL,,1,0,0
1100023277,06/27/2016,Veritecnica SRL,,1,0,0
1100023278,06/27/2016,Veritecnica SRL,,1,0,0
9102004796,06/27/2016,Veritecnica SRL,,0,0,1
9102004797,06/27/2016,Veritecnica SRL,,0,0,1
1100023279,06/27/2016,Veritecnica SRL,,1,0,0
9102004798,06/27/2016,Veritecnica SRL,,0,1,0
1100023280,06/27/2016,Veritecnica SRL,,1,0,0
9102004799,06/27/2016,Veritecnica SRL,,0,0,1
9102004800,06/27/2016,Veritecnica SRL,,0,0,1
1200007723,06/27/2016,Veritecnica SRL,,1,0,0
9102004801,06/27/2016,Veritecnica SRL,,0,1,0
1200007724,06/27/2016,Veritecnica SRL,,1,0,0
9102004802,06/27/2016,Veritecnica SRL,,0,1,0
9102004803,06/27/2016,Veritecnica SRL,,0,1,0
1100023281,06/27/2016,Veritecnica SRL,,1,0,0
9102004804,06/27/2016,Veritecnica SRL,,0,1,0
1200007725,06/27/2016,Veritecnica SRL,,1,0,0
9102004805,06/27/2016,Veritecnica SRL,,0,0,1
1100023282,06/27/2016,Veritecnica SRL,,1,0,0
9102004806,06/27/2016,Veritecnica SRL,,0,0,1
1200007726,06/27/2016,Veritecnica SRL,,1,0,0
1100023283,06/27/2016,Veritecnica SRL,,1,0,0
9102004807,06/27/2016,Veritecnica SRL,,0,0,1
9102004808,06/27/2016,Veritecnica SRL,,0,0,1
1100023284,06/27/2016,Veritecnica SRL,,1,0,0
1100023285,06/27/2016,Veritecnica SRL,,1,0,0
1100023286,06/27/2016,Veritecnica SRL,,1,0,0
1100023287,06/27/2016,Veritecnica SRL,,1,0,0
1100023288,06/27/2016,Veritecnica SRL,,1,0,0
1200007727,06/27/2016,Veritecnica SRL,,1,0,0
9102004809,06/27/2016,Veritecnica SRL,,0,0,1
