Nrocertificado,Fecha,Idtaller,Dominiovehiculo,Aprobado,RechazadoLeveModerado,RechazadoGrave
1100020754,04/16/2016,Asociación de Bomberos Voluntarios - San Martín de los Andes,,1,0,0
1100020755,04/16/2016,Asociación de Bomberos Voluntarios - San Martín de los Andes,,1,0,0
1100020756,04/16/2016,Asociación de Bomberos Voluntarios - San Martín de los Andes,,1,0,0
1100020757,04/16/2016,Asociación de Bomberos Voluntarios - San Martín de los Andes,,1,0,0
9101001560,04/16/2016,Asociación de Bomberos Voluntarios - San Martín de los Andes,,0,1,0
1100020758,04/16/2016,Asociación de Bomberos Voluntarios - San Martín de los Andes,,1,0,0
1100020759,04/16/2016,Asociación de Bomberos Voluntarios - San Martín de los Andes,,1,0,0
1100020760,04/16/2016,Asociación de Bomberos Voluntarios - San Martín de los Andes,,1,0,0
1100020730,04/16/2016,Veritecnica SRL,,1,0,0
1100020732,04/16/2016,Veritecnica SRL,,1,0,0
1100020731,04/16/2016,Veritecnica SRL,,1,0,0
1100020733,04/16/2016,Veritecnica SRL,,1,0,0
1100020734,04/16/2016,Veritecnica SRL,,1,0,0
9102004244,04/16/2016,Veritecnica SRL,,0,0,1
1200006666,04/16/2016,Veritecnica SRL,,1,0,0
9102004245,04/16/2016,Veritecnica SRL,,0,0,1
1100020735,04/16/2016,Veritecnica SRL,,1,0,0
1100020736,04/16/2016,Veritecnica SRL,,1,0,0
1100020737,04/16/2016,Veritecnica SRL,,1,0,0
1100020738,04/16/2016,Veritecnica SRL,,1,0,0
1100020739,04/16/2016,Veritecnica SRL,,1,0,0
1100020740,04/16/2016,Veritecnica SRL,,1,0,0
9202000627,04/16/2016,Veritecnica SRL,,0,0,1
1100020741,04/16/2016,Veritecnica SRL,,1,0,0
1200006667,04/16/2016,Veritecnica SRL,,1,0,0
1100020742,04/16/2016,Veritecnica SRL,,1,0,0
1200006668,04/16/2016,Veritecnica SRL,,1,0,0
9102004246,04/16/2016,Veritecnica SRL,,0,1,0
1100020743,04/16/2016,Veritecnica SRL,,1,0,0
1100020744,04/16/2016,Veritecnica SRL,,1,0,0
1100020745,04/16/2016,Veritecnica SRL,,1,0,0
9102004247,04/16/2016,Veritecnica SRL,,0,1,0
1200006669,04/16/2016,Veritecnica SRL,,1,0,0
1100020746,04/16/2016,Veritecnica SRL,,1,0,0
1200006670,04/16/2016,Veritecnica SRL,,1,0,0
1100020747,04/16/2016,Veritecnica SRL,,1,0,0
1200006671,04/16/2016,Veritecnica SRL,,1,0,0
1100020748,04/16/2016,Veritecnica SRL,,1,0,0
