Nrocertificado,Fecha,Idtaller,Dominiovehiculo,Aprobado,RechazadoLeveModerado,RechazadoGrave
9101001912,08/24/2016,Asociación de Bomberos Voluntarios - San Martín de los Andes,,0,1,0
1100025791,08/24/2016,Asociación de Bomberos Voluntarios - San Martín de los Andes,,1,0,0
1100025792,08/24/2016,Asociación de Bomberos Voluntarios - San Martín de los Andes,,1,0,0
1100025793,08/24/2016,Asociación de Bomberos Voluntarios - San Martín de los Andes,,1,0,0
1100025794,08/24/2016,Asociación de Bomberos Voluntarios - San Martín de los Andes,,1,0,0
1100025795,08/24/2016,Asociación de Bomberos Voluntarios - San Martín de los Andes,,1,0,0
1100025796,08/24/2016,Asociación de Bomberos Voluntarios - San Martín de los Andes,,1,0,0
9101001913,08/24/2016,Asociación de Bomberos Voluntarios - San Martín de los Andes,,0,0,1
1100025797,08/24/2016,Asociación de Bomberos Voluntarios - San Martín de los Andes,,1,0,0
9101001914,08/24/2016,Asociación de Bomberos Voluntarios - San Martín de los Andes,,0,1,0
1200007601,08/24/2016,Asociación de Bomberos Voluntarios - San Martín de los Andes,,1,0,0
9101001915,08/24/2016,Asociación de Bomberos Voluntarios - San Martín de los Andes,,0,1,0
1100025798,08/24/2016,Asociación de Bomberos Voluntarios - San Martín de los Andes,,1,0,0
9101001916,08/25/2016,Asociación de Bomberos Voluntarios - San Martín de los Andes,,0,1,0
9101001917,08/25/2016,Asociación de Bomberos Voluntarios - San Martín de los Andes,,0,1,0
1100025799,08/25/2016,Asociación de Bomberos Voluntarios - San Martín de los Andes,,1,0,0
1100025800,08/25/2016,Asociación de Bomberos Voluntarios - San Martín de los Andes,,1,0,0
1100025801,08/25/2016,Asociación de Bomberos Voluntarios - San Martín de los Andes,,1,0,0
1100025802,08/25/2016,Asociación de Bomberos Voluntarios - San Martín de los Andes,,1,0,0
1100025803,08/25/2016,Asociación de Bomberos Voluntarios - San Martín de los Andes,,1,0,0
1100025804,08/25/2016,Asociación de Bomberos Voluntarios - San Martín de los Andes,,1,0,0
9101001918,08/25/2016,Asociación de Bomberos Voluntarios - San Martín de los Andes,,0,0,1
1100025805,08/25/2016,Asociación de Bomberos Voluntarios - San Martín de los Andes,,1,0,0
1200008690,08/24/2016,Control SRL,,1,0,0
1200008681,08/24/2016,Control SRL,,1,0,0
1200008684,08/24/2016,Control SRL,,1,0,0
1200008683,08/24/2016,Control SRL,,1,0,0
1200008682,08/24/2016,Control SRL,,1,0,0
9103001625,08/24/2016,Control SRL,,0,0,1
1100025606,08/24/2016,Control SRL,,1,0,0
1200008685,08/24/2016,Control SRL,,1,0,0
1100025607,08/24/2016,Control SRL,,1,0,0
1100025608,08/24/2016,Control SRL,,1,0,0
1100025609,08/24/2016,Control SRL,,1,0,0
1100025610,08/24/2016,Control SRL,,1,0,0
1100025611,08/24/2016,Control SRL,,1,0,0
1100025612,08/24/2016,Control SRL,,1,0,0
9203000437,08/24/2016,Control SRL,,0,0,1
9203000438,08/24/2016,Control SRL,,0,0,1
1100025613,08/24/2016,Control SRL,,1,0,0
1100025614,08/24/2016,Control SRL,,1,0,0
1200008686,08/24/2016,Control SRL,,1,0,0
1100025615,08/24/2016,Control SRL,,1,0,0
1100025616,08/24/2016,Control SRL,,1,0,0
1100025617,08/24/2016,Control SRL,,1,0,0
1100025618,08/24/2016,Control SRL,,1,0,0
9103001626,08/24/2016,Control SRL,,0,0,1
1100025619,08/24/2016,Control SRL,,1,0,0
9103001627,08/24/2016,Control SRL,,0,0,1
1200008687,08/24/2016,Control SRL,,1,0,0
1200008688,08/24/2016,Control SRL,,1,0,0
1100025620,08/24/2016,Control SRL,,1,0,0
1200008689,08/24/2016,Control SRL,,1,0,0
9103001628,08/24/2016,Control SRL,,0,0,1
1100025621,08/24/2016,Control SRL,,1,0,0
9103001629,08/24/2016,Control SRL,,0,0,1
1100025622,08/24/2016,Control SRL,,1,0,0
1200008692,08/25/2016,Control SRL,,1,0,0
1200008691,08/25/2016,Control SRL,,1,0,0
1100025623,08/25/2016,Control SRL,,1,0,0
1100025624,08/25/2016,Control SRL,,1,0,0
1100025625,08/25/2016,Control SRL,,1,0,0
1200008693,08/25/2016,Control SRL,,1,0,0
1100025626,08/25/2016,Control SRL,,1,0,0
1100025627,08/25/2016,Control SRL,,1,0,0
1100025628,08/25/2016,Control SRL,,1,0,0
1100025629,08/25/2016,Control SRL,,1,0,0
1100025630,08/25/2016,Control SRL,,1,0,0
1200008694,08/25/2016,Control SRL,,1,0,0
1100025746,08/25/2016,Control SRL,,1,0,0
1100025745,08/25/2016,Control SRL,,1,0,0
1100025631,08/25/2016,Control SRL,,1,0,0
1100025632,08/25/2016,Control SRL,,1,0,0
1200008696,08/25/2016,Control SRL,,1,0,0
1100025633,08/25/2016,Control SRL,,1,0,0
1100025634,08/25/2016,Control SRL,,1,0,0
1100025635,08/25/2016,Control SRL,,1,0,0
1100025636,08/25/2016,Control SRL,,1,0,0
1200008698,08/25/2016,Control SRL,,1,0,0
1100025637,08/25/2016,Control SRL,,1,0,0
1200008697,08/25/2016,Control SRL,,1,0,0
1200008699,08/25/2016,Control SRL,,1,0,0
1100025638,08/25/2016,Control SRL,,1,0,0
1100025639,08/25/2016,Control SRL,,1,0,0
1200008700,08/25/2016,Control SRL,,1,0,0
1100025640,08/25/2016,Control SRL,,1,0,0
1100025641,08/25/2016,Control SRL,,1,0,0
1100025642,08/25/2016,Control SRL,,1,0,0
1100025359,08/24/2016,Veritecnica SRL,,1,0,0
9102005321,08/24/2016,Veritecnica SRL,,0,0,1
1100025360,08/24/2016,Veritecnica SRL,,1,0,0
9102005322,08/24/2016,Veritecnica SRL,,0,0,1
1100025361,08/24/2016,Veritecnica SRL,,1,0,0
9202000873,08/24/2016,Veritecnica SRL,,0,0,1
9102005323,08/24/2016,Veritecnica SRL,,0,0,1
1100025362,08/24/2016,Veritecnica SRL,,1,0,0
1100025363,08/24/2016,Veritecnica SRL,,1,0,0
1200008801,08/24/2016,Veritecnica SRL,,1,0,0
1100025364,08/24/2016,Veritecnica SRL,,1,0,0
1200008802,08/24/2016,Veritecnica SRL,,1,0,0
1100025365,08/24/2016,Veritecnica SRL,,1,0,0
1100025366,08/24/2016,Veritecnica SRL,,1,0,0
1100025367,08/24/2016,Veritecnica SRL,,1,0,0
1200008804,08/24/2016,Veritecnica SRL,,1,0,0
9102005324,08/24/2016,Veritecnica SRL,,0,0,1
1200008806,08/24/2016,Veritecnica SRL,,1,0,0
9102005325,08/24/2016,Veritecnica SRL,,0,1,0
1100025368,08/24/2016,Veritecnica SRL,,1,0,0
1100025369,08/24/2016,Veritecnica SRL,,1,0,0
9202000874,08/24/2016,Veritecnica SRL,,0,0,1
1100025370,08/24/2016,Veritecnica SRL,,1,0,0
1100025371,08/24/2016,Veritecnica SRL,,1,0,0
1100025372,08/24/2016,Veritecnica SRL,,1,0,0
9202000875,08/24/2016,Veritecnica SRL,,0,0,1
9102005326,08/24/2016,Veritecnica SRL,,0,0,1
1200008803,08/24/2016,Veritecnica SRL,,1,0,0
1200008807,08/24/2016,Veritecnica SRL,,1,0,0
1200008805,08/24/2016,Veritecnica SRL,,1,0,0
9202000876,08/24/2016,Veritecnica SRL,,0,0,1
9102005327,08/24/2016,Veritecnica SRL,,0,0,1
9202000877,08/24/2016,Veritecnica SRL,,0,0,1
9102005328,08/24/2016,Veritecnica SRL,,0,0,1
9102005329,08/24/2016,Veritecnica SRL,,0,1,0
1100025373,08/24/2016,Veritecnica SRL,,1,0,0
9102005330,08/24/2016,Veritecnica SRL,,0,1,0
1200008808,08/24/2016,Veritecnica SRL,,1,0,0
1100025374,08/24/2016,Veritecnica SRL,,1,0,0
1100025375,08/24/2016,Veritecnica SRL,,1,0,0
9102005331,08/24/2016,Veritecnica SRL,,0,0,1
9102005332,08/24/2016,Veritecnica SRL,,0,0,1
1100025376,08/24/2016,Veritecnica SRL,,1,0,0
1100025377,08/24/2016,Veritecnica SRL,,1,0,0
1100025378,08/24/2016,Veritecnica SRL,,1,0,0
1100025379,08/24/2016,Veritecnica SRL,,1,0,0
1100025380,08/24/2016,Veritecnica SRL,,1,0,0
1200008809,08/24/2016,Veritecnica SRL,,1,0,0
1100025381,08/24/2016,Veritecnica SRL,,1,0,0
1100025382,08/25/2016,Veritecnica SRL,,1,0,0
1100025383,08/25/2016,Veritecnica SRL,,1,0,0
1100025384,08/25/2016,Veritecnica SRL,,1,0,0
9102005333,08/25/2016,Veritecnica SRL,,0,0,1
1100025385,08/25/2016,Veritecnica SRL,,1,0,0
1100025386,08/25/2016,Veritecnica SRL,,1,0,0
1100025387,08/25/2016,Veritecnica SRL,,1,0,0
9202000878,08/25/2016,Veritecnica SRL,,0,0,1
1100025388,08/25/2016,Veritecnica SRL,,1,0,0
1100025389,08/25/2016,Veritecnica SRL,,1,0,0
1200008810,08/25/2016,Veritecnica SRL,,1,0,0
1100025390,08/25/2016,Veritecnica SRL,,1,0,0
1200008811,08/25/2016,Veritecnica SRL,,1,0,0
1100025391,08/25/2016,Veritecnica SRL,,1,0,0
9102005334,08/25/2016,Veritecnica SRL,,0,0,1
1100025392,08/25/2016,Veritecnica SRL,,1,0,0
9102005335,08/25/2016,Veritecnica SRL,,0,1,0
1100025393,08/25/2016,Veritecnica SRL,,1,0,0
9102005336,08/25/2016,Veritecnica SRL,,0,1,0
1200008812,08/25/2016,Veritecnica SRL,,1,0,0
1100025394,08/25/2016,Veritecnica SRL,,1,0,0
9102005337,08/25/2016,Veritecnica SRL,,0,0,1
9202000879,08/25/2016,Veritecnica SRL,,0,0,1
1100025395,08/25/2016,Veritecnica SRL,,1,0,0
1200008813,08/25/2016,Veritecnica SRL,,1,0,0
1100025396,08/25/2016,Veritecnica SRL,,1,0,0
1100025397,08/25/2016,Veritecnica SRL,,1,0,0
1100025398,08/25/2016,Veritecnica SRL,,1,0,0
1100025399,08/25/2016,Veritecnica SRL,,1,0,0
1100025400,08/25/2016,Veritecnica SRL,,1,0,0
1100025401,08/25/2016,Veritecnica SRL,,1,0,0
1200008814,08/25/2016,Veritecnica SRL,,1,0,0
1200008815,08/25/2016,Veritecnica SRL,,1,0,0
1200008816,08/25/2016,Veritecnica SRL,,1,0,0
9102005338,08/25/2016,Veritecnica SRL,,0,0,1
1200008817,08/25/2016,Veritecnica SRL,,1,0,0
9102005339,08/25/2016,Veritecnica SRL,,0,1,0
1100025402,08/25/2016,Veritecnica SRL,,1,0,0
1100025403,08/25/2016,Veritecnica SRL,,1,0,0
