Nrocertificado,Fecha,Idtaller,Dominiovehiculo,Aprobado,RechazadoLeveModerado,RechazadoGrave
1100028473,11/16/2016,Asociación de Bomberos Voluntarios - San Martín de los Andes,,1,0,0
1100028474,11/16/2016,Asociación de Bomberos Voluntarios - San Martín de los Andes,,1,0,0
1100028475,11/16/2016,Asociación de Bomberos Voluntarios - San Martín de los Andes,,1,0,0
1100028476,11/16/2016,Asociación de Bomberos Voluntarios - San Martín de los Andes,,1,0,0
1100028477,11/16/2016,Asociación de Bomberos Voluntarios - San Martín de los Andes,,1,0,0
1100028478,11/16/2016,Asociación de Bomberos Voluntarios - San Martín de los Andes,,1,0,0
1100028479,11/16/2016,Asociación de Bomberos Voluntarios - San Martín de los Andes,,1,0,0
1100028480,11/16/2016,Asociación de Bomberos Voluntarios - San Martín de los Andes,,1,0,0
1200008565,11/16/2016,Asociación de Bomberos Voluntarios - San Martín de los Andes,,1,0,0
1100028481,11/16/2016,Asociación de Bomberos Voluntarios - San Martín de los Andes,,1,0,0
1100028482,11/16/2016,Asociación de Bomberos Voluntarios - San Martín de los Andes,,1,0,0
1100028483,11/16/2016,Asociación de Bomberos Voluntarios - San Martín de los Andes,,1,0,0
1100028484,11/16/2016,Asociación de Bomberos Voluntarios - San Martín de los Andes,,1,0,0
1100028485,11/16/2016,Asociación de Bomberos Voluntarios - San Martín de los Andes,,1,0,0
1100028486,11/16/2016,Asociación de Bomberos Voluntarios - San Martín de los Andes,,1,0,0
1100028487,11/16/2016,Asociación de Bomberos Voluntarios - San Martín de los Andes,,1,0,0
1100028488,11/16/2016,Asociación de Bomberos Voluntarios - San Martín de los Andes,,1,0,0
1100028489,11/16/2016,Asociación de Bomberos Voluntarios - San Martín de los Andes,,1,0,0
1200008566,11/16/2016,Asociación de Bomberos Voluntarios - San Martín de los Andes,,1,0,0
1200008567,11/16/2016,Asociación de Bomberos Voluntarios - San Martín de los Andes,,1,0,0
1100028490,11/16/2016,Asociación de Bomberos Voluntarios - San Martín de los Andes,,1,0,0
1100028491,11/16/2016,Asociación de Bomberos Voluntarios - San Martín de los Andes,,1,0,0
9101002214,11/16/2016,Asociación de Bomberos Voluntarios - San Martín de los Andes,,0,0,1
1100028492,11/16/2016,Asociación de Bomberos Voluntarios - San Martín de los Andes,,1,0,0
1100028493,11/16/2016,Asociación de Bomberos Voluntarios - San Martín de los Andes,,1,0,0
9101002215,11/16/2016,Asociación de Bomberos Voluntarios - San Martín de los Andes,,0,0,1
9101002216,11/16/2016,Asociación de Bomberos Voluntarios - San Martín de los Andes,,0,1,0
1100028494,11/16/2016,Asociación de Bomberos Voluntarios - San Martín de los Andes,,1,0,0
1200008568,11/16/2016,Asociación de Bomberos Voluntarios - San Martín de los Andes,,1,0,0
1100028495,11/16/2016,Asociación de Bomberos Voluntarios - San Martín de los Andes,,1,0,0
1100028496,11/16/2016,Asociación de Bomberos Voluntarios - San Martín de los Andes,,1,0,0
9201000410,11/16/2016,Asociación de Bomberos Voluntarios - San Martín de los Andes,,0,1,0
1100028497,11/17/2016,Asociación de Bomberos Voluntarios - San Martín de los Andes,,1,0,0
1200008569,11/17/2016,Asociación de Bomberos Voluntarios - San Martín de los Andes,,1,0,0
1100028498,11/17/2016,Asociación de Bomberos Voluntarios - San Martín de los Andes,,1,0,0
1100028499,11/17/2016,Asociación de Bomberos Voluntarios - San Martín de los Andes,,1,0,0
1100028500,11/17/2016,Asociación de Bomberos Voluntarios - San Martín de los Andes,,1,0,0
1100029501,11/17/2016,Asociación de Bomberos Voluntarios - San Martín de los Andes,,1,0,0
1100029502,11/17/2016,Asociación de Bomberos Voluntarios - San Martín de los Andes,,1,0,0
1100029503,11/17/2016,Asociación de Bomberos Voluntarios - San Martín de los Andes,,1,0,0
1100029504,11/17/2016,Asociación de Bomberos Voluntarios - San Martín de los Andes,,1,0,0
1100029505,11/17/2016,Asociación de Bomberos Voluntarios - San Martín de los Andes,,1,0,0
1200008570,11/17/2016,Asociación de Bomberos Voluntarios - San Martín de los Andes,,1,0,0
1200008571,11/17/2016,Asociación de Bomberos Voluntarios - San Martín de los Andes,,1,0,0
1100029506,11/17/2016,Asociación de Bomberos Voluntarios - San Martín de los Andes,,1,0,0
1100029507,11/17/2016,Asociación de Bomberos Voluntarios - San Martín de los Andes,,1,0,0
1100029508,11/17/2016,Asociación de Bomberos Voluntarios - San Martín de los Andes,,1,0,0
1100029509,11/17/2016,Asociación de Bomberos Voluntarios - San Martín de los Andes,,1,0,0
1200008572,11/17/2016,Asociación de Bomberos Voluntarios - San Martín de los Andes,,1,0,0
9101002217,11/17/2016,Asociación de Bomberos Voluntarios - San Martín de los Andes,,0,1,0
1100029510,11/17/2016,Asociación de Bomberos Voluntarios - San Martín de los Andes,,1,0,0
1100029511,11/17/2016,Asociación de Bomberos Voluntarios - San Martín de los Andes,,1,0,0
9101002218,11/17/2016,Asociación de Bomberos Voluntarios - San Martín de los Andes,,0,0,1
9101002219,11/17/2016,Asociación de Bomberos Voluntarios - San Martín de los Andes,,0,1,0
1100029512,11/17/2016,Asociación de Bomberos Voluntarios - San Martín de los Andes,,1,0,0
9101002220,11/17/2016,Asociación de Bomberos Voluntarios - San Martín de los Andes,,0,0,1
1200010078,11/16/2016,Control SRL,,1,0,0
1200010079,11/16/2016,Control SRL,,1,0,0
9203000522,11/16/2016,Control SRL,,0,0,1
1100028814,11/16/2016,Control SRL,,1,0,0
1200010080,11/16/2016,Control SRL,,1,0,0
1200010081,11/16/2016,Control SRL,,1,0,0
1100028821,11/16/2016,Control SRL,,1,0,0
1200010082,11/16/2016,Control SRL,,1,0,0
1100028822,11/16/2016,Control SRL,,1,0,0
9103001830,11/16/2016,Control SRL,,0,0,1
1100028823,11/16/2016,Control SRL,,1,0,0
1100028824,11/16/2016,Control SRL,,1,0,0
1100028825,11/16/2016,Control SRL,,1,0,0
1200010083,11/16/2016,Control SRL,,1,0,0
1100028826,11/16/2016,Control SRL,,1,0,0
1100028827,11/16/2016,Control SRL,,1,0,0
1100028828,11/16/2016,Control SRL,,1,0,0
1200010084,11/16/2016,Control SRL,,1,0,0
1100028829,11/16/2016,Control SRL,,1,0,0
1100028830,11/16/2016,Control SRL,,1,0,0
9103001831,11/16/2016,Control SRL,,0,0,1
9103001832,11/16/2016,Control SRL,,0,0,1
1200010086,11/16/2016,Control SRL,,1,0,0
1200010085,11/16/2016,Control SRL,,1,0,0
1100028831,11/17/2016,Control SRL,,1,0,0
1100028832,11/17/2016,Control SRL,,1,0,0
1100028833,11/17/2016,Control SRL,,1,0,0
1100028834,11/17/2016,Control SRL,,1,0,0
1100028835,11/17/2016,Control SRL,,1,0,0
1100028836,11/17/2016,Control SRL,,1,0,0
9103001833,11/17/2016,Control SRL,,0,0,1
1100028837,11/17/2016,Control SRL,,1,0,0
9103001834,11/17/2016,Control SRL,,0,0,1
9103001835,11/17/2016,Control SRL,,0,0,1
9103001836,11/17/2016,Control SRL,,0,0,1
9203000523,11/17/2016,Control SRL,,0,0,1
1100028838,11/17/2016,Control SRL,,1,0,0
1100028839,11/17/2016,Control SRL,,1,0,0
9103001837,11/17/2016,Control SRL,,0,0,1
9203000524,11/17/2016,Control SRL,,0,0,1
9203000525,11/17/2016,Control SRL,,0,0,1
1100028840,11/17/2016,Control SRL,,1,0,0
9203000526,11/17/2016,Control SRL,,0,0,1
9103001838,11/17/2016,Control SRL,,0,0,1
1200010089,11/17/2016,Control SRL,,1,0,0
1200010087,11/17/2016,Control SRL,,1,0,0
9103001839,11/17/2016,Control SRL,,0,0,1
1100028841,11/17/2016,Control SRL,,1,0,0
1100028842,11/17/2016,Control SRL,,1,0,0
9103001840,11/17/2016,Control SRL,,0,0,1
1200010041,11/17/2016,Control SRL,,1,0,0
1200010090,11/17/2016,Control SRL,,1,0,0
1200010042,11/17/2016,Control SRL,,1,0,0
9103001841,11/17/2016,Control SRL,,0,0,1
1100028843,11/17/2016,Control SRL,,1,0,0
1100028844,11/17/2016,Control SRL,,1,0,0
1200010091,11/17/2016,Control SRL,,1,0,0
1200010092,11/17/2016,Control SRL,,1,0,0
1200010094,11/17/2016,Control SRL,,1,0,0
1200010093,11/17/2016,Control SRL,,1,0,0
1200010095,11/17/2016,Control SRL,,1,0,0
1200010096,11/17/2016,Control SRL,,1,0,0
1100028845,11/17/2016,Control SRL,,1,0,0
9103001842,11/17/2016,Control SRL,,0,0,1
1100029179,11/16/2016,Veritecnica SRL,,1,0,0
1100029180,11/16/2016,Veritecnica SRL,,1,0,0
1200010210,11/16/2016,Veritecnica SRL,,1,0,0
1100029181,11/16/2016,Veritecnica SRL,,1,0,0
9102005919,11/16/2016,Veritecnica SRL,,0,1,0
1100029182,11/16/2016,Veritecnica SRL,,1,0,0
1100029183,11/16/2016,Veritecnica SRL,,1,0,0
1100029184,11/16/2016,Veritecnica SRL,,1,0,0
9102005920,11/16/2016,Veritecnica SRL,,0,1,0
9102005921,11/16/2016,Veritecnica SRL,,0,1,0
1200010211,11/16/2016,Veritecnica SRL,,1,0,0
1200010212,11/16/2016,Veritecnica SRL,,1,0,0
1100029185,11/16/2016,Veritecnica SRL,,1,0,0
1200010213,11/16/2016,Veritecnica SRL,,1,0,0
9102005922,11/16/2016,Veritecnica SRL,,0,0,1
1200010214,11/16/2016,Veritecnica SRL,,1,0,0
1100029186,11/16/2016,Veritecnica SRL,,1,0,0
9102005923,11/16/2016,Veritecnica SRL,,0,0,1
1100029187,11/16/2016,Veritecnica SRL,,1,0,0
9102005924,11/16/2016,Veritecnica SRL,,0,0,1
1200010215,11/16/2016,Veritecnica SRL,,1,0,0
9102005925,11/16/2016,Veritecnica SRL,,0,0,1
1200010216,11/16/2016,Veritecnica SRL,,1,0,0
9102005926,11/16/2016,Veritecnica SRL,,0,0,1
1100029188,11/16/2016,Veritecnica SRL,,1,0,0
9102005927,11/16/2016,Veritecnica SRL,,0,0,1
1100029189,11/16/2016,Veritecnica SRL,,1,0,0
1100029190,11/16/2016,Veritecnica SRL,,1,0,0
1100029191,11/16/2016,Veritecnica SRL,,1,0,0
9102005928,11/16/2016,Veritecnica SRL,,0,1,0
1100029192,11/16/2016,Veritecnica SRL,,1,0,0
1100029193,11/16/2016,Veritecnica SRL,,1,0,0
1100029194,11/16/2016,Veritecnica SRL,,1,0,0
1200010217,11/16/2016,Veritecnica SRL,,1,0,0
9102005929,11/16/2016,Veritecnica SRL,,0,1,0
1100029195,11/16/2016,Veritecnica SRL,,1,0,0
9102005930,11/16/2016,Veritecnica SRL,,0,1,0
1100029196,11/16/2016,Veritecnica SRL,,1,0,0
9102005931,11/16/2016,Veritecnica SRL,,0,0,1
1100029197,11/16/2016,Veritecnica SRL,,1,0,0
1100029198,11/16/2016,Veritecnica SRL,,1,0,0
9102005932,11/16/2016,Veritecnica SRL,,0,1,0
1200010218,11/16/2016,Veritecnica SRL,,1,0,0
1100029199,11/16/2016,Veritecnica SRL,,1,0,0
1100029200,11/16/2016,Veritecnica SRL,,1,0,0
1100029201,11/16/2016,Veritecnica SRL,,1,0,0
1100029202,11/16/2016,Veritecnica SRL,,1,0,0
1100029203,11/16/2016,Veritecnica SRL,,1,0,0
1100029204,11/16/2016,Veritecnica SRL,,1,0,0
9102005933,11/17/2016,Veritecnica SRL,,0,0,1
1200010219,11/17/2016,Veritecnica SRL,,1,0,0
1100029205,11/17/2016,Veritecnica SRL,,1,0,0
1100029206,11/17/2016,Veritecnica SRL,,1,0,0
1200010220,11/17/2016,Veritecnica SRL,,1,0,0
1100029207,11/17/2016,Veritecnica SRL,,1,0,0
1100029208,11/17/2016,Veritecnica SRL,,1,0,0
1100029209,11/17/2016,Veritecnica SRL,,1,0,0
9102005934,11/17/2016,Veritecnica SRL,,0,1,0
1200010221,11/17/2016,Veritecnica SRL,,1,0,0
1100029210,11/17/2016,Veritecnica SRL,,1,0,0
1100029211,11/17/2016,Veritecnica SRL,,1,0,0
1100029212,11/17/2016,Veritecnica SRL,,1,0,0
9102005935,11/17/2016,Veritecnica SRL,,0,0,1
9202001086,11/17/2016,Veritecnica SRL,,0,0,1
1100029213,11/17/2016,Veritecnica SRL,,1,0,0
1100029214,11/17/2016,Veritecnica SRL,,1,0,0
1100029215,11/17/2016,Veritecnica SRL,,1,0,0
1200010222,11/17/2016,Veritecnica SRL,,1,0,0
9102005936,11/17/2016,Veritecnica SRL,,0,0,1
1200010223,11/17/2016,Veritecnica SRL,,1,0,0
1200010224,11/17/2016,Veritecnica SRL,,1,0,0
9202001087,11/17/2016,Veritecnica SRL,,0,0,1
1100029216,11/17/2016,Veritecnica SRL,,1,0,0
1100029217,11/17/2016,Veritecnica SRL,,1,0,0
1200010225,11/17/2016,Veritecnica SRL,,1,0,0
9202001088,11/17/2016,Veritecnica SRL,,0,0,1
1200010226,11/17/2016,Veritecnica SRL,,1,0,0
1200010227,11/17/2016,Veritecnica SRL,,1,0,0
1100029218,11/17/2016,Veritecnica SRL,,1,0,0
1100029219,11/17/2016,Veritecnica SRL,,1,0,0
1100029220,11/17/2016,Veritecnica SRL,,1,0,0
1200010228,11/17/2016,Veritecnica SRL,,1,0,0
9102005937,11/17/2016,Veritecnica SRL,,0,0,1
9102005938,11/17/2016,Veritecnica SRL,,0,0,1
9102005939,11/17/2016,Veritecnica SRL,,0,0,1
1100029221,11/17/2016,Veritecnica SRL,,1,0,0
1100029222,11/17/2016,Veritecnica SRL,,1,0,0
1200010229,11/17/2016,Veritecnica SRL,,1,0,0
1100029223,11/17/2016,Veritecnica SRL,,1,0,0
1100029224,11/17/2016,Veritecnica SRL,,1,0,0
1200010230,11/17/2016,Veritecnica SRL,,1,0,0
1100029225,11/17/2016,Veritecnica SRL,,1,0,0
1200010231,11/17/2016,Veritecnica SRL,,1,0,0
9102005940,11/17/2016,Veritecnica SRL,,0,1,0
1100029226,11/17/2016,Veritecnica SRL,,1,0,0
9102005941,11/17/2016,Veritecnica SRL,,0,0,1
1100029227,11/17/2016,Veritecnica SRL,,1,0,0
1100029228,11/17/2016,Veritecnica SRL,,1,0,0
