Nrocertificado,Fecha,Idtaller,Dominiovehiculo,Aprobado,RechazadoLeveModerado,RechazadoGrave
1100024094,07/26/2016,Asociación de Bomberos Voluntarios - San Martín de los Andes,,1,0,0
1200007580,07/26/2016,Asociación de Bomberos Voluntarios - San Martín de los Andes,,1,0,0
9101001846,07/26/2016,Asociación de Bomberos Voluntarios - San Martín de los Andes,,0,0,1
1100024095,07/26/2016,Asociación de Bomberos Voluntarios - San Martín de los Andes,,1,0,0
1100024096,07/26/2016,Asociación de Bomberos Voluntarios - San Martín de los Andes,,1,0,0
9101001847,07/26/2016,Asociación de Bomberos Voluntarios - San Martín de los Andes,,0,1,0
9101001848,07/26/2016,Asociación de Bomberos Voluntarios - San Martín de los Andes,,0,1,0
1100024097,07/26/2016,Asociación de Bomberos Voluntarios - San Martín de los Andes,,1,0,0
9101001849,07/26/2016,Asociación de Bomberos Voluntarios - San Martín de los Andes,,0,0,1
1100024098,07/26/2016,Asociación de Bomberos Voluntarios - San Martín de los Andes,,1,0,0
1100024099,07/26/2016,Asociación de Bomberos Voluntarios - San Martín de los Andes,,1,0,0
9201000348,07/26/2016,Asociación de Bomberos Voluntarios - San Martín de los Andes,,0,0,1
1100024100,07/26/2016,Asociación de Bomberos Voluntarios - San Martín de los Andes,,1,0,0
1100024101,07/26/2016,Asociación de Bomberos Voluntarios - San Martín de los Andes,,1,0,0
9101001850,07/26/2016,Asociación de Bomberos Voluntarios - San Martín de los Andes,,0,1,0
9101001851,07/26/2016,Asociación de Bomberos Voluntarios - San Martín de los Andes,,0,0,1
1100024102,07/26/2016,Asociación de Bomberos Voluntarios - San Martín de los Andes,,1,0,0
1100024103,07/27/2016,Asociación de Bomberos Voluntarios - San Martín de los Andes,,1,0,0
1100024104,07/27/2016,Asociación de Bomberos Voluntarios - San Martín de los Andes,,1,0,0
1100024105,07/27/2016,Asociación de Bomberos Voluntarios - San Martín de los Andes,,1,0,0
1100024106,07/27/2016,Asociación de Bomberos Voluntarios - San Martín de los Andes,,1,0,0
1100024107,07/27/2016,Asociación de Bomberos Voluntarios - San Martín de los Andes,,1,0,0
1100024747,07/26/2016,Control SRL,,1,0,0
1100024748,07/26/2016,Control SRL,,1,0,0
1200008135,07/26/2016,Control SRL,,1,0,0
1200008136,07/26/2016,Control SRL,,1,0,0
1100024749,07/26/2016,Control SRL,,1,0,0
1200008137,07/26/2016,Control SRL,,1,0,0
1100024750,07/26/2016,Control SRL,,1,0,0
1100024751,07/26/2016,Control SRL,,1,0,0
1100024752,07/26/2016,Control SRL,,1,0,0
1200008138,07/26/2016,Control SRL,,1,0,0
1100024753,07/26/2016,Control SRL,,1,0,0
1200008139,07/26/2016,Control SRL,,1,0,0
1200008183,07/26/2016,Control SRL,,1,0,0
1200008140,07/26/2016,Control SRL,,1,0,0
1100024754,07/26/2016,Control SRL,,1,0,0
1100024755,07/26/2016,Control SRL,,1,0,0
1200008181,07/26/2016,Control SRL,,1,0,0
1100024756,07/26/2016,Control SRL,,1,0,0
1200008184,07/26/2016,Control SRL,,1,0,0
1100024757,07/26/2016,Control SRL,,1,0,0
1200008185,07/26/2016,Control SRL,,1,0,0
1100024758,07/26/2016,Control SRL,,1,0,0
1200008182,07/26/2016,Control SRL,,1,0,0
1100024759,07/26/2016,Control SRL,,1,0,0
1200008187,07/26/2016,Control SRL,,1,0,0
1200008186,07/26/2016,Control SRL,,1,0,0
1100024760,07/26/2016,Control SRL,,1,0,0
1200008191,07/26/2016,Control SRL,,1,0,0
1200008188,07/26/2016,Control SRL,,1,0,0
9203000408,07/26/2016,Control SRL,,0,0,1
1200008194,07/26/2016,Control SRL,,1,0,0
1200008189,07/26/2016,Control SRL,,1,0,0
1200008190,07/26/2016,Control SRL,,1,0,0
1100024761,07/26/2016,Control SRL,,1,0,0
1200008193,07/26/2016,Control SRL,,1,0,0
1100024762,07/26/2016,Control SRL,,1,0,0
1100024763,07/26/2016,Control SRL,,1,0,0
1200008192,07/26/2016,Control SRL,,1,0,0
1100024764,07/26/2016,Control SRL,,1,0,0
9103001553,07/26/2016,Control SRL,,0,0,1
1100024765,07/26/2016,Control SRL,,1,0,0
1200008196,07/26/2016,Control SRL,,1,0,0
1200008195,07/27/2016,Control SRL,,1,0,0
1100024766,07/27/2016,Control SRL,,1,0,0
9103001554,07/27/2016,Control SRL,,0,0,1
1200008197,07/27/2016,Control SRL,,1,0,0
1200008198,07/27/2016,Control SRL,,1,0,0
1100024767,07/27/2016,Control SRL,,1,0,0
1200008199,07/27/2016,Control SRL,,1,0,0
1200008171,07/27/2016,Control SRL,,1,0,0
1100024768,07/27/2016,Control SRL,,1,0,0
1200008200,07/27/2016,Control SRL,,1,0,0
1100024769,07/27/2016,Control SRL,,1,0,0
1100024770,07/27/2016,Control SRL,,1,0,0
1200008172,07/27/2016,Control SRL,,1,0,0
1100024771,07/27/2016,Control SRL,,1,0,0
1100024772,07/27/2016,Control SRL,,1,0,0
1200008301,07/27/2016,Control SRL,,1,0,0
9103001555,07/27/2016,Control SRL,,0,0,1
1100024773,07/27/2016,Control SRL,,1,0,0
1200008302,07/27/2016,Control SRL,,1,0,0
1200008306,07/27/2016,Control SRL,,1,0,0
1200008307,07/27/2016,Control SRL,,1,0,0
1200008303,07/27/2016,Control SRL,,1,0,0
1100024774,07/27/2016,Control SRL,,1,0,0
1100024775,07/27/2016,Control SRL,,1,0,0
1100024776,07/27/2016,Control SRL,,1,0,0
9103001556,07/27/2016,Control SRL,,0,0,1
1100024777,07/27/2016,Control SRL,,1,0,0
1200008308,07/27/2016,Control SRL,,1,0,0
9103001557,07/27/2016,Control SRL,,0,0,1
1100024778,07/27/2016,Control SRL,,1,0,0
1100024779,07/27/2016,Control SRL,,1,0,0
1100024780,07/27/2016,Control SRL,,1,0,0
1200008312,07/27/2016,Control SRL,,1,0,0
1200008311,07/27/2016,Control SRL,,1,0,0
1200008313,07/27/2016,Control SRL,,1,0,0
1200008304,07/27/2016,Control SRL,,1,0,0
1200008314,07/27/2016,Control SRL,,1,0,0
1200008309,07/27/2016,Control SRL,,1,0,0
9102005084,07/26/2016,Veritecnica SRL,,0,0,1
9102005085,07/26/2016,Veritecnica SRL,,0,0,1
9102005086,07/26/2016,Veritecnica SRL,,0,0,1
1100024351,07/26/2016,Veritecnica SRL,,1,0,0
1100024352,07/26/2016,Veritecnica SRL,,1,0,0
1200008106,07/26/2016,Veritecnica SRL,,1,0,0
1100024353,07/26/2016,Veritecnica SRL,,1,0,0
1100024354,07/26/2016,Veritecnica SRL,,1,0,0
1100024355,07/26/2016,Veritecnica SRL,,1,0,0
1200008108,07/26/2016,Veritecnica SRL,,1,0,0
1200008107,07/26/2016,Veritecnica SRL,,1,0,0
1100024356,07/26/2016,Veritecnica SRL,,1,0,0
1100024357,07/26/2016,Veritecnica SRL,,1,0,0
1100024358,07/26/2016,Veritecnica SRL,,1,0,0
9102005087,07/26/2016,Veritecnica SRL,,0,0,1
1100024359,07/26/2016,Veritecnica SRL,,1,0,0
1200008109,07/26/2016,Veritecnica SRL,,1,0,0
1200008110,07/26/2016,Veritecnica SRL,,1,0,0
9102005088,07/26/2016,Veritecnica SRL,,0,1,0
9102005089,07/26/2016,Veritecnica SRL,,0,0,1
1100024360,07/26/2016,Veritecnica SRL,,1,0,0
1100024361,07/26/2016,Veritecnica SRL,,1,0,0
9102005090,07/26/2016,Veritecnica SRL,,0,0,1
9102005091,07/26/2016,Veritecnica SRL,,0,1,0
1200008201,07/26/2016,Veritecnica SRL,,1,0,0
1100024362,07/26/2016,Veritecnica SRL,,1,0,0
1200008202,07/26/2016,Veritecnica SRL,,1,0,0
1200008203,07/26/2016,Veritecnica SRL,,1,0,0
1200008204,07/26/2016,Veritecnica SRL,,1,0,0
1200008205,07/26/2016,Veritecnica SRL,,1,0,0
1100024363,07/26/2016,Veritecnica SRL,,1,0,0
9202000821,07/26/2016,Veritecnica SRL,,0,0,1
1100024364,07/26/2016,Veritecnica SRL,,1,0,0
1200008206,07/26/2016,Veritecnica SRL,,1,0,0
1100024365,07/26/2016,Veritecnica SRL,,1,0,0
1100024366,07/26/2016,Veritecnica SRL,,1,0,0
1100024367,07/26/2016,Veritecnica SRL,,1,0,0
1100024368,07/26/2016,Veritecnica SRL,,1,0,0
1100024369,07/26/2016,Veritecnica SRL,,1,0,0
9102005092,07/26/2016,Veritecnica SRL,,0,0,1
1200008207,07/26/2016,Veritecnica SRL,,1,0,0
1100024370,07/26/2016,Veritecnica SRL,,1,0,0
1100024371,07/26/2016,Veritecnica SRL,,1,0,0
1100024372,07/26/2016,Veritecnica SRL,,1,0,0
1200008208,07/26/2016,Veritecnica SRL,,1,0,0
1200008209,07/27/2016,Veritecnica SRL,,1,0,0
1200008210,07/27/2016,Veritecnica SRL,,1,0,0
9102005093,07/27/2016,Veritecnica SRL,,0,0,1
1100024373,07/27/2016,Veritecnica SRL,,1,0,0
1100024374,07/27/2016,Veritecnica SRL,,1,0,0
9102005094,07/27/2016,Veritecnica SRL,,0,1,0
1200008211,07/27/2016,Veritecnica SRL,,1,0,0
9102005095,07/27/2016,Veritecnica SRL,,0,0,1
1100024375,07/27/2016,Veritecnica SRL,,1,0,0
1100024376,07/27/2016,Veritecnica SRL,,1,0,0
9102005096,07/27/2016,Veritecnica SRL,,0,1,0
1200008212,07/27/2016,Veritecnica SRL,,1,0,0
1200008213,07/27/2016,Veritecnica SRL,,1,0,0
1200008214,07/27/2016,Veritecnica SRL,,1,0,0
1100024377,07/27/2016,Veritecnica SRL,,1,0,0
1100024378,07/27/2016,Veritecnica SRL,,1,0,0
9102005097,07/27/2016,Veritecnica SRL,,0,0,1
9102005098,07/27/2016,Veritecnica SRL,,0,0,1
1100024379,07/27/2016,Veritecnica SRL,,1,0,0
1200008215,07/27/2016,Veritecnica SRL,,1,0,0
1100024380,07/27/2016,Veritecnica SRL,,1,0,0
1100024381,07/27/2016,Veritecnica SRL,,1,0,0
9102005099,07/27/2016,Veritecnica SRL,,0,1,0
9102005100,07/27/2016,Veritecnica SRL,,0,0,1
1200008216,07/27/2016,Veritecnica SRL,,1,0,0
9202000822,07/27/2016,Veritecnica SRL,,0,0,1
9202000823,07/27/2016,Veritecnica SRL,,0,0,1
1200008217,07/27/2016,Veritecnica SRL,,1,0,0
1100024382,07/27/2016,Veritecnica SRL,,1,0,0
1200008218,07/27/2016,Veritecnica SRL,,1,0,0
1100024383,07/27/2016,Veritecnica SRL,,1,0,0
1200008219,07/27/2016,Veritecnica SRL,,1,0,0
9202000824,07/27/2016,Veritecnica SRL,,0,0,1
1200008220,07/27/2016,Veritecnica SRL,,1,0,0
1200008221,07/27/2016,Veritecnica SRL,,1,0,0
1100024384,07/27/2016,Veritecnica SRL,,1,0,0
1200008222,07/27/2016,Veritecnica SRL,,1,0,0
1100024385,07/27/2016,Veritecnica SRL,,1,0,0
