Nrocertificado,Fecha,Idtaller,Dominiovehiculo,Aprobado,RechazadoLeveModerado,RechazadoGrave
1100024086,07/23/2016,Asociación de Bomberos Voluntarios - San Martín de los Andes,,1,0,0
1100024087,07/23/2016,Asociación de Bomberos Voluntarios - San Martín de los Andes,,1,0,0
1100024088,07/23/2016,Asociación de Bomberos Voluntarios - San Martín de los Andes,,1,0,0
9101001845,07/23/2016,Asociación de Bomberos Voluntarios - San Martín de los Andes,,0,1,0
1100024089,07/23/2016,Asociación de Bomberos Voluntarios - San Martín de los Andes,,1,0,0
1100024090,07/23/2016,Asociación de Bomberos Voluntarios - San Martín de los Andes,,1,0,0
1100024315,07/23/2016,Veritecnica SRL,,1,0,0
1100024316,07/23/2016,Veritecnica SRL,,1,0,0
1100024317,07/23/2016,Veritecnica SRL,,1,0,0
1100024318,07/23/2016,Veritecnica SRL,,1,0,0
1100024319,07/23/2016,Veritecnica SRL,,1,0,0
1200008099,07/23/2016,Veritecnica SRL,,1,0,0
1100024320,07/23/2016,Veritecnica SRL,,1,0,0
1100024321,07/23/2016,Veritecnica SRL,,1,0,0
1100024322,07/23/2016,Veritecnica SRL,,1,0,0
1100024323,07/23/2016,Veritecnica SRL,,1,0,0
1100024324,07/23/2016,Veritecnica SRL,,1,0,0
9202000812,07/23/2016,Veritecnica SRL,,0,0,1
