Nrocertificado,Fecha,Idtaller,Dominiovehiculo,Aprobado,RechazadoLeveModerado,RechazadoGrave
1100026921,10/04/2016,Asociación de Bomberos Voluntarios - San Martín de los Andes,,1,0,0
1100026922,10/04/2016,Asociación de Bomberos Voluntarios - San Martín de los Andes,,1,0,0
1100026923,10/04/2016,Asociación de Bomberos Voluntarios - San Martín de los Andes,,1,0,0
1100026924,10/04/2016,Asociación de Bomberos Voluntarios - San Martín de los Andes,,1,0,0
1100026925,10/04/2016,Asociación de Bomberos Voluntarios - San Martín de los Andes,,1,0,0
1100026926,10/04/2016,Asociación de Bomberos Voluntarios - San Martín de los Andes,,1,0,0
9101002051,10/04/2016,Asociación de Bomberos Voluntarios - San Martín de los Andes,,0,1,0
1100026927,10/04/2016,Asociación de Bomberos Voluntarios - San Martín de los Andes,,1,0,0
1100026928,10/04/2016,Asociación de Bomberos Voluntarios - San Martín de los Andes,,1,0,0
1100026929,10/04/2016,Asociación de Bomberos Voluntarios - San Martín de los Andes,,1,0,0
1100026930,10/04/2016,Asociación de Bomberos Voluntarios - San Martín de los Andes,,1,0,0
1100026931,10/04/2016,Asociación de Bomberos Voluntarios - San Martín de los Andes,,1,0,0
1100026932,10/04/2016,Asociación de Bomberos Voluntarios - San Martín de los Andes,,1,0,0
1100026933,10/04/2016,Asociación de Bomberos Voluntarios - San Martín de los Andes,,1,0,0
9101002052,10/04/2016,Asociación de Bomberos Voluntarios - San Martín de los Andes,,0,0,1
1100026934,10/04/2016,Asociación de Bomberos Voluntarios - San Martín de los Andes,,1,0,0
1100026935,10/04/2016,Asociación de Bomberos Voluntarios - San Martín de los Andes,,1,0,0
1100026936,10/04/2016,Asociación de Bomberos Voluntarios - San Martín de los Andes,,1,0,0
1100026937,10/04/2016,Asociación de Bomberos Voluntarios - San Martín de los Andes,,1,0,0
9101002053,10/04/2016,Asociación de Bomberos Voluntarios - San Martín de los Andes,,0,0,1
1100026938,10/04/2016,Asociación de Bomberos Voluntarios - San Martín de los Andes,,1,0,0
9101002054,10/04/2016,Asociación de Bomberos Voluntarios - San Martín de los Andes,,0,1,0
1100026939,10/04/2016,Asociación de Bomberos Voluntarios - San Martín de los Andes,,1,0,0
9101002055,10/04/2016,Asociación de Bomberos Voluntarios - San Martín de los Andes,,0,1,0
1100026940,10/04/2016,Asociación de Bomberos Voluntarios - San Martín de los Andes,,1,0,0
1200008511,10/04/2016,Asociación de Bomberos Voluntarios - San Martín de los Andes,,1,0,0
1200008512,10/04/2016,Asociación de Bomberos Voluntarios - San Martín de los Andes,,1,0,0
9101002056,10/04/2016,Asociación de Bomberos Voluntarios - San Martín de los Andes,,0,0,1
9101002057,10/04/2016,Asociación de Bomberos Voluntarios - San Martín de los Andes,,0,1,0
1200008513,10/05/2016,Asociación de Bomberos Voluntarios - San Martín de los Andes,,1,0,0
1100026941,10/05/2016,Asociación de Bomberos Voluntarios - San Martín de los Andes,,1,0,0
9101002058,10/05/2016,Asociación de Bomberos Voluntarios - San Martín de los Andes,,0,1,0
9101002059,10/05/2016,Asociación de Bomberos Voluntarios - San Martín de los Andes,,0,1,0
1100026942,10/05/2016,Asociación de Bomberos Voluntarios - San Martín de los Andes,,1,0,0
1100026943,10/05/2016,Asociación de Bomberos Voluntarios - San Martín de los Andes,,1,0,0
1100026944,10/05/2016,Asociación de Bomberos Voluntarios - San Martín de los Andes,,1,0,0
1100026945,10/05/2016,Asociación de Bomberos Voluntarios - San Martín de los Andes,,1,0,0
1100026946,10/05/2016,Asociación de Bomberos Voluntarios - San Martín de los Andes,,1,0,0
1100026947,10/05/2016,Asociación de Bomberos Voluntarios - San Martín de los Andes,,1,0,0
1100026948,10/05/2016,Asociación de Bomberos Voluntarios - San Martín de los Andes,,1,0,0
1100026949,10/05/2016,Asociación de Bomberos Voluntarios - San Martín de los Andes,,1,0,0
9101002060,10/05/2016,Asociación de Bomberos Voluntarios - San Martín de los Andes,,0,1,0
9101002061,10/05/2016,Asociación de Bomberos Voluntarios - San Martín de los Andes,,0,1,0
1100026950,10/05/2016,Asociación de Bomberos Voluntarios - San Martín de los Andes,,1,0,0
1100026951,10/05/2016,Asociación de Bomberos Voluntarios - San Martín de los Andes,,1,0,0
1100026952,10/05/2016,Asociación de Bomberos Voluntarios - San Martín de los Andes,,1,0,0
1100026953,10/05/2016,Asociación de Bomberos Voluntarios - San Martín de los Andes,,1,0,0
1100026954,10/05/2016,Asociación de Bomberos Voluntarios - San Martín de los Andes,,1,0,0
1100026955,10/05/2016,Asociación de Bomberos Voluntarios - San Martín de los Andes,,1,0,0
1100026956,10/05/2016,Asociación de Bomberos Voluntarios - San Martín de los Andes,,1,0,0
1100026957,10/05/2016,Asociación de Bomberos Voluntarios - San Martín de los Andes,,1,0,0
1200008514,10/05/2016,Asociación de Bomberos Voluntarios - San Martín de los Andes,,1,0,0
1200008515,10/05/2016,Asociación de Bomberos Voluntarios - San Martín de los Andes,,1,0,0
1100026958,10/05/2016,Asociación de Bomberos Voluntarios - San Martín de los Andes,,1,0,0
1100026959,10/05/2016,Asociación de Bomberos Voluntarios - San Martín de los Andes,,1,0,0
1100026960,10/05/2016,Asociación de Bomberos Voluntarios - San Martín de los Andes,,1,0,0
1200009409,10/04/2016,Control SRL,,1,0,0
1200009410,10/04/2016,Control SRL,,1,0,0
9103001737,10/04/2016,Control SRL,,0,0,1
1200009411,10/04/2016,Control SRL,,1,0,0
9203000468,10/04/2016,Control SRL,,0,0,1
1200009412,10/04/2016,Control SRL,,1,0,0
1100027327,10/04/2016,Control SRL,,1,0,0
1100027328,10/04/2016,Control SRL,,1,0,0
1100027329,10/04/2016,Control SRL,,1,0,0
1100027330,10/04/2016,Control SRL,,1,0,0
1100027331,10/04/2016,Control SRL,,1,0,0
1200009413,10/04/2016,Control SRL,,1,0,0
1100027332,10/04/2016,Control SRL,,1,0,0
1100027333,10/04/2016,Control SRL,,1,0,0
1200009414,10/04/2016,Control SRL,,1,0,0
9103001738,10/04/2016,Control SRL,,0,0,1
1100027334,10/04/2016,Control SRL,,1,0,0
1200009415,10/04/2016,Control SRL,,1,0,0
9103001739,10/04/2016,Control SRL,,0,0,1
1100027335,10/04/2016,Control SRL,,1,0,0
1100027336,10/04/2016,Control SRL,,1,0,0
1100027337,10/04/2016,Control SRL,,1,0,0
1100027338,10/04/2016,Control SRL,,1,0,0
1100027339,10/04/2016,Control SRL,,1,0,0
1100027340,10/04/2016,Control SRL,,1,0,0
9203000469,10/04/2016,Control SRL,,0,0,1
1100027341,10/04/2016,Control SRL,,1,0,0
1100027342,10/04/2016,Control SRL,,1,0,0
1100027343,10/04/2016,Control SRL,,1,0,0
1100027344,10/04/2016,Control SRL,,1,0,0
1200009416,10/04/2016,Control SRL,,1,0,0
1100027345,10/04/2016,Control SRL,,1,0,0
1100027346,10/04/2016,Control SRL,,1,0,0
1100027347,10/04/2016,Control SRL,,1,0,0
1100027348,10/05/2016,Control SRL,,1,0,0
1100027350,10/05/2016,Control SRL,,1,0,0
1200009417,10/05/2016,Control SRL,,1,0,0
1100027349,10/05/2016,Control SRL,,1,0,0
1100027351,10/05/2016,Control SRL,,1,0,0
1100027352,10/05/2016,Control SRL,,1,0,0
1100027353,10/05/2016,Control SRL,,1,0,0
1200009418,10/05/2016,Control SRL,,1,0,0
1100027354,10/05/2016,Control SRL,,1,0,0
1200009419,10/05/2016,Control SRL,,1,0,0
1100027355,10/05/2016,Control SRL,,1,0,0
1200009421,10/05/2016,Control SRL,,1,0,0
1100027356,10/05/2016,Control SRL,,1,0,0
1200009422,10/05/2016,Control SRL,,1,0,0
1200009423,10/05/2016,Control SRL,,1,0,0
1200009420,10/05/2016,Control SRL,,1,0,0
1200009424,10/05/2016,Control SRL,,1,0,0
1200009425,10/05/2016,Control SRL,,1,0,0
1200009426,10/05/2016,Control SRL,,1,0,0
1100027357,10/05/2016,Control SRL,,1,0,0
9203000470,10/05/2016,Control SRL,,0,0,1
1100027358,10/05/2016,Control SRL,,1,0,0
1200009427,10/05/2016,Control SRL,,1,0,0
1100027359,10/05/2016,Control SRL,,1,0,0
1100027360,10/05/2016,Control SRL,,1,0,0
9203000471,10/05/2016,Control SRL,,0,0,1
1100027361,10/05/2016,Control SRL,,1,0,0
1200009428,10/05/2016,Control SRL,,1,0,0
1100027362,10/05/2016,Control SRL,,1,0,0
1200009431,10/05/2016,Control SRL,,1,0,0
1100027363,10/05/2016,Control SRL,,1,0,0
1100027364,10/05/2016,Control SRL,,1,0,0
1100027365,10/05/2016,Control SRL,,1,0,0
1200009429,10/05/2016,Control SRL,,1,0,0
1100027366,10/05/2016,Control SRL,,1,0,0
1100027367,10/05/2016,Control SRL,,1,0,0
1200009430,10/05/2016,Control SRL,,1,0,0
1100027368,10/05/2016,Control SRL,,1,0,0
9102005631,10/04/2016,Veritecnica SRL,,0,0,1
1100027116,10/04/2016,Veritecnica SRL,,1,0,0
1100027117,10/04/2016,Veritecnica SRL,,1,0,0
1200009322,10/04/2016,Veritecnica SRL,,1,0,0
1200009323,10/04/2016,Veritecnica SRL,,1,0,0
1100027118,10/04/2016,Veritecnica SRL,,1,0,0
1100027119,10/04/2016,Veritecnica SRL,,1,0,0
1100027120,10/04/2016,Veritecnica SRL,,1,0,0
1100027121,10/04/2016,Veritecnica SRL,,1,0,0
9102005632,10/04/2016,Veritecnica SRL,,0,1,0
9102005633,10/04/2016,Veritecnica SRL,,0,0,1
1100027122,10/04/2016,Veritecnica SRL,,1,0,0
1100027123,10/04/2016,Veritecnica SRL,,1,0,0
9102005634,10/04/2016,Veritecnica SRL,,0,0,1
1200009324,10/04/2016,Veritecnica SRL,,1,0,0
9202000985,10/04/2016,Veritecnica SRL,,0,0,1
9102005635,10/04/2016,Veritecnica SRL,,0,1,0
1100027124,10/04/2016,Veritecnica SRL,,1,0,0
9102005636,10/04/2016,Veritecnica SRL,,0,0,1
1100027125,10/04/2016,Veritecnica SRL,,1,0,0
9202000986,10/04/2016,Veritecnica SRL,,0,0,1
1100027126,10/04/2016,Veritecnica SRL,,1,0,0
1200009325,10/04/2016,Veritecnica SRL,,1,0,0
9202000987,10/04/2016,Veritecnica SRL,,0,0,1
1100027127,10/04/2016,Veritecnica SRL,,1,0,0
1200009326,10/04/2016,Veritecnica SRL,,1,0,0
9102005637,10/04/2016,Veritecnica SRL,,0,0,1
1100027128,10/04/2016,Veritecnica SRL,,1,0,0
9102005638,10/04/2016,Veritecnica SRL,,0,1,0
9102005639,10/04/2016,Veritecnica SRL,,0,0,1
1200009327,10/04/2016,Veritecnica SRL,,1,0,0
1200009328,10/04/2016,Veritecnica SRL,,1,0,0
1200009329,10/04/2016,Veritecnica SRL,,1,0,0
9202000988,10/04/2016,Veritecnica SRL,,0,0,1
9102005640,10/04/2016,Veritecnica SRL,,0,1,0
9102005641,10/04/2016,Veritecnica SRL,,0,0,1
1100027129,10/04/2016,Veritecnica SRL,,1,0,0
1200009330,10/04/2016,Veritecnica SRL,,1,0,0
9102005642,10/04/2016,Veritecnica SRL,,0,0,1
1100027130,10/04/2016,Veritecnica SRL,,1,0,0
1200009331,10/04/2016,Veritecnica SRL,,1,0,0
1200009332,10/04/2016,Veritecnica SRL,,1,0,0
1100027131,10/04/2016,Veritecnica SRL,,1,0,0
1100027132,10/04/2016,Veritecnica SRL,,1,0,0
1200009333,10/04/2016,Veritecnica SRL,,1,0,0
1200009334,10/04/2016,Veritecnica SRL,,1,0,0
1200009335,10/04/2016,Veritecnica SRL,,1,0,0
1100027133,10/04/2016,Veritecnica SRL,,1,0,0
1100027134,10/04/2016,Veritecnica SRL,,1,0,0
1200009336,10/04/2016,Veritecnica SRL,,1,0,0
9202000989,10/04/2016,Veritecnica SRL,,0,0,1
1200009337,10/04/2016,Veritecnica SRL,,1,0,0
1100027135,10/04/2016,Veritecnica SRL,,1,0,0
1100027136,10/04/2016,Veritecnica SRL,,1,0,0
1100027137,10/04/2016,Veritecnica SRL,,1,0,0
9102005643,10/04/2016,Veritecnica SRL,,0,0,1
1100027138,10/04/2016,Veritecnica SRL,,1,0,0
1200009338,10/04/2016,Veritecnica SRL,,1,0,0
1100027139,10/04/2016,Veritecnica SRL,,1,0,0
1100027140,10/04/2016,Veritecnica SRL,,1,0,0
1100027141,10/04/2016,Veritecnica SRL,,1,0,0
1100027142,10/05/2016,Veritecnica SRL,,1,0,0
1100027143,10/05/2016,Veritecnica SRL,,1,0,0
1100027144,10/05/2016,Veritecnica SRL,,1,0,0
1100027145,10/05/2016,Veritecnica SRL,,1,0,0
1100027146,10/05/2016,Veritecnica SRL,,1,0,0
9102005644,10/05/2016,Veritecnica SRL,,0,0,1
9102005645,10/05/2016,Veritecnica SRL,,0,0,1
9102005646,10/05/2016,Veritecnica SRL,,0,0,1
1100027147,10/05/2016,Veritecnica SRL,,1,0,0
1100027148,10/05/2016,Veritecnica SRL,,1,0,0
1100027149,10/05/2016,Veritecnica SRL,,1,0,0
1100027150,10/05/2016,Veritecnica SRL,,1,0,0
1200009339,10/05/2016,Veritecnica SRL,,1,0,0
1100027151,10/05/2016,Veritecnica SRL,,1,0,0
1200009340,10/05/2016,Veritecnica SRL,,1,0,0
1100027152,10/05/2016,Veritecnica SRL,,1,0,0
9102005647,10/05/2016,Veritecnica SRL,,0,0,1
1100027153,10/05/2016,Veritecnica SRL,,1,0,0
1100027154,10/05/2016,Veritecnica SRL,,1,0,0
1100027155,10/05/2016,Veritecnica SRL,,1,0,0
1100027156,10/05/2016,Veritecnica SRL,,1,0,0
9102005648,10/05/2016,Veritecnica SRL,,0,0,1
9102005649,10/05/2016,Veritecnica SRL,,0,0,1
1200009341,10/05/2016,Veritecnica SRL,,1,0,0
9202000990,10/05/2016,Veritecnica SRL,,0,0,1
9102005650,10/05/2016,Veritecnica SRL,,0,0,1
1200009342,10/05/2016,Veritecnica SRL,,1,0,0
1100027157,10/05/2016,Veritecnica SRL,,1,0,0
1100027158,10/05/2016,Veritecnica SRL,,1,0,0
1200009343,10/05/2016,Veritecnica SRL,,1,0,0
9102005651,10/05/2016,Veritecnica SRL,,0,1,0
1200009344,10/05/2016,Veritecnica SRL,,1,0,0
1100027159,10/05/2016,Veritecnica SRL,,1,0,0
1100027160,10/05/2016,Veritecnica SRL,,1,0,0
1100027161,10/05/2016,Veritecnica SRL,,1,0,0
1200009345,10/05/2016,Veritecnica SRL,,1,0,0
9202000991,10/05/2016,Veritecnica SRL,,0,0,1
1100027162,10/05/2016,Veritecnica SRL,,1,0,0
9102005652,10/05/2016,Veritecnica SRL,,0,0,1
1100027163,10/05/2016,Veritecnica SRL,,1,0,0
9102005653,10/05/2016,Veritecnica SRL,,0,0,1
1100027164,10/05/2016,Veritecnica SRL,,1,0,0
9102005654,10/05/2016,Veritecnica SRL,,0,1,0
9102005655,10/05/2016,Veritecnica SRL,,0,1,0
9202000992,10/05/2016,Veritecnica SRL,,0,0,1
1100027165,10/05/2016,Veritecnica SRL,,1,0,0
1100027166,10/05/2016,Veritecnica SRL,,1,0,0
1200009346,10/05/2016,Veritecnica SRL,,1,0,0
1100027167,10/05/2016,Veritecnica SRL,,1,0,0
1100027168,10/05/2016,Veritecnica SRL,,1,0,0
1100027169,10/05/2016,Veritecnica SRL,,1,0,0
9102005656,10/05/2016,Veritecnica SRL,,0,0,1
1100027170,10/05/2016,Veritecnica SRL,,1,0,0
1100027171,10/05/2016,Veritecnica SRL,,1,0,0
1200009347,10/05/2016,Veritecnica SRL,,1,0,0
9102005657,10/05/2016,Veritecnica SRL,,0,0,1
1100027172,10/05/2016,Veritecnica SRL,,1,0,0
9102005658,10/05/2016,Veritecnica SRL,,0,1,0
9102005659,10/05/2016,Veritecnica SRL,,0,0,1
9102005660,10/05/2016,Veritecnica SRL,,0,0,1
1100027173,10/05/2016,Veritecnica SRL,,1,0,0
1100027174,10/05/2016,Veritecnica SRL,,1,0,0
1100027175,10/05/2016,Veritecnica SRL,,1,0,0
9102005661,10/05/2016,Veritecnica SRL,,0,1,0
1200009348,10/05/2016,Veritecnica SRL,,1,0,0
1100027176,10/05/2016,Veritecnica SRL,,1,0,0
1200009349,10/05/2016,Veritecnica SRL,,1,0,0
1200009350,10/05/2016,Veritecnica SRL,,1,0,0
1200009351,10/05/2016,Veritecnica SRL,,1,0,0
1100027177,10/05/2016,Veritecnica SRL,,1,0,0
9102005662,10/05/2016,Veritecnica SRL,,0,0,1
1100027178,10/05/2016,Veritecnica SRL,,1,0,0
9202000993,10/05/2016,Veritecnica SRL,,0,0,1
9102005663,10/05/2016,Veritecnica SRL,,0,0,1
9102005664,10/05/2016,Veritecnica SRL,,0,0,1
