Nrocertificado,Fecha,Idtaller,Dominiovehiculo,Aprobado,RechazadoLeveModerado,RechazadoGrave
1100022461,06/08/2016,Asociación de Bomberos Voluntarios - San Martín de los Andes,,1,0,0
9101001740,06/08/2016,Asociación de Bomberos Voluntarios - San Martín de los Andes,,0,1,0
1100022462,06/08/2016,Asociación de Bomberos Voluntarios - San Martín de los Andes,,1,0,0
9201000319,06/08/2016,Asociación de Bomberos Voluntarios - San Martín de los Andes,,0,1,0
1200005467,06/08/2016,Asociación de Bomberos Voluntarios - San Martín de los Andes,,1,0,0
9101001741,06/08/2016,Asociación de Bomberos Voluntarios - San Martín de los Andes,,0,1,0
1100022463,06/08/2016,Asociación de Bomberos Voluntarios - San Martín de los Andes,,1,0,0
1100022464,06/08/2016,Asociación de Bomberos Voluntarios - San Martín de los Andes,,1,0,0
1100022465,06/08/2016,Asociación de Bomberos Voluntarios - San Martín de los Andes,,1,0,0
1100022466,06/08/2016,Asociación de Bomberos Voluntarios - San Martín de los Andes,,1,0,0
1100022467,06/08/2016,Asociación de Bomberos Voluntarios - San Martín de los Andes,,1,0,0
1100022468,06/08/2016,Asociación de Bomberos Voluntarios - San Martín de los Andes,,1,0,0
1100022469,06/08/2016,Asociación de Bomberos Voluntarios - San Martín de los Andes,,1,0,0
9201000320,06/08/2016,Asociación de Bomberos Voluntarios - San Martín de los Andes,,0,1,0
1200005468,06/08/2016,Asociación de Bomberos Voluntarios - San Martín de los Andes,,1,0,0
1100022470,06/08/2016,Asociación de Bomberos Voluntarios - San Martín de los Andes,,1,0,0
9101001742,06/08/2016,Asociación de Bomberos Voluntarios - San Martín de los Andes,,0,1,0
1200005469,06/08/2016,Asociación de Bomberos Voluntarios - San Martín de los Andes,,1,0,0
1100022471,06/08/2016,Asociación de Bomberos Voluntarios - San Martín de los Andes,,1,0,0
9201000321,06/09/2016,Asociación de Bomberos Voluntarios - San Martín de los Andes,,0,1,0
1100022472,06/09/2016,Asociación de Bomberos Voluntarios - San Martín de los Andes,,1,0,0
1100022473,06/09/2016,Asociación de Bomberos Voluntarios - San Martín de los Andes,,1,0,0
1100022474,06/09/2016,Asociación de Bomberos Voluntarios - San Martín de los Andes,,1,0,0
1100022475,06/09/2016,Asociación de Bomberos Voluntarios - San Martín de los Andes,,1,0,0
1100022476,06/09/2016,Asociación de Bomberos Voluntarios - San Martín de los Andes,,1,0,0
9201000322,06/09/2016,Asociación de Bomberos Voluntarios - San Martín de los Andes,,0,1,0
1100022477,06/09/2016,Asociación de Bomberos Voluntarios - San Martín de los Andes,,1,0,0
9101001743,06/09/2016,Asociación de Bomberos Voluntarios - San Martín de los Andes,,0,0,1
1100022478,06/09/2016,Asociación de Bomberos Voluntarios - San Martín de los Andes,,1,0,0
9101001744,06/09/2016,Asociación de Bomberos Voluntarios - San Martín de los Andes,,0,1,0
1100022479,06/09/2016,Asociación de Bomberos Voluntarios - San Martín de los Andes,,1,0,0
1200005470,06/09/2016,Asociación de Bomberos Voluntarios - San Martín de los Andes,,1,0,0
1100022480,06/09/2016,Asociación de Bomberos Voluntarios - San Martín de los Andes,,1,0,0
1100022481,06/09/2016,Asociación de Bomberos Voluntarios - San Martín de los Andes,,1,0,0
1100022482,06/09/2016,Asociación de Bomberos Voluntarios - San Martín de los Andes,,1,0,0
1100022483,06/09/2016,Asociación de Bomberos Voluntarios - San Martín de los Andes,,1,0,0
1100022484,06/09/2016,Asociación de Bomberos Voluntarios - San Martín de los Andes,,1,0,0
1100022485,06/09/2016,Asociación de Bomberos Voluntarios - San Martín de los Andes,,1,0,0
1200005471,06/09/2016,Asociación de Bomberos Voluntarios - San Martín de los Andes,,1,0,0
1200007460,06/08/2016,Control SRL,,1,0,0
1200007461,06/08/2016,Control SRL,,1,0,0
1100022569,06/08/2016,Control SRL,,1,0,0
9103001440,06/08/2016,Control SRL,,0,0,1
1100022571,06/08/2016,Control SRL,,1,0,0
9103001441,06/08/2016,Control SRL,,0,0,1
9103001442,06/08/2016,Control SRL,,0,0,1
1100022572,06/08/2016,Control SRL,,1,0,0
1100022573,06/08/2016,Control SRL,,1,0,0
9103001443,06/08/2016,Control SRL,,0,0,1
1100022574,06/08/2016,Control SRL,,1,0,0
1100022575,06/08/2016,Control SRL,,1,0,0
1100022576,06/08/2016,Control SRL,,1,0,0
1100022577,06/08/2016,Control SRL,,1,0,0
1100022578,06/08/2016,Control SRL,,1,0,0
9103001444,06/08/2016,Control SRL,,0,0,1
1100022579,06/08/2016,Control SRL,,1,0,0
1200007463,06/08/2016,Control SRL,,1,0,0
1200007462,06/08/2016,Control SRL,,1,0,0
9103001445,06/08/2016,Control SRL,,0,0,1
9103001446,06/08/2016,Control SRL,,0,0,1
1100022580,06/08/2016,Control SRL,,1,0,0
1200007464,06/08/2016,Control SRL,,1,0,0
1200007465,06/08/2016,Control SRL,,1,0,0
1200007466,06/08/2016,Control SRL,,1,0,0
9103001447,06/08/2016,Control SRL,,0,0,1
1100022582,06/08/2016,Control SRL,,1,0,0
9103001448,06/08/2016,Control SRL,,0,0,1
1100022583,06/08/2016,Control SRL,,1,0,0
1100022584,06/08/2016,Control SRL,,1,0,0
1100022585,06/08/2016,Control SRL,,1,0,0
1200007467,06/09/2016,Control SRL,,1,0,0
1200007468,06/09/2016,Control SRL,,1,0,0
9203000392,06/09/2016,Control SRL,,0,0,1
1200007469,06/09/2016,Control SRL,,1,0,0
1100022587,06/09/2016,Control SRL,,1,0,0
1200007470,06/09/2016,Control SRL,,1,0,0
1100022588,06/09/2016,Control SRL,,1,0,0
1100022589,06/09/2016,Control SRL,,1,0,0
1100022590,06/09/2016,Control SRL,,1,0,0
1100022591,06/09/2016,Control SRL,,1,0,0
1100022592,06/09/2016,Control SRL,,1,0,0
1100022593,06/09/2016,Control SRL,,1,0,0
1100022594,06/09/2016,Control SRL,,1,0,0
1200007471,06/09/2016,Control SRL,,1,0,0
1200007472,06/09/2016,Control SRL,,1,0,0
1200007473,06/09/2016,Control SRL,,1,0,0
1200007474,06/09/2016,Control SRL,,1,0,0
9103001449,06/09/2016,Control SRL,,0,0,1
1100022595,06/09/2016,Control SRL,,1,0,0
1100022596,06/09/2016,Control SRL,,1,0,0
1100022597,06/09/2016,Control SRL,,1,0,0
1100022598,06/09/2016,Control SRL,,1,0,0
9203000393,06/09/2016,Control SRL,,0,0,1
9103001450,06/09/2016,Control SRL,,0,0,1
1200007475,06/09/2016,Control SRL,,1,0,0
9103001451,06/09/2016,Control SRL,,0,0,1
1100022781,06/08/2016,Veritecnica SRL,,1,0,0
9102004638,06/08/2016,Veritecnica SRL,,0,0,1
1100022782,06/08/2016,Veritecnica SRL,,1,0,0
1100022783,06/08/2016,Veritecnica SRL,,1,0,0
9202000723,06/08/2016,Veritecnica SRL,,0,0,1
1200007402,06/08/2016,Veritecnica SRL,,1,0,0
1100022784,06/08/2016,Veritecnica SRL,,1,0,0
1100022785,06/08/2016,Veritecnica SRL,,1,0,0
1100022786,06/08/2016,Veritecnica SRL,,1,0,0
9102004639,06/08/2016,Veritecnica SRL,,0,0,1
1200007403,06/08/2016,Veritecnica SRL,,1,0,0
1200007404,06/08/2016,Veritecnica SRL,,1,0,0
9102004640,06/08/2016,Veritecnica SRL,,0,0,1
9202000724,06/08/2016,Veritecnica SRL,,0,0,1
1200007405,06/08/2016,Veritecnica SRL,,1,0,0
9102004641,06/08/2016,Veritecnica SRL,,0,0,1
1100022787,06/08/2016,Veritecnica SRL,,1,0,0
1200007406,06/08/2016,Veritecnica SRL,,1,0,0
9102004642,06/08/2016,Veritecnica SRL,,0,0,1
1100022788,06/08/2016,Veritecnica SRL,,1,0,0
1100022789,06/08/2016,Veritecnica SRL,,1,0,0
9102004643,06/08/2016,Veritecnica SRL,,0,1,0
1200007408,06/08/2016,Veritecnica SRL,,1,0,0
1200007409,06/08/2016,Veritecnica SRL,,1,0,0
1100022790,06/08/2016,Veritecnica SRL,,1,0,0
1100022791,06/08/2016,Veritecnica SRL,,1,0,0
9202000725,06/08/2016,Veritecnica SRL,,0,0,1
9102004644,06/08/2016,Veritecnica SRL,,0,0,1
1100022792,06/08/2016,Veritecnica SRL,,1,0,0
9202000726,06/08/2016,Veritecnica SRL,,0,0,1
9102004645,06/09/2016,Veritecnica SRL,,0,1,0
1100022793,06/09/2016,Veritecnica SRL,,1,0,0
9102004646,06/09/2016,Veritecnica SRL,,0,0,1
1100022795,06/09/2016,Veritecnica SRL,,1,0,0
1100022794,06/09/2016,Veritecnica SRL,,1,0,0
1100022796,06/09/2016,Veritecnica SRL,,1,0,0
1200007407,06/09/2016,Veritecnica SRL,,1,0,0
1100022797,06/09/2016,Veritecnica SRL,,1,0,0
1200007410,06/09/2016,Veritecnica SRL,,1,0,0
1100022799,06/09/2016,Veritecnica SRL,,1,0,0
1100022798,06/09/2016,Veritecnica SRL,,1,0,0
1100022800,06/09/2016,Veritecnica SRL,,1,0,0
1100022801,06/09/2016,Veritecnica SRL,,1,0,0
1100022802,06/09/2016,Veritecnica SRL,,1,0,0
1200007411,06/09/2016,Veritecnica SRL,,1,0,0
1100022803,06/09/2016,Veritecnica SRL,,1,0,0
9202000727,06/09/2016,Veritecnica SRL,,0,0,1
9102004647,06/09/2016,Veritecnica SRL,,0,0,1
1200007412,06/09/2016,Veritecnica SRL,,1,0,0
1200007413,06/09/2016,Veritecnica SRL,,1,0,0
1100022804,06/09/2016,Veritecnica SRL,,1,0,0
1100022805,06/09/2016,Veritecnica SRL,,1,0,0
9102004648,06/09/2016,Veritecnica SRL,,0,0,1
1200007414,06/09/2016,Veritecnica SRL,,1,0,0
1200007415,06/09/2016,Veritecnica SRL,,1,0,0
9202000728,06/09/2016,Veritecnica SRL,,0,0,1
1100022806,06/09/2016,Veritecnica SRL,,1,0,0
1100022807,06/09/2016,Veritecnica SRL,,1,0,0
9102004649,06/09/2016,Veritecnica SRL,,0,1,0
1100022808,06/09/2016,Veritecnica SRL,,1,0,0
1100022809,06/09/2016,Veritecnica SRL,,1,0,0
1100022810,06/09/2016,Veritecnica SRL,,1,0,0
1100022811,06/09/2016,Veritecnica SRL,,1,0,0
