Nrocertificado,Fecha,Idtaller,Dominiovehiculo,Aprobado,RechazadoLeveModerado,RechazadoGrave
1100020882,04/30/2016,Asociación de Bomberos Voluntarios - San Martín de los Andes,,1,0,0
1100020883,04/30/2016,Asociación de Bomberos Voluntarios - San Martín de los Andes,,1,0,0
1100020884,04/30/2016,Asociación de Bomberos Voluntarios - San Martín de los Andes,,1,0,0
9102004365,04/30/2016,Veritecnica SRL,,0,0,1
1200006766,04/30/2016,Veritecnica SRL,,1,0,0
1100021221,04/30/2016,Veritecnica SRL,,1,0,0
1100021222,04/30/2016,Veritecnica SRL,,1,0,0
1200006767,04/30/2016,Veritecnica SRL,,1,0,0
1100021223,04/30/2016,Veritecnica SRL,,1,0,0
9102004366,04/30/2016,Veritecnica SRL,,0,0,1
9102004367,04/30/2016,Veritecnica SRL,,0,1,0
1200006768,04/30/2016,Veritecnica SRL,,1,0,0
1200006769,04/30/2016,Veritecnica SRL,,1,0,0
1100021224,04/30/2016,Veritecnica SRL,,1,0,0
1200006770,04/30/2016,Veritecnica SRL,,1,0,0
1100021225,04/30/2016,Veritecnica SRL,,1,0,0
1100021226,04/30/2016,Veritecnica SRL,,1,0,0
1200006771,04/30/2016,Veritecnica SRL,,1,0,0
1200006772,04/30/2016,Veritecnica SRL,,1,0,0
1200006773,04/30/2016,Veritecnica SRL,,1,0,0
9102004368,04/30/2016,Veritecnica SRL,,0,1,0
9202000652,04/30/2016,Veritecnica SRL,,0,0,1
1200006774,04/30/2016,Veritecnica SRL,,1,0,0
1100021227,04/30/2016,Veritecnica SRL,,1,0,0
9102004369,04/30/2016,Veritecnica SRL,,0,0,1
1200006775,04/30/2016,Veritecnica SRL,,1,0,0
1200006776,04/30/2016,Veritecnica SRL,,1,0,0
1200006777,04/30/2016,Veritecnica SRL,,1,0,0
