Nrocertificado,Fecha,Idtaller,Dominiovehiculo,Aprobado,RechazadoLeveModerado,RechazadoGrave
9101001966,09/13/2016,Asociación de Bomberos Voluntarios - San Martín de los Andes,,0,0,1
1100025942,09/13/2016,Asociación de Bomberos Voluntarios - San Martín de los Andes,,1,0,0
1100025943,09/13/2016,Asociación de Bomberos Voluntarios - San Martín de los Andes,,1,0,0
9101001967,09/13/2016,Asociación de Bomberos Voluntarios - San Martín de los Andes,,0,0,1
1100025944,09/13/2016,Asociación de Bomberos Voluntarios - San Martín de los Andes,,1,0,0
1100025945,09/13/2016,Asociación de Bomberos Voluntarios - San Martín de los Andes,,1,0,0
1100025946,09/13/2016,Asociación de Bomberos Voluntarios - San Martín de los Andes,,1,0,0
1100025947,09/13/2016,Asociación de Bomberos Voluntarios - San Martín de los Andes,,1,0,0
9101001968,09/13/2016,Asociación de Bomberos Voluntarios - San Martín de los Andes,,0,0,1
9101001969,09/13/2016,Asociación de Bomberos Voluntarios - San Martín de los Andes,,0,1,0
1100025948,09/13/2016,Asociación de Bomberos Voluntarios - San Martín de los Andes,,1,0,0
1100025949,09/13/2016,Asociación de Bomberos Voluntarios - San Martín de los Andes,,1,0,0
9101001970,09/13/2016,Asociación de Bomberos Voluntarios - San Martín de los Andes,,0,1,0
1100025950,09/13/2016,Asociación de Bomberos Voluntarios - San Martín de los Andes,,1,0,0
1200007632,09/13/2016,Asociación de Bomberos Voluntarios - San Martín de los Andes,,1,0,0
1100025951,09/13/2016,Asociación de Bomberos Voluntarios - San Martín de los Andes,,1,0,0
9201000374,09/13/2016,Asociación de Bomberos Voluntarios - San Martín de los Andes,,0,0,1
9101001971,09/13/2016,Asociación de Bomberos Voluntarios - San Martín de los Andes,,0,1,0
9101001972,09/13/2016,Asociación de Bomberos Voluntarios - San Martín de los Andes,,0,0,1
9101001973,09/13/2016,Asociación de Bomberos Voluntarios - San Martín de los Andes,,0,1,0
9101001974,09/14/2016,Asociación de Bomberos Voluntarios - San Martín de los Andes,,0,1,0
1200007633,09/14/2016,Asociación de Bomberos Voluntarios - San Martín de los Andes,,1,0,0
1200007634,09/14/2016,Asociación de Bomberos Voluntarios - San Martín de los Andes,,1,0,0
9101001975,09/14/2016,Asociación de Bomberos Voluntarios - San Martín de los Andes,,0,1,0
9101001976,09/14/2016,Asociación de Bomberos Voluntarios - San Martín de los Andes,,0,0,1
1100025952,09/14/2016,Asociación de Bomberos Voluntarios - San Martín de los Andes,,1,0,0
1100025953,09/14/2016,Asociación de Bomberos Voluntarios - San Martín de los Andes,,1,0,0
1100025954,09/14/2016,Asociación de Bomberos Voluntarios - San Martín de los Andes,,1,0,0
1100025955,09/14/2016,Asociación de Bomberos Voluntarios - San Martín de los Andes,,1,0,0
1100025956,09/14/2016,Asociación de Bomberos Voluntarios - San Martín de los Andes,,1,0,0
1100025957,09/14/2016,Asociación de Bomberos Voluntarios - San Martín de los Andes,,1,0,0
9203000461,09/13/2016,Control SRL,,0,0,1
1100026329,09/13/2016,Control SRL,,1,0,0
1100026330,09/13/2016,Control SRL,,1,0,0
1100026331,09/13/2016,Control SRL,,1,0,0
1100026332,09/13/2016,Control SRL,,1,0,0
9103001689,09/13/2016,Control SRL,,0,0,1
1200009018,09/13/2016,Control SRL,,1,0,0
9103001690,09/13/2016,Control SRL,,0,0,1
9103001691,09/13/2016,Control SRL,,0,0,1
1200009026,09/13/2016,Control SRL,,1,0,0
1100026334,09/13/2016,Control SRL,,1,0,0
1100026335,09/13/2016,Control SRL,,1,0,0
9103001692,09/13/2016,Control SRL,,0,0,1
1100026336,09/13/2016,Control SRL,,1,0,0
1100026360,09/13/2016,Control SRL,,1,0,0
9103001693,09/13/2016,Control SRL,,0,0,1
1200009028,09/13/2016,Control SRL,,1,0,0
1100026337,09/13/2016,Control SRL,,1,0,0
1100026338,09/13/2016,Control SRL,,1,0,0
1200009027,09/13/2016,Control SRL,,1,0,0
9103001694,09/13/2016,Control SRL,,0,0,1
1200009029,09/13/2016,Control SRL,,1,0,0
1100026340,09/13/2016,Control SRL,,1,0,0
1100026339,09/13/2016,Control SRL,,1,0,0
1100026341,09/13/2016,Control SRL,,1,0,0
1100026268,09/13/2016,Control SRL,,1,0,0
1200009024,09/13/2016,Control SRL,,1,0,0
1200009032,09/13/2016,Control SRL,,1,0,0
1200009031,09/13/2016,Control SRL,,1,0,0
1100026342,09/13/2016,Control SRL,,1,0,0
1100026343,09/13/2016,Control SRL,,1,0,0
1200009035,09/14/2016,Control SRL,,1,0,0
1200009036,09/14/2016,Control SRL,,1,0,0
1100026344,09/14/2016,Control SRL,,1,0,0
1100026345,09/14/2016,Control SRL,,1,0,0
1100026346,09/14/2016,Control SRL,,1,0,0
1100026347,09/14/2016,Control SRL,,1,0,0
1100026348,09/14/2016,Control SRL,,1,0,0
1100026349,09/14/2016,Control SRL,,1,0,0
1100026350,09/14/2016,Control SRL,,1,0,0
1200009037,09/14/2016,Control SRL,,1,0,0
1100026351,09/14/2016,Control SRL,,1,0,0
9203000462,09/14/2016,Control SRL,,0,0,1
1100026352,09/14/2016,Control SRL,,1,0,0
1100026353,09/14/2016,Control SRL,,1,0,0
1100026354,09/14/2016,Control SRL,,1,0,0
1100026357,09/14/2016,Control SRL,,1,0,0
1100026358,09/14/2016,Control SRL,,1,0,0
1100026356,09/14/2016,Control SRL,,1,0,0
1200009039,09/14/2016,Control SRL,,1,0,0
9103001695,09/14/2016,Control SRL,,0,0,1
1100026359,09/14/2016,Control SRL,,1,0,0
1200009040,09/14/2016,Control SRL,,1,0,0
1100026361,09/14/2016,Control SRL,,1,0,0
9103001696,09/14/2016,Control SRL,,0,0,1
1100026362,09/14/2016,Control SRL,,1,0,0
1200009041,09/14/2016,Control SRL,,1,0,0
1100026363,09/14/2016,Control SRL,,1,0,0
1100026364,09/14/2016,Control SRL,,1,0,0
1100026365,09/14/2016,Control SRL,,1,0,0
1100026366,09/14/2016,Control SRL,,1,0,0
1200009042,09/14/2016,Control SRL,,1,0,0
1100026355,09/14/2016,Control SRL,,1,0,0
1200009043,09/14/2016,Control SRL,,1,0,0
1200009044,09/14/2016,Control SRL,,1,0,0
1200008942,09/13/2016,Veritecnica SRL,,1,0,0
1100026215,09/13/2016,Veritecnica SRL,,1,0,0
1200008943,09/13/2016,Veritecnica SRL,,1,0,0
1100026216,09/13/2016,Veritecnica SRL,,1,0,0
1100026217,09/13/2016,Veritecnica SRL,,1,0,0
1100026218,09/13/2016,Veritecnica SRL,,1,0,0
1200008944,09/13/2016,Veritecnica SRL,,1,0,0
1200008945,09/13/2016,Veritecnica SRL,,1,0,0
9102005493,09/13/2016,Veritecnica SRL,,0,0,1
1200008946,09/13/2016,Veritecnica SRL,,1,0,0
1100026219,09/13/2016,Veritecnica SRL,,1,0,0
1100026220,09/13/2016,Veritecnica SRL,,1,0,0
1100026221,09/13/2016,Veritecnica SRL,,1,0,0
1100026222,09/13/2016,Veritecnica SRL,,1,0,0
1200008947,09/13/2016,Veritecnica SRL,,1,0,0
1200008948,09/13/2016,Veritecnica SRL,,1,0,0
1100026223,09/13/2016,Veritecnica SRL,,1,0,0
1100026224,09/13/2016,Veritecnica SRL,,1,0,0
9202000921,09/13/2016,Veritecnica SRL,,0,0,1
1200008949,09/13/2016,Veritecnica SRL,,1,0,0
9102005494,09/13/2016,Veritecnica SRL,,0,1,0
1200008950,09/13/2016,Veritecnica SRL,,1,0,0
1200008951,09/13/2016,Veritecnica SRL,,1,0,0
9202000922,09/13/2016,Veritecnica SRL,,0,0,1
1200008952,09/13/2016,Veritecnica SRL,,1,0,0
1200008953,09/13/2016,Veritecnica SRL,,1,0,0
9102005495,09/13/2016,Veritecnica SRL,,0,0,1
1100026225,09/13/2016,Veritecnica SRL,,1,0,0
1100026226,09/13/2016,Veritecnica SRL,,1,0,0
9102005496,09/13/2016,Veritecnica SRL,,0,0,1
9102005497,09/13/2016,Veritecnica SRL,,0,0,1
1100026227,09/13/2016,Veritecnica SRL,,1,0,0
9102005498,09/13/2016,Veritecnica SRL,,0,0,1
1100026228,09/13/2016,Veritecnica SRL,,1,0,0
9102005499,09/13/2016,Veritecnica SRL,,0,1,0
1100026229,09/13/2016,Veritecnica SRL,,1,0,0
9102005500,09/13/2016,Veritecnica SRL,,0,0,1
1100026230,09/13/2016,Veritecnica SRL,,1,0,0
1100026231,09/13/2016,Veritecnica SRL,,1,0,0
1100026232,09/13/2016,Veritecnica SRL,,1,0,0
1100026233,09/13/2016,Veritecnica SRL,,1,0,0
9102005501,09/13/2016,Veritecnica SRL,,0,0,1
9102005502,09/13/2016,Veritecnica SRL,,0,0,1
1100026234,09/13/2016,Veritecnica SRL,,1,0,0
1100026235,09/13/2016,Veritecnica SRL,,1,0,0
1100026236,09/13/2016,Veritecnica SRL,,1,0,0
1100026237,09/13/2016,Veritecnica SRL,,1,0,0
1100026238,09/13/2016,Veritecnica SRL,,1,0,0
9102005503,09/13/2016,Veritecnica SRL,,0,0,1
1100026239,09/13/2016,Veritecnica SRL,,1,0,0
1100026240,09/13/2016,Veritecnica SRL,,1,0,0
1100026241,09/13/2016,Veritecnica SRL,,1,0,0
1100026243,09/13/2016,Veritecnica SRL,,1,0,0
1100026242,09/13/2016,Veritecnica SRL,,1,0,0
9102005504,09/13/2016,Veritecnica SRL,,0,1,0
1200008954,09/13/2016,Veritecnica SRL,,1,0,0
1100026244,09/14/2016,Veritecnica SRL,,1,0,0
1100026245,09/14/2016,Veritecnica SRL,,1,0,0
1100026246,09/14/2016,Veritecnica SRL,,1,0,0
1100026247,09/14/2016,Veritecnica SRL,,1,0,0
1200008955,09/14/2016,Veritecnica SRL,,1,0,0
9102005505,09/14/2016,Veritecnica SRL,,0,0,1
1100026248,09/14/2016,Veritecnica SRL,,1,0,0
1100026249,09/14/2016,Veritecnica SRL,,1,0,0
1100026250,09/14/2016,Veritecnica SRL,,1,0,0
1100026501,09/14/2016,Veritecnica SRL,,1,0,0
1200008956,09/14/2016,Veritecnica SRL,,1,0,0
1200008957,09/14/2016,Veritecnica SRL,,1,0,0
1100026502,09/14/2016,Veritecnica SRL,,1,0,0
1100026503,09/14/2016,Veritecnica SRL,,1,0,0
1100026504,09/14/2016,Veritecnica SRL,,1,0,0
1100026505,09/14/2016,Veritecnica SRL,,1,0,0
1200008958,09/14/2016,Veritecnica SRL,,1,0,0
1100026506,09/14/2016,Veritecnica SRL,,1,0,0
1200008959,09/14/2016,Veritecnica SRL,,1,0,0
9102005506,09/14/2016,Veritecnica SRL,,0,0,1
1200008960,09/14/2016,Veritecnica SRL,,1,0,0
9202000923,09/14/2016,Veritecnica SRL,,0,0,1
9202000924,09/14/2016,Veritecnica SRL,,0,0,1
9102005507,09/14/2016,Veritecnica SRL,,0,1,0
1200008961,09/14/2016,Veritecnica SRL,,1,0,0
9202000925,09/14/2016,Veritecnica SRL,,0,0,1
1200008962,09/14/2016,Veritecnica SRL,,1,0,0
1200008963,09/14/2016,Veritecnica SRL,,1,0,0
9202000926,09/14/2016,Veritecnica SRL,,0,0,1
1100026507,09/14/2016,Veritecnica SRL,,1,0,0
1100026508,09/14/2016,Veritecnica SRL,,1,0,0
1100026509,09/14/2016,Veritecnica SRL,,1,0,0
1100026510,09/14/2016,Veritecnica SRL,,1,0,0
9102005508,09/14/2016,Veritecnica SRL,,0,1,0
1200008964,09/14/2016,Veritecnica SRL,,1,0,0
1100026511,09/14/2016,Veritecnica SRL,,1,0,0
1200008965,09/14/2016,Veritecnica SRL,,1,0,0
1100026512,09/14/2016,Veritecnica SRL,,1,0,0
1100026513,09/14/2016,Veritecnica SRL,,1,0,0
1100026514,09/14/2016,Veritecnica SRL,,1,0,0
9102005509,09/14/2016,Veritecnica SRL,,0,0,1
1100026515,09/14/2016,Veritecnica SRL,,1,0,0
1100026516,09/14/2016,Veritecnica SRL,,1,0,0
1100026517,09/14/2016,Veritecnica SRL,,1,0,0
9202000927,09/14/2016,Veritecnica SRL,,0,0,1
1100026518,09/14/2016,Veritecnica SRL,,1,0,0
1100026519,09/14/2016,Veritecnica SRL,,1,0,0
1100026520,09/14/2016,Veritecnica SRL,,1,0,0
1200008966,09/14/2016,Veritecnica SRL,,1,0,0
9102005510,09/14/2016,Veritecnica SRL,,0,0,1
1200008967,09/14/2016,Veritecnica SRL,,1,0,0
9102005511,09/14/2016,Veritecnica SRL,,0,0,1
1100026521,09/14/2016,Veritecnica SRL,,1,0,0
1100026522,09/14/2016,Veritecnica SRL,,1,0,0
1100026523,09/14/2016,Veritecnica SRL,,1,0,0
9202000928,09/14/2016,Veritecnica SRL,,0,0,1
1100026524,09/14/2016,Veritecnica SRL,,1,0,0
1200008968,09/14/2016,Veritecnica SRL,,1,0,0
1100026525,09/14/2016,Veritecnica SRL,,1,0,0
1200008969,09/14/2016,Veritecnica SRL,,1,0,0
1200008970,09/14/2016,Veritecnica SRL,,1,0,0
