Nrocertificado,Fecha,Idtaller,Dominiovehiculo,Aprobado,RechazadoLeveModerado,RechazadoGrave
1100022286,05/17/2016,Asociación de Bomberos Voluntarios - San Martín de los Andes,,1,0,0
1100022287,05/17/2016,Asociación de Bomberos Voluntarios - San Martín de los Andes,,1,0,0
9101001675,05/17/2016,Asociación de Bomberos Voluntarios - San Martín de los Andes,,0,1,0
9101001676,05/17/2016,Asociación de Bomberos Voluntarios - San Martín de los Andes,,0,1,0
1100022288,05/17/2016,Asociación de Bomberos Voluntarios - San Martín de los Andes,,1,0,0
1100022289,05/17/2016,Asociación de Bomberos Voluntarios - San Martín de los Andes,,1,0,0
1100022290,05/17/2016,Asociación de Bomberos Voluntarios - San Martín de los Andes,,1,0,0
1100022291,05/17/2016,Asociación de Bomberos Voluntarios - San Martín de los Andes,,1,0,0
9101001677,05/17/2016,Asociación de Bomberos Voluntarios - San Martín de los Andes,,0,1,0
1200005425,05/17/2016,Asociación de Bomberos Voluntarios - San Martín de los Andes,,1,0,0
1200005426,05/17/2016,Asociación de Bomberos Voluntarios - San Martín de los Andes,,1,0,0
1100022292,05/17/2016,Asociación de Bomberos Voluntarios - San Martín de los Andes,,1,0,0
9201000299,05/17/2016,Asociación de Bomberos Voluntarios - San Martín de los Andes,,0,1,0
1100022293,05/17/2016,Asociación de Bomberos Voluntarios - San Martín de los Andes,,1,0,0
1100022294,05/17/2016,Asociación de Bomberos Voluntarios - San Martín de los Andes,,1,0,0
1100022295,05/17/2016,Asociación de Bomberos Voluntarios - San Martín de los Andes,,1,0,0
1100022296,05/17/2016,Asociación de Bomberos Voluntarios - San Martín de los Andes,,1,0,0
1100022297,05/17/2016,Asociación de Bomberos Voluntarios - San Martín de los Andes,,1,0,0
1200005427,05/17/2016,Asociación de Bomberos Voluntarios - San Martín de los Andes,,1,0,0
1200005428,05/17/2016,Asociación de Bomberos Voluntarios - San Martín de los Andes,,1,0,0
1200005429,05/17/2016,Asociación de Bomberos Voluntarios - San Martín de los Andes,,1,0,0
9101001678,05/17/2016,Asociación de Bomberos Voluntarios - San Martín de los Andes,,0,0,1
1100022298,05/17/2016,Asociación de Bomberos Voluntarios - San Martín de los Andes,,1,0,0
9101001679,05/18/2016,Asociación de Bomberos Voluntarios - San Martín de los Andes,,0,1,0
1200005430,05/18/2016,Asociación de Bomberos Voluntarios - San Martín de los Andes,,1,0,0
1100022299,05/18/2016,Asociación de Bomberos Voluntarios - San Martín de los Andes,,1,0,0
1200005431,05/18/2016,Asociación de Bomberos Voluntarios - San Martín de los Andes,,1,0,0
1100022300,05/18/2016,Asociación de Bomberos Voluntarios - San Martín de los Andes,,1,0,0
1200005432,05/18/2016,Asociación de Bomberos Voluntarios - San Martín de los Andes,,1,0,0
9101001680,05/18/2016,Asociación de Bomberos Voluntarios - San Martín de los Andes,,0,0,1
1100022301,05/18/2016,Asociación de Bomberos Voluntarios - San Martín de los Andes,,1,0,0
1100022302,05/18/2016,Asociación de Bomberos Voluntarios - San Martín de los Andes,,1,0,0
9101001681,05/18/2016,Asociación de Bomberos Voluntarios - San Martín de los Andes,,0,0,1
1100022303,05/18/2016,Asociación de Bomberos Voluntarios - San Martín de los Andes,,1,0,0
1100022304,05/18/2016,Asociación de Bomberos Voluntarios - San Martín de los Andes,,1,0,0
1100022305,05/18/2016,Asociación de Bomberos Voluntarios - San Martín de los Andes,,1,0,0
9201000300,05/18/2016,Asociación de Bomberos Voluntarios - San Martín de los Andes,,0,1,0
1100022306,05/18/2016,Asociación de Bomberos Voluntarios - San Martín de los Andes,,1,0,0
1100022307,05/18/2016,Asociación de Bomberos Voluntarios - San Martín de los Andes,,1,0,0
1100022308,05/18/2016,Asociación de Bomberos Voluntarios - San Martín de los Andes,,1,0,0
1100022309,05/18/2016,Asociación de Bomberos Voluntarios - San Martín de los Andes,,1,0,0
9101001682,05/18/2016,Asociación de Bomberos Voluntarios - San Martín de los Andes,,0,1,0
1100022310,05/18/2016,Asociación de Bomberos Voluntarios - San Martín de los Andes,,1,0,0
9101001683,05/18/2016,Asociación de Bomberos Voluntarios - San Martín de los Andes,,0,0,1
9101001684,05/18/2016,Asociación de Bomberos Voluntarios - San Martín de los Andes,,0,1,0
1200007141,05/17/2016,Control SRL,,1,0,0
1100021868,05/17/2016,Control SRL,,1,0,0
9203000367,05/17/2016,Control SRL,,0,0,1
1100021869,05/17/2016,Control SRL,,1,0,0
9103001380,05/17/2016,Control SRL,,0,0,1
1200007143,05/17/2016,Control SRL,,1,0,0
1200007144,05/17/2016,Control SRL,,1,0,0
1200007142,05/17/2016,Control SRL,,1,0,0
1200007145,05/17/2016,Control SRL,,1,0,0
1100021870,05/17/2016,Control SRL,,1,0,0
1100021871,05/17/2016,Control SRL,,1,0,0
9103001381,05/17/2016,Control SRL,,0,0,1
1100021872,05/17/2016,Control SRL,,1,0,0
9203000368,05/17/2016,Control SRL,,0,0,1
1100021873,05/17/2016,Control SRL,,1,0,0
1200007146,05/17/2016,Control SRL,,1,0,0
1100021874,05/17/2016,Control SRL,,1,0,0
1100021875,05/17/2016,Control SRL,,1,0,0
1200007147,05/17/2016,Control SRL,,1,0,0
9103001382,05/17/2016,Control SRL,,0,0,1
9103001383,05/17/2016,Control SRL,,0,0,1
9103001384,05/17/2016,Control SRL,,0,0,1
1100021876,05/17/2016,Control SRL,,1,0,0
9103001385,05/17/2016,Control SRL,,0,0,1
1100021877,05/18/2016,Control SRL,,1,0,0
9103001386,05/18/2016,Control SRL,,0,0,1
1100021878,05/18/2016,Control SRL,,1,0,0
1100021879,05/18/2016,Control SRL,,1,0,0
1100021880,05/18/2016,Control SRL,,1,0,0
1100021881,05/18/2016,Control SRL,,1,0,0
9103001387,05/18/2016,Control SRL,,0,0,1
9103001388,05/18/2016,Control SRL,,0,0,1
1100021882,05/18/2016,Control SRL,,1,0,0
1100021883,05/18/2016,Control SRL,,1,0,0
1200007148,05/18/2016,Control SRL,,1,0,0
1200007150,05/18/2016,Control SRL,,1,0,0
1100021884,05/18/2016,Control SRL,,1,0,0
1200007149,05/18/2016,Control SRL,,1,0,0
9203000369,05/18/2016,Control SRL,,0,0,1
9203000370,05/18/2016,Control SRL,,0,0,1
9203000371,05/18/2016,Control SRL,,0,0,1
1200007151,05/18/2016,Control SRL,,1,0,0
1100021885,05/18/2016,Control SRL,,1,0,0
1100021886,05/18/2016,Control SRL,,1,0,0
9103001389,05/18/2016,Control SRL,,0,0,1
1100021888,05/18/2016,Control SRL,,1,0,0
1100021887,05/18/2016,Control SRL,,1,0,0
9102004491,05/17/2016,Veritecnica SRL,,0,0,1
1100021706,05/17/2016,Veritecnica SRL,,1,0,0
1100021707,05/17/2016,Veritecnica SRL,,1,0,0
1100021708,05/17/2016,Veritecnica SRL,,1,0,0
1100021709,05/17/2016,Veritecnica SRL,,1,0,0
1200006993,05/17/2016,Veritecnica SRL,,1,0,0
1200006994,05/17/2016,Veritecnica SRL,,1,0,0
9102004492,05/17/2016,Veritecnica SRL,,0,0,1
1200006995,05/17/2016,Veritecnica SRL,,1,0,0
1200006996,05/17/2016,Veritecnica SRL,,1,0,0
9102004493,05/17/2016,Veritecnica SRL,,0,1,0
1200006997,05/17/2016,Veritecnica SRL,,1,0,0
1100021710,05/17/2016,Veritecnica SRL,,1,0,0
1100021711,05/17/2016,Veritecnica SRL,,1,0,0
9102004494,05/17/2016,Veritecnica SRL,,0,0,1
1100021712,05/17/2016,Veritecnica SRL,,1,0,0
1200006998,05/17/2016,Veritecnica SRL,,1,0,0
1100021713,05/17/2016,Veritecnica SRL,,1,0,0
1200006999,05/17/2016,Veritecnica SRL,,1,0,0
1100021714,05/17/2016,Veritecnica SRL,,1,0,0
1100021715,05/17/2016,Veritecnica SRL,,1,0,0
1100021716,05/17/2016,Veritecnica SRL,,1,0,0
1200007000,05/17/2016,Veritecnica SRL,,1,0,0
1100021717,05/17/2016,Veritecnica SRL,,1,0,0
1200007251,05/17/2016,Veritecnica SRL,,1,0,0
1100021718,05/17/2016,Veritecnica SRL,,1,0,0
1200007252,05/17/2016,Veritecnica SRL,,1,0,0
1100021719,05/17/2016,Veritecnica SRL,,1,0,0
1200007253,05/17/2016,Veritecnica SRL,,1,0,0
1200007254,05/17/2016,Veritecnica SRL,,1,0,0
1200007255,05/17/2016,Veritecnica SRL,,1,0,0
1200007256,05/17/2016,Veritecnica SRL,,1,0,0
1100021720,05/17/2016,Veritecnica SRL,,1,0,0
1200007257,05/17/2016,Veritecnica SRL,,1,0,0
1200007258,05/17/2016,Veritecnica SRL,,1,0,0
1200007259,05/17/2016,Veritecnica SRL,,1,0,0
1200007260,05/17/2016,Veritecnica SRL,,1,0,0
9102004495,05/17/2016,Veritecnica SRL,,0,0,1
1100021721,05/17/2016,Veritecnica SRL,,1,0,0
9102004496,05/17/2016,Veritecnica SRL,,0,1,0
9202000690,05/17/2016,Veritecnica SRL,,0,0,1
1100021722,05/17/2016,Veritecnica SRL,,1,0,0
9102004497,05/17/2016,Veritecnica SRL,,0,0,1
9102004498,05/18/2016,Veritecnica SRL,,0,1,0
9102004499,05/18/2016,Veritecnica SRL,,0,1,0
1100021723,05/18/2016,Veritecnica SRL,,1,0,0
1200007261,05/18/2016,Veritecnica SRL,,1,0,0
9102004500,05/18/2016,Veritecnica SRL,,0,1,0
9102004501,05/18/2016,Veritecnica SRL,,0,1,0
1100021724,05/18/2016,Veritecnica SRL,,1,0,0
9102004502,05/18/2016,Veritecnica SRL,,0,0,1
1100021725,05/18/2016,Veritecnica SRL,,1,0,0
9102004503,05/18/2016,Veritecnica SRL,,0,0,1
1200007262,05/18/2016,Veritecnica SRL,,1,0,0
1100021726,05/18/2016,Veritecnica SRL,,1,0,0
1100021727,05/18/2016,Veritecnica SRL,,1,0,0
1100021728,05/18/2016,Veritecnica SRL,,1,0,0
9102004504,05/18/2016,Veritecnica SRL,,0,0,1
9102004505,05/18/2016,Veritecnica SRL,,0,1,0
1200007263,05/18/2016,Veritecnica SRL,,1,0,0
1200007264,05/18/2016,Veritecnica SRL,,1,0,0
1100021729,05/18/2016,Veritecnica SRL,,1,0,0
1100021730,05/18/2016,Veritecnica SRL,,1,0,0
9202000691,05/18/2016,Veritecnica SRL,,0,0,1
1100021731,05/18/2016,Veritecnica SRL,,1,0,0
1100021732,05/18/2016,Veritecnica SRL,,1,0,0
1100021733,05/18/2016,Veritecnica SRL,,1,0,0
1200007265,05/18/2016,Veritecnica SRL,,1,0,0
9102004506,05/18/2016,Veritecnica SRL,,0,0,1
1100021734,05/18/2016,Veritecnica SRL,,1,0,0
1100021735,05/18/2016,Veritecnica SRL,,1,0,0
1100021736,05/18/2016,Veritecnica SRL,,1,0,0
1100021737,05/18/2016,Veritecnica SRL,,1,0,0
1200007266,05/18/2016,Veritecnica SRL,,1,0,0
1100021738,05/18/2016,Veritecnica SRL,,1,0,0
1200007267,05/18/2016,Veritecnica SRL,,1,0,0
9202000692,05/18/2016,Veritecnica SRL,,0,0,1
1100021739,05/18/2016,Veritecnica SRL,,1,0,0
1100021740,05/18/2016,Veritecnica SRL,,1,0,0
1200007268,05/18/2016,Veritecnica SRL,,1,0,0
1100021741,05/18/2016,Veritecnica SRL,,1,0,0
1100021742,05/18/2016,Veritecnica SRL,,1,0,0
1100021743,05/18/2016,Veritecnica SRL,,1,0,0
1100021744,05/18/2016,Veritecnica SRL,,1,0,0
