Nrocertificado,Fecha,Idtaller,Dominiovehiculo,Aprobado,RechazadoLeveModerado,RechazadoGrave
1100025770,08/18/2016,Asociación de Bomberos Voluntarios - San Martín de los Andes,,1,0,0
9101001902,08/18/2016,Asociación de Bomberos Voluntarios - San Martín de los Andes,,0,0,1
1100025771,08/18/2016,Asociación de Bomberos Voluntarios - San Martín de los Andes,,1,0,0
9201000351,08/18/2016,Asociación de Bomberos Voluntarios - San Martín de los Andes,,0,1,0
1100025772,08/19/2016,Asociación de Bomberos Voluntarios - San Martín de los Andes,,1,0,0
1200007594,08/19/2016,Asociación de Bomberos Voluntarios - San Martín de los Andes,,1,0,0
1100025773,08/19/2016,Asociación de Bomberos Voluntarios - San Martín de los Andes,,1,0,0
9101001903,08/19/2016,Asociación de Bomberos Voluntarios - San Martín de los Andes,,0,1,0
1100025774,08/19/2016,Asociación de Bomberos Voluntarios - San Martín de los Andes,,1,0,0
1100025775,08/19/2016,Asociación de Bomberos Voluntarios - San Martín de los Andes,,1,0,0
1100025776,08/19/2016,Asociación de Bomberos Voluntarios - San Martín de los Andes,,1,0,0
1100025777,08/19/2016,Asociación de Bomberos Voluntarios - San Martín de los Andes,,1,0,0
1100025543,08/18/2016,Control SRL,,1,0,0
1100025544,08/18/2016,Control SRL,,1,0,0
1100025546,08/18/2016,Control SRL,,1,0,0
1100025545,08/18/2016,Control SRL,,1,0,0
1100025547,08/18/2016,Control SRL,,1,0,0
1100025548,08/18/2016,Control SRL,,1,0,0
1200008641,08/18/2016,Control SRL,,1,0,0
1100025549,08/18/2016,Control SRL,,1,0,0
1200008642,08/18/2016,Control SRL,,1,0,0
1100025550,08/18/2016,Control SRL,,1,0,0
1100025551,08/18/2016,Control SRL,,1,0,0
1100025552,08/18/2016,Control SRL,,1,0,0
1200008643,08/18/2016,Control SRL,,1,0,0
1200008644,08/18/2016,Control SRL,,1,0,0
1200008647,08/18/2016,Control SRL,,1,0,0
1200008648,08/18/2016,Control SRL,,1,0,0
9103001613,08/18/2016,Control SRL,,0,1,0
1200008649,08/18/2016,Control SRL,,1,0,0
1100025553,08/18/2016,Control SRL,,1,0,0
1200008650,08/18/2016,Control SRL,,1,0,0
1200008651,08/18/2016,Control SRL,,1,0,0
1100025555,08/18/2016,Control SRL,,1,0,0
1100025554,08/18/2016,Control SRL,,1,0,0
1100025556,08/18/2016,Control SRL,,1,0,0
1200008645,08/18/2016,Control SRL,,1,0,0
1200008646,08/18/2016,Control SRL,,1,0,0
1200008652,08/18/2016,Control SRL,,1,0,0
1100025558,08/18/2016,Control SRL,,1,0,0
1100025557,08/18/2016,Control SRL,,1,0,0
1100025559,08/18/2016,Control SRL,,1,0,0
1100025560,08/18/2016,Control SRL,,1,0,0
1200008653,08/18/2016,Control SRL,,1,0,0
1100025561,08/18/2016,Control SRL,,1,0,0
1100025563,08/18/2016,Control SRL,,1,0,0
1100025562,08/19/2016,Control SRL,,1,0,0
1200008654,08/19/2016,Control SRL,,1,0,0
1100025564,08/19/2016,Control SRL,,1,0,0
1100025565,08/19/2016,Control SRL,,1,0,0
1100025566,08/19/2016,Control SRL,,1,0,0
1200008655,08/19/2016,Control SRL,,1,0,0
1100025567,08/19/2016,Control SRL,,1,0,0
1100025569,08/19/2016,Control SRL,,1,0,0
1200008656,08/19/2016,Control SRL,,1,0,0
1100025568,08/19/2016,Control SRL,,1,0,0
1100025570,08/19/2016,Control SRL,,1,0,0
1200008657,08/19/2016,Control SRL,,1,0,0
1100025571,08/19/2016,Control SRL,,1,0,0
1200008658,08/19/2016,Control SRL,,1,0,0
1200008659,08/19/2016,Control SRL,,1,0,0
1200008660,08/19/2016,Control SRL,,1,0,0
9203000432,08/19/2016,Control SRL,,0,0,1
1100025572,08/19/2016,Control SRL,,1,0,0
1200008661,08/19/2016,Control SRL,,1,0,0
9103001614,08/19/2016,Control SRL,,0,0,1
1100025573,08/19/2016,Control SRL,,1,0,0
1100025574,08/19/2016,Control SRL,,1,0,0
9103001615,08/19/2016,Control SRL,,0,1,0
1100025576,08/19/2016,Control SRL,,1,0,0
1100025575,08/19/2016,Control SRL,,1,0,0
9103001616,08/19/2016,Control SRL,,0,0,1
1100025578,08/19/2016,Control SRL,,1,0,0
1200008665,08/19/2016,Control SRL,,1,0,0
1200008662,08/19/2016,Control SRL,,1,0,0
1200008666,08/19/2016,Control SRL,,1,0,0
1100025577,08/19/2016,Control SRL,,1,0,0
1200008663,08/19/2016,Control SRL,,1,0,0
9102005264,08/18/2016,Veritecnica SRL,,0,0,1
1200008754,08/18/2016,Veritecnica SRL,,1,0,0
1200008755,08/18/2016,Veritecnica SRL,,1,0,0
9102005265,08/18/2016,Veritecnica SRL,,0,0,1
1100025269,08/18/2016,Veritecnica SRL,,1,0,0
9102005266,08/18/2016,Veritecnica SRL,,0,1,0
1100025270,08/18/2016,Veritecnica SRL,,1,0,0
9202000863,08/18/2016,Veritecnica SRL,,0,0,1
1100025271,08/18/2016,Veritecnica SRL,,1,0,0
1200008756,08/18/2016,Veritecnica SRL,,1,0,0
1100025272,08/18/2016,Veritecnica SRL,,1,0,0
1200008757,08/18/2016,Veritecnica SRL,,1,0,0
9102005267,08/18/2016,Veritecnica SRL,,0,0,1
9102005268,08/18/2016,Veritecnica SRL,,0,0,1
1200008758,08/18/2016,Veritecnica SRL,,1,0,0
9202000864,08/18/2016,Veritecnica SRL,,0,0,1
1100025273,08/18/2016,Veritecnica SRL,,1,0,0
1200008759,08/18/2016,Veritecnica SRL,,1,0,0
1100025274,08/18/2016,Veritecnica SRL,,1,0,0
9102005269,08/18/2016,Veritecnica SRL,,0,1,0
1200008760,08/18/2016,Veritecnica SRL,,1,0,0
1100025275,08/18/2016,Veritecnica SRL,,1,0,0
1100025276,08/18/2016,Veritecnica SRL,,1,0,0
1100025277,08/18/2016,Veritecnica SRL,,1,0,0
1200008761,08/18/2016,Veritecnica SRL,,1,0,0
1100025278,08/18/2016,Veritecnica SRL,,1,0,0
1200008762,08/18/2016,Veritecnica SRL,,1,0,0
1100025279,08/18/2016,Veritecnica SRL,,1,0,0
1100025280,08/18/2016,Veritecnica SRL,,1,0,0
9102005270,08/18/2016,Veritecnica SRL,,0,0,1
9202000865,08/18/2016,Veritecnica SRL,,0,0,1
1100025281,08/18/2016,Veritecnica SRL,,1,0,0
1100025282,08/18/2016,Veritecnica SRL,,1,0,0
1100025283,08/18/2016,Veritecnica SRL,,1,0,0
1100025284,08/18/2016,Veritecnica SRL,,1,0,0
1100025285,08/18/2016,Veritecnica SRL,,1,0,0
9102005271,08/18/2016,Veritecnica SRL,,0,1,0
1100025286,08/18/2016,Veritecnica SRL,,1,0,0
1100025287,08/18/2016,Veritecnica SRL,,1,0,0
1100025288,08/18/2016,Veritecnica SRL,,1,0,0
9202000866,08/18/2016,Veritecnica SRL,,0,0,1
1200008763,08/18/2016,Veritecnica SRL,,1,0,0
9102005272,08/18/2016,Veritecnica SRL,,0,0,1
9202000867,08/18/2016,Veritecnica SRL,,0,0,1
1100025289,08/18/2016,Veritecnica SRL,,1,0,0
1200008764,08/18/2016,Veritecnica SRL,,1,0,0
1200008765,08/19/2016,Veritecnica SRL,,1,0,0
1100025290,08/19/2016,Veritecnica SRL,,1,0,0
9102005273,08/19/2016,Veritecnica SRL,,0,1,0
1100025291,08/19/2016,Veritecnica SRL,,1,0,0
9102005274,08/19/2016,Veritecnica SRL,,0,0,1
1100025292,08/19/2016,Veritecnica SRL,,1,0,0
1200008766,08/19/2016,Veritecnica SRL,,1,0,0
9102005275,08/19/2016,Veritecnica SRL,,0,0,1
1100025293,08/19/2016,Veritecnica SRL,,1,0,0
1100025294,08/19/2016,Veritecnica SRL,,1,0,0
1100025295,08/19/2016,Veritecnica SRL,,1,0,0
1100025296,08/19/2016,Veritecnica SRL,,1,0,0
1100025297,08/19/2016,Veritecnica SRL,,1,0,0
1100025298,08/19/2016,Veritecnica SRL,,1,0,0
1100025299,08/19/2016,Veritecnica SRL,,1,0,0
9102005276,08/19/2016,Veritecnica SRL,,0,0,1
9102005277,08/19/2016,Veritecnica SRL,,0,0,1
9102005278,08/19/2016,Veritecnica SRL,,0,1,0
9102005279,08/19/2016,Veritecnica SRL,,0,0,1
1200008767,08/19/2016,Veritecnica SRL,,1,0,0
1100025301,08/19/2016,Veritecnica SRL,,1,0,0
1100025300,08/19/2016,Veritecnica SRL,,1,0,0
1100025302,08/19/2016,Veritecnica SRL,,1,0,0
9202000868,08/19/2016,Veritecnica SRL,,0,0,1
1200008768,08/19/2016,Veritecnica SRL,,1,0,0
1200008769,08/19/2016,Veritecnica SRL,,1,0,0
1100025303,08/19/2016,Veritecnica SRL,,1,0,0
9102005280,08/19/2016,Veritecnica SRL,,0,0,1
1200008770,08/19/2016,Veritecnica SRL,,1,0,0
1100025304,08/19/2016,Veritecnica SRL,,1,0,0
1200008771,08/19/2016,Veritecnica SRL,,1,0,0
1200008772,08/19/2016,Veritecnica SRL,,1,0,0
9102005281,08/19/2016,Veritecnica SRL,,0,0,1
1200008773,08/19/2016,Veritecnica SRL,,1,0,0
1200008774,08/19/2016,Veritecnica SRL,,1,0,0
1100025305,08/19/2016,Veritecnica SRL,,1,0,0
1100025306,08/19/2016,Veritecnica SRL,,1,0,0
1100025307,08/19/2016,Veritecnica SRL,,1,0,0
1100025308,08/19/2016,Veritecnica SRL,,1,0,0
1200008775,08/19/2016,Veritecnica SRL,,1,0,0
9102005282,08/19/2016,Veritecnica SRL,,0,0,1
9202000869,08/19/2016,Veritecnica SRL,,0,0,1
9102005283,08/19/2016,Veritecnica SRL,,0,0,1
1100025309,08/19/2016,Veritecnica SRL,,1,0,0
9102005284,08/19/2016,Veritecnica SRL,,0,0,1
9102005285,08/19/2016,Veritecnica SRL,,0,0,1
1200008776,08/19/2016,Veritecnica SRL,,1,0,0
1100025310,08/19/2016,Veritecnica SRL,,1,0,0
1100025311,08/19/2016,Veritecnica SRL,,1,0,0
9202000870,08/19/2016,Veritecnica SRL,,0,0,1
1100025312,08/19/2016,Veritecnica SRL,,1,0,0
1200008777,08/19/2016,Veritecnica SRL,,1,0,0
1200008778,08/19/2016,Veritecnica SRL,,1,0,0
9202000871,08/19/2016,Veritecnica SRL,,0,0,1
1100025313,08/19/2016,Veritecnica SRL,,1,0,0
