Nrocertificado,Fecha,Idtaller,Dominiovehiculo,Aprobado,RechazadoLeveModerado,RechazadoGrave
1100011556,01/20/2016,Asociación de Bomberos Voluntarios - San Martín de los Andes,,1,0,0
1100011557,01/20/2016,Asociación de Bomberos Voluntarios - San Martín de los Andes,,1,0,0
1100011558,01/20/2016,Asociación de Bomberos Voluntarios - San Martín de los Andes,,1,0,0
1100011559,01/20/2016,Asociación de Bomberos Voluntarios - San Martín de los Andes,,1,0,0
1100011560,01/20/2016,Asociación de Bomberos Voluntarios - San Martín de los Andes,,1,0,0
1100011561,01/20/2016,Asociación de Bomberos Voluntarios - San Martín de los Andes,,1,0,0
1100011562,01/20/2016,Asociación de Bomberos Voluntarios - San Martín de los Andes,,1,0,0
9101001116,01/20/2016,Asociación de Bomberos Voluntarios - San Martín de los Andes,,0,1,0
9101001117,01/20/2016,Asociación de Bomberos Voluntarios - San Martín de los Andes,,0,1,0
9101001118,01/20/2016,Asociación de Bomberos Voluntarios - San Martín de los Andes,,0,0,1
1100011563,01/20/2016,Asociación de Bomberos Voluntarios - San Martín de los Andes,,1,0,0
1100011564,01/20/2016,Asociación de Bomberos Voluntarios - San Martín de los Andes,,1,0,0
1100011565,01/20/2016,Asociación de Bomberos Voluntarios - San Martín de los Andes,,1,0,0
1100011566,01/20/2016,Asociación de Bomberos Voluntarios - San Martín de los Andes,,1,0,0
1100011567,01/20/2016,Asociación de Bomberos Voluntarios - San Martín de los Andes,,1,0,0
1100011568,01/20/2016,Asociación de Bomberos Voluntarios - San Martín de los Andes,,1,0,0
9101001119,01/20/2016,Asociación de Bomberos Voluntarios - San Martín de los Andes,,0,0,1
1100011569,01/20/2016,Asociación de Bomberos Voluntarios - San Martín de los Andes,,1,0,0
1100011570,01/20/2016,Asociación de Bomberos Voluntarios - San Martín de los Andes,,1,0,0
1100011571,01/20/2016,Asociación de Bomberos Voluntarios - San Martín de los Andes,,1,0,0
1100011572,01/20/2016,Asociación de Bomberos Voluntarios - San Martín de los Andes,,1,0,0
1100011573,01/20/2016,Asociación de Bomberos Voluntarios - San Martín de los Andes,,1,0,0
9101001120,01/20/2016,Asociación de Bomberos Voluntarios - San Martín de los Andes,,0,1,0
9101001121,01/20/2016,Asociación de Bomberos Voluntarios - San Martín de los Andes,,0,1,0
1100011574,01/20/2016,Asociación de Bomberos Voluntarios - San Martín de los Andes,,1,0,0
1100011575,01/20/2016,Asociación de Bomberos Voluntarios - San Martín de los Andes,,1,0,0
1100011576,01/20/2016,Asociación de Bomberos Voluntarios - San Martín de los Andes,,1,0,0
1100011577,01/20/2016,Asociación de Bomberos Voluntarios - San Martín de los Andes,,1,0,0
9101001122,01/20/2016,Asociación de Bomberos Voluntarios - San Martín de los Andes,,0,0,1
1100011578,01/20/2016,Asociación de Bomberos Voluntarios - San Martín de los Andes,,1,0,0
1100011579,01/20/2016,Asociación de Bomberos Voluntarios - San Martín de los Andes,,1,0,0
1100011580,01/20/2016,Asociación de Bomberos Voluntarios - San Martín de los Andes,,1,0,0
1100011581,01/20/2016,Asociación de Bomberos Voluntarios - San Martín de los Andes,,1,0,0
1200002998,01/20/2016,Asociación de Bomberos Voluntarios - San Martín de los Andes,,1,0,0
1100011582,01/20/2016,Asociación de Bomberos Voluntarios - San Martín de los Andes,,1,0,0
1100011583,01/21/2016,Asociación de Bomberos Voluntarios - San Martín de los Andes,,1,0,0
1100011584,01/21/2016,Asociación de Bomberos Voluntarios - San Martín de los Andes,,1,0,0
1100011585,01/21/2016,Asociación de Bomberos Voluntarios - San Martín de los Andes,,1,0,0
9101001123,01/21/2016,Asociación de Bomberos Voluntarios - San Martín de los Andes,,0,1,0
9101001124,01/21/2016,Asociación de Bomberos Voluntarios - San Martín de los Andes,,0,1,0
1100011586,01/21/2016,Asociación de Bomberos Voluntarios - San Martín de los Andes,,1,0,0
1100011587,01/21/2016,Asociación de Bomberos Voluntarios - San Martín de los Andes,,1,0,0
1100011588,01/21/2016,Asociación de Bomberos Voluntarios - San Martín de los Andes,,1,0,0
9101001125,01/21/2016,Asociación de Bomberos Voluntarios - San Martín de los Andes,,0,1,0
1100011589,01/21/2016,Asociación de Bomberos Voluntarios - San Martín de los Andes,,1,0,0
1100011590,01/21/2016,Asociación de Bomberos Voluntarios - San Martín de los Andes,,1,0,0
1100011591,01/21/2016,Asociación de Bomberos Voluntarios - San Martín de los Andes,,1,0,0
1100011592,01/21/2016,Asociación de Bomberos Voluntarios - San Martín de los Andes,,1,0,0
1100011593,01/21/2016,Asociación de Bomberos Voluntarios - San Martín de los Andes,,1,0,0
1100011594,01/21/2016,Asociación de Bomberos Voluntarios - San Martín de los Andes,,1,0,0
1100011595,01/21/2016,Asociación de Bomberos Voluntarios - San Martín de los Andes,,1,0,0
1100011596,01/21/2016,Asociación de Bomberos Voluntarios - San Martín de los Andes,,1,0,0
9101001126,01/21/2016,Asociación de Bomberos Voluntarios - San Martín de los Andes,,0,1,0
9101001127,01/21/2016,Asociación de Bomberos Voluntarios - San Martín de los Andes,,0,0,1
1100011597,01/21/2016,Asociación de Bomberos Voluntarios - San Martín de los Andes,,1,0,0
1100011598,01/21/2016,Asociación de Bomberos Voluntarios - San Martín de los Andes,,1,0,0
1100011599,01/21/2016,Asociación de Bomberos Voluntarios - San Martín de los Andes,,1,0,0
1100011600,01/21/2016,Asociación de Bomberos Voluntarios - San Martín de los Andes,,1,0,0
1100011701,01/21/2016,Asociación de Bomberos Voluntarios - San Martín de los Andes,,1,0,0
1100011702,01/21/2016,Asociación de Bomberos Voluntarios - San Martín de los Andes,,1,0,0
1100011703,01/21/2016,Asociación de Bomberos Voluntarios - San Martín de los Andes,,1,0,0
9101001128,01/21/2016,Asociación de Bomberos Voluntarios - San Martín de los Andes,,0,1,0
1100011704,01/21/2016,Asociación de Bomberos Voluntarios - San Martín de los Andes,,1,0,0
9101001129,01/21/2016,Asociación de Bomberos Voluntarios - San Martín de los Andes,,0,0,1
9101001130,01/21/2016,Asociación de Bomberos Voluntarios - San Martín de los Andes,,0,0,1
1100011705,01/21/2016,Asociación de Bomberos Voluntarios - San Martín de los Andes,,1,0,0
1100011706,01/21/2016,Asociación de Bomberos Voluntarios - San Martín de los Andes,,1,0,0
1100011707,01/21/2016,Asociación de Bomberos Voluntarios - San Martín de los Andes,,1,0,0
1100012670,01/20/2016,Control SRL,,1,0,0
1100012671,01/20/2016,Control SRL,,1,0,0
1100012672,01/20/2016,Control SRL,,1,0,0
1100012673,01/20/2016,Control SRL,,1,0,0
1100012674,01/20/2016,Control SRL,,1,0,0
1100012675,01/20/2016,Control SRL,,1,0,0
1100012676,01/20/2016,Control SRL,,1,0,0
1100012677,01/20/2016,Control SRL,,1,0,0
1100012678,01/20/2016,Control SRL,,1,0,0
1100012679,01/20/2016,Control SRL,,1,0,0
1100012680,01/20/2016,Control SRL,,1,0,0
1100012681,01/20/2016,Control SRL,,1,0,0
1100012682,01/20/2016,Control SRL,,1,0,0
1100012684,01/20/2016,Control SRL,,1,0,0
1100012683,01/20/2016,Control SRL,,1,0,0
1100012685,01/20/2016,Control SRL,,1,0,0
1100012686,01/20/2016,Control SRL,,1,0,0
1100012687,01/20/2016,Control SRL,,1,0,0
1100012688,01/20/2016,Control SRL,,1,0,0
1100012689,01/20/2016,Control SRL,,1,0,0
1100012690,01/20/2016,Control SRL,,1,0,0
1100012691,01/20/2016,Control SRL,,1,0,0
1100012692,01/20/2016,Control SRL,,1,0,0
1100012693,01/20/2016,Control SRL,,1,0,0
1100012695,01/20/2016,Control SRL,,1,0,0
1100012694,01/20/2016,Control SRL,,1,0,0
9203000272,01/20/2016,Control SRL,,0,0,1
1100012696,01/20/2016,Control SRL,,1,0,0
1100012697,01/20/2016,Control SRL,,1,0,0
1100012920,01/20/2016,Control SRL,,1,0,0
1100012699,01/20/2016,Control SRL,,1,0,0
1100012698,01/20/2016,Control SRL,,1,0,0
1100012700,01/20/2016,Control SRL,,1,0,0
1100012901,01/20/2016,Control SRL,,1,0,0
1100012902,01/20/2016,Control SRL,,1,0,0
1100012903,01/20/2016,Control SRL,,1,0,0
1100012904,01/20/2016,Control SRL,,1,0,0
1100012905,01/20/2016,Control SRL,,1,0,0
1100012906,01/20/2016,Control SRL,,1,0,0
1100012907,01/20/2016,Control SRL,,1,0,0
9103000904,01/20/2016,Control SRL,,0,0,1
1100012908,01/20/2016,Control SRL,,1,0,0
9203000273,01/20/2016,Control SRL,,0,0,1
1100012909,01/20/2016,Control SRL,,1,0,0
1100012910,01/20/2016,Control SRL,,1,0,0
1200005133,01/20/2016,Control SRL,,1,0,0
1100012911,01/20/2016,Control SRL,,1,0,0
1100012912,01/20/2016,Control SRL,,1,0,0
1100012913,01/20/2016,Control SRL,,1,0,0
1100012915,01/20/2016,Control SRL,,1,0,0
1100012914,01/20/2016,Control SRL,,1,0,0
1100012916,01/20/2016,Control SRL,,1,0,0
9103000905,01/20/2016,Control SRL,,0,0,1
1100012919,01/20/2016,Control SRL,,1,0,0
1100012917,01/20/2016,Control SRL,,1,0,0
1100012918,01/20/2016,Control SRL,,1,0,0
1100012922,01/20/2016,Control SRL,,1,0,0
1100012924,01/20/2016,Control SRL,,1,0,0
1200005134,01/20/2016,Control SRL,,1,0,0
1100012921,01/20/2016,Control SRL,,1,0,0
9103000906,01/20/2016,Control SRL,,0,0,1
1100012923,01/20/2016,Control SRL,,1,0,0
1100012926,01/20/2016,Control SRL,,1,0,0
1100012927,01/20/2016,Control SRL,,1,0,0
1100012925,01/20/2016,Control SRL,,1,0,0
1100012928,01/20/2016,Control SRL,,1,0,0
1100012929,01/20/2016,Control SRL,,1,0,0
1100012930,01/20/2016,Control SRL,,1,0,0
1100012931,01/20/2016,Control SRL,,1,0,0
9103000907,01/20/2016,Control SRL,,0,0,1
1100012932,01/20/2016,Control SRL,,1,0,0
1100012933,01/20/2016,Control SRL,,1,0,0
1100012934,01/20/2016,Control SRL,,1,0,0
1100012935,01/20/2016,Control SRL,,1,0,0
1100012936,01/20/2016,Control SRL,,1,0,0
1100012937,01/20/2016,Control SRL,,1,0,0
1100012938,01/21/2016,Control SRL,,1,0,0
9203000274,01/21/2016,Control SRL,,0,0,1
1100012939,01/21/2016,Control SRL,,1,0,0
1100012940,01/21/2016,Control SRL,,1,0,0
1200005135,01/21/2016,Control SRL,,1,0,0
1100012941,01/21/2016,Control SRL,,1,0,0
1100012942,01/21/2016,Control SRL,,1,0,0
1100012943,01/21/2016,Control SRL,,1,0,0
1100012944,01/21/2016,Control SRL,,1,0,0
9103000908,01/21/2016,Control SRL,,0,0,1
1100012945,01/21/2016,Control SRL,,1,0,0
1100012946,01/21/2016,Control SRL,,1,0,0
1100012947,01/21/2016,Control SRL,,1,0,0
1100012948,01/21/2016,Control SRL,,1,0,0
1100012949,01/21/2016,Control SRL,,1,0,0
9103000909,01/21/2016,Control SRL,,0,0,1
1100012951,01/21/2016,Control SRL,,1,0,0
1100012950,01/21/2016,Control SRL,,1,0,0
9203000275,01/21/2016,Control SRL,,0,0,1
1100012956,01/21/2016,Control SRL,,1,0,0
9103000910,01/21/2016,Control SRL,,0,0,1
1100012952,01/21/2016,Control SRL,,1,0,0
1100012953,01/21/2016,Control SRL,,1,0,0
1100012954,01/21/2016,Control SRL,,1,0,0
1100012955,01/21/2016,Control SRL,,1,0,0
1100012957,01/21/2016,Control SRL,,1,0,0
1100012959,01/21/2016,Control SRL,,1,0,0
1100012958,01/21/2016,Control SRL,,1,0,0
1100012960,01/21/2016,Control SRL,,1,0,0
1100012961,01/21/2016,Control SRL,,1,0,0
1100012962,01/21/2016,Control SRL,,1,0,0
1100012967,01/21/2016,Control SRL,,1,0,0
1100012963,01/21/2016,Control SRL,,1,0,0
1100012964,01/21/2016,Control SRL,,1,0,0
1100012965,01/21/2016,Control SRL,,1,0,0
1100012966,01/21/2016,Control SRL,,1,0,0
1100012968,01/21/2016,Control SRL,,1,0,0
1100012969,01/21/2016,Control SRL,,1,0,0
1100012970,01/21/2016,Control SRL,,1,0,0
1100012971,01/21/2016,Control SRL,,1,0,0
1100012972,01/21/2016,Control SRL,,1,0,0
1200005136,01/21/2016,Control SRL,,1,0,0
9103000911,01/21/2016,Control SRL,,0,0,1
9103000912,01/21/2016,Control SRL,,0,0,1
9103000913,01/21/2016,Control SRL,,0,0,1
1100012973,01/21/2016,Control SRL,,1,0,0
1100012974,01/21/2016,Control SRL,,1,0,0
1100012975,01/21/2016,Control SRL,,1,0,0
1100012976,01/21/2016,Control SRL,,1,0,0
9103000914,01/21/2016,Control SRL,,0,0,1
1100012977,01/21/2016,Control SRL,,1,0,0
1200005137,01/21/2016,Control SRL,,1,0,0
9103000915,01/21/2016,Control SRL,,0,0,1
1100012980,01/21/2016,Control SRL,,1,0,0
1100012979,01/21/2016,Control SRL,,1,0,0
9203000276,01/21/2016,Control SRL,,0,0,1
1100012978,01/21/2016,Control SRL,,1,0,0
1200005138,01/21/2016,Control SRL,,1,0,0
1100012981,01/21/2016,Control SRL,,1,0,0
1100012982,01/21/2016,Control SRL,,1,0,0
9203000277,01/21/2016,Control SRL,,0,0,1
9203000278,01/21/2016,Control SRL,,0,0,1
1100012983,01/21/2016,Control SRL,,1,0,0
1100012987,01/21/2016,Control SRL,,1,0,0
1100012984,01/21/2016,Control SRL,,1,0,0
1100012985,01/21/2016,Control SRL,,1,0,0
1100012986,01/21/2016,Control SRL,,1,0,0
1100012989,01/21/2016,Control SRL,,1,0,0
1100012988,01/21/2016,Control SRL,,1,0,0
1100012991,01/21/2016,Control SRL,,1,0,0
1100012990,01/21/2016,Control SRL,,1,0,0
1100012992,01/21/2016,Control SRL,,1,0,0
9103000916,01/21/2016,Control SRL,,0,0,1
1100012996,01/21/2016,Control SRL,,1,0,0
1100012993,01/21/2016,Control SRL,,1,0,0
1100012995,01/21/2016,Control SRL,,1,0,0
1100012994,01/21/2016,Control SRL,,1,0,0
1100014558,01/20/2016,Veritecnica SRL,,1,0,0
1100014559,01/20/2016,Veritecnica SRL,,1,0,0
9102002662,01/20/2016,Veritecnica SRL,,0,0,1
1100014560,01/20/2016,Veritecnica SRL,,1,0,0
9102002663,01/20/2016,Veritecnica SRL,,0,0,1
1100014561,01/20/2016,Veritecnica SRL,,1,0,0
1100014562,01/20/2016,Veritecnica SRL,,1,0,0
1100014563,01/20/2016,Veritecnica SRL,,1,0,0
1100014565,01/20/2016,Veritecnica SRL,,1,0,0
1100014564,01/20/2016,Veritecnica SRL,,1,0,0
1100014566,01/20/2016,Veritecnica SRL,,1,0,0
1100014567,01/20/2016,Veritecnica SRL,,1,0,0
9102002664,01/20/2016,Veritecnica SRL,,0,1,0
1100014568,01/20/2016,Veritecnica SRL,,1,0,0
1100014569,01/20/2016,Veritecnica SRL,,1,0,0
1100014570,01/20/2016,Veritecnica SRL,,1,0,0
1100014571,01/20/2016,Veritecnica SRL,,1,0,0
1100014572,01/20/2016,Veritecnica SRL,,1,0,0
9102002665,01/20/2016,Veritecnica SRL,,0,1,0
1100014573,01/20/2016,Veritecnica SRL,,1,0,0
9102002666,01/20/2016,Veritecnica SRL,,0,0,1
1100014574,01/20/2016,Veritecnica SRL,,1,0,0
1100014575,01/20/2016,Veritecnica SRL,,1,0,0
9102002667,01/20/2016,Veritecnica SRL,,0,1,0
9102002668,01/20/2016,Veritecnica SRL,,0,0,1
1100014576,01/20/2016,Veritecnica SRL,,1,0,0
1100014577,01/20/2016,Veritecnica SRL,,1,0,0
9102002669,01/20/2016,Veritecnica SRL,,0,0,1
9102002670,01/20/2016,Veritecnica SRL,,0,0,1
9102002671,01/20/2016,Veritecnica SRL,,0,1,0
9102002672,01/20/2016,Veritecnica SRL,,0,1,0
9102002673,01/20/2016,Veritecnica SRL,,0,0,1
1100014578,01/20/2016,Veritecnica SRL,,1,0,0
1100014579,01/20/2016,Veritecnica SRL,,1,0,0
1100014580,01/20/2016,Veritecnica SRL,,1,0,0
9102002674,01/20/2016,Veritecnica SRL,,0,1,0
1100014581,01/20/2016,Veritecnica SRL,,1,0,0
1100014582,01/20/2016,Veritecnica SRL,,1,0,0
9102002675,01/20/2016,Veritecnica SRL,,0,0,1
1100014583,01/20/2016,Veritecnica SRL,,1,0,0
1200005253,01/20/2016,Veritecnica SRL,,1,0,0
1100014585,01/20/2016,Veritecnica SRL,,1,0,0
1100014584,01/20/2016,Veritecnica SRL,,1,0,0
1100014586,01/20/2016,Veritecnica SRL,,1,0,0
9102002676,01/20/2016,Veritecnica SRL,,0,0,1
9102002677,01/20/2016,Veritecnica SRL,,0,0,1
1100014587,01/20/2016,Veritecnica SRL,,1,0,0
1100014588,01/20/2016,Veritecnica SRL,,1,0,0
1100014589,01/20/2016,Veritecnica SRL,,1,0,0
1100014590,01/20/2016,Veritecnica SRL,,1,0,0
1200005254,01/20/2016,Veritecnica SRL,,1,0,0
1200005255,01/20/2016,Veritecnica SRL,,1,0,0
1200005256,01/20/2016,Veritecnica SRL,,1,0,0
9102002678,01/20/2016,Veritecnica SRL,,0,0,1
1100014591,01/20/2016,Veritecnica SRL,,1,0,0
1100014592,01/20/2016,Veritecnica SRL,,1,0,0
9102002679,01/20/2016,Veritecnica SRL,,0,1,0
9102002680,01/20/2016,Veritecnica SRL,,0,0,1
1100014593,01/20/2016,Veritecnica SRL,,1,0,0
9102002681,01/20/2016,Veritecnica SRL,,0,0,1
1100014594,01/20/2016,Veritecnica SRL,,1,0,0
9102002682,01/20/2016,Veritecnica SRL,,0,1,0
1100014595,01/20/2016,Veritecnica SRL,,1,0,0
1200005257,01/20/2016,Veritecnica SRL,,1,0,0
1100014596,01/20/2016,Veritecnica SRL,,1,0,0
1200005258,01/20/2016,Veritecnica SRL,,1,0,0
1100014597,01/20/2016,Veritecnica SRL,,1,0,0
1100014598,01/20/2016,Veritecnica SRL,,1,0,0
1100014599,01/20/2016,Veritecnica SRL,,1,0,0
1100014600,01/20/2016,Veritecnica SRL,,1,0,0
1100014701,01/20/2016,Veritecnica SRL,,1,0,0
9102002683,01/20/2016,Veritecnica SRL,,0,0,1
9102002684,01/20/2016,Veritecnica SRL,,0,1,0
1100014702,01/20/2016,Veritecnica SRL,,1,0,0
1200005259,01/20/2016,Veritecnica SRL,,1,0,0
1100014703,01/20/2016,Veritecnica SRL,,1,0,0
1100014704,01/20/2016,Veritecnica SRL,,1,0,0
1100014705,01/20/2016,Veritecnica SRL,,1,0,0
1100014706,01/20/2016,Veritecnica SRL,,1,0,0
9102002685,01/20/2016,Veritecnica SRL,,0,0,1
1200005260,01/20/2016,Veritecnica SRL,,1,0,0
9102002686,01/20/2016,Veritecnica SRL,,0,0,1
9102002687,01/20/2016,Veritecnica SRL,,0,0,1
1200005261,01/20/2016,Veritecnica SRL,,1,0,0
9102002688,01/20/2016,Veritecnica SRL,,0,0,1
9102002689,01/20/2016,Veritecnica SRL,,0,0,1
1100014707,01/20/2016,Veritecnica SRL,,1,0,0
9102002690,01/20/2016,Veritecnica SRL,,0,0,1
9102002691,01/20/2016,Veritecnica SRL,,0,0,1
1100014708,01/20/2016,Veritecnica SRL,,1,0,0
1100014709,01/20/2016,Veritecnica SRL,,1,0,0
1200005262,01/20/2016,Veritecnica SRL,,1,0,0
1100014710,01/20/2016,Veritecnica SRL,,1,0,0
1100014711,01/20/2016,Veritecnica SRL,,1,0,0
1100014712,01/20/2016,Veritecnica SRL,,1,0,0
1100014713,01/20/2016,Veritecnica SRL,,1,0,0
1100014714,01/20/2016,Veritecnica SRL,,1,0,0
1100014715,01/20/2016,Veritecnica SRL,,1,0,0
9102002692,01/20/2016,Veritecnica SRL,,0,0,1
1100014716,01/20/2016,Veritecnica SRL,,1,0,0
1100014717,01/20/2016,Veritecnica SRL,,1,0,0
1100014718,01/20/2016,Veritecnica SRL,,1,0,0
1200005263,01/20/2016,Veritecnica SRL,,1,0,0
1100014719,01/20/2016,Veritecnica SRL,,1,0,0
9102002693,01/20/2016,Veritecnica SRL,,0,0,1
1100014720,01/20/2016,Veritecnica SRL,,1,0,0
1100014721,01/20/2016,Veritecnica SRL,,1,0,0
9102002694,01/20/2016,Veritecnica SRL,,0,1,0
9102002695,01/20/2016,Veritecnica SRL,,0,1,0
9102002696,01/20/2016,Veritecnica SRL,,0,0,1
1100014722,01/20/2016,Veritecnica SRL,,1,0,0
1100014723,01/20/2016,Veritecnica SRL,,1,0,0
9102002697,01/20/2016,Veritecnica SRL,,0,0,1
1100014724,01/20/2016,Veritecnica SRL,,1,0,0
1100014725,01/20/2016,Veritecnica SRL,,1,0,0
9102002698,01/20/2016,Veritecnica SRL,,0,0,1
1100014726,01/20/2016,Veritecnica SRL,,1,0,0
1100014727,01/20/2016,Veritecnica SRL,,1,0,0
1100014728,01/20/2016,Veritecnica SRL,,1,0,0
1100014729,01/20/2016,Veritecnica SRL,,1,0,0
9102002699,01/20/2016,Veritecnica SRL,,0,1,0
9102002700,01/20/2016,Veritecnica SRL,,0,1,0
1200005264,01/20/2016,Veritecnica SRL,,1,0,0
1100014730,01/20/2016,Veritecnica SRL,,1,0,0
1100014731,01/20/2016,Veritecnica SRL,,1,0,0
1100014732,01/20/2016,Veritecnica SRL,,1,0,0
1100014733,01/20/2016,Veritecnica SRL,,1,0,0
1100014734,01/20/2016,Veritecnica SRL,,1,0,0
9102002701,01/20/2016,Veritecnica SRL,,0,0,1
1100014735,01/20/2016,Veritecnica SRL,,1,0,0
1100014736,01/21/2016,Veritecnica SRL,,1,0,0
1100014737,01/21/2016,Veritecnica SRL,,1,0,0
1100014738,01/21/2016,Veritecnica SRL,,1,0,0
1100014739,01/21/2016,Veritecnica SRL,,1,0,0
1100014740,01/21/2016,Veritecnica SRL,,1,0,0
1100014741,01/21/2016,Veritecnica SRL,,1,0,0
1100014742,01/21/2016,Veritecnica SRL,,1,0,0
9102002702,01/21/2016,Veritecnica SRL,,0,0,1
1100014743,01/21/2016,Veritecnica SRL,,1,0,0
9102002703,01/21/2016,Veritecnica SRL,,0,0,1
1100014744,01/21/2016,Veritecnica SRL,,1,0,0
1100014745,01/21/2016,Veritecnica SRL,,1,0,0
9102002704,01/21/2016,Veritecnica SRL,,0,0,1
1100014746,01/21/2016,Veritecnica SRL,,1,0,0
1100014747,01/21/2016,Veritecnica SRL,,1,0,0
1100014748,01/21/2016,Veritecnica SRL,,1,0,0
1100014749,01/21/2016,Veritecnica SRL,,1,0,0
9102002705,01/21/2016,Veritecnica SRL,,0,0,1
9102002706,01/21/2016,Veritecnica SRL,,0,1,0
1100014750,01/21/2016,Veritecnica SRL,,1,0,0
1100014751,01/21/2016,Veritecnica SRL,,1,0,0
1100014752,01/21/2016,Veritecnica SRL,,1,0,0
1100014753,01/21/2016,Veritecnica SRL,,1,0,0
1100014754,01/21/2016,Veritecnica SRL,,1,0,0
1100014755,01/21/2016,Veritecnica SRL,,1,0,0
9102002707,01/21/2016,Veritecnica SRL,,0,1,0
9102002708,01/21/2016,Veritecnica SRL,,0,0,1
1100014757,01/21/2016,Veritecnica SRL,,1,0,0
1100014756,01/21/2016,Veritecnica SRL,,1,0,0
1100014758,01/21/2016,Veritecnica SRL,,1,0,0
1100014759,01/21/2016,Veritecnica SRL,,1,0,0
1100014760,01/21/2016,Veritecnica SRL,,1,0,0
1100014761,01/21/2016,Veritecnica SRL,,1,0,0
9102002709,01/21/2016,Veritecnica SRL,,0,0,1
1100014762,01/21/2016,Veritecnica SRL,,1,0,0
1100014763,01/21/2016,Veritecnica SRL,,1,0,0
9102002710,01/21/2016,Veritecnica SRL,,0,0,1
9102002711,01/21/2016,Veritecnica SRL,,0,0,1
1100014764,01/21/2016,Veritecnica SRL,,1,0,0
9102002712,01/21/2016,Veritecnica SRL,,0,0,1
9102002713,01/21/2016,Veritecnica SRL,,0,0,1
1100014765,01/21/2016,Veritecnica SRL,,1,0,0
1100014766,01/21/2016,Veritecnica SRL,,1,0,0
1100014767,01/21/2016,Veritecnica SRL,,1,0,0
9102002714,01/21/2016,Veritecnica SRL,,0,0,1
1100014768,01/21/2016,Veritecnica SRL,,1,0,0
9102002715,01/21/2016,Veritecnica SRL,,0,0,1
9102002716,01/21/2016,Veritecnica SRL,,0,0,1
1200005265,01/21/2016,Veritecnica SRL,,1,0,0
1100014769,01/21/2016,Veritecnica SRL,,1,0,0
1100014770,01/21/2016,Veritecnica SRL,,1,0,0
1200005266,01/21/2016,Veritecnica SRL,,1,0,0
1100014771,01/21/2016,Veritecnica SRL,,1,0,0
9102002717,01/21/2016,Veritecnica SRL,,0,0,1
1200005267,01/21/2016,Veritecnica SRL,,1,0,0
9102002718,01/21/2016,Veritecnica SRL,,0,0,1
1100014772,01/21/2016,Veritecnica SRL,,1,0,0
1100014773,01/21/2016,Veritecnica SRL,,1,0,0
1100014774,01/21/2016,Veritecnica SRL,,1,0,0
9102002719,01/21/2016,Veritecnica SRL,,0,1,0
1100014775,01/21/2016,Veritecnica SRL,,1,0,0
9102002720,01/21/2016,Veritecnica SRL,,0,1,0
9102002721,01/21/2016,Veritecnica SRL,,0,1,0
1100014776,01/21/2016,Veritecnica SRL,,1,0,0
9102002722,01/21/2016,Veritecnica SRL,,0,0,1
1100014777,01/21/2016,Veritecnica SRL,,1,0,0
1100014778,01/21/2016,Veritecnica SRL,,1,0,0
1100014779,01/21/2016,Veritecnica SRL,,1,0,0
1100014780,01/21/2016,Veritecnica SRL,,1,0,0
1100014781,01/21/2016,Veritecnica SRL,,1,0,0
1100014782,01/21/2016,Veritecnica SRL,,1,0,0
9102002723,01/21/2016,Veritecnica SRL,,0,0,1
1100014783,01/21/2016,Veritecnica SRL,,1,0,0
1100014784,01/21/2016,Veritecnica SRL,,1,0,0
1200005268,01/21/2016,Veritecnica SRL,,1,0,0
1100014785,01/21/2016,Veritecnica SRL,,1,0,0
1100014786,01/21/2016,Veritecnica SRL,,1,0,0
1100014787,01/21/2016,Veritecnica SRL,,1,0,0
1100014788,01/21/2016,Veritecnica SRL,,1,0,0
1200005269,01/21/2016,Veritecnica SRL,,1,0,0
1200005270,01/21/2016,Veritecnica SRL,,1,0,0
1100014789,01/21/2016,Veritecnica SRL,,1,0,0
1100014790,01/21/2016,Veritecnica SRL,,1,0,0
9102002724,01/21/2016,Veritecnica SRL,,0,0,1
1100014791,01/21/2016,Veritecnica SRL,,1,0,0
1100014792,01/21/2016,Veritecnica SRL,,1,0,0
9102002725,01/21/2016,Veritecnica SRL,,0,1,0
1100014793,01/21/2016,Veritecnica SRL,,1,0,0
1100014794,01/21/2016,Veritecnica SRL,,1,0,0
1100014796,01/21/2016,Veritecnica SRL,,1,0,0
1100014795,01/21/2016,Veritecnica SRL,,1,0,0
9102002726,01/21/2016,Veritecnica SRL,,0,0,1
1100014797,01/21/2016,Veritecnica SRL,,1,0,0
1100014798,01/21/2016,Veritecnica SRL,,1,0,0
1100014800,01/21/2016,Veritecnica SRL,,1,0,0
1100014799,01/21/2016,Veritecnica SRL,,1,0,0
1100014901,01/21/2016,Veritecnica SRL,,1,0,0
1100014902,01/21/2016,Veritecnica SRL,,1,0,0
9102002727,01/21/2016,Veritecnica SRL,,0,0,1
9102002728,01/21/2016,Veritecnica SRL,,0,0,1
1100014903,01/21/2016,Veritecnica SRL,,1,0,0
1100014904,01/21/2016,Veritecnica SRL,,1,0,0
1100014905,01/21/2016,Veritecnica SRL,,1,0,0
9102002729,01/21/2016,Veritecnica SRL,,0,0,1
1100014906,01/21/2016,Veritecnica SRL,,1,0,0
1100014907,01/21/2016,Veritecnica SRL,,1,0,0
1100014908,01/21/2016,Veritecnica SRL,,1,0,0
1100014909,01/21/2016,Veritecnica SRL,,1,0,0
9102002730,01/21/2016,Veritecnica SRL,,0,0,1
1100014910,01/21/2016,Veritecnica SRL,,1,0,0
1100014911,01/21/2016,Veritecnica SRL,,1,0,0
1100014912,01/21/2016,Veritecnica SRL,,1,0,0
1100014913,01/21/2016,Veritecnica SRL,,1,0,0
1100014914,01/21/2016,Veritecnica SRL,,1,0,0
1100014915,01/21/2016,Veritecnica SRL,,1,0,0
1100014916,01/21/2016,Veritecnica SRL,,1,0,0
9202000482,01/21/2016,Veritecnica SRL,,0,0,1
1100014917,01/21/2016,Veritecnica SRL,,1,0,0
9102002731,01/21/2016,Veritecnica SRL,,0,0,1
1100014918,01/21/2016,Veritecnica SRL,,1,0,0
1100014919,01/21/2016,Veritecnica SRL,,1,0,0
1100014921,01/21/2016,Veritecnica SRL,,1,0,0
1100014920,01/21/2016,Veritecnica SRL,,1,0,0
1100014923,01/21/2016,Veritecnica SRL,,1,0,0
1100014922,01/21/2016,Veritecnica SRL,,1,0,0
1100014924,01/21/2016,Veritecnica SRL,,1,0,0
1100014925,01/21/2016,Veritecnica SRL,,1,0,0
