Nrocertificado,Fecha,Idtaller,Dominiovehiculo,Aprobado,RechazadoLeveModerado,RechazadoGrave
9101001997,09/20/2016,Asociación de Bomberos Voluntarios - San Martín de los Andes,,0,1,0
9101001998,09/20/2016,Asociación de Bomberos Voluntarios - San Martín de los Andes,,0,1,0
1100025989,09/20/2016,Asociación de Bomberos Voluntarios - San Martín de los Andes,,1,0,0
1100025990,09/20/2016,Asociación de Bomberos Voluntarios - San Martín de los Andes,,1,0,0
1100025991,09/20/2016,Asociación de Bomberos Voluntarios - San Martín de los Andes,,1,0,0
1100025992,09/20/2016,Asociación de Bomberos Voluntarios - San Martín de los Andes,,1,0,0
1100025993,09/20/2016,Asociación de Bomberos Voluntarios - San Martín de los Andes,,1,0,0
9101001999,09/20/2016,Asociación de Bomberos Voluntarios - San Martín de los Andes,,0,1,0
1100025994,09/20/2016,Asociación de Bomberos Voluntarios - San Martín de los Andes,,1,0,0
9101002000,09/20/2016,Asociación de Bomberos Voluntarios - San Martín de los Andes,,0,1,0
9101002001,09/20/2016,Asociación de Bomberos Voluntarios - San Martín de los Andes,,0,1,0
1100025995,09/20/2016,Asociación de Bomberos Voluntarios - San Martín de los Andes,,1,0,0
1100025996,09/20/2016,Asociación de Bomberos Voluntarios - San Martín de los Andes,,1,0,0
1100025997,09/20/2016,Asociación de Bomberos Voluntarios - San Martín de los Andes,,1,0,0
1100025998,09/20/2016,Asociación de Bomberos Voluntarios - San Martín de los Andes,,1,0,0
1100025999,09/20/2016,Asociación de Bomberos Voluntarios - San Martín de los Andes,,1,0,0
1100026000,09/20/2016,Asociación de Bomberos Voluntarios - San Martín de los Andes,,1,0,0
9101002002,09/20/2016,Asociación de Bomberos Voluntarios - San Martín de los Andes,,0,1,0
1100026751,09/20/2016,Asociación de Bomberos Voluntarios - San Martín de los Andes,,1,0,0
1100026752,09/20/2016,Asociación de Bomberos Voluntarios - San Martín de los Andes,,1,0,0
9101002003,09/20/2016,Asociación de Bomberos Voluntarios - San Martín de los Andes,,0,1,0
1100026753,09/21/2016,Asociación de Bomberos Voluntarios - San Martín de los Andes,,1,0,0
1100026754,09/21/2016,Asociación de Bomberos Voluntarios - San Martín de los Andes,,1,0,0
1100026755,09/21/2016,Asociación de Bomberos Voluntarios - San Martín de los Andes,,1,0,0
1100026756,09/21/2016,Asociación de Bomberos Voluntarios - San Martín de los Andes,,1,0,0
9201000383,09/21/2016,Asociación de Bomberos Voluntarios - San Martín de los Andes,,0,0,1
1200007641,09/21/2016,Asociación de Bomberos Voluntarios - San Martín de los Andes,,1,0,0
9101002004,09/21/2016,Asociación de Bomberos Voluntarios - San Martín de los Andes,,0,1,0
1200007642,09/21/2016,Asociación de Bomberos Voluntarios - San Martín de los Andes,,1,0,0
1100026757,09/21/2016,Asociación de Bomberos Voluntarios - San Martín de los Andes,,1,0,0
9101002005,09/21/2016,Asociación de Bomberos Voluntarios - San Martín de los Andes,,0,0,1
1100026758,09/21/2016,Asociación de Bomberos Voluntarios - San Martín de los Andes,,1,0,0
1100026759,09/21/2016,Asociación de Bomberos Voluntarios - San Martín de los Andes,,1,0,0
1100026760,09/21/2016,Asociación de Bomberos Voluntarios - San Martín de los Andes,,1,0,0
1100026761,09/21/2016,Asociación de Bomberos Voluntarios - San Martín de los Andes,,1,0,0
1100026762,09/21/2016,Asociación de Bomberos Voluntarios - San Martín de los Andes,,1,0,0
1100026763,09/21/2016,Asociación de Bomberos Voluntarios - San Martín de los Andes,,1,0,0
9101002006,09/21/2016,Asociación de Bomberos Voluntarios - San Martín de los Andes,,0,1,0
1100026764,09/21/2016,Asociación de Bomberos Voluntarios - San Martín de los Andes,,1,0,0
1100026765,09/21/2016,Asociación de Bomberos Voluntarios - San Martín de los Andes,,1,0,0
1100026766,09/21/2016,Asociación de Bomberos Voluntarios - San Martín de los Andes,,1,0,0
1100026767,09/21/2016,Asociación de Bomberos Voluntarios - San Martín de los Andes,,1,0,0
1100026768,09/21/2016,Asociación de Bomberos Voluntarios - San Martín de los Andes,,1,0,0
1100026769,09/21/2016,Asociación de Bomberos Voluntarios - San Martín de los Andes,,1,0,0
9101002007,09/21/2016,Asociación de Bomberos Voluntarios - San Martín de los Andes,,0,1,0
1200009076,09/20/2016,Control SRL,,1,0,0
1100026426,09/20/2016,Control SRL,,1,0,0
1100026427,09/20/2016,Control SRL,,1,0,0
1200009077,09/20/2016,Control SRL,,1,0,0
1100026428,09/20/2016,Control SRL,,1,0,0
1100026429,09/20/2016,Control SRL,,1,0,0
1200009078,09/20/2016,Control SRL,,1,0,0
1200009079,09/20/2016,Control SRL,,1,0,0
1200009080,09/20/2016,Control SRL,,1,0,0
1200009201,09/20/2016,Control SRL,,1,0,0
1100026430,09/20/2016,Control SRL,,1,0,0
1100026431,09/20/2016,Control SRL,,1,0,0
1100026432,09/20/2016,Control SRL,,1,0,0
1100026433,09/20/2016,Control SRL,,1,0,0
1100026434,09/20/2016,Control SRL,,1,0,0
1100026435,09/20/2016,Control SRL,,1,0,0
1200009202,09/20/2016,Control SRL,,1,0,0
1200009203,09/20/2016,Control SRL,,1,0,0
9203000464,09/20/2016,Control SRL,,0,0,1
1100026436,09/20/2016,Control SRL,,1,0,0
1200009205,09/20/2016,Control SRL,,1,0,0
9103001705,09/20/2016,Control SRL,,0,0,1
1100026437,09/20/2016,Control SRL,,1,0,0
1100026438,09/20/2016,Control SRL,,1,0,0
9103001706,09/20/2016,Control SRL,,0,0,1
1200009206,09/20/2016,Control SRL,,1,0,0
1200009208,09/20/2016,Control SRL,,1,0,0
9203000465,09/20/2016,Control SRL,,0,0,1
1200009207,09/20/2016,Control SRL,,1,0,0
1100026439,09/20/2016,Control SRL,,1,0,0
1200009204,09/20/2016,Control SRL,,1,0,0
1100026440,09/20/2016,Control SRL,,1,0,0
1200009209,09/20/2016,Control SRL,,1,0,0
1200009212,09/21/2016,Control SRL,,1,0,0
1200009211,09/21/2016,Control SRL,,1,0,0
1200009210,09/21/2016,Control SRL,,1,0,0
1100026441,09/21/2016,Control SRL,,1,0,0
1200009216,09/21/2016,Control SRL,,1,0,0
1200009213,09/21/2016,Control SRL,,1,0,0
1100026442,09/21/2016,Control SRL,,1,0,0
1200009214,09/21/2016,Control SRL,,1,0,0
1100026443,09/21/2016,Control SRL,,1,0,0
1100026444,09/21/2016,Control SRL,,1,0,0
1200009215,09/21/2016,Control SRL,,1,0,0
1100026446,09/21/2016,Control SRL,,1,0,0
9103001707,09/21/2016,Control SRL,,0,0,1
1100026445,09/21/2016,Control SRL,,1,0,0
1100026447,09/21/2016,Control SRL,,1,0,0
1200009218,09/21/2016,Control SRL,,1,0,0
9103001708,09/21/2016,Control SRL,,0,0,1
1200009217,09/21/2016,Control SRL,,1,0,0
1100026448,09/21/2016,Control SRL,,1,0,0
1200009220,09/21/2016,Control SRL,,1,0,0
1200009219,09/21/2016,Control SRL,,1,0,0
1200009221,09/21/2016,Control SRL,,1,0,0
9103001709,09/21/2016,Control SRL,,0,0,1
1200009222,09/21/2016,Control SRL,,1,0,0
1100026449,09/21/2016,Control SRL,,1,0,0
1100026450,09/21/2016,Control SRL,,1,0,0
1100026451,09/21/2016,Control SRL,,1,0,0
1100026452,09/21/2016,Control SRL,,1,0,0
1200009223,09/21/2016,Control SRL,,1,0,0
1200009224,09/21/2016,Control SRL,,1,0,0
1100026453,09/21/2016,Control SRL,,1,0,0
9103001710,09/21/2016,Control SRL,,0,0,1
1200009225,09/21/2016,Control SRL,,1,0,0
1100026607,09/20/2016,Veritecnica SRL,,1,0,0
1100026608,09/20/2016,Veritecnica SRL,,1,0,0
1200009108,09/20/2016,Veritecnica SRL,,1,0,0
1100026609,09/20/2016,Veritecnica SRL,,1,0,0
1200009109,09/20/2016,Veritecnica SRL,,1,0,0
1100026610,09/20/2016,Veritecnica SRL,,1,0,0
9102005535,09/20/2016,Veritecnica SRL,,0,1,0
9202000941,09/20/2016,Veritecnica SRL,,0,0,1
9102005536,09/20/2016,Veritecnica SRL,,0,0,1
1100026611,09/20/2016,Veritecnica SRL,,1,0,0
1100026612,09/20/2016,Veritecnica SRL,,1,0,0
1100026614,09/20/2016,Veritecnica SRL,,1,0,0
1100026613,09/20/2016,Veritecnica SRL,,1,0,0
9102005537,09/20/2016,Veritecnica SRL,,0,1,0
9102005538,09/20/2016,Veritecnica SRL,,0,0,1
1100026615,09/20/2016,Veritecnica SRL,,1,0,0
1200009110,09/20/2016,Veritecnica SRL,,1,0,0
9102005539,09/20/2016,Veritecnica SRL,,0,0,1
1200009111,09/20/2016,Veritecnica SRL,,1,0,0
1100026616,09/20/2016,Veritecnica SRL,,1,0,0
1100026617,09/20/2016,Veritecnica SRL,,1,0,0
1200009112,09/20/2016,Veritecnica SRL,,1,0,0
1100026618,09/20/2016,Veritecnica SRL,,1,0,0
9102005540,09/20/2016,Veritecnica SRL,,0,0,1
1200009113,09/20/2016,Veritecnica SRL,,1,0,0
1100026619,09/20/2016,Veritecnica SRL,,1,0,0
9102005541,09/20/2016,Veritecnica SRL,,0,0,1
1200009114,09/20/2016,Veritecnica SRL,,1,0,0
9102005542,09/20/2016,Veritecnica SRL,,0,0,1
9102005543,09/20/2016,Veritecnica SRL,,0,0,1
9102005544,09/20/2016,Veritecnica SRL,,0,1,0
9102005545,09/20/2016,Veritecnica SRL,,0,0,1
1100026620,09/20/2016,Veritecnica SRL,,1,0,0
9102005546,09/20/2016,Veritecnica SRL,,0,1,0
1100026621,09/20/2016,Veritecnica SRL,,1,0,0
1100026622,09/20/2016,Veritecnica SRL,,1,0,0
1100026623,09/20/2016,Veritecnica SRL,,1,0,0
1100026624,09/20/2016,Veritecnica SRL,,1,0,0
1100026625,09/20/2016,Veritecnica SRL,,1,0,0
1100026626,09/20/2016,Veritecnica SRL,,1,0,0
1200009115,09/20/2016,Veritecnica SRL,,1,0,0
1100026627,09/20/2016,Veritecnica SRL,,1,0,0
1100026628,09/20/2016,Veritecnica SRL,,1,0,0
1100026629,09/20/2016,Veritecnica SRL,,1,0,0
1100026630,09/21/2016,Veritecnica SRL,,1,0,0
9102005547,09/21/2016,Veritecnica SRL,,0,0,1
1100026631,09/21/2016,Veritecnica SRL,,1,0,0
1200009116,09/21/2016,Veritecnica SRL,,1,0,0
9102005548,09/21/2016,Veritecnica SRL,,0,0,1
1100026632,09/21/2016,Veritecnica SRL,,1,0,0
1100026633,09/21/2016,Veritecnica SRL,,1,0,0
1100026634,09/21/2016,Veritecnica SRL,,1,0,0
9102005549,09/21/2016,Veritecnica SRL,,0,0,1
1100026635,09/21/2016,Veritecnica SRL,,1,0,0
1200009117,09/21/2016,Veritecnica SRL,,1,0,0
1100026636,09/21/2016,Veritecnica SRL,,1,0,0
1100026637,09/21/2016,Veritecnica SRL,,1,0,0
1100026638,09/21/2016,Veritecnica SRL,,1,0,0
1100026639,09/21/2016,Veritecnica SRL,,1,0,0
1100026640,09/21/2016,Veritecnica SRL,,1,0,0
9102005550,09/21/2016,Veritecnica SRL,,0,0,1
1100026641,09/21/2016,Veritecnica SRL,,1,0,0
1100026642,09/21/2016,Veritecnica SRL,,1,0,0
1100026643,09/21/2016,Veritecnica SRL,,1,0,0
1200009118,09/21/2016,Veritecnica SRL,,1,0,0
1100026644,09/21/2016,Veritecnica SRL,,1,0,0
1100026645,09/21/2016,Veritecnica SRL,,1,0,0
9102005551,09/21/2016,Veritecnica SRL,,0,1,0
1200009119,09/21/2016,Veritecnica SRL,,1,0,0
1200009120,09/21/2016,Veritecnica SRL,,1,0,0
1200009121,09/21/2016,Veritecnica SRL,,1,0,0
1200009122,09/21/2016,Veritecnica SRL,,1,0,0
1100026646,09/21/2016,Veritecnica SRL,,1,0,0
1200009123,09/21/2016,Veritecnica SRL,,1,0,0
1100026647,09/21/2016,Veritecnica SRL,,1,0,0
1100026648,09/21/2016,Veritecnica SRL,,1,0,0
1100026649,09/21/2016,Veritecnica SRL,,1,0,0
9102005552,09/21/2016,Veritecnica SRL,,0,0,1
1100026650,09/21/2016,Veritecnica SRL,,1,0,0
1100026651,09/21/2016,Veritecnica SRL,,1,0,0
1100026652,09/21/2016,Veritecnica SRL,,1,0,0
9102005553,09/21/2016,Veritecnica SRL,,0,1,0
1100026653,09/21/2016,Veritecnica SRL,,1,0,0
1100026654,09/21/2016,Veritecnica SRL,,1,0,0
1100026655,09/21/2016,Veritecnica SRL,,1,0,0
9102005554,09/21/2016,Veritecnica SRL,,0,0,1
9102005555,09/21/2016,Veritecnica SRL,,0,0,1
9202000942,09/21/2016,Veritecnica SRL,,0,0,1
1100026656,09/21/2016,Veritecnica SRL,,1,0,0
9102005556,09/21/2016,Veritecnica SRL,,0,1,0
1200009124,09/21/2016,Veritecnica SRL,,1,0,0
