Nrocertificado,Fecha,Idtaller,Dominiovehiculo,Aprobado,RechazadoLeveModerado,RechazadoGrave
1200002999,01/22/2016,Asociación de Bomberos Voluntarios - San Martín de los Andes,,1,0,0
1100011708,01/22/2016,Asociación de Bomberos Voluntarios - San Martín de los Andes,,1,0,0
1100011709,01/22/2016,Asociación de Bomberos Voluntarios - San Martín de los Andes,,1,0,0
1100011710,01/22/2016,Asociación de Bomberos Voluntarios - San Martín de los Andes,,1,0,0
1100011711,01/22/2016,Asociación de Bomberos Voluntarios - San Martín de los Andes,,1,0,0
1100011712,01/22/2016,Asociación de Bomberos Voluntarios - San Martín de los Andes,,1,0,0
1100011713,01/22/2016,Asociación de Bomberos Voluntarios - San Martín de los Andes,,1,0,0
1100011714,01/22/2016,Asociación de Bomberos Voluntarios - San Martín de los Andes,,1,0,0
1100011715,01/22/2016,Asociación de Bomberos Voluntarios - San Martín de los Andes,,1,0,0
1100011716,01/22/2016,Asociación de Bomberos Voluntarios - San Martín de los Andes,,1,0,0
1100011717,01/22/2016,Asociación de Bomberos Voluntarios - San Martín de los Andes,,1,0,0
9101001131,01/22/2016,Asociación de Bomberos Voluntarios - San Martín de los Andes,,0,1,0
1100011718,01/22/2016,Asociación de Bomberos Voluntarios - San Martín de los Andes,,1,0,0
9101001132,01/22/2016,Asociación de Bomberos Voluntarios - San Martín de los Andes,,0,1,0
1100011719,01/22/2016,Asociación de Bomberos Voluntarios - San Martín de los Andes,,1,0,0
1200003000,01/22/2016,Asociación de Bomberos Voluntarios - San Martín de los Andes,,1,0,0
1100011720,01/22/2016,Asociación de Bomberos Voluntarios - San Martín de los Andes,,1,0,0
1100011721,01/22/2016,Asociación de Bomberos Voluntarios - San Martín de los Andes,,1,0,0
9101001133,01/22/2016,Asociación de Bomberos Voluntarios - San Martín de los Andes,,0,1,0
9101001134,01/22/2016,Asociación de Bomberos Voluntarios - San Martín de los Andes,,0,1,0
1100011722,01/22/2016,Asociación de Bomberos Voluntarios - San Martín de los Andes,,1,0,0
1100011723,01/22/2016,Asociación de Bomberos Voluntarios - San Martín de los Andes,,1,0,0
1100011724,01/22/2016,Asociación de Bomberos Voluntarios - San Martín de los Andes,,1,0,0
1100011725,01/22/2016,Asociación de Bomberos Voluntarios - San Martín de los Andes,,1,0,0
1100011726,01/22/2016,Asociación de Bomberos Voluntarios - San Martín de los Andes,,1,0,0
1100011727,01/22/2016,Asociación de Bomberos Voluntarios - San Martín de los Andes,,1,0,0
9101001135,01/22/2016,Asociación de Bomberos Voluntarios - San Martín de los Andes,,0,0,1
1100011728,01/22/2016,Asociación de Bomberos Voluntarios - San Martín de los Andes,,1,0,0
9101001136,01/22/2016,Asociación de Bomberos Voluntarios - San Martín de los Andes,,0,0,1
1100011729,01/22/2016,Asociación de Bomberos Voluntarios - San Martín de los Andes,,1,0,0
1100011730,01/22/2016,Asociación de Bomberos Voluntarios - San Martín de los Andes,,1,0,0
1100011731,01/22/2016,Asociación de Bomberos Voluntarios - San Martín de los Andes,,1,0,0
1100011732,01/22/2016,Asociación de Bomberos Voluntarios - San Martín de los Andes,,1,0,0
1100011733,01/22/2016,Asociación de Bomberos Voluntarios - San Martín de los Andes,,1,0,0
1100011734,01/22/2016,Asociación de Bomberos Voluntarios - San Martín de los Andes,,1,0,0
1100011735,01/22/2016,Asociación de Bomberos Voluntarios - San Martín de los Andes,,1,0,0
9101001137,01/22/2016,Asociación de Bomberos Voluntarios - San Martín de los Andes,,0,1,0
1100011736,01/22/2016,Asociación de Bomberos Voluntarios - San Martín de los Andes,,1,0,0
1100011737,01/22/2016,Asociación de Bomberos Voluntarios - San Martín de los Andes,,1,0,0
1100011738,01/22/2016,Asociación de Bomberos Voluntarios - San Martín de los Andes,,1,0,0
1100011739,01/22/2016,Asociación de Bomberos Voluntarios - San Martín de los Andes,,1,0,0
1200005302,01/23/2016,Asociación de Bomberos Voluntarios - San Martín de los Andes,,1,0,0
1100011740,01/23/2016,Asociación de Bomberos Voluntarios - San Martín de los Andes,,1,0,0
9101001138,01/23/2016,Asociación de Bomberos Voluntarios - San Martín de los Andes,,0,1,0
1200005301,01/23/2016,Asociación de Bomberos Voluntarios - San Martín de los Andes,,1,0,0
1100011741,01/23/2016,Asociación de Bomberos Voluntarios - San Martín de los Andes,,1,0,0
1100011742,01/23/2016,Asociación de Bomberos Voluntarios - San Martín de los Andes,,1,0,0
1100011743,01/23/2016,Asociación de Bomberos Voluntarios - San Martín de los Andes,,1,0,0
1100011744,01/23/2016,Asociación de Bomberos Voluntarios - San Martín de los Andes,,1,0,0
9201000213,01/23/2016,Asociación de Bomberos Voluntarios - San Martín de los Andes,,0,1,0
1100011745,01/23/2016,Asociación de Bomberos Voluntarios - San Martín de los Andes,,1,0,0
1100011746,01/23/2016,Asociación de Bomberos Voluntarios - San Martín de los Andes,,1,0,0
1100011747,01/23/2016,Asociación de Bomberos Voluntarios - San Martín de los Andes,,1,0,0
1200005303,01/23/2016,Asociación de Bomberos Voluntarios - San Martín de los Andes,,1,0,0
1200005139,01/22/2016,Control SRL,,1,0,0
1100012997,01/22/2016,Control SRL,,1,0,0
1200005140,01/22/2016,Control SRL,,1,0,0
1100012998,01/22/2016,Control SRL,,1,0,0
1200005141,01/22/2016,Control SRL,,1,0,0
1100012999,01/22/2016,Control SRL,,1,0,0
1100013000,01/22/2016,Control SRL,,1,0,0
1100013201,01/22/2016,Control SRL,,1,0,0
1100013202,01/22/2016,Control SRL,,1,0,0
1200005142,01/22/2016,Control SRL,,1,0,0
1200005143,01/22/2016,Control SRL,,1,0,0
1100013203,01/22/2016,Control SRL,,1,0,0
1200005144,01/22/2016,Control SRL,,1,0,0
1100013204,01/22/2016,Control SRL,,1,0,0
1100013205,01/22/2016,Control SRL,,1,0,0
1200005145,01/22/2016,Control SRL,,1,0,0
1100013206,01/22/2016,Control SRL,,1,0,0
9103000917,01/22/2016,Control SRL,,0,0,1
1100013207,01/22/2016,Control SRL,,1,0,0
1200005147,01/22/2016,Control SRL,,1,0,0
1200005146,01/22/2016,Control SRL,,1,0,0
1100013210,01/22/2016,Control SRL,,1,0,0
1100013211,01/22/2016,Control SRL,,1,0,0
1200005128,01/22/2016,Control SRL,,1,0,0
1100013208,01/22/2016,Control SRL,,1,0,0
1100013209,01/22/2016,Control SRL,,1,0,0
9203000279,01/22/2016,Control SRL,,0,0,1
9103000918,01/22/2016,Control SRL,,0,0,1
9103000919,01/22/2016,Control SRL,,0,0,1
1100013212,01/22/2016,Control SRL,,1,0,0
1100013213,01/22/2016,Control SRL,,1,0,0
1100013214,01/22/2016,Control SRL,,1,0,0
9103000920,01/22/2016,Control SRL,,0,0,1
1100013215,01/22/2016,Control SRL,,1,0,0
1100013216,01/22/2016,Control SRL,,1,0,0
1100013217,01/22/2016,Control SRL,,1,0,0
1100013218,01/22/2016,Control SRL,,1,0,0
1100013219,01/22/2016,Control SRL,,1,0,0
1200005148,01/22/2016,Control SRL,,1,0,0
1100013220,01/22/2016,Control SRL,,1,0,0
1100013221,01/22/2016,Control SRL,,1,0,0
1100013222,01/22/2016,Control SRL,,1,0,0
1100013224,01/22/2016,Control SRL,,1,0,0
1100013223,01/22/2016,Control SRL,,1,0,0
1100013225,01/22/2016,Control SRL,,1,0,0
1100013226,01/22/2016,Control SRL,,1,0,0
9103000921,01/22/2016,Control SRL,,0,0,1
1100013227,01/22/2016,Control SRL,,1,0,0
1100013229,01/22/2016,Control SRL,,1,0,0
1100013230,01/22/2016,Control SRL,,1,0,0
1100013228,01/22/2016,Control SRL,,1,0,0
9103000922,01/22/2016,Control SRL,,0,0,1
1200005149,01/22/2016,Control SRL,,1,0,0
1100013231,01/22/2016,Control SRL,,1,0,0
1100013232,01/22/2016,Control SRL,,1,0,0
1200005150,01/22/2016,Control SRL,,1,0,0
1100013234,01/22/2016,Control SRL,,1,0,0
1100013235,01/22/2016,Control SRL,,1,0,0
1100013236,01/22/2016,Control SRL,,1,0,0
1100013241,01/22/2016,Control SRL,,1,0,0
1100013237,01/22/2016,Control SRL,,1,0,0
1100013239,01/22/2016,Control SRL,,1,0,0
1100013240,01/22/2016,Control SRL,,1,0,0
9103000923,01/22/2016,Control SRL,,0,0,1
1100013243,01/22/2016,Control SRL,,1,0,0
1100013242,01/22/2016,Control SRL,,1,0,0
1100013244,01/22/2016,Control SRL,,1,0,0
1100013245,01/22/2016,Control SRL,,1,0,0
1100013246,01/22/2016,Control SRL,,1,0,0
1100013247,01/22/2016,Control SRL,,1,0,0
1100013248,01/22/2016,Control SRL,,1,0,0
1100013249,01/22/2016,Control SRL,,1,0,0
1100013250,01/22/2016,Control SRL,,1,0,0
1100013251,01/22/2016,Control SRL,,1,0,0
1100014926,01/22/2016,Veritecnica SRL,,1,0,0
1100014927,01/22/2016,Veritecnica SRL,,1,0,0
9102002732,01/22/2016,Veritecnica SRL,,0,0,1
1100014928,01/22/2016,Veritecnica SRL,,1,0,0
1100014929,01/22/2016,Veritecnica SRL,,1,0,0
1100014930,01/22/2016,Veritecnica SRL,,1,0,0
1100014931,01/22/2016,Veritecnica SRL,,1,0,0
9102002733,01/22/2016,Veritecnica SRL,,0,0,1
9102002734,01/22/2016,Veritecnica SRL,,0,1,0
9102002735,01/22/2016,Veritecnica SRL,,0,0,1
9102002736,01/22/2016,Veritecnica SRL,,0,1,0
1100014932,01/22/2016,Veritecnica SRL,,1,0,0
1100014933,01/22/2016,Veritecnica SRL,,1,0,0
1100014934,01/22/2016,Veritecnica SRL,,1,0,0
1100014935,01/22/2016,Veritecnica SRL,,1,0,0
1200005271,01/22/2016,Veritecnica SRL,,1,0,0
9102002737,01/22/2016,Veritecnica SRL,,0,0,1
1100014936,01/22/2016,Veritecnica SRL,,1,0,0
1100014937,01/22/2016,Veritecnica SRL,,1,0,0
1100014938,01/22/2016,Veritecnica SRL,,1,0,0
1200005272,01/22/2016,Veritecnica SRL,,1,0,0
1200005273,01/22/2016,Veritecnica SRL,,1,0,0
1100014939,01/22/2016,Veritecnica SRL,,1,0,0
1100014940,01/22/2016,Veritecnica SRL,,1,0,0
9102002738,01/22/2016,Veritecnica SRL,,0,1,0
1100014941,01/22/2016,Veritecnica SRL,,1,0,0
1100014942,01/22/2016,Veritecnica SRL,,1,0,0
1100014943,01/22/2016,Veritecnica SRL,,1,0,0
1100014944,01/22/2016,Veritecnica SRL,,1,0,0
1100014945,01/22/2016,Veritecnica SRL,,1,0,0
9202000483,01/22/2016,Veritecnica SRL,,0,0,1
1100014946,01/22/2016,Veritecnica SRL,,1,0,0
1100014947,01/22/2016,Veritecnica SRL,,1,0,0
1200005274,01/22/2016,Veritecnica SRL,,1,0,0
1100014948,01/22/2016,Veritecnica SRL,,1,0,0
1100014949,01/22/2016,Veritecnica SRL,,1,0,0
9102002739,01/22/2016,Veritecnica SRL,,0,0,1
1100014951,01/22/2016,Veritecnica SRL,,1,0,0
1100014952,01/22/2016,Veritecnica SRL,,1,0,0
1100014950,01/22/2016,Veritecnica SRL,,1,0,0
1100014953,01/22/2016,Veritecnica SRL,,1,0,0
9102002740,01/22/2016,Veritecnica SRL,,0,0,1
1200005275,01/22/2016,Veritecnica SRL,,1,0,0
9102002741,01/22/2016,Veritecnica SRL,,0,1,0
1100014955,01/22/2016,Veritecnica SRL,,1,0,0
9102002742,01/22/2016,Veritecnica SRL,,0,0,1
1100014954,01/22/2016,Veritecnica SRL,,1,0,0
9102002743,01/22/2016,Veritecnica SRL,,0,0,1
9102002744,01/22/2016,Veritecnica SRL,,0,0,1
1100014956,01/22/2016,Veritecnica SRL,,1,0,0
9102002745,01/22/2016,Veritecnica SRL,,0,0,1
1100014957,01/22/2016,Veritecnica SRL,,1,0,0
1100014958,01/22/2016,Veritecnica SRL,,1,0,0
1100014959,01/22/2016,Veritecnica SRL,,1,0,0
1100014960,01/22/2016,Veritecnica SRL,,1,0,0
9102002746,01/22/2016,Veritecnica SRL,,0,1,0
9102002747,01/22/2016,Veritecnica SRL,,0,1,0
9102002748,01/22/2016,Veritecnica SRL,,0,0,1
1100014962,01/22/2016,Veritecnica SRL,,1,0,0
9102002749,01/22/2016,Veritecnica SRL,,0,1,0
1100014961,01/22/2016,Veritecnica SRL,,1,0,0
1100014963,01/22/2016,Veritecnica SRL,,1,0,0
9102002750,01/22/2016,Veritecnica SRL,,0,0,1
1100014965,01/22/2016,Veritecnica SRL,,1,0,0
9102002751,01/22/2016,Veritecnica SRL,,0,1,0
1100014966,01/22/2016,Veritecnica SRL,,1,0,0
1100014964,01/22/2016,Veritecnica SRL,,1,0,0
1100014967,01/22/2016,Veritecnica SRL,,1,0,0
1200005276,01/22/2016,Veritecnica SRL,,1,0,0
9102002752,01/22/2016,Veritecnica SRL,,0,1,0
1100014968,01/22/2016,Veritecnica SRL,,1,0,0
9102002753,01/22/2016,Veritecnica SRL,,0,0,1
1100014969,01/22/2016,Veritecnica SRL,,1,0,0
9102002754,01/22/2016,Veritecnica SRL,,0,0,1
1100014970,01/22/2016,Veritecnica SRL,,1,0,0
1100014971,01/22/2016,Veritecnica SRL,,1,0,0
1100014972,01/22/2016,Veritecnica SRL,,1,0,0
1100014973,01/22/2016,Veritecnica SRL,,1,0,0
1100014974,01/22/2016,Veritecnica SRL,,1,0,0
1100014975,01/22/2016,Veritecnica SRL,,1,0,0
1200005277,01/22/2016,Veritecnica SRL,,1,0,0
1100014976,01/22/2016,Veritecnica SRL,,1,0,0
1100014977,01/22/2016,Veritecnica SRL,,1,0,0
1100014978,01/22/2016,Veritecnica SRL,,1,0,0
1200005278,01/22/2016,Veritecnica SRL,,1,0,0
1100014979,01/22/2016,Veritecnica SRL,,1,0,0
1100014980,01/22/2016,Veritecnica SRL,,1,0,0
9202000484,01/22/2016,Veritecnica SRL,,0,0,1
1100014981,01/22/2016,Veritecnica SRL,,1,0,0
9102002755,01/22/2016,Veritecnica SRL,,0,1,0
1100014982,01/22/2016,Veritecnica SRL,,1,0,0
9102002756,01/22/2016,Veritecnica SRL,,0,0,1
1100014983,01/22/2016,Veritecnica SRL,,1,0,0
1100014984,01/22/2016,Veritecnica SRL,,1,0,0
1100014985,01/22/2016,Veritecnica SRL,,1,0,0
1100014986,01/22/2016,Veritecnica SRL,,1,0,0
9102002757,01/22/2016,Veritecnica SRL,,0,0,1
1100014987,01/22/2016,Veritecnica SRL,,1,0,0
9102002758,01/22/2016,Veritecnica SRL,,0,1,0
1100014988,01/22/2016,Veritecnica SRL,,1,0,0
1100014989,01/22/2016,Veritecnica SRL,,1,0,0
1100014990,01/22/2016,Veritecnica SRL,,1,0,0
1100014991,01/22/2016,Veritecnica SRL,,1,0,0
1100014992,01/22/2016,Veritecnica SRL,,1,0,0
9102002759,01/22/2016,Veritecnica SRL,,0,1,0
1100014993,01/22/2016,Veritecnica SRL,,1,0,0
9102002760,01/22/2016,Veritecnica SRL,,0,0,1
9102002761,01/22/2016,Veritecnica SRL,,0,0,1
1100014994,01/22/2016,Veritecnica SRL,,1,0,0
1100014995,01/22/2016,Veritecnica SRL,,1,0,0
1200005279,01/22/2016,Veritecnica SRL,,1,0,0
1200005280,01/22/2016,Veritecnica SRL,,1,0,0
1100014996,01/22/2016,Veritecnica SRL,,1,0,0
1100014997,01/22/2016,Veritecnica SRL,,1,0,0
1100014999,01/22/2016,Veritecnica SRL,,1,0,0
1100014998,01/22/2016,Veritecnica SRL,,1,0,0
1100015000,01/22/2016,Veritecnica SRL,,1,0,0
9102002762,01/22/2016,Veritecnica SRL,,0,0,1
1100015101,01/22/2016,Veritecnica SRL,,1,0,0
1200005291,01/22/2016,Veritecnica SRL,,1,0,0
9102002763,01/22/2016,Veritecnica SRL,,0,0,1
1100015102,01/22/2016,Veritecnica SRL,,1,0,0
1100015103,01/22/2016,Veritecnica SRL,,1,0,0
1200005292,01/22/2016,Veritecnica SRL,,1,0,0
1100015104,01/22/2016,Veritecnica SRL,,1,0,0
1100015105,01/22/2016,Veritecnica SRL,,1,0,0
9102002764,01/22/2016,Veritecnica SRL,,0,0,1
9102002765,01/22/2016,Veritecnica SRL,,0,1,0
1100015106,01/22/2016,Veritecnica SRL,,1,0,0
1100015107,01/22/2016,Veritecnica SRL,,1,0,0
1100015108,01/22/2016,Veritecnica SRL,,1,0,0
1100015109,01/22/2016,Veritecnica SRL,,1,0,0
1100015110,01/22/2016,Veritecnica SRL,,1,0,0
1100015111,01/22/2016,Veritecnica SRL,,1,0,0
1100015112,01/23/2016,Veritecnica SRL,,1,0,0
1100015113,01/23/2016,Veritecnica SRL,,1,0,0
1100015114,01/23/2016,Veritecnica SRL,,1,0,0
9102002766,01/23/2016,Veritecnica SRL,,0,0,1
1100015115,01/23/2016,Veritecnica SRL,,1,0,0
1100015116,01/23/2016,Veritecnica SRL,,1,0,0
1100015117,01/23/2016,Veritecnica SRL,,1,0,0
1100015118,01/23/2016,Veritecnica SRL,,1,0,0
1100015119,01/23/2016,Veritecnica SRL,,1,0,0
1100015120,01/23/2016,Veritecnica SRL,,1,0,0
1100015121,01/23/2016,Veritecnica SRL,,1,0,0
1100015122,01/23/2016,Veritecnica SRL,,1,0,0
1100015123,01/23/2016,Veritecnica SRL,,1,0,0
1100015124,01/23/2016,Veritecnica SRL,,1,0,0
1100015125,01/23/2016,Veritecnica SRL,,1,0,0
1100015126,01/23/2016,Veritecnica SRL,,1,0,0
9102002767,01/23/2016,Veritecnica SRL,,0,1,0
9102002768,01/23/2016,Veritecnica SRL,,0,0,1
9102002769,01/23/2016,Veritecnica SRL,,0,0,1
1100015127,01/23/2016,Veritecnica SRL,,1,0,0
1100015128,01/23/2016,Veritecnica SRL,,1,0,0
1100015129,01/23/2016,Veritecnica SRL,,1,0,0
1200005293,01/23/2016,Veritecnica SRL,,1,0,0
1100015130,01/23/2016,Veritecnica SRL,,1,0,0
1100015131,01/23/2016,Veritecnica SRL,,1,0,0
9102002770,01/23/2016,Veritecnica SRL,,0,0,1
1100015132,01/23/2016,Veritecnica SRL,,1,0,0
9102002771,01/23/2016,Veritecnica SRL,,0,0,1
1200005294,01/23/2016,Veritecnica SRL,,1,0,0
9102002772,01/23/2016,Veritecnica SRL,,0,0,1
9102002773,01/23/2016,Veritecnica SRL,,0,0,1
1100015133,01/23/2016,Veritecnica SRL,,1,0,0
9102002774,01/23/2016,Veritecnica SRL,,0,0,1
9102002775,01/23/2016,Veritecnica SRL,,0,0,1
1100015134,01/23/2016,Veritecnica SRL,,1,0,0
9102002776,01/23/2016,Veritecnica SRL,,0,0,1
9102002777,01/23/2016,Veritecnica SRL,,0,0,1
9102002778,01/23/2016,Veritecnica SRL,,0,1,0
1100015135,01/23/2016,Veritecnica SRL,,1,0,0
9102002779,01/23/2016,Veritecnica SRL,,0,1,0
1100015136,01/23/2016,Veritecnica SRL,,1,0,0
1100015137,01/23/2016,Veritecnica SRL,,1,0,0
1100015138,01/23/2016,Veritecnica SRL,,1,0,0
1200005295,01/23/2016,Veritecnica SRL,,1,0,0
9102002780,01/23/2016,Veritecnica SRL,,0,0,1
1100015139,01/23/2016,Veritecnica SRL,,1,0,0
1100015140,01/23/2016,Veritecnica SRL,,1,0,0
1100015141,01/23/2016,Veritecnica SRL,,1,0,0
9102002781,01/23/2016,Veritecnica SRL,,0,0,1
1100015142,01/23/2016,Veritecnica SRL,,1,0,0
1100015143,01/23/2016,Veritecnica SRL,,1,0,0
1100015144,01/23/2016,Veritecnica SRL,,1,0,0
9102002782,01/23/2016,Veritecnica SRL,,0,0,1
1200005296,01/23/2016,Veritecnica SRL,,1,0,0
1200005297,01/23/2016,Veritecnica SRL,,1,0,0
1200005298,01/23/2016,Veritecnica SRL,,1,0,0
1100015145,01/23/2016,Veritecnica SRL,,1,0,0
1100015146,01/23/2016,Veritecnica SRL,,1,0,0
1100015147,01/23/2016,Veritecnica SRL,,1,0,0
1100015148,01/23/2016,Veritecnica SRL,,1,0,0
1100015149,01/23/2016,Veritecnica SRL,,1,0,0
1100015150,01/23/2016,Veritecnica SRL,,1,0,0
9102002783,01/23/2016,Veritecnica SRL,,0,1,0
1200005299,01/23/2016,Veritecnica SRL,,1,0,0
1100015151,01/23/2016,Veritecnica SRL,,1,0,0
1100015152,01/23/2016,Veritecnica SRL,,1,0,0
1200005300,01/23/2016,Veritecnica SRL,,1,0,0
1100015153,01/23/2016,Veritecnica SRL,,1,0,0
1200005801,01/23/2016,Veritecnica SRL,,1,0,0
