Nrocertificado,Fecha,Idtaller,Dominiovehiculo,Aprobado,RechazadoLeveModerado,RechazadoGrave
9101002106,10/24/2016,Asociación de Bomberos Voluntarios - San Martín de los Andes,,0,1,0
1100027640,10/24/2016,Asociación de Bomberos Voluntarios - San Martín de los Andes,,1,0,0
1100027641,10/24/2016,Asociación de Bomberos Voluntarios - San Martín de los Andes,,1,0,0
1200008534,10/24/2016,Asociación de Bomberos Voluntarios - San Martín de los Andes,,1,0,0
1100027642,10/24/2016,Asociación de Bomberos Voluntarios - San Martín de los Andes,,1,0,0
1100027643,10/24/2016,Asociación de Bomberos Voluntarios - San Martín de los Andes,,1,0,0
1100027644,10/24/2016,Asociación de Bomberos Voluntarios - San Martín de los Andes,,1,0,0
1100027645,10/24/2016,Asociación de Bomberos Voluntarios - San Martín de los Andes,,1,0,0
1100027646,10/24/2016,Asociación de Bomberos Voluntarios - San Martín de los Andes,,1,0,0
1100027647,10/24/2016,Asociación de Bomberos Voluntarios - San Martín de los Andes,,1,0,0
1200008535,10/24/2016,Asociación de Bomberos Voluntarios - San Martín de los Andes,,1,0,0
9201000395,10/24/2016,Asociación de Bomberos Voluntarios - San Martín de los Andes,,0,0,1
9101002107,10/24/2016,Asociación de Bomberos Voluntarios - San Martín de los Andes,,0,1,0
9101002108,10/24/2016,Asociación de Bomberos Voluntarios - San Martín de los Andes,,0,1,0
9101002109,10/24/2016,Asociación de Bomberos Voluntarios - San Martín de los Andes,,0,1,0
9101002110,10/24/2016,Asociación de Bomberos Voluntarios - San Martín de los Andes,,0,1,0
1100027648,10/24/2016,Asociación de Bomberos Voluntarios - San Martín de los Andes,,1,0,0
1100027649,10/24/2016,Asociación de Bomberos Voluntarios - San Martín de los Andes,,1,0,0
1100027650,10/24/2016,Asociación de Bomberos Voluntarios - San Martín de los Andes,,1,0,0
1100027651,10/24/2016,Asociación de Bomberos Voluntarios - San Martín de los Andes,,1,0,0
9103001780,10/24/2016,Control SRL,,0,0,1
1200009669,10/24/2016,Control SRL,,1,0,0
1200009668,10/24/2016,Control SRL,,1,0,0
9103001781,10/24/2016,Control SRL,,0,0,1
1200009670,10/24/2016,Control SRL,,1,0,0
1100028054,10/24/2016,Control SRL,,1,0,0
9103001782,10/24/2016,Control SRL,,0,0,1
1100028055,10/24/2016,Control SRL,,1,0,0
1200009665,10/24/2016,Control SRL,,1,0,0
1200009666,10/24/2016,Control SRL,,1,0,0
1200009667,10/24/2016,Control SRL,,1,0,0
9203000490,10/24/2016,Control SRL,,0,0,1
9203000491,10/24/2016,Control SRL,,0,0,1
1100028056,10/24/2016,Control SRL,,1,0,0
1200009698,10/24/2016,Control SRL,,1,0,0
1200009671,10/24/2016,Control SRL,,1,0,0
1200009673,10/24/2016,Control SRL,,1,0,0
1200009674,10/24/2016,Control SRL,,1,0,0
1200009672,10/24/2016,Control SRL,,1,0,0
9102005770,10/24/2016,Veritecnica SRL,,0,0,1
9102005771,10/24/2016,Veritecnica SRL,,0,0,1
9102005772,10/24/2016,Veritecnica SRL,,0,1,0
9102005773,10/24/2016,Veritecnica SRL,,0,0,1
9102005774,10/24/2016,Veritecnica SRL,,0,1,0
1200009708,10/24/2016,Veritecnica SRL,,1,0,0
9102005775,10/24/2016,Veritecnica SRL,,0,0,1
1100028616,10/24/2016,Veritecnica SRL,,1,0,0
1200009709,10/24/2016,Veritecnica SRL,,1,0,0
1100028615,10/24/2016,Veritecnica SRL,,1,0,0
1100028614,10/24/2016,Veritecnica SRL,,1,0,0
1200009710,10/24/2016,Veritecnica SRL,,1,0,0
1100028613,10/24/2016,Veritecnica SRL,,1,0,0
1200009711,10/24/2016,Veritecnica SRL,,1,0,0
1200009712,10/24/2016,Veritecnica SRL,,1,0,0
1200009713,10/24/2016,Veritecnica SRL,,1,0,0
9202001047,10/24/2016,Veritecnica SRL,,0,0,1
1200009714,10/24/2016,Veritecnica SRL,,1,0,0
9202001048,10/24/2016,Veritecnica SRL,,0,0,1
1100028612,10/24/2016,Veritecnica SRL,,1,0,0
1200009715,10/24/2016,Veritecnica SRL,,1,0,0
