Nrocertificado,Fecha,Idtaller,Dominiovehiculo,Aprobado,RechazadoLeveModerado,RechazadoGrave
9101001977,09/15/2016,Asociación de Bomberos Voluntarios - San Martín de los Andes,,0,1,0
1100025958,09/15/2016,Asociación de Bomberos Voluntarios - San Martín de los Andes,,1,0,0
9101001978,09/15/2016,Asociación de Bomberos Voluntarios - San Martín de los Andes,,0,0,1
1100025959,09/15/2016,Asociación de Bomberos Voluntarios - San Martín de los Andes,,1,0,0
1100025960,09/15/2016,Asociación de Bomberos Voluntarios - San Martín de los Andes,,1,0,0
9101001979,09/15/2016,Asociación de Bomberos Voluntarios - San Martín de los Andes,,0,1,0
9201000375,09/15/2016,Asociación de Bomberos Voluntarios - San Martín de los Andes,,0,0,1
1100025961,09/15/2016,Asociación de Bomberos Voluntarios - San Martín de los Andes,,1,0,0
1200007635,09/15/2016,Asociación de Bomberos Voluntarios - San Martín de los Andes,,1,0,0
1100025962,09/15/2016,Asociación de Bomberos Voluntarios - San Martín de los Andes,,1,0,0
9101001980,09/15/2016,Asociación de Bomberos Voluntarios - San Martín de los Andes,,0,0,1
9201000376,09/15/2016,Asociación de Bomberos Voluntarios - San Martín de los Andes,,0,0,1
1100025963,09/15/2016,Asociación de Bomberos Voluntarios - San Martín de los Andes,,1,0,0
9101001981,09/15/2016,Asociación de Bomberos Voluntarios - San Martín de los Andes,,0,1,0
9101001982,09/15/2016,Asociación de Bomberos Voluntarios - San Martín de los Andes,,0,1,0
9101001983,09/15/2016,Asociación de Bomberos Voluntarios - San Martín de los Andes,,0,1,0
1100025964,09/15/2016,Asociación de Bomberos Voluntarios - San Martín de los Andes,,1,0,0
9201000377,09/15/2016,Asociación de Bomberos Voluntarios - San Martín de los Andes,,0,0,1
1100025965,09/15/2016,Asociación de Bomberos Voluntarios - San Martín de los Andes,,1,0,0
1200007636,09/15/2016,Asociación de Bomberos Voluntarios - San Martín de los Andes,,1,0,0
9201000378,09/15/2016,Asociación de Bomberos Voluntarios - San Martín de los Andes,,0,0,1
9101001984,09/15/2016,Asociación de Bomberos Voluntarios - San Martín de los Andes,,0,0,1
1100025966,09/15/2016,Asociación de Bomberos Voluntarios - San Martín de los Andes,,1,0,0
9101001985,09/15/2016,Asociación de Bomberos Voluntarios - San Martín de los Andes,,0,0,1
1200007637,09/15/2016,Asociación de Bomberos Voluntarios - San Martín de los Andes,,1,0,0
9101001986,09/16/2016,Asociación de Bomberos Voluntarios - San Martín de los Andes,,0,0,1
9201000379,09/16/2016,Asociación de Bomberos Voluntarios - San Martín de los Andes,,0,0,1
1100025967,09/16/2016,Asociación de Bomberos Voluntarios - San Martín de los Andes,,1,0,0
1100025968,09/16/2016,Asociación de Bomberos Voluntarios - San Martín de los Andes,,1,0,0
9101001987,09/16/2016,Asociación de Bomberos Voluntarios - San Martín de los Andes,,0,0,1
1100025969,09/16/2016,Asociación de Bomberos Voluntarios - San Martín de los Andes,,1,0,0
1100025970,09/16/2016,Asociación de Bomberos Voluntarios - San Martín de los Andes,,1,0,0
1200007638,09/16/2016,Asociación de Bomberos Voluntarios - San Martín de los Andes,,1,0,0
9201000380,09/16/2016,Asociación de Bomberos Voluntarios - San Martín de los Andes,,0,0,1
1100025971,09/16/2016,Asociación de Bomberos Voluntarios - San Martín de los Andes,,1,0,0
1100025972,09/16/2016,Asociación de Bomberos Voluntarios - San Martín de los Andes,,1,0,0
1100025973,09/16/2016,Asociación de Bomberos Voluntarios - San Martín de los Andes,,1,0,0
9101001988,09/16/2016,Asociación de Bomberos Voluntarios - San Martín de los Andes,,0,1,0
9101001989,09/16/2016,Asociación de Bomberos Voluntarios - San Martín de los Andes,,0,0,1
1200007639,09/16/2016,Asociación de Bomberos Voluntarios - San Martín de los Andes,,1,0,0
9201000381,09/16/2016,Asociación de Bomberos Voluntarios - San Martín de los Andes,,0,1,0
9101001990,09/16/2016,Asociación de Bomberos Voluntarios - San Martín de los Andes,,0,1,0
9101001991,09/16/2016,Asociación de Bomberos Voluntarios - San Martín de los Andes,,0,1,0
1200007640,09/16/2016,Asociación de Bomberos Voluntarios - San Martín de los Andes,,1,0,0
1200009046,09/15/2016,Control SRL,,1,0,0
9203000463,09/15/2016,Control SRL,,0,0,1
1200009047,09/15/2016,Control SRL,,1,0,0
1100026367,09/15/2016,Control SRL,,1,0,0
1100026368,09/15/2016,Control SRL,,1,0,0
1200009045,09/15/2016,Control SRL,,1,0,0
1100026369,09/15/2016,Control SRL,,1,0,0
1100026370,09/15/2016,Control SRL,,1,0,0
1100026371,09/15/2016,Control SRL,,1,0,0
1200009048,09/15/2016,Control SRL,,1,0,0
1100026372,09/15/2016,Control SRL,,1,0,0
1100026373,09/15/2016,Control SRL,,1,0,0
1100026374,09/15/2016,Control SRL,,1,0,0
1100026375,09/15/2016,Control SRL,,1,0,0
9103001697,09/15/2016,Control SRL,,0,0,1
1200009050,09/15/2016,Control SRL,,1,0,0
1200009051,09/15/2016,Control SRL,,1,0,0
1100026376,09/15/2016,Control SRL,,1,0,0
1100026377,09/15/2016,Control SRL,,1,0,0
1100026378,09/15/2016,Control SRL,,1,0,0
1100026379,09/15/2016,Control SRL,,1,0,0
1100026380,09/15/2016,Control SRL,,1,0,0
1100026381,09/15/2016,Control SRL,,1,0,0
1100026382,09/15/2016,Control SRL,,1,0,0
1100026383,09/15/2016,Control SRL,,1,0,0
1100026384,09/15/2016,Control SRL,,1,0,0
1100026385,09/15/2016,Control SRL,,1,0,0
1100026386,09/15/2016,Control SRL,,1,0,0
1200009049,09/15/2016,Control SRL,,1,0,0
1100026387,09/15/2016,Control SRL,,1,0,0
1200009052,09/15/2016,Control SRL,,1,0,0
9103001698,09/16/2016,Control SRL,,0,0,1
1200009053,09/16/2016,Control SRL,,1,0,0
1100026388,09/16/2016,Control SRL,,1,0,0
1200009055,09/16/2016,Control SRL,,1,0,0
1100026389,09/16/2016,Control SRL,,1,0,0
1100026390,09/16/2016,Control SRL,,1,0,0
1200009054,09/16/2016,Control SRL,,1,0,0
1100026391,09/16/2016,Control SRL,,1,0,0
9103001699,09/16/2016,Control SRL,,0,0,1
1200009056,09/16/2016,Control SRL,,1,0,0
1100026392,09/16/2016,Control SRL,,1,0,0
1200009057,09/16/2016,Control SRL,,1,0,0
1200009058,09/16/2016,Control SRL,,1,0,0
1200009059,09/16/2016,Control SRL,,1,0,0
1100026394,09/16/2016,Control SRL,,1,0,0
1100026393,09/16/2016,Control SRL,,1,0,0
1100026395,09/16/2016,Control SRL,,1,0,0
1100026396,09/16/2016,Control SRL,,1,0,0
1100026397,09/16/2016,Control SRL,,1,0,0
1100026398,09/16/2016,Control SRL,,1,0,0
1100026399,09/16/2016,Control SRL,,1,0,0
1200009060,09/16/2016,Control SRL,,1,0,0
1100026400,09/16/2016,Control SRL,,1,0,0
9103001700,09/16/2016,Control SRL,,0,0,1
1200009061,09/16/2016,Control SRL,,1,0,0
1200009062,09/16/2016,Control SRL,,1,0,0
1200009063,09/16/2016,Control SRL,,1,0,0
1100026401,09/16/2016,Control SRL,,1,0,0
1200009064,09/16/2016,Control SRL,,1,0,0
1100026402,09/16/2016,Control SRL,,1,0,0
1200009065,09/16/2016,Control SRL,,1,0,0
1200009066,09/16/2016,Control SRL,,1,0,0
1100026403,09/16/2016,Control SRL,,1,0,0
1100026404,09/16/2016,Control SRL,,1,0,0
1100026405,09/16/2016,Control SRL,,1,0,0
1100026406,09/16/2016,Control SRL,,1,0,0
1100026407,09/16/2016,Control SRL,,1,0,0
1100026408,09/16/2016,Control SRL,,1,0,0
1200009067,09/16/2016,Control SRL,,1,0,0
1100026409,09/16/2016,Control SRL,,1,0,0
1100026526,09/15/2016,Veritecnica SRL,,1,0,0
9102005512,09/15/2016,Veritecnica SRL,,0,0,1
9102005513,09/15/2016,Veritecnica SRL,,0,1,0
1200008971,09/15/2016,Veritecnica SRL,,1,0,0
1200008972,09/15/2016,Veritecnica SRL,,1,0,0
9202000929,09/15/2016,Veritecnica SRL,,0,0,1
1100026527,09/15/2016,Veritecnica SRL,,1,0,0
1100026528,09/15/2016,Veritecnica SRL,,1,0,0
1100026529,09/15/2016,Veritecnica SRL,,1,0,0
1200008973,09/15/2016,Veritecnica SRL,,1,0,0
1100026530,09/15/2016,Veritecnica SRL,,1,0,0
9102005514,09/15/2016,Veritecnica SRL,,0,0,1
9102005515,09/15/2016,Veritecnica SRL,,0,0,1
1100026531,09/15/2016,Veritecnica SRL,,1,0,0
1100026532,09/15/2016,Veritecnica SRL,,1,0,0
1100026533,09/15/2016,Veritecnica SRL,,1,0,0
9102005516,09/15/2016,Veritecnica SRL,,0,1,0
1100026534,09/15/2016,Veritecnica SRL,,1,0,0
1100026535,09/15/2016,Veritecnica SRL,,1,0,0
1200008974,09/15/2016,Veritecnica SRL,,1,0,0
9202000930,09/15/2016,Veritecnica SRL,,0,0,1
9102005517,09/15/2016,Veritecnica SRL,,0,0,1
1200008975,09/15/2016,Veritecnica SRL,,1,0,0
1200008976,09/15/2016,Veritecnica SRL,,1,0,0
1100026536,09/15/2016,Veritecnica SRL,,1,0,0
9202000931,09/15/2016,Veritecnica SRL,,0,0,1
1100026537,09/15/2016,Veritecnica SRL,,1,0,0
1100026538,09/15/2016,Veritecnica SRL,,1,0,0
1100026539,09/15/2016,Veritecnica SRL,,1,0,0
1100026540,09/15/2016,Veritecnica SRL,,1,0,0
9102005518,09/15/2016,Veritecnica SRL,,0,0,1
1200008977,09/15/2016,Veritecnica SRL,,1,0,0
1100026541,09/15/2016,Veritecnica SRL,,1,0,0
9202000932,09/15/2016,Veritecnica SRL,,0,0,1
1100026542,09/15/2016,Veritecnica SRL,,1,0,0
1100026543,09/15/2016,Veritecnica SRL,,1,0,0
1200008978,09/15/2016,Veritecnica SRL,,1,0,0
1200008979,09/15/2016,Veritecnica SRL,,1,0,0
1200008980,09/15/2016,Veritecnica SRL,,1,0,0
1100026544,09/15/2016,Veritecnica SRL,,1,0,0
1100026545,09/16/2016,Veritecnica SRL,,1,0,0
1100026546,09/16/2016,Veritecnica SRL,,1,0,0
1200008981,09/16/2016,Veritecnica SRL,,1,0,0
9102005519,09/16/2016,Veritecnica SRL,,0,0,1
9102005520,09/16/2016,Veritecnica SRL,,0,0,1
1200008982,09/16/2016,Veritecnica SRL,,1,0,0
1100026547,09/16/2016,Veritecnica SRL,,1,0,0
1100026548,09/16/2016,Veritecnica SRL,,1,0,0
1100026549,09/16/2016,Veritecnica SRL,,1,0,0
1200008983,09/16/2016,Veritecnica SRL,,1,0,0
1100026550,09/16/2016,Veritecnica SRL,,1,0,0
9102005521,09/16/2016,Veritecnica SRL,,0,1,0
1200008984,09/16/2016,Veritecnica SRL,,1,0,0
1200008985,09/16/2016,Veritecnica SRL,,1,0,0
1200008986,09/16/2016,Veritecnica SRL,,1,0,0
1100026551,09/16/2016,Veritecnica SRL,,1,0,0
1200008987,09/16/2016,Veritecnica SRL,,1,0,0
9202000933,09/16/2016,Veritecnica SRL,,0,0,1
9102005522,09/16/2016,Veritecnica SRL,,0,0,1
1100026552,09/16/2016,Veritecnica SRL,,1,0,0
9102005523,09/16/2016,Veritecnica SRL,,0,0,1
9202000934,09/16/2016,Veritecnica SRL,,0,0,1
9202000935,09/16/2016,Veritecnica SRL,,0,1,0
1100026553,09/16/2016,Veritecnica SRL,,1,0,0
1200008988,09/16/2016,Veritecnica SRL,,1,0,0
1100026554,09/16/2016,Veritecnica SRL,,1,0,0
9202000936,09/16/2016,Veritecnica SRL,,0,0,1
1100026555,09/16/2016,Veritecnica SRL,,1,0,0
1100026556,09/16/2016,Veritecnica SRL,,1,0,0
9202000937,09/16/2016,Veritecnica SRL,,0,0,1
1100026557,09/16/2016,Veritecnica SRL,,1,0,0
1200008989,09/16/2016,Veritecnica SRL,,1,0,0
1100026558,09/16/2016,Veritecnica SRL,,1,0,0
1100026559,09/16/2016,Veritecnica SRL,,1,0,0
1100026560,09/16/2016,Veritecnica SRL,,1,0,0
1200008990,09/16/2016,Veritecnica SRL,,1,0,0
1100026561,09/16/2016,Veritecnica SRL,,1,0,0
1100026562,09/16/2016,Veritecnica SRL,,1,0,0
1100026563,09/16/2016,Veritecnica SRL,,1,0,0
1200008991,09/16/2016,Veritecnica SRL,,1,0,0
1200008992,09/16/2016,Veritecnica SRL,,1,0,0
1200008993,09/16/2016,Veritecnica SRL,,1,0,0
1100026564,09/16/2016,Veritecnica SRL,,1,0,0
