Nrocertificado,Fecha,Idtaller,Dominiovehiculo,Aprobado,RechazadoLeveModerado,RechazadoGrave
1100013198,02/24/2016,Asociación de Bomberos Voluntarios - San Martín de los Andes,,1,0,0
9101001331,02/24/2016,Asociación de Bomberos Voluntarios - San Martín de los Andes,,0,1,0
9101001332,02/24/2016,Asociación de Bomberos Voluntarios - San Martín de los Andes,,0,0,1
1100013199,02/24/2016,Asociación de Bomberos Voluntarios - San Martín de los Andes,,1,0,0
1100013200,02/24/2016,Asociación de Bomberos Voluntarios - San Martín de los Andes,,1,0,0
1100014201,02/24/2016,Asociación de Bomberos Voluntarios - San Martín de los Andes,,1,0,0
9201000232,02/24/2016,Asociación de Bomberos Voluntarios - San Martín de los Andes,,0,1,0
1100014202,02/24/2016,Asociación de Bomberos Voluntarios - San Martín de los Andes,,1,0,0
9101001333,02/24/2016,Asociación de Bomberos Voluntarios - San Martín de los Andes,,0,1,0
9101001334,02/24/2016,Asociación de Bomberos Voluntarios - San Martín de los Andes,,0,1,0
1100014203,02/24/2016,Asociación de Bomberos Voluntarios - San Martín de los Andes,,1,0,0
1100014204,02/24/2016,Asociación de Bomberos Voluntarios - San Martín de los Andes,,1,0,0
1100014205,02/24/2016,Asociación de Bomberos Voluntarios - San Martín de los Andes,,1,0,0
1100014206,02/24/2016,Asociación de Bomberos Voluntarios - San Martín de los Andes,,1,0,0
1100014207,02/24/2016,Asociación de Bomberos Voluntarios - San Martín de los Andes,,1,0,0
1100014208,02/24/2016,Asociación de Bomberos Voluntarios - San Martín de los Andes,,1,0,0
1100014209,02/24/2016,Asociación de Bomberos Voluntarios - San Martín de los Andes,,1,0,0
1100014210,02/24/2016,Asociación de Bomberos Voluntarios - San Martín de los Andes,,1,0,0
9101001335,02/24/2016,Asociación de Bomberos Voluntarios - San Martín de los Andes,,0,1,0
1100014211,02/24/2016,Asociación de Bomberos Voluntarios - San Martín de los Andes,,1,0,0
1100014212,02/24/2016,Asociación de Bomberos Voluntarios - San Martín de los Andes,,1,0,0
9101001336,02/24/2016,Asociación de Bomberos Voluntarios - San Martín de los Andes,,0,1,0
1100014213,02/24/2016,Asociación de Bomberos Voluntarios - San Martín de los Andes,,1,0,0
1100014214,02/24/2016,Asociación de Bomberos Voluntarios - San Martín de los Andes,,1,0,0
1100014215,02/24/2016,Asociación de Bomberos Voluntarios - San Martín de los Andes,,1,0,0
9101001337,02/24/2016,Asociación de Bomberos Voluntarios - San Martín de los Andes,,0,1,0
1100014216,02/24/2016,Asociación de Bomberos Voluntarios - San Martín de los Andes,,1,0,0
1100014217,02/24/2016,Asociación de Bomberos Voluntarios - San Martín de los Andes,,1,0,0
9101001338,02/24/2016,Asociación de Bomberos Voluntarios - San Martín de los Andes,,0,0,1
1100014218,02/24/2016,Asociación de Bomberos Voluntarios - San Martín de los Andes,,1,0,0
1100014219,02/24/2016,Asociación de Bomberos Voluntarios - San Martín de los Andes,,1,0,0
1100014220,02/25/2016,Asociación de Bomberos Voluntarios - San Martín de los Andes,,1,0,0
1100014221,02/25/2016,Asociación de Bomberos Voluntarios - San Martín de los Andes,,1,0,0
1100014222,02/25/2016,Asociación de Bomberos Voluntarios - San Martín de los Andes,,1,0,0
9101001339,02/25/2016,Asociación de Bomberos Voluntarios - San Martín de los Andes,,0,1,0
1100014223,02/25/2016,Asociación de Bomberos Voluntarios - San Martín de los Andes,,1,0,0
1100014224,02/25/2016,Asociación de Bomberos Voluntarios - San Martín de los Andes,,1,0,0
1100014225,02/25/2016,Asociación de Bomberos Voluntarios - San Martín de los Andes,,1,0,0
9101001340,02/25/2016,Asociación de Bomberos Voluntarios - San Martín de los Andes,,0,1,0
1100014226,02/25/2016,Asociación de Bomberos Voluntarios - San Martín de los Andes,,1,0,0
9201000233,02/25/2016,Asociación de Bomberos Voluntarios - San Martín de los Andes,,0,0,1
9101001341,02/25/2016,Asociación de Bomberos Voluntarios - San Martín de los Andes,,0,1,0
1100014227,02/25/2016,Asociación de Bomberos Voluntarios - San Martín de los Andes,,1,0,0
1100014228,02/25/2016,Asociación de Bomberos Voluntarios - San Martín de los Andes,,1,0,0
9201000234,02/25/2016,Asociación de Bomberos Voluntarios - San Martín de los Andes,,0,1,0
1100014229,02/25/2016,Asociación de Bomberos Voluntarios - San Martín de los Andes,,1,0,0
9101001342,02/25/2016,Asociación de Bomberos Voluntarios - San Martín de los Andes,,0,1,0
1200005336,02/25/2016,Asociación de Bomberos Voluntarios - San Martín de los Andes,,1,0,0
1100014230,02/25/2016,Asociación de Bomberos Voluntarios - San Martín de los Andes,,1,0,0
9101001343,02/25/2016,Asociación de Bomberos Voluntarios - San Martín de los Andes,,0,1,0
1100014231,02/25/2016,Asociación de Bomberos Voluntarios - San Martín de los Andes,,1,0,0
1100014232,02/25/2016,Asociación de Bomberos Voluntarios - San Martín de los Andes,,1,0,0
1100014233,02/25/2016,Asociación de Bomberos Voluntarios - San Martín de los Andes,,1,0,0
9101001344,02/25/2016,Asociación de Bomberos Voluntarios - San Martín de los Andes,,0,1,0
1100014234,02/25/2016,Asociación de Bomberos Voluntarios - San Martín de los Andes,,1,0,0
9101001345,02/25/2016,Asociación de Bomberos Voluntarios - San Martín de los Andes,,0,0,1
9201000235,02/25/2016,Asociación de Bomberos Voluntarios - San Martín de los Andes,,0,1,0
9201000236,02/25/2016,Asociación de Bomberos Voluntarios - San Martín de los Andes,,0,1,0
1100014235,02/25/2016,Asociación de Bomberos Voluntarios - San Martín de los Andes,,1,0,0
1100014236,02/25/2016,Asociación de Bomberos Voluntarios - San Martín de los Andes,,1,0,0
1100014237,02/25/2016,Asociación de Bomberos Voluntarios - San Martín de los Andes,,1,0,0
1100014238,02/25/2016,Asociación de Bomberos Voluntarios - San Martín de los Andes,,1,0,0
9201000237,02/25/2016,Asociación de Bomberos Voluntarios - San Martín de los Andes,,0,1,0
1100014239,02/25/2016,Asociación de Bomberos Voluntarios - San Martín de los Andes,,1,0,0
1100014240,02/25/2016,Asociación de Bomberos Voluntarios - San Martín de los Andes,,1,0,0
1100014241,02/25/2016,Asociación de Bomberos Voluntarios - San Martín de los Andes,,1,0,0
1100014242,02/25/2016,Asociación de Bomberos Voluntarios - San Martín de los Andes,,1,0,0
1100017016,02/24/2016,Control SRL,,1,0,0
1100017015,02/24/2016,Control SRL,,1,0,0
1100017017,02/24/2016,Control SRL,,1,0,0
1100017018,02/24/2016,Control SRL,,1,0,0
1100017019,02/24/2016,Control SRL,,1,0,0
1100017020,02/24/2016,Control SRL,,1,0,0
1100017021,02/24/2016,Control SRL,,1,0,0
1100017022,02/24/2016,Control SRL,,1,0,0
9103001105,02/24/2016,Control SRL,,0,1,0
1100017023,02/24/2016,Control SRL,,1,0,0
1100017024,02/24/2016,Control SRL,,1,0,0
9103001106,02/24/2016,Control SRL,,0,0,1
9103001107,02/24/2016,Control SRL,,0,1,0
1100017026,02/24/2016,Control SRL,,1,0,0
1100017027,02/24/2016,Control SRL,,1,0,0
1100017025,02/24/2016,Control SRL,,1,0,0
1100017028,02/24/2016,Control SRL,,1,0,0
1100017029,02/24/2016,Control SRL,,1,0,0
1100017030,02/24/2016,Control SRL,,1,0,0
1100017031,02/24/2016,Control SRL,,1,0,0
1100017032,02/24/2016,Control SRL,,1,0,0
1200005584,02/24/2016,Control SRL,,1,0,0
1100017033,02/24/2016,Control SRL,,1,0,0
1100017034,02/24/2016,Control SRL,,1,0,0
1100017035,02/24/2016,Control SRL,,1,0,0
1100017036,02/24/2016,Control SRL,,1,0,0
1100017037,02/24/2016,Control SRL,,1,0,0
1100017038,02/24/2016,Control SRL,,1,0,0
1100017040,02/24/2016,Control SRL,,1,0,0
1100017039,02/24/2016,Control SRL,,1,0,0
1100017041,02/24/2016,Control SRL,,1,0,0
1100017042,02/24/2016,Control SRL,,1,0,0
1100017043,02/24/2016,Control SRL,,1,0,0
1200005585,02/24/2016,Control SRL,,1,0,0
1100017044,02/24/2016,Control SRL,,1,0,0
1100017045,02/24/2016,Control SRL,,1,0,0
9103001108,02/24/2016,Control SRL,,0,0,1
1100017046,02/24/2016,Control SRL,,1,0,0
1100017047,02/24/2016,Control SRL,,1,0,0
1100017048,02/24/2016,Control SRL,,1,0,0
1100017050,02/24/2016,Control SRL,,1,0,0
1100017049,02/24/2016,Control SRL,,1,0,0
1100017051,02/24/2016,Control SRL,,1,0,0
1100017052,02/24/2016,Control SRL,,1,0,0
1200005586,02/24/2016,Control SRL,,1,0,0
1200005587,02/24/2016,Control SRL,,1,0,0
1100017053,02/24/2016,Control SRL,,1,0,0
1100017054,02/24/2016,Control SRL,,1,0,0
1100017055,02/24/2016,Control SRL,,1,0,0
1100017056,02/24/2016,Control SRL,,1,0,0
1100017057,02/24/2016,Control SRL,,1,0,0
1100017058,02/24/2016,Control SRL,,1,0,0
9103001109,02/24/2016,Control SRL,,0,1,0
1100017059,02/24/2016,Control SRL,,1,0,0
1100017060,02/24/2016,Control SRL,,1,0,0
1100017061,02/24/2016,Control SRL,,1,0,0
1100017062,02/25/2016,Control SRL,,1,0,0
1200005588,02/25/2016,Control SRL,,1,0,0
1100017064,02/25/2016,Control SRL,,1,0,0
1100017063,02/25/2016,Control SRL,,1,0,0
1100017065,02/25/2016,Control SRL,,1,0,0
1100017066,02/25/2016,Control SRL,,1,0,0
1100017067,02/25/2016,Control SRL,,1,0,0
1100017068,02/25/2016,Control SRL,,1,0,0
9103001110,02/25/2016,Control SRL,,0,0,1
1200005589,02/25/2016,Control SRL,,1,0,0
1200005590,02/25/2016,Control SRL,,1,0,0
1200005591,02/25/2016,Control SRL,,1,0,0
1200005592,02/25/2016,Control SRL,,1,0,0
1200005593,02/25/2016,Control SRL,,1,0,0
1200005594,02/25/2016,Control SRL,,1,0,0
1100017069,02/25/2016,Control SRL,,1,0,0
1200005595,02/25/2016,Control SRL,,1,0,0
1100017070,02/25/2016,Control SRL,,1,0,0
1200005602,02/25/2016,Control SRL,,1,0,0
1100017071,02/25/2016,Control SRL,,1,0,0
1100017072,02/25/2016,Control SRL,,1,0,0
1200005596,02/25/2016,Control SRL,,1,0,0
1200005603,02/25/2016,Control SRL,,1,0,0
1200005597,02/25/2016,Control SRL,,1,0,0
1200005606,02/25/2016,Control SRL,,1,0,0
1200005598,02/25/2016,Control SRL,,1,0,0
1200005604,02/25/2016,Control SRL,,1,0,0
1200005599,02/25/2016,Control SRL,,1,0,0
1100017073,02/25/2016,Control SRL,,1,0,0
1200005600,02/25/2016,Control SRL,,1,0,0
1200005601,02/25/2016,Control SRL,,1,0,0
1100017074,02/25/2016,Control SRL,,1,0,0
1200005605,02/25/2016,Control SRL,,1,0,0
1100017075,02/25/2016,Control SRL,,1,0,0
1100017076,02/25/2016,Control SRL,,1,0,0
1200005615,02/25/2016,Control SRL,,1,0,0
1200005607,02/25/2016,Control SRL,,1,0,0
1200005608,02/25/2016,Control SRL,,1,0,0
1100017077,02/25/2016,Control SRL,,1,0,0
1200005614,02/25/2016,Control SRL,,1,0,0
1100017078,02/25/2016,Control SRL,,1,0,0
1200005613,02/25/2016,Control SRL,,1,0,0
1200005609,02/25/2016,Control SRL,,1,0,0
1200005617,02/25/2016,Control SRL,,1,0,0
1200005616,02/25/2016,Control SRL,,1,0,0
1200005618,02/25/2016,Control SRL,,1,0,0
1200005610,02/25/2016,Control SRL,,1,0,0
1100017079,02/25/2016,Control SRL,,1,0,0
1100017080,02/25/2016,Control SRL,,1,0,0
1200005619,02/25/2016,Control SRL,,1,0,0
1100017081,02/25/2016,Control SRL,,1,0,0
1100017082,02/25/2016,Control SRL,,1,0,0
1200005611,02/25/2016,Control SRL,,1,0,0
1100017083,02/25/2016,Control SRL,,1,0,0
1200005612,02/25/2016,Control SRL,,1,0,0
1100017084,02/25/2016,Control SRL,,1,0,0
1100017085,02/25/2016,Control SRL,,1,0,0
1100017086,02/25/2016,Control SRL,,1,0,0
1200005621,02/25/2016,Control SRL,,1,0,0
9203000303,02/25/2016,Control SRL,,0,1,0
1100017087,02/25/2016,Control SRL,,1,0,0
1100017088,02/25/2016,Control SRL,,1,0,0
1100017090,02/25/2016,Control SRL,,1,0,0
1100017089,02/25/2016,Control SRL,,1,0,0
1200005622,02/25/2016,Control SRL,,1,0,0
1100017091,02/25/2016,Control SRL,,1,0,0
1100017092,02/25/2016,Control SRL,,1,0,0
1100017093,02/25/2016,Control SRL,,1,0,0
1100017094,02/25/2016,Control SRL,,1,0,0
1100017095,02/25/2016,Control SRL,,1,0,0
1100018404,02/24/2016,Veritecnica SRL,,1,0,0
1100018405,02/24/2016,Veritecnica SRL,,1,0,0
1100018406,02/24/2016,Veritecnica SRL,,1,0,0
1100018407,02/24/2016,Veritecnica SRL,,1,0,0
1100018408,02/24/2016,Veritecnica SRL,,1,0,0
9102003646,02/24/2016,Veritecnica SRL,,0,0,1
9102003647,02/24/2016,Veritecnica SRL,,0,0,1
9102003648,02/24/2016,Veritecnica SRL,,0,0,1
1100018409,02/24/2016,Veritecnica SRL,,1,0,0
1100018410,02/24/2016,Veritecnica SRL,,1,0,0
1100018411,02/24/2016,Veritecnica SRL,,1,0,0
1100018412,02/24/2016,Veritecnica SRL,,1,0,0
1100018413,02/24/2016,Veritecnica SRL,,1,0,0
9102003649,02/24/2016,Veritecnica SRL,,0,1,0
1100018414,02/24/2016,Veritecnica SRL,,1,0,0
1100018415,02/24/2016,Veritecnica SRL,,1,0,0
1100018416,02/24/2016,Veritecnica SRL,,1,0,0
1100018417,02/24/2016,Veritecnica SRL,,1,0,0
1100018418,02/24/2016,Veritecnica SRL,,1,0,0
1100018419,02/24/2016,Veritecnica SRL,,1,0,0
9102003650,02/24/2016,Veritecnica SRL,,0,1,0
1200005976,02/24/2016,Veritecnica SRL,,1,0,0
9102003651,02/24/2016,Veritecnica SRL,,0,1,0
1100018420,02/24/2016,Veritecnica SRL,,1,0,0
1100018421,02/24/2016,Veritecnica SRL,,1,0,0
9102003652,02/24/2016,Veritecnica SRL,,0,0,1
1100018422,02/24/2016,Veritecnica SRL,,1,0,0
9102003653,02/24/2016,Veritecnica SRL,,0,0,1
1200005977,02/24/2016,Veritecnica SRL,,1,0,0
1100018423,02/24/2016,Veritecnica SRL,,1,0,0
1200005978,02/24/2016,Veritecnica SRL,,1,0,0
1100018424,02/24/2016,Veritecnica SRL,,1,0,0
1100018425,02/24/2016,Veritecnica SRL,,1,0,0
9102003654,02/24/2016,Veritecnica SRL,,0,0,1
1100018426,02/24/2016,Veritecnica SRL,,1,0,0
1100018427,02/24/2016,Veritecnica SRL,,1,0,0
1100018428,02/24/2016,Veritecnica SRL,,1,0,0
1200005979,02/24/2016,Veritecnica SRL,,1,0,0
1200005980,02/24/2016,Veritecnica SRL,,1,0,0
1200005981,02/24/2016,Veritecnica SRL,,1,0,0
1100018429,02/24/2016,Veritecnica SRL,,1,0,0
1200005982,02/24/2016,Veritecnica SRL,,1,0,0
1200005983,02/24/2016,Veritecnica SRL,,1,0,0
1100018430,02/24/2016,Veritecnica SRL,,1,0,0
1100018431,02/24/2016,Veritecnica SRL,,1,0,0
9102003655,02/24/2016,Veritecnica SRL,,0,1,0
1100018432,02/24/2016,Veritecnica SRL,,1,0,0
1100018433,02/24/2016,Veritecnica SRL,,1,0,0
1100018434,02/24/2016,Veritecnica SRL,,1,0,0
1200005984,02/24/2016,Veritecnica SRL,,1,0,0
1200005985,02/24/2016,Veritecnica SRL,,1,0,0
1200005986,02/24/2016,Veritecnica SRL,,1,0,0
1100018435,02/24/2016,Veritecnica SRL,,1,0,0
1100018436,02/24/2016,Veritecnica SRL,,1,0,0
1100018437,02/24/2016,Veritecnica SRL,,1,0,0
1100018438,02/24/2016,Veritecnica SRL,,1,0,0
1100018439,02/24/2016,Veritecnica SRL,,1,0,0
1100018440,02/24/2016,Veritecnica SRL,,1,0,0
1100018441,02/24/2016,Veritecnica SRL,,1,0,0
1100018442,02/24/2016,Veritecnica SRL,,1,0,0
1200005987,02/24/2016,Veritecnica SRL,,1,0,0
1100018443,02/24/2016,Veritecnica SRL,,1,0,0
1100018444,02/24/2016,Veritecnica SRL,,1,0,0
1100018445,02/24/2016,Veritecnica SRL,,1,0,0
1100018446,02/24/2016,Veritecnica SRL,,1,0,0
9102003656,02/24/2016,Veritecnica SRL,,0,1,0
9102003657,02/24/2016,Veritecnica SRL,,0,0,1
1100018447,02/24/2016,Veritecnica SRL,,1,0,0
1100018448,02/24/2016,Veritecnica SRL,,1,0,0
9102003658,02/24/2016,Veritecnica SRL,,0,1,0
9102003659,02/24/2016,Veritecnica SRL,,0,0,1
9102003660,02/24/2016,Veritecnica SRL,,0,1,0
1100018449,02/24/2016,Veritecnica SRL,,1,0,0
1100018450,02/24/2016,Veritecnica SRL,,1,0,0
1100018701,02/24/2016,Veritecnica SRL,,1,0,0
1100018703,02/24/2016,Veritecnica SRL,,1,0,0
1100018702,02/24/2016,Veritecnica SRL,,1,0,0
1100018704,02/24/2016,Veritecnica SRL,,1,0,0
1100018705,02/24/2016,Veritecnica SRL,,1,0,0
9102003661,02/24/2016,Veritecnica SRL,,0,0,1
1100018706,02/24/2016,Veritecnica SRL,,1,0,0
9102003662,02/24/2016,Veritecnica SRL,,0,0,1
1100018707,02/24/2016,Veritecnica SRL,,1,0,0
1100018708,02/24/2016,Veritecnica SRL,,1,0,0
1100018709,02/24/2016,Veritecnica SRL,,1,0,0
1100018710,02/24/2016,Veritecnica SRL,,1,0,0
1100018711,02/24/2016,Veritecnica SRL,,1,0,0
9102003663,02/24/2016,Veritecnica SRL,,0,1,0
1100018712,02/24/2016,Veritecnica SRL,,1,0,0
1200005988,02/24/2016,Veritecnica SRL,,1,0,0
1100018713,02/24/2016,Veritecnica SRL,,1,0,0
1100018714,02/24/2016,Veritecnica SRL,,1,0,0
1100018715,02/25/2016,Veritecnica SRL,,1,0,0
9102003664,02/25/2016,Veritecnica SRL,,0,1,0
1100018716,02/25/2016,Veritecnica SRL,,1,0,0
1100018717,02/25/2016,Veritecnica SRL,,1,0,0
1100018718,02/25/2016,Veritecnica SRL,,1,0,0
9102003665,02/25/2016,Veritecnica SRL,,0,0,1
1100018719,02/25/2016,Veritecnica SRL,,1,0,0
1100018720,02/25/2016,Veritecnica SRL,,1,0,0
9102003666,02/25/2016,Veritecnica SRL,,0,1,0
1100018721,02/25/2016,Veritecnica SRL,,1,0,0
1100018722,02/25/2016,Veritecnica SRL,,1,0,0
1100018723,02/25/2016,Veritecnica SRL,,1,0,0
1100018724,02/25/2016,Veritecnica SRL,,1,0,0
1100018725,02/25/2016,Veritecnica SRL,,1,0,0
9102003667,02/25/2016,Veritecnica SRL,,0,0,1
1100018726,02/25/2016,Veritecnica SRL,,1,0,0
1100018727,02/25/2016,Veritecnica SRL,,1,0,0
1100018728,02/25/2016,Veritecnica SRL,,1,0,0
9202000512,02/25/2016,Veritecnica SRL,,0,0,1
1200005989,02/25/2016,Veritecnica SRL,,1,0,0
9102003668,02/25/2016,Veritecnica SRL,,0,0,1
1100018729,02/25/2016,Veritecnica SRL,,1,0,0
1100018730,02/25/2016,Veritecnica SRL,,1,0,0
1100018731,02/25/2016,Veritecnica SRL,,1,0,0
1100018732,02/25/2016,Veritecnica SRL,,1,0,0
1200005990,02/25/2016,Veritecnica SRL,,1,0,0
1100018733,02/25/2016,Veritecnica SRL,,1,0,0
1100018734,02/25/2016,Veritecnica SRL,,1,0,0
1100018735,02/25/2016,Veritecnica SRL,,1,0,0
1100018736,02/25/2016,Veritecnica SRL,,1,0,0
1100018737,02/25/2016,Veritecnica SRL,,1,0,0
1100018738,02/25/2016,Veritecnica SRL,,1,0,0
1100018739,02/25/2016,Veritecnica SRL,,1,0,0
1100018740,02/25/2016,Veritecnica SRL,,1,0,0
1200005991,02/25/2016,Veritecnica SRL,,1,0,0
1100018741,02/25/2016,Veritecnica SRL,,1,0,0
1100018742,02/25/2016,Veritecnica SRL,,1,0,0
1100018743,02/25/2016,Veritecnica SRL,,1,0,0
1100018744,02/25/2016,Veritecnica SRL,,1,0,0
1100018745,02/25/2016,Veritecnica SRL,,1,0,0
1100018746,02/25/2016,Veritecnica SRL,,1,0,0
1100018747,02/25/2016,Veritecnica SRL,,1,0,0
1100018748,02/25/2016,Veritecnica SRL,,1,0,0
1100018749,02/25/2016,Veritecnica SRL,,1,0,0
9202000513,02/25/2016,Veritecnica SRL,,0,0,1
1100018750,02/25/2016,Veritecnica SRL,,1,0,0
1200005992,02/25/2016,Veritecnica SRL,,1,0,0
9102003669,02/25/2016,Veritecnica SRL,,0,0,1
1100018751,02/25/2016,Veritecnica SRL,,1,0,0
1100018752,02/25/2016,Veritecnica SRL,,1,0,0
1100018753,02/25/2016,Veritecnica SRL,,1,0,0
1100018754,02/25/2016,Veritecnica SRL,,1,0,0
9202000514,02/25/2016,Veritecnica SRL,,0,0,1
1100018755,02/25/2016,Veritecnica SRL,,1,0,0
1100018756,02/25/2016,Veritecnica SRL,,1,0,0
1100018757,02/25/2016,Veritecnica SRL,,1,0,0
1100018758,02/25/2016,Veritecnica SRL,,1,0,0
1100018759,02/25/2016,Veritecnica SRL,,1,0,0
1200005993,02/25/2016,Veritecnica SRL,,1,0,0
1100018760,02/25/2016,Veritecnica SRL,,1,0,0
1200005994,02/25/2016,Veritecnica SRL,,1,0,0
1100018761,02/25/2016,Veritecnica SRL,,1,0,0
1100018762,02/25/2016,Veritecnica SRL,,1,0,0
1100018763,02/25/2016,Veritecnica SRL,,1,0,0
1200005995,02/25/2016,Veritecnica SRL,,1,0,0
1100018764,02/25/2016,Veritecnica SRL,,1,0,0
1100018765,02/25/2016,Veritecnica SRL,,1,0,0
1200005996,02/25/2016,Veritecnica SRL,,1,0,0
1100018766,02/25/2016,Veritecnica SRL,,1,0,0
1100018767,02/25/2016,Veritecnica SRL,,1,0,0
1200005997,02/25/2016,Veritecnica SRL,,1,0,0
9102003670,02/25/2016,Veritecnica SRL,,0,1,0
1200005998,02/25/2016,Veritecnica SRL,,1,0,0
1100018768,02/25/2016,Veritecnica SRL,,1,0,0
1100018769,02/25/2016,Veritecnica SRL,,1,0,0
1100018770,02/25/2016,Veritecnica SRL,,1,0,0
1100018771,02/25/2016,Veritecnica SRL,,1,0,0
1100018772,02/25/2016,Veritecnica SRL,,1,0,0
1100018773,02/25/2016,Veritecnica SRL,,1,0,0
1100018774,02/25/2016,Veritecnica SRL,,1,0,0
1100018775,02/25/2016,Veritecnica SRL,,1,0,0
9202000515,02/25/2016,Veritecnica SRL,,0,0,1
1200005999,02/25/2016,Veritecnica SRL,,1,0,0
1100018776,02/25/2016,Veritecnica SRL,,1,0,0
1100018777,02/25/2016,Veritecnica SRL,,1,0,0
1100018778,02/25/2016,Veritecnica SRL,,1,0,0
9102003671,02/25/2016,Veritecnica SRL,,0,0,1
1100018779,02/25/2016,Veritecnica SRL,,1,0,0
1100018780,02/25/2016,Veritecnica SRL,,1,0,0
1100018781,02/25/2016,Veritecnica SRL,,1,0,0
9102003672,02/25/2016,Veritecnica SRL,,0,1,0
9102003673,02/25/2016,Veritecnica SRL,,0,0,1
1100018782,02/25/2016,Veritecnica SRL,,1,0,0
1100018783,02/25/2016,Veritecnica SRL,,1,0,0
9102003674,02/25/2016,Veritecnica SRL,,0,0,1
1100018784,02/25/2016,Veritecnica SRL,,1,0,0
1100018785,02/25/2016,Veritecnica SRL,,1,0,0
1100018786,02/25/2016,Veritecnica SRL,,1,0,0
1200006000,02/25/2016,Veritecnica SRL,,1,0,0
1100018787,02/25/2016,Veritecnica SRL,,1,0,0
9102003675,02/25/2016,Veritecnica SRL,,0,0,1
1100018788,02/25/2016,Veritecnica SRL,,1,0,0
1200006001,02/25/2016,Veritecnica SRL,,1,0,0
1200006002,02/25/2016,Veritecnica SRL,,1,0,0
