Nrocertificado,Fecha,Idtaller,Dominiovehiculo,Aprobado,RechazadoLeveModerado,RechazadoGrave
1100015284,03/11/2016,Asociación de Bomberos Voluntarios - San Martín de los Andes,,1,0,0
1100015285,03/11/2016,Asociación de Bomberos Voluntarios - San Martín de los Andes,,1,0,0
1100015286,03/11/2016,Asociación de Bomberos Voluntarios - San Martín de los Andes,,1,0,0
1100015287,03/11/2016,Asociación de Bomberos Voluntarios - San Martín de los Andes,,1,0,0
9101001416,03/11/2016,Asociación de Bomberos Voluntarios - San Martín de los Andes,,0,1,0
1100015288,03/11/2016,Asociación de Bomberos Voluntarios - San Martín de los Andes,,1,0,0
9101001417,03/11/2016,Asociación de Bomberos Voluntarios - San Martín de los Andes,,0,1,0
1100015289,03/11/2016,Asociación de Bomberos Voluntarios - San Martín de los Andes,,1,0,0
1100015290,03/11/2016,Asociación de Bomberos Voluntarios - San Martín de los Andes,,1,0,0
9101001418,03/11/2016,Asociación de Bomberos Voluntarios - San Martín de los Andes,,0,1,0
1100015291,03/11/2016,Asociación de Bomberos Voluntarios - San Martín de los Andes,,1,0,0
9101001419,03/11/2016,Asociación de Bomberos Voluntarios - San Martín de los Andes,,0,1,0
9101001420,03/11/2016,Asociación de Bomberos Voluntarios - San Martín de los Andes,,0,1,0
9101001421,03/11/2016,Asociación de Bomberos Voluntarios - San Martín de los Andes,,0,1,0
1100015292,03/11/2016,Asociación de Bomberos Voluntarios - San Martín de los Andes,,1,0,0
1100015293,03/11/2016,Asociación de Bomberos Voluntarios - San Martín de los Andes,,1,0,0
1200005362,03/11/2016,Asociación de Bomberos Voluntarios - San Martín de los Andes,,1,0,0
1100015294,03/11/2016,Asociación de Bomberos Voluntarios - San Martín de los Andes,,1,0,0
1100015295,03/11/2016,Asociación de Bomberos Voluntarios - San Martín de los Andes,,1,0,0
1200005363,03/11/2016,Asociación de Bomberos Voluntarios - San Martín de los Andes,,1,0,0
1100015296,03/12/2016,Asociación de Bomberos Voluntarios - San Martín de los Andes,,1,0,0
9101001422,03/12/2016,Asociación de Bomberos Voluntarios - San Martín de los Andes,,0,0,1
9101001423,03/12/2016,Asociación de Bomberos Voluntarios - San Martín de los Andes,,0,0,1
1100015297,03/12/2016,Asociación de Bomberos Voluntarios - San Martín de los Andes,,1,0,0
9101001424,03/12/2016,Asociación de Bomberos Voluntarios - San Martín de los Andes,,0,1,0
1100015298,03/12/2016,Asociación de Bomberos Voluntarios - San Martín de los Andes,,1,0,0
1100015299,03/12/2016,Asociación de Bomberos Voluntarios - San Martín de los Andes,,1,0,0
1100015300,03/12/2016,Asociación de Bomberos Voluntarios - San Martín de los Andes,,1,0,0
1100015801,03/12/2016,Asociación de Bomberos Voluntarios - San Martín de los Andes,,1,0,0
1100018078,03/11/2016,Control SRL,,1,0,0
1100018077,03/11/2016,Control SRL,,1,0,0
9103001174,03/11/2016,Control SRL,,0,0,1
1100018079,03/11/2016,Control SRL,,1,0,0
1200005711,03/11/2016,Control SRL,,1,0,0
1100018080,03/11/2016,Control SRL,,1,0,0
1200005708,03/11/2016,Control SRL,,1,0,0
1100018081,03/11/2016,Control SRL,,1,0,0
1200005709,03/11/2016,Control SRL,,1,0,0
1100017489,03/11/2016,Control SRL,,1,0,0
9103001175,03/11/2016,Control SRL,,0,0,1
9203000320,03/11/2016,Control SRL,,0,0,1
1100018082,03/11/2016,Control SRL,,1,0,0
1100018083,03/11/2016,Control SRL,,1,0,0
1100018084,03/11/2016,Control SRL,,1,0,0
1100018085,03/11/2016,Control SRL,,1,0,0
1200005710,03/11/2016,Control SRL,,1,0,0
9203000321,03/11/2016,Control SRL,,0,0,1
1200005712,03/11/2016,Control SRL,,1,0,0
1200005713,03/11/2016,Control SRL,,1,0,0
9103001176,03/11/2016,Control SRL,,0,0,1
9203000322,03/11/2016,Control SRL,,0,0,1
1100018086,03/11/2016,Control SRL,,1,0,0
1100018087,03/11/2016,Control SRL,,1,0,0
9103001177,03/11/2016,Control SRL,,0,0,1
1100018088,03/11/2016,Control SRL,,1,0,0
1100018089,03/11/2016,Control SRL,,1,0,0
1100018090,03/11/2016,Control SRL,,1,0,0
1200005714,03/11/2016,Control SRL,,1,0,0
1100018091,03/11/2016,Control SRL,,1,0,0
1100018092,03/11/2016,Control SRL,,1,0,0
1100018100,03/11/2016,Control SRL,,1,0,0
1100018093,03/11/2016,Control SRL,,1,0,0
1200005715,03/11/2016,Control SRL,,1,0,0
9103001178,03/11/2016,Control SRL,,0,0,1
9203000323,03/11/2016,Control SRL,,0,0,1
1200005716,03/11/2016,Control SRL,,1,0,0
1100018094,03/11/2016,Control SRL,,1,0,0
1200005717,03/11/2016,Control SRL,,1,0,0
1100018095,03/11/2016,Control SRL,,1,0,0
1100018096,03/11/2016,Control SRL,,1,0,0
1100019592,03/11/2016,Veritecnica SRL,,1,0,0
1100019593,03/11/2016,Veritecnica SRL,,1,0,0
1100019594,03/11/2016,Veritecnica SRL,,1,0,0
9102003880,03/11/2016,Veritecnica SRL,,0,1,0
1100019595,03/11/2016,Veritecnica SRL,,1,0,0
1100019597,03/11/2016,Veritecnica SRL,,1,0,0
1100019598,03/11/2016,Veritecnica SRL,,1,0,0
1100019596,03/11/2016,Veritecnica SRL,,1,0,0
9102003881,03/11/2016,Veritecnica SRL,,0,0,1
1200006155,03/11/2016,Veritecnica SRL,,1,0,0
1200006156,03/11/2016,Veritecnica SRL,,1,0,0
9102003882,03/11/2016,Veritecnica SRL,,0,0,1
1100019599,03/11/2016,Veritecnica SRL,,1,0,0
9102003883,03/11/2016,Veritecnica SRL,,0,0,1
1100019600,03/11/2016,Veritecnica SRL,,1,0,0
1200006157,03/11/2016,Veritecnica SRL,,1,0,0
1100019601,03/11/2016,Veritecnica SRL,,1,0,0
9102003884,03/11/2016,Veritecnica SRL,,0,0,1
1100019602,03/11/2016,Veritecnica SRL,,1,0,0
1200006158,03/11/2016,Veritecnica SRL,,1,0,0
9202000557,03/11/2016,Veritecnica SRL,,0,0,1
1100019603,03/11/2016,Veritecnica SRL,,1,0,0
9102003885,03/11/2016,Veritecnica SRL,,0,0,1
1100019604,03/11/2016,Veritecnica SRL,,1,0,0
9102003886,03/11/2016,Veritecnica SRL,,0,0,1
1200006159,03/11/2016,Veritecnica SRL,,1,0,0
1200006160,03/11/2016,Veritecnica SRL,,1,0,0
1100019606,03/11/2016,Veritecnica SRL,,1,0,0
1100019605,03/11/2016,Veritecnica SRL,,1,0,0
1100019607,03/11/2016,Veritecnica SRL,,1,0,0
9102003887,03/11/2016,Veritecnica SRL,,0,0,1
1100019608,03/11/2016,Veritecnica SRL,,1,0,0
1100019609,03/11/2016,Veritecnica SRL,,1,0,0
9102003888,03/11/2016,Veritecnica SRL,,0,1,0
1200006161,03/11/2016,Veritecnica SRL,,1,0,0
1100019610,03/11/2016,Veritecnica SRL,,1,0,0
1100019611,03/11/2016,Veritecnica SRL,,1,0,0
1100019612,03/11/2016,Veritecnica SRL,,1,0,0
1100019613,03/11/2016,Veritecnica SRL,,1,0,0
1100019614,03/11/2016,Veritecnica SRL,,1,0,0
1100019615,03/11/2016,Veritecnica SRL,,1,0,0
1200006162,03/11/2016,Veritecnica SRL,,1,0,0
1200006163,03/11/2016,Veritecnica SRL,,1,0,0
1100019616,03/11/2016,Veritecnica SRL,,1,0,0
1200006164,03/11/2016,Veritecnica SRL,,1,0,0
1100019617,03/11/2016,Veritecnica SRL,,1,0,0
1200006165,03/11/2016,Veritecnica SRL,,1,0,0
1100019618,03/11/2016,Veritecnica SRL,,1,0,0
1100019619,03/11/2016,Veritecnica SRL,,1,0,0
9102003889,03/11/2016,Veritecnica SRL,,0,0,1
1200006166,03/11/2016,Veritecnica SRL,,1,0,0
1100019620,03/11/2016,Veritecnica SRL,,1,0,0
1100019621,03/11/2016,Veritecnica SRL,,1,0,0
9102003890,03/11/2016,Veritecnica SRL,,0,1,0
1100019622,03/11/2016,Veritecnica SRL,,1,0,0
9102003891,03/11/2016,Veritecnica SRL,,0,1,0
9202000558,03/11/2016,Veritecnica SRL,,0,0,1
9102003892,03/11/2016,Veritecnica SRL,,0,1,0
1100019623,03/11/2016,Veritecnica SRL,,1,0,0
9102003893,03/11/2016,Veritecnica SRL,,0,1,0
9102003894,03/11/2016,Veritecnica SRL,,0,0,1
9102003895,03/11/2016,Veritecnica SRL,,0,0,1
9102003896,03/11/2016,Veritecnica SRL,,0,0,1
1100019624,03/11/2016,Veritecnica SRL,,1,0,0
1100019625,03/11/2016,Veritecnica SRL,,1,0,0
1100019626,03/11/2016,Veritecnica SRL,,1,0,0
9102003897,03/11/2016,Veritecnica SRL,,0,0,1
1100019627,03/11/2016,Veritecnica SRL,,1,0,0
9102003898,03/11/2016,Veritecnica SRL,,0,0,1
1100019628,03/11/2016,Veritecnica SRL,,1,0,0
1100019630,03/11/2016,Veritecnica SRL,,1,0,0
1100019629,03/11/2016,Veritecnica SRL,,1,0,0
1100019631,03/11/2016,Veritecnica SRL,,1,0,0
9102003899,03/11/2016,Veritecnica SRL,,0,0,1
9102003900,03/11/2016,Veritecnica SRL,,0,1,0
9102003901,03/11/2016,Veritecnica SRL,,0,1,0
9202000559,03/11/2016,Veritecnica SRL,,0,0,1
1100019632,03/11/2016,Veritecnica SRL,,1,0,0
9102003902,03/11/2016,Veritecnica SRL,,0,1,0
9102003903,03/11/2016,Veritecnica SRL,,0,0,1
1100019633,03/11/2016,Veritecnica SRL,,1,0,0
1100019634,03/11/2016,Veritecnica SRL,,1,0,0
1200006167,03/11/2016,Veritecnica SRL,,1,0,0
9102003904,03/11/2016,Veritecnica SRL,,0,1,0
1100019635,03/11/2016,Veritecnica SRL,,1,0,0
1200006168,03/11/2016,Veritecnica SRL,,1,0,0
1200006169,03/11/2016,Veritecnica SRL,,1,0,0
1100019636,03/11/2016,Veritecnica SRL,,1,0,0
1100019637,03/11/2016,Veritecnica SRL,,1,0,0
9102003905,03/11/2016,Veritecnica SRL,,0,1,0
1200006170,03/11/2016,Veritecnica SRL,,1,0,0
1200006171,03/11/2016,Veritecnica SRL,,1,0,0
1100019638,03/12/2016,Veritecnica SRL,,1,0,0
9102003906,03/12/2016,Veritecnica SRL,,0,1,0
1100019639,03/12/2016,Veritecnica SRL,,1,0,0
1100019640,03/12/2016,Veritecnica SRL,,1,0,0
9102003907,03/12/2016,Veritecnica SRL,,0,1,0
1100019641,03/12/2016,Veritecnica SRL,,1,0,0
1100019642,03/12/2016,Veritecnica SRL,,1,0,0
1200006172,03/12/2016,Veritecnica SRL,,1,0,0
1100019643,03/12/2016,Veritecnica SRL,,1,0,0
9102003908,03/12/2016,Veritecnica SRL,,0,1,0
1100019644,03/12/2016,Veritecnica SRL,,1,0,0
1100019645,03/12/2016,Veritecnica SRL,,1,0,0
1200006173,03/12/2016,Veritecnica SRL,,1,0,0
1100019646,03/12/2016,Veritecnica SRL,,1,0,0
1100019647,03/12/2016,Veritecnica SRL,,1,0,0
1200006174,03/12/2016,Veritecnica SRL,,1,0,0
9102003909,03/12/2016,Veritecnica SRL,,0,0,1
1100019648,03/12/2016,Veritecnica SRL,,1,0,0
9102003910,03/12/2016,Veritecnica SRL,,0,1,0
1200006175,03/12/2016,Veritecnica SRL,,1,0,0
1200006176,03/12/2016,Veritecnica SRL,,1,0,0
1100019649,03/12/2016,Veritecnica SRL,,1,0,0
1100019650,03/12/2016,Veritecnica SRL,,1,0,0
1100019670,03/12/2016,Veritecnica SRL,,1,0,0
1200006177,03/12/2016,Veritecnica SRL,,1,0,0
1200006178,03/12/2016,Veritecnica SRL,,1,0,0
1200006179,03/12/2016,Veritecnica SRL,,1,0,0
1100019669,03/12/2016,Veritecnica SRL,,1,0,0
1100019668,03/12/2016,Veritecnica SRL,,1,0,0
1100019667,03/12/2016,Veritecnica SRL,,1,0,0
1100019666,03/12/2016,Veritecnica SRL,,1,0,0
1100019665,03/12/2016,Veritecnica SRL,,1,0,0
9102003911,03/12/2016,Veritecnica SRL,,0,1,0
1100019664,03/12/2016,Veritecnica SRL,,1,0,0
1200006180,03/12/2016,Veritecnica SRL,,1,0,0
