Nrocertificado,Fecha,Idtaller,Dominiovehiculo,Aprobado,RechazadoLeveModerado,RechazadoGrave
9101001883,08/08/2016,Asociación de Bomberos Voluntarios - San Martín de los Andes,,0,1,0
9101001884,08/08/2016,Asociación de Bomberos Voluntarios - San Martín de los Andes,,0,1,0
1200007585,08/08/2016,Asociación de Bomberos Voluntarios - San Martín de los Andes,,1,0,0
9201000350,08/08/2016,Asociación de Bomberos Voluntarios - San Martín de los Andes,,0,0,1
1100024206,08/08/2016,Asociación de Bomberos Voluntarios - San Martín de los Andes,,1,0,0
1100024207,08/08/2016,Asociación de Bomberos Voluntarios - San Martín de los Andes,,1,0,0
1100024208,08/08/2016,Asociación de Bomberos Voluntarios - San Martín de los Andes,,1,0,0
1100024209,08/08/2016,Asociación de Bomberos Voluntarios - San Martín de los Andes,,1,0,0
1100024210,08/08/2016,Asociación de Bomberos Voluntarios - San Martín de los Andes,,1,0,0
1200007586,08/08/2016,Asociación de Bomberos Voluntarios - San Martín de los Andes,,1,0,0
1100024211,08/08/2016,Asociación de Bomberos Voluntarios - San Martín de los Andes,,1,0,0
1100024212,08/08/2016,Asociación de Bomberos Voluntarios - San Martín de los Andes,,1,0,0
1100024213,08/08/2016,Asociación de Bomberos Voluntarios - San Martín de los Andes,,1,0,0
1100024214,08/08/2016,Asociación de Bomberos Voluntarios - San Martín de los Andes,,1,0,0
1100024215,08/09/2016,Asociación de Bomberos Voluntarios - San Martín de los Andes,,1,0,0
1100024216,08/09/2016,Asociación de Bomberos Voluntarios - San Martín de los Andes,,1,0,0
1200007587,08/09/2016,Asociación de Bomberos Voluntarios - San Martín de los Andes,,1,0,0
1100024217,08/09/2016,Asociación de Bomberos Voluntarios - San Martín de los Andes,,1,0,0
9101001885,08/09/2016,Asociación de Bomberos Voluntarios - San Martín de los Andes,,0,0,1
9101001886,08/09/2016,Asociación de Bomberos Voluntarios - San Martín de los Andes,,0,0,1
1100024218,08/09/2016,Asociación de Bomberos Voluntarios - San Martín de los Andes,,1,0,0
1200007588,08/09/2016,Asociación de Bomberos Voluntarios - San Martín de los Andes,,1,0,0
1100024219,08/09/2016,Asociación de Bomberos Voluntarios - San Martín de los Andes,,1,0,0
9101001887,08/09/2016,Asociación de Bomberos Voluntarios - San Martín de los Andes,,0,1,0
9101001888,08/09/2016,Asociación de Bomberos Voluntarios - San Martín de los Andes,,0,0,1
1100024220,08/09/2016,Asociación de Bomberos Voluntarios - San Martín de los Andes,,1,0,0
1100024221,08/09/2016,Asociación de Bomberos Voluntarios - San Martín de los Andes,,1,0,0
9101001889,08/09/2016,Asociación de Bomberos Voluntarios - San Martín de los Andes,,0,1,0
1100024222,08/09/2016,Asociación de Bomberos Voluntarios - San Martín de los Andes,,1,0,0
1100024906,08/08/2016,Control SRL,,1,0,0
1100024904,08/08/2016,Control SRL,,1,0,0
1100024907,08/08/2016,Control SRL,,1,0,0
1200008347,08/08/2016,Control SRL,,1,0,0
9103001588,08/08/2016,Control SRL,,0,0,1
1100024908,08/08/2016,Control SRL,,1,0,0
9103001589,08/08/2016,Control SRL,,0,0,1
1100024909,08/08/2016,Control SRL,,1,0,0
9203000420,08/08/2016,Control SRL,,0,0,1
1200008348,08/08/2016,Control SRL,,1,0,0
1100024910,08/08/2016,Control SRL,,1,0,0
1100024911,08/08/2016,Control SRL,,1,0,0
1100024912,08/08/2016,Control SRL,,1,0,0
1100024913,08/08/2016,Control SRL,,1,0,0
1100024914,08/08/2016,Control SRL,,1,0,0
1100024915,08/08/2016,Control SRL,,1,0,0
1100024916,08/08/2016,Control SRL,,1,0,0
1100024917,08/08/2016,Control SRL,,1,0,0
9203000421,08/08/2016,Control SRL,,0,0,1
1100024918,08/08/2016,Control SRL,,1,0,0
1200008349,08/08/2016,Control SRL,,1,0,0
1100024919,08/08/2016,Control SRL,,1,0,0
9203000422,08/08/2016,Control SRL,,0,0,1
1100024921,08/08/2016,Control SRL,,1,0,0
1100024920,08/08/2016,Control SRL,,1,0,0
9203000423,08/08/2016,Control SRL,,0,0,1
1100024922,08/08/2016,Control SRL,,1,0,0
9103001590,08/08/2016,Control SRL,,0,0,1
1200008361,08/08/2016,Control SRL,,1,0,0
9103001591,08/08/2016,Control SRL,,0,0,1
1100024923,08/08/2016,Control SRL,,1,0,0
1100024905,08/09/2016,Control SRL,,1,0,0
1100024924,08/09/2016,Control SRL,,1,0,0
1100024925,08/09/2016,Control SRL,,1,0,0
1100024926,08/09/2016,Control SRL,,1,0,0
1100024927,08/09/2016,Control SRL,,1,0,0
1100024928,08/09/2016,Control SRL,,1,0,0
1100024929,08/09/2016,Control SRL,,1,0,0
1100024930,08/09/2016,Control SRL,,1,0,0
1100024931,08/09/2016,Control SRL,,1,0,0
1100024932,08/09/2016,Control SRL,,1,0,0
9103001592,08/09/2016,Control SRL,,0,0,1
1200008350,08/09/2016,Control SRL,,1,0,0
1200008362,08/09/2016,Control SRL,,1,0,0
1200008363,08/09/2016,Control SRL,,1,0,0
1200008365,08/09/2016,Control SRL,,1,0,0
1200008364,08/09/2016,Control SRL,,1,0,0
1100024934,08/09/2016,Control SRL,,1,0,0
1200008366,08/09/2016,Control SRL,,1,0,0
1100024935,08/09/2016,Control SRL,,1,0,0
1100024936,08/09/2016,Control SRL,,1,0,0
9203000424,08/09/2016,Control SRL,,0,0,1
1100024937,08/09/2016,Control SRL,,1,0,0
1100024938,08/09/2016,Control SRL,,1,0,0
1100024941,08/09/2016,Control SRL,,1,0,0
1100024939,08/09/2016,Control SRL,,1,0,0
9103001593,08/09/2016,Control SRL,,0,0,1
1100024933,08/09/2016,Control SRL,,1,0,0
1100024940,08/09/2016,Control SRL,,1,0,0
9203000425,08/09/2016,Control SRL,,0,0,1
1100024942,08/09/2016,Control SRL,,1,0,0
1200008367,08/09/2016,Control SRL,,1,0,0
1100024943,08/09/2016,Control SRL,,1,0,0
1100024944,08/09/2016,Control SRL,,1,0,0
1200008368,08/09/2016,Control SRL,,1,0,0
9103001594,08/09/2016,Control SRL,,0,0,1
1100024946,08/09/2016,Control SRL,,1,0,0
1100024945,08/09/2016,Control SRL,,1,0,0
1200008369,08/09/2016,Control SRL,,1,0,0
9102005176,08/08/2016,Veritecnica SRL,,0,0,1
9102005177,08/08/2016,Veritecnica SRL,,0,0,1
1100025093,08/08/2016,Veritecnica SRL,,1,0,0
9102005178,08/08/2016,Veritecnica SRL,,0,0,1
9102005179,08/08/2016,Veritecnica SRL,,0,1,0
9102005180,08/08/2016,Veritecnica SRL,,0,1,0
9102005181,08/08/2016,Veritecnica SRL,,0,0,1
1100025094,08/08/2016,Veritecnica SRL,,1,0,0
1100025095,08/08/2016,Veritecnica SRL,,1,0,0
1100025096,08/08/2016,Veritecnica SRL,,1,0,0
1100025097,08/08/2016,Veritecnica SRL,,1,0,0
1100025098,08/08/2016,Veritecnica SRL,,1,0,0
1100025099,08/08/2016,Veritecnica SRL,,1,0,0
1100025100,08/08/2016,Veritecnica SRL,,1,0,0
9202000841,08/08/2016,Veritecnica SRL,,0,0,1
1100025101,08/08/2016,Veritecnica SRL,,1,0,0
1100025102,08/08/2016,Veritecnica SRL,,1,0,0
9202000842,08/08/2016,Veritecnica SRL,,0,0,1
1100025103,08/08/2016,Veritecnica SRL,,1,0,0
9102005182,08/08/2016,Veritecnica SRL,,0,0,1
1200008429,08/08/2016,Veritecnica SRL,,1,0,0
1100025104,08/08/2016,Veritecnica SRL,,1,0,0
1100025105,08/08/2016,Veritecnica SRL,,1,0,0
1200008430,08/08/2016,Veritecnica SRL,,1,0,0
1200008431,08/08/2016,Veritecnica SRL,,1,0,0
1200008432,08/08/2016,Veritecnica SRL,,1,0,0
1200008433,08/08/2016,Veritecnica SRL,,1,0,0
1100025106,08/08/2016,Veritecnica SRL,,1,0,0
1100025107,08/08/2016,Veritecnica SRL,,1,0,0
1100025108,08/08/2016,Veritecnica SRL,,1,0,0
9102005183,08/08/2016,Veritecnica SRL,,0,1,0
9102005184,08/09/2016,Veritecnica SRL,,0,0,1
9102005185,08/09/2016,Veritecnica SRL,,0,1,0
1100025109,08/09/2016,Veritecnica SRL,,1,0,0
1200008434,08/09/2016,Veritecnica SRL,,1,0,0
1100025110,08/09/2016,Veritecnica SRL,,1,0,0
1100025111,08/09/2016,Veritecnica SRL,,1,0,0
9102005186,08/09/2016,Veritecnica SRL,,0,0,1
9102005187,08/09/2016,Veritecnica SRL,,0,0,1
1100025112,08/09/2016,Veritecnica SRL,,1,0,0
9102005188,08/09/2016,Veritecnica SRL,,0,1,0
1200008435,08/09/2016,Veritecnica SRL,,1,0,0
9102005189,08/09/2016,Veritecnica SRL,,0,1,0
9102005190,08/09/2016,Veritecnica SRL,,0,0,1
1100025113,08/09/2016,Veritecnica SRL,,1,0,0
1100025114,08/09/2016,Veritecnica SRL,,1,0,0
1100025115,08/09/2016,Veritecnica SRL,,1,0,0
1100025116,08/09/2016,Veritecnica SRL,,1,0,0
1100025117,08/09/2016,Veritecnica SRL,,1,0,0
1100025118,08/09/2016,Veritecnica SRL,,1,0,0
9102005191,08/09/2016,Veritecnica SRL,,0,0,1
1100025119,08/09/2016,Veritecnica SRL,,1,0,0
9202000843,08/09/2016,Veritecnica SRL,,0,0,1
1100025120,08/09/2016,Veritecnica SRL,,1,0,0
1200008436,08/09/2016,Veritecnica SRL,,1,0,0
9102005192,08/09/2016,Veritecnica SRL,,0,1,0
1100025121,08/09/2016,Veritecnica SRL,,1,0,0
1100025122,08/09/2016,Veritecnica SRL,,1,0,0
1100025123,08/09/2016,Veritecnica SRL,,1,0,0
1100025124,08/09/2016,Veritecnica SRL,,1,0,0
9102005193,08/09/2016,Veritecnica SRL,,0,1,0
1200008437,08/09/2016,Veritecnica SRL,,1,0,0
1100025125,08/09/2016,Veritecnica SRL,,1,0,0
9102005194,08/09/2016,Veritecnica SRL,,0,1,0
1100025126,08/09/2016,Veritecnica SRL,,1,0,0
1100025127,08/09/2016,Veritecnica SRL,,1,0,0
1200008438,08/09/2016,Veritecnica SRL,,1,0,0
9202000844,08/09/2016,Veritecnica SRL,,0,0,1
1100025128,08/09/2016,Veritecnica SRL,,1,0,0
1200008439,08/09/2016,Veritecnica SRL,,1,0,0
9102005195,08/09/2016,Veritecnica SRL,,0,0,1
9102005196,08/09/2016,Veritecnica SRL,,0,0,1
1200008440,08/09/2016,Veritecnica SRL,,1,0,0
9102005197,08/09/2016,Veritecnica SRL,,0,1,0
1200008441,08/09/2016,Veritecnica SRL,,1,0,0
1100025129,08/09/2016,Veritecnica SRL,,1,0,0
9202000845,08/09/2016,Veritecnica SRL,,0,0,1
9102005198,08/09/2016,Veritecnica SRL,,0,1,0
1100025130,08/09/2016,Veritecnica SRL,,1,0,0
1200008442,08/09/2016,Veritecnica SRL,,1,0,0
9102005199,08/09/2016,Veritecnica SRL,,0,1,0
1200008443,08/09/2016,Veritecnica SRL,,1,0,0
1200008444,08/09/2016,Veritecnica SRL,,1,0,0
9102005200,08/09/2016,Veritecnica SRL,,0,0,1
1100025131,08/09/2016,Veritecnica SRL,,1,0,0
1100025132,08/09/2016,Veritecnica SRL,,1,0,0
1100025133,08/09/2016,Veritecnica SRL,,1,0,0
1100025134,08/09/2016,Veritecnica SRL,,1,0,0
1100025135,08/09/2016,Veritecnica SRL,,1,0,0
1100025136,08/09/2016,Veritecnica SRL,,1,0,0
1200008445,08/09/2016,Veritecnica SRL,,1,0,0
1200008446,08/09/2016,Veritecnica SRL,,1,0,0
9102005201,08/09/2016,Veritecnica SRL,,0,1,0
