Nrocertificado,Fecha,Idtaller,Dominiovehiculo,Aprobado,RechazadoLeveModerado,RechazadoGrave
1100011031,01/07/2016,Control SRL,,1,0,0
1100011032,01/07/2016,Control SRL,,1,0,0
1100011033,01/07/2016,Control SRL,,1,0,0
1100011034,01/07/2016,Control SRL,,1,0,0
1100011035,01/07/2016,Control SRL,,1,0,0
1100011036,01/07/2016,Control SRL,,1,0,0
1100011037,01/07/2016,Control SRL,,1,0,0
9103000785,01/07/2016,Control SRL,,0,0,1
1100011038,01/07/2016,Control SRL,,1,0,0
1100011039,01/07/2016,Control SRL,,1,0,0
1100011040,01/07/2016,Control SRL,,1,0,0
1200004996,01/07/2016,Control SRL,,1,0,0
1100011041,01/07/2016,Control SRL,,1,0,0
1100011042,01/07/2016,Control SRL,,1,0,0
9103000786,01/07/2016,Control SRL,,0,0,1
1100011043,01/07/2016,Control SRL,,1,0,0
1100011046,01/07/2016,Control SRL,,1,0,0
1100011044,01/07/2016,Control SRL,,1,0,0
1100011047,01/07/2016,Control SRL,,1,0,0
9103000787,01/07/2016,Control SRL,,0,0,1
1100011048,01/07/2016,Control SRL,,1,0,0
1100011045,01/07/2016,Control SRL,,1,0,0
9203000262,01/07/2016,Control SRL,,0,0,1
1100011049,01/07/2016,Control SRL,,1,0,0
1100011050,01/07/2016,Control SRL,,1,0,0
1200004997,01/07/2016,Control SRL,,1,0,0
1100011051,01/07/2016,Control SRL,,1,0,0
1100011052,01/07/2016,Control SRL,,1,0,0
1100011053,01/07/2016,Control SRL,,1,0,0
1100011054,01/07/2016,Control SRL,,1,0,0
1100011055,01/07/2016,Control SRL,,1,0,0
1200004998,01/07/2016,Control SRL,,1,0,0
1100011056,01/07/2016,Control SRL,,1,0,0
1100011057,01/07/2016,Control SRL,,1,0,0
1100011058,01/07/2016,Control SRL,,1,0,0
9103000788,01/07/2016,Control SRL,,0,0,1
1100011061,01/07/2016,Control SRL,,1,0,0
9103000789,01/07/2016,Control SRL,,0,0,1
9103000790,01/07/2016,Control SRL,,0,0,1
9103000791,01/07/2016,Control SRL,,0,0,1
9103000792,01/07/2016,Control SRL,,0,0,1
1100011062,01/07/2016,Control SRL,,1,0,0
9103000793,01/07/2016,Control SRL,,0,0,1
1100011059,01/07/2016,Control SRL,,1,0,0
9103000794,01/07/2016,Control SRL,,0,0,1
1100011060,01/07/2016,Control SRL,,1,0,0
1100011063,01/07/2016,Control SRL,,1,0,0
1100011064,01/07/2016,Control SRL,,1,0,0
1100011065,01/07/2016,Control SRL,,1,0,0
1100011066,01/07/2016,Control SRL,,1,0,0
1100011067,01/07/2016,Control SRL,,1,0,0
9103000795,01/07/2016,Control SRL,,0,0,1
1100011068,01/07/2016,Control SRL,,1,0,0
1100011069,01/07/2016,Control SRL,,1,0,0
1100011070,01/07/2016,Control SRL,,1,0,0
1100011071,01/07/2016,Control SRL,,1,0,0
9203000263,01/07/2016,Control SRL,,0,0,1
9103000796,01/07/2016,Control SRL,,0,0,1
1100011072,01/07/2016,Control SRL,,1,0,0
1100011073,01/07/2016,Control SRL,,1,0,0
1100011074,01/08/2016,Control SRL,,1,0,0
1100011075,01/08/2016,Control SRL,,1,0,0
9103000797,01/08/2016,Control SRL,,0,0,1
9103000798,01/08/2016,Control SRL,,0,0,1
1100011076,01/08/2016,Control SRL,,1,0,0
1100011077,01/08/2016,Control SRL,,1,0,0
9103000799,01/08/2016,Control SRL,,0,0,1
9103000800,01/08/2016,Control SRL,,0,0,1
1100011078,01/08/2016,Control SRL,,1,0,0
1100011080,01/08/2016,Control SRL,,1,0,0
1100011079,01/08/2016,Control SRL,,1,0,0
1100011082,01/08/2016,Control SRL,,1,0,0
1100011081,01/08/2016,Control SRL,,1,0,0
1100011083,01/08/2016,Control SRL,,1,0,0
9103000801,01/08/2016,Control SRL,,0,0,1
1100011084,01/08/2016,Control SRL,,1,0,0
9103000802,01/08/2016,Control SRL,,0,0,1
1100011085,01/08/2016,Control SRL,,1,0,0
9103000803,01/08/2016,Control SRL,,0,0,1
1100011086,01/08/2016,Control SRL,,1,0,0
1100011087,01/08/2016,Control SRL,,1,0,0
9103000804,01/08/2016,Control SRL,,0,0,1
1100011088,01/08/2016,Control SRL,,1,0,0
1100011090,01/08/2016,Control SRL,,1,0,0
1100011089,01/08/2016,Control SRL,,1,0,0
1200004999,01/08/2016,Control SRL,,1,0,0
1200005000,01/08/2016,Control SRL,,1,0,0
9203000264,01/08/2016,Control SRL,,0,0,1
1100011097,01/08/2016,Control SRL,,1,0,0
9103000805,01/08/2016,Control SRL,,0,0,1
1100011096,01/08/2016,Control SRL,,1,0,0
1100011095,01/08/2016,Control SRL,,1,0,0
1100011094,01/08/2016,Control SRL,,1,0,0
1100011093,01/08/2016,Control SRL,,1,0,0
9103000806,01/08/2016,Control SRL,,0,0,1
1100011092,01/08/2016,Control SRL,,1,0,0
1100011330,01/08/2016,Control SRL,,1,0,0
1100011091,01/08/2016,Control SRL,,1,0,0
1100011098,01/08/2016,Control SRL,,1,0,0
9103000807,01/08/2016,Control SRL,,0,0,1
9103000808,01/08/2016,Control SRL,,0,0,1
1200005104,01/08/2016,Control SRL,,1,0,0
1100011099,01/08/2016,Control SRL,,1,0,0
9103000809,01/08/2016,Control SRL,,0,0,1
1100011100,01/08/2016,Control SRL,,1,0,0
9101001035,01/07/2016,Asociación de Bomberos Voluntarios - San Martín de los Andes,,0,0,1
1100011301,01/08/2016,Control SRL,,1,0,0
9101001036,01/07/2016,Asociación de Bomberos Voluntarios - San Martín de los Andes,,0,0,1
1100011302,01/08/2016,Control SRL,,1,0,0
1100010807,01/07/2016,Asociación de Bomberos Voluntarios - San Martín de los Andes,,1,0,0
1100011303,01/08/2016,Control SRL,,1,0,0
9101001037,01/07/2016,Asociación de Bomberos Voluntarios - San Martín de los Andes,,0,1,0
1200005105,01/08/2016,Control SRL,,1,0,0
1100010808,01/07/2016,Asociación de Bomberos Voluntarios - San Martín de los Andes,,1,0,0
1200005106,01/08/2016,Control SRL,,1,0,0
9101001038,01/07/2016,Asociación de Bomberos Voluntarios - San Martín de los Andes,,0,0,1
9103000810,01/08/2016,Control SRL,,0,1,0
1200002983,01/07/2016,Asociación de Bomberos Voluntarios - San Martín de los Andes,,1,0,0
1100011304,01/08/2016,Control SRL,,1,0,0
9101001039,01/07/2016,Asociación de Bomberos Voluntarios - San Martín de los Andes,,0,1,0
1100011305,01/08/2016,Control SRL,,1,0,0
1100010809,01/07/2016,Asociación de Bomberos Voluntarios - San Martín de los Andes,,1,0,0
1100011306,01/08/2016,Control SRL,,1,0,0
1100010810,01/07/2016,Asociación de Bomberos Voluntarios - San Martín de los Andes,,1,0,0
1100011307,01/08/2016,Control SRL,,1,0,0
1100010811,01/07/2016,Asociación de Bomberos Voluntarios - San Martín de los Andes,,1,0,0
1100011308,01/08/2016,Control SRL,,1,0,0
1100010812,01/07/2016,Asociación de Bomberos Voluntarios - San Martín de los Andes,,1,0,0
1100011309,01/08/2016,Control SRL,,1,0,0
1100010813,01/07/2016,Asociación de Bomberos Voluntarios - San Martín de los Andes,,1,0,0
1100011310,01/08/2016,Control SRL,,1,0,0
9101001040,01/07/2016,Asociación de Bomberos Voluntarios - San Martín de los Andes,,0,0,1
1100011311,01/08/2016,Control SRL,,1,0,0
9101001041,01/07/2016,Asociación de Bomberos Voluntarios - San Martín de los Andes,,0,0,1
1100011312,01/08/2016,Control SRL,,1,0,0
1100010814,01/07/2016,Asociación de Bomberos Voluntarios - San Martín de los Andes,,1,0,0
1100011313,01/08/2016,Control SRL,,1,0,0
9101001042,01/07/2016,Asociación de Bomberos Voluntarios - San Martín de los Andes,,0,0,1
1100011329,01/08/2016,Control SRL,,1,0,0
1100010815,01/07/2016,Asociación de Bomberos Voluntarios - San Martín de los Andes,,1,0,0
1100011314,01/08/2016,Control SRL,,1,0,0
1100010816,01/07/2016,Asociación de Bomberos Voluntarios - San Martín de los Andes,,1,0,0
1100011315,01/08/2016,Control SRL,,1,0,0
9201000205,01/07/2016,Asociación de Bomberos Voluntarios - San Martín de los Andes,,0,0,1
1100011316,01/08/2016,Control SRL,,1,0,0
9201000206,01/07/2016,Asociación de Bomberos Voluntarios - San Martín de los Andes,,0,1,0
1100011317,01/08/2016,Control SRL,,1,0,0
1100010817,01/07/2016,Asociación de Bomberos Voluntarios - San Martín de los Andes,,1,0,0
1100011318,01/08/2016,Control SRL,,1,0,0
1100010818,01/07/2016,Asociación de Bomberos Voluntarios - San Martín de los Andes,,1,0,0
1100011320,01/08/2016,Control SRL,,1,0,0
1100010819,01/07/2016,Asociación de Bomberos Voluntarios - San Martín de los Andes,,1,0,0
1100011319,01/08/2016,Control SRL,,1,0,0
1100010820,01/07/2016,Asociación de Bomberos Voluntarios - San Martín de los Andes,,1,0,0
1100011321,01/08/2016,Control SRL,,1,0,0
1100010821,01/07/2016,Asociación de Bomberos Voluntarios - San Martín de los Andes,,1,0,0
1100011322,01/08/2016,Control SRL,,1,0,0
1100010822,01/07/2016,Asociación de Bomberos Voluntarios - San Martín de los Andes,,1,0,0
9101001043,01/07/2016,Asociación de Bomberos Voluntarios - San Martín de los Andes,,0,0,1
1200002984,01/07/2016,Asociación de Bomberos Voluntarios - San Martín de los Andes,,1,0,0
1100010823,01/07/2016,Asociación de Bomberos Voluntarios - San Martín de los Andes,,1,0,0
1200002985,01/07/2016,Asociación de Bomberos Voluntarios - San Martín de los Andes,,1,0,0
1100010824,01/07/2016,Asociación de Bomberos Voluntarios - San Martín de los Andes,,1,0,0
1200002986,01/07/2016,Asociación de Bomberos Voluntarios - San Martín de los Andes,,1,0,0
1200002987,01/07/2016,Asociación de Bomberos Voluntarios - San Martín de los Andes,,1,0,0
9101001044,01/07/2016,Asociación de Bomberos Voluntarios - San Martín de los Andes,,0,0,1
1100010825,01/07/2016,Asociación de Bomberos Voluntarios - San Martín de los Andes,,1,0,0
1100010826,01/07/2016,Asociación de Bomberos Voluntarios - San Martín de los Andes,,1,0,0
1100010827,01/07/2016,Asociación de Bomberos Voluntarios - San Martín de los Andes,,1,0,0
1100010828,01/08/2016,Asociación de Bomberos Voluntarios - San Martín de los Andes,,1,0,0
1100010829,01/08/2016,Asociación de Bomberos Voluntarios - San Martín de los Andes,,1,0,0
9101001045,01/08/2016,Asociación de Bomberos Voluntarios - San Martín de los Andes,,0,0,1
1100010830,01/08/2016,Asociación de Bomberos Voluntarios - San Martín de los Andes,,1,0,0
1100010831,01/08/2016,Asociación de Bomberos Voluntarios - San Martín de los Andes,,1,0,0
1100010832,01/08/2016,Asociación de Bomberos Voluntarios - San Martín de los Andes,,1,0,0
1100010833,01/08/2016,Asociación de Bomberos Voluntarios - San Martín de los Andes,,1,0,0
1100010834,01/08/2016,Asociación de Bomberos Voluntarios - San Martín de los Andes,,1,0,0
1100010835,01/08/2016,Asociación de Bomberos Voluntarios - San Martín de los Andes,,1,0,0
1100010836,01/08/2016,Asociación de Bomberos Voluntarios - San Martín de los Andes,,1,0,0
1100010837,01/08/2016,Asociación de Bomberos Voluntarios - San Martín de los Andes,,1,0,0
1100010838,01/08/2016,Asociación de Bomberos Voluntarios - San Martín de los Andes,,1,0,0
1100010839,01/08/2016,Asociación de Bomberos Voluntarios - San Martín de los Andes,,1,0,0
1100010840,01/08/2016,Asociación de Bomberos Voluntarios - San Martín de los Andes,,1,0,0
1100010841,01/08/2016,Asociación de Bomberos Voluntarios - San Martín de los Andes,,1,0,0
1100010842,01/08/2016,Asociación de Bomberos Voluntarios - San Martín de los Andes,,1,0,0
1100010843,01/08/2016,Asociación de Bomberos Voluntarios - San Martín de los Andes,,1,0,0
1100010844,01/08/2016,Asociación de Bomberos Voluntarios - San Martín de los Andes,,1,0,0
1100010845,01/08/2016,Asociación de Bomberos Voluntarios - San Martín de los Andes,,1,0,0
9101001046,01/08/2016,Asociación de Bomberos Voluntarios - San Martín de los Andes,,0,0,1
1100010846,01/08/2016,Asociación de Bomberos Voluntarios - San Martín de los Andes,,1,0,0
1100010847,01/08/2016,Asociación de Bomberos Voluntarios - San Martín de los Andes,,1,0,0
1100010848,01/08/2016,Asociación de Bomberos Voluntarios - San Martín de los Andes,,1,0,0
1100010849,01/08/2016,Asociación de Bomberos Voluntarios - San Martín de los Andes,,1,0,0
1100010850,01/08/2016,Asociación de Bomberos Voluntarios - San Martín de los Andes,,1,0,0
1100010851,01/08/2016,Asociación de Bomberos Voluntarios - San Martín de los Andes,,1,0,0
9101001047,01/08/2016,Asociación de Bomberos Voluntarios - San Martín de los Andes,,0,1,0
1100010852,01/08/2016,Asociación de Bomberos Voluntarios - San Martín de los Andes,,1,0,0
1100010853,01/08/2016,Asociación de Bomberos Voluntarios - San Martín de los Andes,,1,0,0
1100010854,01/08/2016,Asociación de Bomberos Voluntarios - San Martín de los Andes,,1,0,0
1100010855,01/08/2016,Asociación de Bomberos Voluntarios - San Martín de los Andes,,1,0,0
1100010856,01/08/2016,Asociación de Bomberos Voluntarios - San Martín de los Andes,,1,0,0
1100010857,01/08/2016,Asociación de Bomberos Voluntarios - San Martín de los Andes,,1,0,0
1100012204,01/07/2016,Veritecnica SRL,,1,0,0
1100012205,01/07/2016,Veritecnica SRL,,1,0,0
1100012206,01/07/2016,Veritecnica SRL,,1,0,0
9102002331,01/07/2016,Veritecnica SRL,,0,0,1
9102002332,01/07/2016,Veritecnica SRL,,0,1,0
1100012207,01/07/2016,Veritecnica SRL,,1,0,0
9102002333,01/07/2016,Veritecnica SRL,,0,0,1
9102002334,01/07/2016,Veritecnica SRL,,0,1,0
1100012209,01/07/2016,Veritecnica SRL,,1,0,0
1100012210,01/07/2016,Veritecnica SRL,,1,0,0
1100012208,01/07/2016,Veritecnica SRL,,1,0,0
1100012211,01/07/2016,Veritecnica SRL,,1,0,0
1100012212,01/07/2016,Veritecnica SRL,,1,0,0
1100012213,01/07/2016,Veritecnica SRL,,1,0,0
9102002335,01/07/2016,Veritecnica SRL,,0,1,0
1100012214,01/07/2016,Veritecnica SRL,,1,0,0
9102002336,01/07/2016,Veritecnica SRL,,0,0,1
1100012216,01/07/2016,Veritecnica SRL,,1,0,0
1100012217,01/07/2016,Veritecnica SRL,,1,0,0
1100012215,01/07/2016,Veritecnica SRL,,1,0,0
9102002337,01/07/2016,Veritecnica SRL,,0,1,0
1100012218,01/07/2016,Veritecnica SRL,,1,0,0
1100012219,01/07/2016,Veritecnica SRL,,1,0,0
1100012220,01/07/2016,Veritecnica SRL,,1,0,0
9102002338,01/07/2016,Veritecnica SRL,,0,1,0
1100012221,01/07/2016,Veritecnica SRL,,1,0,0
9102002339,01/07/2016,Veritecnica SRL,,0,1,0
1100012222,01/07/2016,Veritecnica SRL,,1,0,0
9102002340,01/07/2016,Veritecnica SRL,,0,0,1
1100012223,01/07/2016,Veritecnica SRL,,1,0,0
1100012224,01/07/2016,Veritecnica SRL,,1,0,0
1100012225,01/07/2016,Veritecnica SRL,,1,0,0
1100012226,01/07/2016,Veritecnica SRL,,1,0,0
9102002341,01/07/2016,Veritecnica SRL,,0,1,0
1100012227,01/07/2016,Veritecnica SRL,,1,0,0
1200005049,01/07/2016,Veritecnica SRL,,1,0,0
1100012228,01/07/2016,Veritecnica SRL,,1,0,0
1100012229,01/07/2016,Veritecnica SRL,,1,0,0
1100012230,01/07/2016,Veritecnica SRL,,1,0,0
9102002342,01/07/2016,Veritecnica SRL,,0,1,0
1100012231,01/07/2016,Veritecnica SRL,,1,0,0
1100012232,01/07/2016,Veritecnica SRL,,1,0,0
1100012233,01/07/2016,Veritecnica SRL,,1,0,0
1100012234,01/07/2016,Veritecnica SRL,,1,0,0
1100012235,01/07/2016,Veritecnica SRL,,1,0,0
1100012236,01/07/2016,Veritecnica SRL,,1,0,0
1100012237,01/07/2016,Veritecnica SRL,,1,0,0
1100012238,01/07/2016,Veritecnica SRL,,1,0,0
9102002343,01/07/2016,Veritecnica SRL,,0,0,1
1100012239,01/07/2016,Veritecnica SRL,,1,0,0
9102002344,01/07/2016,Veritecnica SRL,,0,0,1
1100012240,01/07/2016,Veritecnica SRL,,1,0,0
9102002345,01/07/2016,Veritecnica SRL,,0,1,0
1100012242,01/07/2016,Veritecnica SRL,,1,0,0
1200005050,01/07/2016,Veritecnica SRL,,1,0,0
9102002346,01/07/2016,Veritecnica SRL,,0,1,0
9102002347,01/07/2016,Veritecnica SRL,,0,1,0
9202000459,01/07/2016,Veritecnica SRL,,0,0,1
1100012243,01/07/2016,Veritecnica SRL,,1,0,0
1100012241,01/07/2016,Veritecnica SRL,,1,0,0
1200005051,01/07/2016,Veritecnica SRL,,1,0,0
9102002348,01/07/2016,Veritecnica SRL,,0,1,0
1200005052,01/07/2016,Veritecnica SRL,,1,0,0
1200005053,01/07/2016,Veritecnica SRL,,1,0,0
1100012244,01/07/2016,Veritecnica SRL,,1,0,0
1100012246,01/07/2016,Veritecnica SRL,,1,0,0
1100012245,01/07/2016,Veritecnica SRL,,1,0,0
9102002349,01/07/2016,Veritecnica SRL,,0,0,1
1100012247,01/07/2016,Veritecnica SRL,,1,0,0
1100012248,01/07/2016,Veritecnica SRL,,1,0,0
9102002350,01/07/2016,Veritecnica SRL,,0,1,0
9102002351,01/07/2016,Veritecnica SRL,,0,0,1
1100012249,01/07/2016,Veritecnica SRL,,1,0,0
9102002352,01/07/2016,Veritecnica SRL,,0,1,0
1100012250,01/07/2016,Veritecnica SRL,,1,0,0
1100012251,01/07/2016,Veritecnica SRL,,1,0,0
1100012252,01/07/2016,Veritecnica SRL,,1,0,0
1100012253,01/07/2016,Veritecnica SRL,,1,0,0
9102002353,01/07/2016,Veritecnica SRL,,0,1,0
9102002354,01/07/2016,Veritecnica SRL,,0,1,0
1200005054,01/07/2016,Veritecnica SRL,,1,0,0
9102002355,01/07/2016,Veritecnica SRL,,0,0,1
1200005055,01/07/2016,Veritecnica SRL,,1,0,0
1100012254,01/07/2016,Veritecnica SRL,,1,0,0
1100012255,01/07/2016,Veritecnica SRL,,1,0,0
1100012256,01/07/2016,Veritecnica SRL,,1,0,0
1100012257,01/07/2016,Veritecnica SRL,,1,0,0
1100012258,01/07/2016,Veritecnica SRL,,1,0,0
1200005056,01/07/2016,Veritecnica SRL,,1,0,0
9102002356,01/07/2016,Veritecnica SRL,,0,1,0
9102002357,01/07/2016,Veritecnica SRL,,0,1,0
9102002358,01/07/2016,Veritecnica SRL,,0,1,0
9102002359,01/07/2016,Veritecnica SRL,,0,0,1
1100012259,01/07/2016,Veritecnica SRL,,1,0,0
1100012260,01/07/2016,Veritecnica SRL,,1,0,0
9102002360,01/07/2016,Veritecnica SRL,,0,0,1
9102002361,01/07/2016,Veritecnica SRL,,0,0,1
1100012261,01/07/2016,Veritecnica SRL,,1,0,0
1100012262,01/07/2016,Veritecnica SRL,,1,0,0
1100012263,01/07/2016,Veritecnica SRL,,1,0,0
1100012264,01/07/2016,Veritecnica SRL,,1,0,0
9102002362,01/07/2016,Veritecnica SRL,,0,0,1
9102002363,01/07/2016,Veritecnica SRL,,0,0,1
9102002364,01/07/2016,Veritecnica SRL,,0,0,1
1100012265,01/07/2016,Veritecnica SRL,,1,0,0
1100012266,01/07/2016,Veritecnica SRL,,1,0,0
1100012267,01/07/2016,Veritecnica SRL,,1,0,0
1200005057,01/07/2016,Veritecnica SRL,,1,0,0
1100012268,01/07/2016,Veritecnica SRL,,1,0,0
1100012269,01/07/2016,Veritecnica SRL,,1,0,0
1100012270,01/07/2016,Veritecnica SRL,,1,0,0
1100012271,01/07/2016,Veritecnica SRL,,1,0,0
1100012272,01/07/2016,Veritecnica SRL,,1,0,0
1100012273,01/07/2016,Veritecnica SRL,,1,0,0
1100012274,01/07/2016,Veritecnica SRL,,1,0,0
1100012275,01/07/2016,Veritecnica SRL,,1,0,0
1100012276,01/07/2016,Veritecnica SRL,,1,0,0
1100012277,01/07/2016,Veritecnica SRL,,1,0,0
1100012278,01/07/2016,Veritecnica SRL,,1,0,0
9102002365,01/07/2016,Veritecnica SRL,,0,0,1
1100012279,01/07/2016,Veritecnica SRL,,1,0,0
9202000460,01/07/2016,Veritecnica SRL,,0,0,1
1100012281,01/07/2016,Veritecnica SRL,,1,0,0
1100012280,01/07/2016,Veritecnica SRL,,1,0,0
1100012282,01/07/2016,Veritecnica SRL,,1,0,0
1100012283,01/07/2016,Veritecnica SRL,,1,0,0
9202000461,01/07/2016,Veritecnica SRL,,0,0,1
1100012284,01/08/2016,Veritecnica SRL,,1,0,0
9102002366,01/08/2016,Veritecnica SRL,,0,1,0
9102002367,01/08/2016,Veritecnica SRL,,0,0,1
1100012285,01/08/2016,Veritecnica SRL,,1,0,0
1100012287,01/08/2016,Veritecnica SRL,,1,0,0
1100012286,01/08/2016,Veritecnica SRL,,1,0,0
1100012288,01/08/2016,Veritecnica SRL,,1,0,0
9102002368,01/08/2016,Veritecnica SRL,,0,0,1
9102002369,01/08/2016,Veritecnica SRL,,0,1,0
1100012289,01/08/2016,Veritecnica SRL,,1,0,0
1100012290,01/08/2016,Veritecnica SRL,,1,0,0
1100012291,01/08/2016,Veritecnica SRL,,1,0,0
1100012292,01/08/2016,Veritecnica SRL,,1,0,0
1100012293,01/08/2016,Veritecnica SRL,,1,0,0
1100012294,01/08/2016,Veritecnica SRL,,1,0,0
1100012295,01/08/2016,Veritecnica SRL,,1,0,0
1100012296,01/08/2016,Veritecnica SRL,,1,0,0
9102002370,01/08/2016,Veritecnica SRL,,0,0,1
1100012297,01/08/2016,Veritecnica SRL,,1,0,0
1100012299,01/08/2016,Veritecnica SRL,,1,0,0
9102002371,01/08/2016,Veritecnica SRL,,0,0,1
1200005058,01/08/2016,Veritecnica SRL,,1,0,0
9102002372,01/08/2016,Veritecnica SRL,,0,0,1
9102002373,01/08/2016,Veritecnica SRL,,0,0,1
9102002374,01/08/2016,Veritecnica SRL,,0,0,1
1100012298,01/08/2016,Veritecnica SRL,,1,0,0
1100012300,01/08/2016,Veritecnica SRL,,1,0,0
1100012501,01/08/2016,Veritecnica SRL,,1,0,0
1100012502,01/08/2016,Veritecnica SRL,,1,0,0
1200005059,01/08/2016,Veritecnica SRL,,1,0,0
1100012503,01/08/2016,Veritecnica SRL,,1,0,0
1100012504,01/08/2016,Veritecnica SRL,,1,0,0
9102002375,01/08/2016,Veritecnica SRL,,0,1,0
1100012505,01/08/2016,Veritecnica SRL,,1,0,0
1100012506,01/08/2016,Veritecnica SRL,,1,0,0
1200005060,01/08/2016,Veritecnica SRL,,1,0,0
1100012507,01/08/2016,Veritecnica SRL,,1,0,0
1100012508,01/08/2016,Veritecnica SRL,,1,0,0
1100012509,01/08/2016,Veritecnica SRL,,1,0,0
1100012510,01/08/2016,Veritecnica SRL,,1,0,0
1100012511,01/08/2016,Veritecnica SRL,,1,0,0
1100012512,01/08/2016,Veritecnica SRL,,1,0,0
1100012513,01/08/2016,Veritecnica SRL,,1,0,0
1100012514,01/08/2016,Veritecnica SRL,,1,0,0
9102002376,01/08/2016,Veritecnica SRL,,0,0,1
1100012515,01/08/2016,Veritecnica SRL,,1,0,0
9102002377,01/08/2016,Veritecnica SRL,,0,1,0
1100012517,01/08/2016,Veritecnica SRL,,1,0,0
1100012516,01/08/2016,Veritecnica SRL,,1,0,0
1100012518,01/08/2016,Veritecnica SRL,,1,0,0
1100012519,01/08/2016,Veritecnica SRL,,1,0,0
1100012520,01/08/2016,Veritecnica SRL,,1,0,0
9102002378,01/08/2016,Veritecnica SRL,,0,0,1
1100012521,01/08/2016,Veritecnica SRL,,1,0,0
1100012522,01/08/2016,Veritecnica SRL,,1,0,0
1100012523,01/08/2016,Veritecnica SRL,,1,0,0
1100012524,01/08/2016,Veritecnica SRL,,1,0,0
1100012525,01/08/2016,Veritecnica SRL,,1,0,0
1100012526,01/08/2016,Veritecnica SRL,,1,0,0
1100012528,01/08/2016,Veritecnica SRL,,1,0,0
1100012527,01/08/2016,Veritecnica SRL,,1,0,0
1100012530,01/08/2016,Veritecnica SRL,,1,0,0
1100012529,01/08/2016,Veritecnica SRL,,1,0,0
1100012531,01/08/2016,Veritecnica SRL,,1,0,0
1100012532,01/08/2016,Veritecnica SRL,,1,0,0
1200005061,01/08/2016,Veritecnica SRL,,1,0,0
1100012533,01/08/2016,Veritecnica SRL,,1,0,0
9102002379,01/08/2016,Veritecnica SRL,,0,1,0
1200005062,01/08/2016,Veritecnica SRL,,1,0,0
1100012534,01/08/2016,Veritecnica SRL,,1,0,0
9102002380,01/08/2016,Veritecnica SRL,,0,1,0
1100012535,01/08/2016,Veritecnica SRL,,1,0,0
1100012536,01/08/2016,Veritecnica SRL,,1,0,0
1100012537,01/08/2016,Veritecnica SRL,,1,0,0
9202000462,01/08/2016,Veritecnica SRL,,0,0,1
9102002381,01/08/2016,Veritecnica SRL,,0,0,1
9102002382,01/08/2016,Veritecnica SRL,,0,1,0
1200005063,01/08/2016,Veritecnica SRL,,1,0,0
9102002383,01/08/2016,Veritecnica SRL,,0,0,1
1100012538,01/08/2016,Veritecnica SRL,,1,0,0
1100012539,01/08/2016,Veritecnica SRL,,1,0,0
9102002384,01/08/2016,Veritecnica SRL,,0,0,1
1100012540,01/08/2016,Veritecnica SRL,,1,0,0
9102002385,01/08/2016,Veritecnica SRL,,0,1,0
1100012541,01/08/2016,Veritecnica SRL,,1,0,0
1100012542,01/08/2016,Veritecnica SRL,,1,0,0
1100012543,01/08/2016,Veritecnica SRL,,1,0,0
1200005064,01/08/2016,Veritecnica SRL,,1,0,0
9202000463,01/08/2016,Veritecnica SRL,,0,0,1
1200005065,01/08/2016,Veritecnica SRL,,1,0,0
9102002386,01/08/2016,Veritecnica SRL,,0,0,1
9102002387,01/08/2016,Veritecnica SRL,,0,1,0
1100012544,01/08/2016,Veritecnica SRL,,1,0,0
1100012545,01/08/2016,Veritecnica SRL,,1,0,0
1100012546,01/08/2016,Veritecnica SRL,,1,0,0
1100012547,01/08/2016,Veritecnica SRL,,1,0,0
9102002388,01/08/2016,Veritecnica SRL,,0,0,1
1100012548,01/08/2016,Veritecnica SRL,,1,0,0
1100012549,01/08/2016,Veritecnica SRL,,1,0,0
1100012550,01/08/2016,Veritecnica SRL,,1,0,0
1100012551,01/08/2016,Veritecnica SRL,,1,0,0
9102002389,01/08/2016,Veritecnica SRL,,0,1,0
1200005066,01/08/2016,Veritecnica SRL,,1,0,0
1100012552,01/08/2016,Veritecnica SRL,,1,0,0
1100012555,01/08/2016,Veritecnica SRL,,1,0,0
1100012553,01/08/2016,Veritecnica SRL,,1,0,0
1100012554,01/08/2016,Veritecnica SRL,,1,0,0
1100012556,01/08/2016,Veritecnica SRL,,1,0,0
1100012557,01/08/2016,Veritecnica SRL,,1,0,0
1100012558,01/08/2016,Veritecnica SRL,,1,0,0
1100012559,01/08/2016,Veritecnica SRL,,1,0,0
1100012560,01/08/2016,Veritecnica SRL,,1,0,0
1100012561,01/08/2016,Veritecnica SRL,,1,0,0
1100012562,01/08/2016,Veritecnica SRL,,1,0,0
1100012563,01/08/2016,Veritecnica SRL,,1,0,0
1200005067,01/08/2016,Veritecnica SRL,,1,0,0
1100012564,01/08/2016,Veritecnica SRL,,1,0,0
1100012565,01/08/2016,Veritecnica SRL,,1,0,0
1100012566,01/08/2016,Veritecnica SRL,,1,0,0
9202000464,01/08/2016,Veritecnica SRL,,0,0,1
9102002390,01/08/2016,Veritecnica SRL,,0,0,1
1100012567,01/08/2016,Veritecnica SRL,,1,0,0
1100012568,01/08/2016,Veritecnica SRL,,1,0,0
1100012569,01/08/2016,Veritecnica SRL,,1,0,0
1100012570,01/08/2016,Veritecnica SRL,,1,0,0
1100012571,01/08/2016,Veritecnica SRL,,1,0,0
1100012572,01/08/2016,Veritecnica SRL,,1,0,0
1100012573,01/08/2016,Veritecnica SRL,,1,0,0
1200005068,01/08/2016,Veritecnica SRL,,1,0,0
9102002391,01/08/2016,Veritecnica SRL,,0,0,1
9102002392,01/08/2016,Veritecnica SRL,,0,0,1
1100012574,01/08/2016,Veritecnica SRL,,1,0,0
1200005069,01/08/2016,Veritecnica SRL,,1,0,0
9102002393,01/08/2016,Veritecnica SRL,,0,1,0
1100012575,01/08/2016,Veritecnica SRL,,1,0,0
9102002394,01/08/2016,Veritecnica SRL,,0,1,0
1100012576,01/08/2016,Veritecnica SRL,,1,0,0
1100012577,01/08/2016,Veritecnica SRL,,1,0,0
9102002395,01/08/2016,Veritecnica SRL,,0,0,1
9102002396,01/08/2016,Veritecnica SRL,,0,0,1
1200005070,01/08/2016,Veritecnica SRL,,1,0,0
