Nrocertificado,Fecha,Idtaller,Dominiovehiculo,Aprobado,RechazadoLeveModerado,RechazadoGrave
9101001883,08/08/2016,Asociación de Bomberos Voluntarios - San Martín de los Andes,,0,1,0
9101001884,08/08/2016,Asociación de Bomberos Voluntarios - San Martín de los Andes,,0,1,0
1200007585,08/08/2016,Asociación de Bomberos Voluntarios - San Martín de los Andes,,1,0,0
9201000350,08/08/2016,Asociación de Bomberos Voluntarios - San Martín de los Andes,,0,0,1
1100024206,08/08/2016,Asociación de Bomberos Voluntarios - San Martín de los Andes,,1,0,0
1100024207,08/08/2016,Asociación de Bomberos Voluntarios - San Martín de los Andes,,1,0,0
1100024208,08/08/2016,Asociación de Bomberos Voluntarios - San Martín de los Andes,,1,0,0
1100024209,08/08/2016,Asociación de Bomberos Voluntarios - San Martín de los Andes,,1,0,0
1100024210,08/08/2016,Asociación de Bomberos Voluntarios - San Martín de los Andes,,1,0,0
1200007586,08/08/2016,Asociación de Bomberos Voluntarios - San Martín de los Andes,,1,0,0
1100024211,08/08/2016,Asociación de Bomberos Voluntarios - San Martín de los Andes,,1,0,0
1100024212,08/08/2016,Asociación de Bomberos Voluntarios - San Martín de los Andes,,1,0,0
1100024213,08/08/2016,Asociación de Bomberos Voluntarios - San Martín de los Andes,,1,0,0
1100024214,08/08/2016,Asociación de Bomberos Voluntarios - San Martín de los Andes,,1,0,0
1100024906,08/08/2016,Control SRL,,1,0,0
1100024904,08/08/2016,Control SRL,,1,0,0
1100024907,08/08/2016,Control SRL,,1,0,0
1200008347,08/08/2016,Control SRL,,1,0,0
9103001588,08/08/2016,Control SRL,,0,0,1
1100024908,08/08/2016,Control SRL,,1,0,0
9103001589,08/08/2016,Control SRL,,0,0,1
1100024909,08/08/2016,Control SRL,,1,0,0
9203000420,08/08/2016,Control SRL,,0,0,1
1200008348,08/08/2016,Control SRL,,1,0,0
1100024910,08/08/2016,Control SRL,,1,0,0
1100024911,08/08/2016,Control SRL,,1,0,0
1100024912,08/08/2016,Control SRL,,1,0,0
1100024913,08/08/2016,Control SRL,,1,0,0
1100024914,08/08/2016,Control SRL,,1,0,0
1100024915,08/08/2016,Control SRL,,1,0,0
1100024916,08/08/2016,Control SRL,,1,0,0
1100024917,08/08/2016,Control SRL,,1,0,0
9203000421,08/08/2016,Control SRL,,0,0,1
1100024918,08/08/2016,Control SRL,,1,0,0
1200008349,08/08/2016,Control SRL,,1,0,0
1100024919,08/08/2016,Control SRL,,1,0,0
9203000422,08/08/2016,Control SRL,,0,0,1
1100024921,08/08/2016,Control SRL,,1,0,0
1100024920,08/08/2016,Control SRL,,1,0,0
9203000423,08/08/2016,Control SRL,,0,0,1
1100024922,08/08/2016,Control SRL,,1,0,0
9103001590,08/08/2016,Control SRL,,0,0,1
1200008361,08/08/2016,Control SRL,,1,0,0
9103001591,08/08/2016,Control SRL,,0,0,1
1100024923,08/08/2016,Control SRL,,1,0,0
9102005176,08/08/2016,Veritecnica SRL,,0,0,1
9102005177,08/08/2016,Veritecnica SRL,,0,0,1
1100025093,08/08/2016,Veritecnica SRL,,1,0,0
9102005178,08/08/2016,Veritecnica SRL,,0,0,1
9102005179,08/08/2016,Veritecnica SRL,,0,1,0
9102005180,08/08/2016,Veritecnica SRL,,0,1,0
9102005181,08/08/2016,Veritecnica SRL,,0,0,1
1100025094,08/08/2016,Veritecnica SRL,,1,0,0
1100025095,08/08/2016,Veritecnica SRL,,1,0,0
1100025096,08/08/2016,Veritecnica SRL,,1,0,0
1100025097,08/08/2016,Veritecnica SRL,,1,0,0
1100025098,08/08/2016,Veritecnica SRL,,1,0,0
1100025099,08/08/2016,Veritecnica SRL,,1,0,0
1100025100,08/08/2016,Veritecnica SRL,,1,0,0
9202000841,08/08/2016,Veritecnica SRL,,0,0,1
1100025101,08/08/2016,Veritecnica SRL,,1,0,0
1100025102,08/08/2016,Veritecnica SRL,,1,0,0
9202000842,08/08/2016,Veritecnica SRL,,0,0,1
1100025103,08/08/2016,Veritecnica SRL,,1,0,0
9102005182,08/08/2016,Veritecnica SRL,,0,0,1
1200008429,08/08/2016,Veritecnica SRL,,1,0,0
1100025104,08/08/2016,Veritecnica SRL,,1,0,0
1100025105,08/08/2016,Veritecnica SRL,,1,0,0
1200008430,08/08/2016,Veritecnica SRL,,1,0,0
1200008431,08/08/2016,Veritecnica SRL,,1,0,0
1200008432,08/08/2016,Veritecnica SRL,,1,0,0
1200008433,08/08/2016,Veritecnica SRL,,1,0,0
1100025106,08/08/2016,Veritecnica SRL,,1,0,0
1100025107,08/08/2016,Veritecnica SRL,,1,0,0
1100025108,08/08/2016,Veritecnica SRL,,1,0,0
9102005183,08/08/2016,Veritecnica SRL,,0,1,0
