Nrocertificado,Fecha,Idtaller,Dominiovehiculo,Aprobado,RechazadoLeveModerado,RechazadoGrave
1100036738,03/16/2017,Asociación de Bomberos Voluntarios - San Martín de los Andes,,1,0,0
1100036739,03/16/2017,Asociación de Bomberos Voluntarios - San Martín de los Andes,,1,0,0
1100036740,03/16/2017,Asociación de Bomberos Voluntarios - San Martín de los Andes,,1,0,0
1100036741,03/16/2017,Asociación de Bomberos Voluntarios - San Martín de los Andes,,1,0,0
1100036742,03/16/2017,Asociación de Bomberos Voluntarios - San Martín de los Andes,,1,0,0
1100036743,03/16/2017,Asociación de Bomberos Voluntarios - San Martín de los Andes,,1,0,0
9101002620,03/16/2017,Asociación de Bomberos Voluntarios - San Martín de los Andes,,0,1,0
1100036744,03/16/2017,Asociación de Bomberos Voluntarios - San Martín de los Andes,,1,0,0
9101002621,03/16/2017,Asociación de Bomberos Voluntarios - San Martín de los Andes,,0,0,1
1200011018,03/16/2017,Asociación de Bomberos Voluntarios - San Martín de los Andes,,1,0,0
1100036745,03/16/2017,Asociación de Bomberos Voluntarios - San Martín de los Andes,,1,0,0
1100036746,03/16/2017,Asociación de Bomberos Voluntarios - San Martín de los Andes,,1,0,0
1100036747,03/16/2017,Asociación de Bomberos Voluntarios - San Martín de los Andes,,1,0,0
1100036748,03/16/2017,Asociación de Bomberos Voluntarios - San Martín de los Andes,,1,0,0
1100036749,03/16/2017,Asociación de Bomberos Voluntarios - San Martín de los Andes,,1,0,0
1100036750,03/16/2017,Asociación de Bomberos Voluntarios - San Martín de los Andes,,1,0,0
1100037501,03/16/2017,Asociación de Bomberos Voluntarios - San Martín de los Andes,,1,0,0
1100037502,03/16/2017,Asociación de Bomberos Voluntarios - San Martín de los Andes,,1,0,0
1100037503,03/16/2017,Asociación de Bomberos Voluntarios - San Martín de los Andes,,1,0,0
1100037504,03/16/2017,Asociación de Bomberos Voluntarios - San Martín de los Andes,,1,0,0
1100037505,03/16/2017,Asociación de Bomberos Voluntarios - San Martín de los Andes,,1,0,0
1100037506,03/16/2017,Asociación de Bomberos Voluntarios - San Martín de los Andes,,1,0,0
1100037507,03/16/2017,Asociación de Bomberos Voluntarios - San Martín de los Andes,,1,0,0
1100037508,03/16/2017,Asociación de Bomberos Voluntarios - San Martín de los Andes,,1,0,0
1100037509,03/16/2017,Asociación de Bomberos Voluntarios - San Martín de los Andes,,1,0,0
1100037510,03/16/2017,Asociación de Bomberos Voluntarios - San Martín de los Andes,,1,0,0
1100037511,03/16/2017,Asociación de Bomberos Voluntarios - San Martín de los Andes,,1,0,0
1100037512,03/16/2017,Asociación de Bomberos Voluntarios - San Martín de los Andes,,1,0,0
1100037513,03/16/2017,Asociación de Bomberos Voluntarios - San Martín de los Andes,,1,0,0
1100037514,03/16/2017,Asociación de Bomberos Voluntarios - San Martín de los Andes,,1,0,0
1100037515,03/16/2017,Asociación de Bomberos Voluntarios - San Martín de los Andes,,1,0,0
1100037516,03/16/2017,Asociación de Bomberos Voluntarios - San Martín de los Andes,,1,0,0
1100037517,03/16/2017,Asociación de Bomberos Voluntarios - San Martín de los Andes,,1,0,0
1100037518,03/16/2017,Asociación de Bomberos Voluntarios - San Martín de los Andes,,1,0,0
9101002622,03/16/2017,Asociación de Bomberos Voluntarios - San Martín de los Andes,,0,1,0
1100037519,03/16/2017,Asociación de Bomberos Voluntarios - San Martín de los Andes,,1,0,0
1100037520,03/16/2017,Asociación de Bomberos Voluntarios - San Martín de los Andes,,1,0,0
1100037521,03/16/2017,Asociación de Bomberos Voluntarios - San Martín de los Andes,,1,0,0
9101002623,03/16/2017,Asociación de Bomberos Voluntarios - San Martín de los Andes,,0,0,1
9101002624,03/16/2017,Asociación de Bomberos Voluntarios - San Martín de los Andes,,0,1,0
1100037522,03/16/2017,Asociación de Bomberos Voluntarios - San Martín de los Andes,,1,0,0
1100037523,03/16/2017,Asociación de Bomberos Voluntarios - San Martín de los Andes,,1,0,0
1100037524,03/16/2017,Asociación de Bomberos Voluntarios - San Martín de los Andes,,1,0,0
1100037525,03/16/2017,Asociación de Bomberos Voluntarios - San Martín de los Andes,,1,0,0
1100037526,03/16/2017,Asociación de Bomberos Voluntarios - San Martín de los Andes,,1,0,0
1100037527,03/16/2017,Asociación de Bomberos Voluntarios - San Martín de los Andes,,1,0,0
1100037528,03/16/2017,Asociación de Bomberos Voluntarios - San Martín de los Andes,,1,0,0
1100037529,03/16/2017,Asociación de Bomberos Voluntarios - San Martín de los Andes,,1,0,0
1100037530,03/16/2017,Asociación de Bomberos Voluntarios - San Martín de los Andes,,1,0,0
1100037531,03/16/2017,Asociación de Bomberos Voluntarios - San Martín de los Andes,,1,0,0
1100037532,03/16/2017,Asociación de Bomberos Voluntarios - San Martín de los Andes,,1,0,0
1200011019,03/16/2017,Asociación de Bomberos Voluntarios - San Martín de los Andes,,1,0,0
9101002625,03/16/2017,Asociación de Bomberos Voluntarios - San Martín de los Andes,,0,0,1
1100037533,03/16/2017,Asociación de Bomberos Voluntarios - San Martín de los Andes,,1,0,0
1100037534,03/16/2017,Asociación de Bomberos Voluntarios - San Martín de los Andes,,1,0,0
1100037535,03/16/2017,Asociación de Bomberos Voluntarios - San Martín de los Andes,,1,0,0
9101002626,03/16/2017,Asociación de Bomberos Voluntarios - San Martín de los Andes,,0,0,1
9101002627,03/16/2017,Asociación de Bomberos Voluntarios - San Martín de los Andes,,0,0,1
1100037536,03/16/2017,Asociación de Bomberos Voluntarios - San Martín de los Andes,,1,0,0
9101002628,03/16/2017,Asociación de Bomberos Voluntarios - San Martín de los Andes,,0,0,1
1100037537,03/16/2017,Asociación de Bomberos Voluntarios - San Martín de los Andes,,1,0,0
1100037538,03/16/2017,Asociación de Bomberos Voluntarios - San Martín de los Andes,,1,0,0
9101002629,03/16/2017,Asociación de Bomberos Voluntarios - San Martín de los Andes,,0,0,1
1100037539,03/16/2017,Asociación de Bomberos Voluntarios - San Martín de los Andes,,1,0,0
1100037540,03/16/2017,Asociación de Bomberos Voluntarios - San Martín de los Andes,,1,0,0
1100037541,03/16/2017,Asociación de Bomberos Voluntarios - San Martín de los Andes,,1,0,0
1100037542,03/16/2017,Asociación de Bomberos Voluntarios - San Martín de los Andes,,1,0,0
1100037543,03/17/2017,Asociación de Bomberos Voluntarios - San Martín de los Andes,,1,0,0
1100037544,03/17/2017,Asociación de Bomberos Voluntarios - San Martín de los Andes,,1,0,0
1100037545,03/17/2017,Asociación de Bomberos Voluntarios - San Martín de los Andes,,1,0,0
1100037546,03/17/2017,Asociación de Bomberos Voluntarios - San Martín de los Andes,,1,0,0
1100037547,03/17/2017,Asociación de Bomberos Voluntarios - San Martín de los Andes,,1,0,0
1100037548,03/17/2017,Asociación de Bomberos Voluntarios - San Martín de los Andes,,1,0,0
1100037549,03/17/2017,Asociación de Bomberos Voluntarios - San Martín de los Andes,,1,0,0
1100037550,03/17/2017,Asociación de Bomberos Voluntarios - San Martín de los Andes,,1,0,0
1100037551,03/17/2017,Asociación de Bomberos Voluntarios - San Martín de los Andes,,1,0,0
1100037552,03/17/2017,Asociación de Bomberos Voluntarios - San Martín de los Andes,,1,0,0
1100037553,03/17/2017,Asociación de Bomberos Voluntarios - San Martín de los Andes,,1,0,0
1100037554,03/17/2017,Asociación de Bomberos Voluntarios - San Martín de los Andes,,1,0,0
1100037555,03/17/2017,Asociación de Bomberos Voluntarios - San Martín de los Andes,,1,0,0
9101002630,03/17/2017,Asociación de Bomberos Voluntarios - San Martín de los Andes,,0,1,0
1100037556,03/17/2017,Asociación de Bomberos Voluntarios - San Martín de los Andes,,1,0,0
1100037557,03/17/2017,Asociación de Bomberos Voluntarios - San Martín de los Andes,,1,0,0
1100037558,03/17/2017,Asociación de Bomberos Voluntarios - San Martín de los Andes,,1,0,0
1100037559,03/17/2017,Asociación de Bomberos Voluntarios - San Martín de los Andes,,1,0,0
1100037560,03/17/2017,Asociación de Bomberos Voluntarios - San Martín de los Andes,,1,0,0
1100037561,03/17/2017,Asociación de Bomberos Voluntarios - San Martín de los Andes,,1,0,0
1200011020,03/17/2017,Asociación de Bomberos Voluntarios - San Martín de los Andes,,1,0,0
1100037562,03/17/2017,Asociación de Bomberos Voluntarios - San Martín de los Andes,,1,0,0
1200011021,03/17/2017,Asociación de Bomberos Voluntarios - San Martín de los Andes,,1,0,0
1100037563,03/17/2017,Asociación de Bomberos Voluntarios - San Martín de los Andes,,1,0,0
1100037564,03/17/2017,Asociación de Bomberos Voluntarios - San Martín de los Andes,,1,0,0
1100037565,03/17/2017,Asociación de Bomberos Voluntarios - San Martín de los Andes,,1,0,0
1100037566,03/17/2017,Asociación de Bomberos Voluntarios - San Martín de los Andes,,1,0,0
1100037567,03/17/2017,Asociación de Bomberos Voluntarios - San Martín de los Andes,,1,0,0
1100037568,03/17/2017,Asociación de Bomberos Voluntarios - San Martín de los Andes,,1,0,0
1100037569,03/17/2017,Asociación de Bomberos Voluntarios - San Martín de los Andes,,1,0,0
1100037570,03/17/2017,Asociación de Bomberos Voluntarios - San Martín de los Andes,,1,0,0
1100037571,03/17/2017,Asociación de Bomberos Voluntarios - San Martín de los Andes,,1,0,0
1100037572,03/17/2017,Asociación de Bomberos Voluntarios - San Martín de los Andes,,1,0,0
1100037573,03/17/2017,Asociación de Bomberos Voluntarios - San Martín de los Andes,,1,0,0
1100037574,03/17/2017,Asociación de Bomberos Voluntarios - San Martín de los Andes,,1,0,0
1100037575,03/17/2017,Asociación de Bomberos Voluntarios - San Martín de los Andes,,1,0,0
1100037576,03/17/2017,Asociación de Bomberos Voluntarios - San Martín de los Andes,,1,0,0
1100037577,03/17/2017,Asociación de Bomberos Voluntarios - San Martín de los Andes,,1,0,0
1100037578,03/17/2017,Asociación de Bomberos Voluntarios - San Martín de los Andes,,1,0,0
1100037579,03/17/2017,Asociación de Bomberos Voluntarios - San Martín de los Andes,,1,0,0
1100037580,03/17/2017,Asociación de Bomberos Voluntarios - San Martín de los Andes,,1,0,0
1100037581,03/17/2017,Asociación de Bomberos Voluntarios - San Martín de los Andes,,1,0,0
1100037582,03/17/2017,Asociación de Bomberos Voluntarios - San Martín de los Andes,,1,0,0
1100037583,03/17/2017,Asociación de Bomberos Voluntarios - San Martín de los Andes,,1,0,0
9101002631,03/17/2017,Asociación de Bomberos Voluntarios - San Martín de los Andes,,0,1,0
1100037584,03/17/2017,Asociación de Bomberos Voluntarios - San Martín de los Andes,,1,0,0
1100037585,03/17/2017,Asociación de Bomberos Voluntarios - San Martín de los Andes,,1,0,0
1100037586,03/17/2017,Asociación de Bomberos Voluntarios - San Martín de los Andes,,1,0,0
1100037587,03/17/2017,Asociación de Bomberos Voluntarios - San Martín de los Andes,,1,0,0
1100037588,03/17/2017,Asociación de Bomberos Voluntarios - San Martín de los Andes,,1,0,0
1100037589,03/17/2017,Asociación de Bomberos Voluntarios - San Martín de los Andes,,1,0,0
1100037281,03/16/2017,Control SRL,,1,0,0
9103002307,03/16/2017,Control SRL,,0,0,1
1100037282,03/16/2017,Control SRL,,1,0,0
1100037283,03/16/2017,Control SRL,,1,0,0
1100037284,03/16/2017,Control SRL,,1,0,0
1100037285,03/16/2017,Control SRL,,1,0,0
1100037286,03/16/2017,Control SRL,,1,0,0
1100037287,03/16/2017,Control SRL,,1,0,0
1100037288,03/16/2017,Control SRL,,1,0,0
1100037289,03/16/2017,Control SRL,,1,0,0
1100037290,03/16/2017,Control SRL,,1,0,0
1100037291,03/16/2017,Control SRL,,1,0,0
1100037292,03/16/2017,Control SRL,,1,0,0
1100037293,03/16/2017,Control SRL,,1,0,0
1100037294,03/16/2017,Control SRL,,1,0,0
1100037295,03/16/2017,Control SRL,,1,0,0
1100037296,03/16/2017,Control SRL,,1,0,0
1100037297,03/16/2017,Control SRL,,1,0,0
1100037298,03/16/2017,Control SRL,,1,0,0
1100037300,03/16/2017,Control SRL,,1,0,0
9103002308,03/16/2017,Control SRL,,0,0,1
9103002309,03/16/2017,Control SRL,,0,0,1
1100037299,03/16/2017,Control SRL,,1,0,0
1100037301,03/16/2017,Control SRL,,1,0,0
1100037303,03/16/2017,Control SRL,,1,0,0
1100037302,03/16/2017,Control SRL,,1,0,0
1100037304,03/16/2017,Control SRL,,1,0,0
1100037305,03/16/2017,Control SRL,,1,0,0
1100037306,03/16/2017,Control SRL,,1,0,0
1100037307,03/16/2017,Control SRL,,1,0,0
1100037308,03/16/2017,Control SRL,,1,0,0
1100037309,03/16/2017,Control SRL,,1,0,0
1100037310,03/16/2017,Control SRL,,1,0,0
1100037311,03/16/2017,Control SRL,,1,0,0
1100037312,03/16/2017,Control SRL,,1,0,0
1100037313,03/16/2017,Control SRL,,1,0,0
1100037314,03/16/2017,Control SRL,,1,0,0
1100037315,03/16/2017,Control SRL,,1,0,0
9103002310,03/16/2017,Control SRL,,0,0,1
1200011685,03/16/2017,Control SRL,,1,0,0
1100037317,03/16/2017,Control SRL,,1,0,0
1100037316,03/16/2017,Control SRL,,1,0,0
1200011686,03/16/2017,Control SRL,,1,0,0
1100037318,03/16/2017,Control SRL,,1,0,0
9103002311,03/16/2017,Control SRL,,0,0,1
1100037320,03/17/2017,Control SRL,,1,0,0
1100037319,03/17/2017,Control SRL,,1,0,0
1100037321,03/17/2017,Control SRL,,1,0,0
1100037322,03/17/2017,Control SRL,,1,0,0
9103002312,03/17/2017,Control SRL,,0,0,1
1100037323,03/17/2017,Control SRL,,1,0,0
1100037324,03/17/2017,Control SRL,,1,0,0
1100037325,03/17/2017,Control SRL,,1,0,0
1100037326,03/17/2017,Control SRL,,1,0,0
9103002313,03/17/2017,Control SRL,,0,0,1
1100037327,03/17/2017,Control SRL,,1,0,0
1100037328,03/17/2017,Control SRL,,1,0,0
1100037329,03/17/2017,Control SRL,,1,0,0
1100037330,03/17/2017,Control SRL,,1,0,0
9103002314,03/17/2017,Control SRL,,0,0,1
1200011687,03/17/2017,Control SRL,,1,0,0
1100037331,03/17/2017,Control SRL,,1,0,0
1200011688,03/17/2017,Control SRL,,1,0,0
1100037332,03/17/2017,Control SRL,,1,0,0
9103002315,03/17/2017,Control SRL,,0,0,1
9103002316,03/17/2017,Control SRL,,0,0,1
1100037333,03/17/2017,Control SRL,,1,0,0
1200011689,03/17/2017,Control SRL,,1,0,0
9103002317,03/17/2017,Control SRL,,0,0,1
1200011690,03/17/2017,Control SRL,,1,0,0
1100037334,03/17/2017,Control SRL,,1,0,0
1100037335,03/17/2017,Control SRL,,1,0,0
1200011691,03/17/2017,Control SRL,,1,0,0
1100037336,03/17/2017,Control SRL,,1,0,0
1100037337,03/17/2017,Control SRL,,1,0,0
1200011683,03/17/2017,Control SRL,,1,0,0
1200011692,03/17/2017,Control SRL,,1,0,0
1100037340,03/17/2017,Control SRL,,1,0,0
9103002318,03/17/2017,Control SRL,,0,0,1
1100037341,03/17/2017,Control SRL,,1,0,0
9103002319,03/17/2017,Control SRL,,0,0,1
1100037339,03/17/2017,Control SRL,,1,0,0
1200011693,03/17/2017,Control SRL,,1,0,0
1100037343,03/17/2017,Control SRL,,1,0,0
1100037344,03/17/2017,Control SRL,,1,0,0
1100037342,03/17/2017,Control SRL,,1,0,0
1200011694,03/17/2017,Control SRL,,1,0,0
1100037345,03/17/2017,Control SRL,,1,0,0
1100037338,03/17/2017,Control SRL,,1,0,0
1100037346,03/17/2017,Control SRL,,1,0,0
1100037347,03/17/2017,Control SRL,,1,0,0
1100037349,03/17/2017,Control SRL,,1,0,0
1100037348,03/17/2017,Control SRL,,1,0,0
1100037350,03/17/2017,Control SRL,,1,0,0
1100037351,03/17/2017,Control SRL,,1,0,0
1100037352,03/17/2017,Control SRL,,1,0,0
1100037353,03/17/2017,Control SRL,,1,0,0
1100037354,03/17/2017,Control SRL,,1,0,0
1100037355,03/17/2017,Control SRL,,1,0,0
1100037356,03/17/2017,Control SRL,,1,0,0
1100037357,03/17/2017,Control SRL,,1,0,0
1100037358,03/17/2017,Control SRL,,1,0,0
1100037359,03/17/2017,Control SRL,,1,0,0
1100037360,03/17/2017,Control SRL,,1,0,0
1100037362,03/17/2017,Control SRL,,1,0,0
1100037361,03/17/2017,Control SRL,,1,0,0
1100037363,03/17/2017,Control SRL,,1,0,0
1100037172,03/16/2017,Veritecnica SRL,,1,0,0
1100037173,03/16/2017,Veritecnica SRL,,1,0,0
1100037174,03/16/2017,Veritecnica SRL,,1,0,0
1100037175,03/16/2017,Veritecnica SRL,,1,0,0
1100037176,03/16/2017,Veritecnica SRL,,1,0,0
1100037177,03/16/2017,Veritecnica SRL,,1,0,0
1100037178,03/16/2017,Veritecnica SRL,,1,0,0
9102007169,03/16/2017,Veritecnica SRL,,0,0,1
1100037179,03/16/2017,Veritecnica SRL,,1,0,0
1100037180,03/16/2017,Veritecnica SRL,,1,0,0
1200011856,03/16/2017,Veritecnica SRL,,1,0,0
1100037181,03/16/2017,Veritecnica SRL,,1,0,0
9102007170,03/16/2017,Veritecnica SRL,,0,1,0
9102007171,03/16/2017,Veritecnica SRL,,0,1,0
1200011857,03/16/2017,Veritecnica SRL,,1,0,0
1100037182,03/16/2017,Veritecnica SRL,,1,0,0
9102007172,03/16/2017,Veritecnica SRL,,0,0,1
1200011858,03/16/2017,Veritecnica SRL,,1,0,0
9102007173,03/16/2017,Veritecnica SRL,,0,0,1
1100037183,03/16/2017,Veritecnica SRL,,1,0,0
1100037184,03/16/2017,Veritecnica SRL,,1,0,0
1100037185,03/16/2017,Veritecnica SRL,,1,0,0
1100037186,03/16/2017,Veritecnica SRL,,1,0,0
1100037187,03/16/2017,Veritecnica SRL,,1,0,0
1100037188,03/16/2017,Veritecnica SRL,,1,0,0
1100037189,03/16/2017,Veritecnica SRL,,1,0,0
1100037190,03/16/2017,Veritecnica SRL,,1,0,0
9102007174,03/16/2017,Veritecnica SRL,,0,0,1
1100037191,03/16/2017,Veritecnica SRL,,1,0,0
1100037192,03/16/2017,Veritecnica SRL,,1,0,0
1200011859,03/16/2017,Veritecnica SRL,,1,0,0
9102007175,03/16/2017,Veritecnica SRL,,0,1,0
1100037193,03/16/2017,Veritecnica SRL,,1,0,0
1100037194,03/16/2017,Veritecnica SRL,,1,0,0
1100037195,03/16/2017,Veritecnica SRL,,1,0,0
1100037196,03/16/2017,Veritecnica SRL,,1,0,0
1100037197,03/16/2017,Veritecnica SRL,,1,0,0
1100037199,03/16/2017,Veritecnica SRL,,1,0,0
9102007176,03/16/2017,Veritecnica SRL,,0,1,0
1100037200,03/16/2017,Veritecnica SRL,,1,0,0
1100037198,03/16/2017,Veritecnica SRL,,1,0,0
1100037201,03/16/2017,Veritecnica SRL,,1,0,0
1200011860,03/16/2017,Veritecnica SRL,,1,0,0
1100037202,03/16/2017,Veritecnica SRL,,1,0,0
1100037203,03/16/2017,Veritecnica SRL,,1,0,0
9102007177,03/16/2017,Veritecnica SRL,,0,1,0
1100037204,03/16/2017,Veritecnica SRL,,1,0,0
1100037205,03/16/2017,Veritecnica SRL,,1,0,0
1100037206,03/16/2017,Veritecnica SRL,,1,0,0
1100037207,03/16/2017,Veritecnica SRL,,1,0,0
1100037208,03/16/2017,Veritecnica SRL,,1,0,0
1100037209,03/16/2017,Veritecnica SRL,,1,0,0
1100037210,03/16/2017,Veritecnica SRL,,1,0,0
1200011861,03/16/2017,Veritecnica SRL,,1,0,0
9102007178,03/16/2017,Veritecnica SRL,,0,0,1
1100037211,03/16/2017,Veritecnica SRL,,1,0,0
9102007179,03/16/2017,Veritecnica SRL,,0,0,1
1100037212,03/16/2017,Veritecnica SRL,,1,0,0
1100037213,03/16/2017,Veritecnica SRL,,1,0,0
1100037214,03/16/2017,Veritecnica SRL,,1,0,0
1100037215,03/16/2017,Veritecnica SRL,,1,0,0
1100037216,03/16/2017,Veritecnica SRL,,1,0,0
1100037217,03/16/2017,Veritecnica SRL,,1,0,0
9102007180,03/16/2017,Veritecnica SRL,,0,1,0
1100037218,03/16/2017,Veritecnica SRL,,1,0,0
1100037219,03/16/2017,Veritecnica SRL,,1,0,0
1100037220,03/16/2017,Veritecnica SRL,,1,0,0
9102007181,03/16/2017,Veritecnica SRL,,0,1,0
1200011862,03/16/2017,Veritecnica SRL,,1,0,0
1100037221,03/16/2017,Veritecnica SRL,,1,0,0
9102007182,03/16/2017,Veritecnica SRL,,0,1,0
1100037222,03/16/2017,Veritecnica SRL,,1,0,0
1200011863,03/16/2017,Veritecnica SRL,,1,0,0
1200011864,03/16/2017,Veritecnica SRL,,1,0,0
1100037223,03/16/2017,Veritecnica SRL,,1,0,0
1100037224,03/16/2017,Veritecnica SRL,,1,0,0
9202001287,03/16/2017,Veritecnica SRL,,0,0,1
1100037225,03/16/2017,Veritecnica SRL,,1,0,0
1200011865,03/16/2017,Veritecnica SRL,,1,0,0
1100037226,03/16/2017,Veritecnica SRL,,1,0,0
9102007183,03/16/2017,Veritecnica SRL,,0,0,1
1200011866,03/16/2017,Veritecnica SRL,,1,0,0
1100037227,03/16/2017,Veritecnica SRL,,1,0,0
1100037228,03/16/2017,Veritecnica SRL,,1,0,0
1100037229,03/16/2017,Veritecnica SRL,,1,0,0
9102007184,03/16/2017,Veritecnica SRL,,0,1,0
1100037230,03/16/2017,Veritecnica SRL,,1,0,0
1100037231,03/16/2017,Veritecnica SRL,,1,0,0
1200011867,03/16/2017,Veritecnica SRL,,1,0,0
1100037232,03/16/2017,Veritecnica SRL,,1,0,0
1200011868,03/16/2017,Veritecnica SRL,,1,0,0
1100037233,03/16/2017,Veritecnica SRL,,1,0,0
1100037234,03/16/2017,Veritecnica SRL,,1,0,0
1100037235,03/16/2017,Veritecnica SRL,,1,0,0
1100037236,03/16/2017,Veritecnica SRL,,1,0,0
1100037237,03/16/2017,Veritecnica SRL,,1,0,0
1100037238,03/16/2017,Veritecnica SRL,,1,0,0
1100037239,03/16/2017,Veritecnica SRL,,1,0,0
1200011869,03/16/2017,Veritecnica SRL,,1,0,0
1100037240,03/17/2017,Veritecnica SRL,,1,0,0
1100037241,03/17/2017,Veritecnica SRL,,1,0,0
1100037242,03/17/2017,Veritecnica SRL,,1,0,0
1100037243,03/17/2017,Veritecnica SRL,,1,0,0
1100037244,03/17/2017,Veritecnica SRL,,1,0,0
1200011870,03/17/2017,Veritecnica SRL,,1,0,0
1100037245,03/17/2017,Veritecnica SRL,,1,0,0
9102007185,03/17/2017,Veritecnica SRL,,0,1,0
1100037246,03/17/2017,Veritecnica SRL,,1,0,0
1100037247,03/17/2017,Veritecnica SRL,,1,0,0
1100037248,03/17/2017,Veritecnica SRL,,1,0,0
1100037249,03/17/2017,Veritecnica SRL,,1,0,0
1200011871,03/17/2017,Veritecnica SRL,,1,0,0
1200011872,03/17/2017,Veritecnica SRL,,1,0,0
1100037250,03/17/2017,Veritecnica SRL,,1,0,0
1100037751,03/17/2017,Veritecnica SRL,,1,0,0
1100037752,03/17/2017,Veritecnica SRL,,1,0,0
1100037753,03/17/2017,Veritecnica SRL,,1,0,0
9102007186,03/17/2017,Veritecnica SRL,,0,1,0
1200011873,03/17/2017,Veritecnica SRL,,1,0,0
1100037754,03/17/2017,Veritecnica SRL,,1,0,0
1100037755,03/17/2017,Veritecnica SRL,,1,0,0
1100037756,03/17/2017,Veritecnica SRL,,1,0,0
9102007187,03/17/2017,Veritecnica SRL,,0,1,0
9102007188,03/17/2017,Veritecnica SRL,,0,1,0
9102007189,03/17/2017,Veritecnica SRL,,0,1,0
1100037758,03/17/2017,Veritecnica SRL,,1,0,0
1200011874,03/17/2017,Veritecnica SRL,,1,0,0
1100037757,03/17/2017,Veritecnica SRL,,1,0,0
1200011875,03/17/2017,Veritecnica SRL,,1,0,0
1100037760,03/17/2017,Veritecnica SRL,,1,0,0
1100037759,03/17/2017,Veritecnica SRL,,1,0,0
9102007190,03/17/2017,Veritecnica SRL,,0,0,1
1100037761,03/17/2017,Veritecnica SRL,,1,0,0
9202001288,03/17/2017,Veritecnica SRL,,0,0,1
1200011877,03/17/2017,Veritecnica SRL,,1,0,0
1100037762,03/17/2017,Veritecnica SRL,,1,0,0
1100037763,03/17/2017,Veritecnica SRL,,1,0,0
1100037764,03/17/2017,Veritecnica SRL,,1,0,0
9102007191,03/17/2017,Veritecnica SRL,,0,1,0
9102007192,03/17/2017,Veritecnica SRL,,0,1,0
1200011876,03/17/2017,Veritecnica SRL,,1,0,0
1200011878,03/17/2017,Veritecnica SRL,,1,0,0
1100037765,03/17/2017,Veritecnica SRL,,1,0,0
1100037766,03/17/2017,Veritecnica SRL,,1,0,0
1100037767,03/17/2017,Veritecnica SRL,,1,0,0
1200011879,03/17/2017,Veritecnica SRL,,1,0,0
1200011880,03/17/2017,Veritecnica SRL,,1,0,0
1100037768,03/17/2017,Veritecnica SRL,,1,0,0
1200011881,03/17/2017,Veritecnica SRL,,1,0,0
1100037769,03/17/2017,Veritecnica SRL,,1,0,0
9102007193,03/17/2017,Veritecnica SRL,,0,1,0
1200011882,03/17/2017,Veritecnica SRL,,1,0,0
1200011883,03/17/2017,Veritecnica SRL,,1,0,0
1100037770,03/17/2017,Veritecnica SRL,,1,0,0
1100037771,03/17/2017,Veritecnica SRL,,1,0,0
1200011884,03/17/2017,Veritecnica SRL,,1,0,0
1100037772,03/17/2017,Veritecnica SRL,,1,0,0
1100037773,03/17/2017,Veritecnica SRL,,1,0,0
9102007194,03/17/2017,Veritecnica SRL,,0,0,1
9102007195,03/17/2017,Veritecnica SRL,,0,1,0
1100037774,03/17/2017,Veritecnica SRL,,1,0,0
1100037775,03/17/2017,Veritecnica SRL,,1,0,0
1100037776,03/17/2017,Veritecnica SRL,,1,0,0
1100037777,03/17/2017,Veritecnica SRL,,1,0,0
1100037778,03/17/2017,Veritecnica SRL,,1,0,0
1100037779,03/17/2017,Veritecnica SRL,,1,0,0
1100037780,03/17/2017,Veritecnica SRL,,1,0,0
1100037781,03/17/2017,Veritecnica SRL,,1,0,0
1100037782,03/17/2017,Veritecnica SRL,,1,0,0
1100037783,03/17/2017,Veritecnica SRL,,1,0,0
1100037784,03/17/2017,Veritecnica SRL,,1,0,0
1100037785,03/17/2017,Veritecnica SRL,,1,0,0
1100037786,03/17/2017,Veritecnica SRL,,1,0,0
1100037787,03/17/2017,Veritecnica SRL,,1,0,0
1100037788,03/17/2017,Veritecnica SRL,,1,0,0
1100037789,03/17/2017,Veritecnica SRL,,1,0,0
