Nrocertificado,Fecha,Idtaller,Dominiovehiculo,Aprobado,RechazadoLeveModerado,RechazadoGrave
1100043422,06/03/2017,Asociación de Bomberos Voluntarios - San Martín de los Andes,,1,0,0
1100043423,06/03/2017,Asociación de Bomberos Voluntarios - San Martín de los Andes,,1,0,0
1100043424,06/03/2017,Asociación de Bomberos Voluntarios - San Martín de los Andes,,1,0,0
9101003058,06/03/2017,Asociación de Bomberos Voluntarios - San Martín de los Andes,,0,1,0
9101003059,06/03/2017,Asociación de Bomberos Voluntarios - San Martín de los Andes,,0,0,1
1100043425,06/03/2017,Asociación de Bomberos Voluntarios - San Martín de los Andes,,1,0,0
1100043426,06/03/2017,Asociación de Bomberos Voluntarios - San Martín de los Andes,,1,0,0
1100043427,06/03/2017,Asociación de Bomberos Voluntarios - San Martín de los Andes,,1,0,0
1100043428,06/03/2017,Asociación de Bomberos Voluntarios - San Martín de los Andes,,1,0,0
1100043429,06/03/2017,Asociación de Bomberos Voluntarios - San Martín de los Andes,,1,0,0
9101003060,06/03/2017,Asociación de Bomberos Voluntarios - San Martín de los Andes,,0,1,0
1100043430,06/03/2017,Asociación de Bomberos Voluntarios - San Martín de los Andes,,1,0,0
9102007861,06/03/2017,Veritecnica SRL,,0,0,1
9102007862,06/03/2017,Veritecnica SRL,,0,0,1
1100043666,06/03/2017,Veritecnica SRL,,1,0,0
1200012891,06/03/2017,Veritecnica SRL,,1,0,0
1100043667,06/03/2017,Veritecnica SRL,,1,0,0
1100043668,06/03/2017,Veritecnica SRL,,1,0,0
1100043669,06/03/2017,Veritecnica SRL,,1,0,0
9102007863,06/03/2017,Veritecnica SRL,,0,0,1
1100043670,06/03/2017,Veritecnica SRL,,1,0,0
1100043671,06/03/2017,Veritecnica SRL,,1,0,0
1100043672,06/03/2017,Veritecnica SRL,,1,0,0
1100043673,06/03/2017,Veritecnica SRL,,1,0,0
1100043674,06/03/2017,Veritecnica SRL,,1,0,0
1100043675,06/03/2017,Veritecnica SRL,,1,0,0
1200012892,06/03/2017,Veritecnica SRL,,1,0,0
9202001428,06/03/2017,Veritecnica SRL,,0,0,1
1100043676,06/03/2017,Veritecnica SRL,,1,0,0
1200012893,06/03/2017,Veritecnica SRL,,1,0,0
1100043677,06/03/2017,Veritecnica SRL,,1,0,0
1100043678,06/03/2017,Veritecnica SRL,,1,0,0
1100043679,06/03/2017,Veritecnica SRL,,1,0,0
1100043680,06/03/2017,Veritecnica SRL,,1,0,0
9202001429,06/03/2017,Veritecnica SRL,,0,0,1
