Nrocertificado,Fecha,Idtaller,Dominiovehiculo,Aprobado,RechazadoLeveModerado,RechazadoGrave
1100042359,05/15/2017,Asociación de Bomberos Voluntarios - San Martín de los Andes,,1,0,0
1100042360,05/15/2017,Asociación de Bomberos Voluntarios - San Martín de los Andes,,1,0,0
1100042361,05/15/2017,Asociación de Bomberos Voluntarios - San Martín de los Andes,,1,0,0
1100042362,05/15/2017,Asociación de Bomberos Voluntarios - San Martín de los Andes,,1,0,0
1100042363,05/15/2017,Asociación de Bomberos Voluntarios - San Martín de los Andes,,1,0,0
1100042364,05/15/2017,Asociación de Bomberos Voluntarios - San Martín de los Andes,,1,0,0
9101002959,05/15/2017,Asociación de Bomberos Voluntarios - San Martín de los Andes,,0,1,0
9101002960,05/15/2017,Asociación de Bomberos Voluntarios - San Martín de los Andes,,0,1,0
1100042365,05/15/2017,Asociación de Bomberos Voluntarios - San Martín de los Andes,,1,0,0
1100042366,05/15/2017,Asociación de Bomberos Voluntarios - San Martín de los Andes,,1,0,0
1100042367,05/15/2017,Asociación de Bomberos Voluntarios - San Martín de los Andes,,1,0,0
1100042368,05/15/2017,Asociación de Bomberos Voluntarios - San Martín de los Andes,,1,0,0
9101002961,05/15/2017,Asociación de Bomberos Voluntarios - San Martín de los Andes,,0,1,0
1100042369,05/15/2017,Asociación de Bomberos Voluntarios - San Martín de los Andes,,1,0,0
1100042370,05/15/2017,Asociación de Bomberos Voluntarios - San Martín de los Andes,,1,0,0
1100042371,05/15/2017,Asociación de Bomberos Voluntarios - San Martín de los Andes,,1,0,0
1100042372,05/15/2017,Asociación de Bomberos Voluntarios - San Martín de los Andes,,1,0,0
1100042373,05/15/2017,Asociación de Bomberos Voluntarios - San Martín de los Andes,,1,0,0
1100042374,05/15/2017,Asociación de Bomberos Voluntarios - San Martín de los Andes,,1,0,0
1100042375,05/15/2017,Asociación de Bomberos Voluntarios - San Martín de los Andes,,1,0,0
1100042376,05/15/2017,Asociación de Bomberos Voluntarios - San Martín de los Andes,,1,0,0
1100042377,05/15/2017,Asociación de Bomberos Voluntarios - San Martín de los Andes,,1,0,0
9201000476,05/15/2017,Asociación de Bomberos Voluntarios - San Martín de los Andes,,0,0,1
1100042378,05/15/2017,Asociación de Bomberos Voluntarios - San Martín de los Andes,,1,0,0
1100042379,05/15/2017,Asociación de Bomberos Voluntarios - San Martín de los Andes,,1,0,0
1100042380,05/15/2017,Asociación de Bomberos Voluntarios - San Martín de los Andes,,1,0,0
9101002962,05/15/2017,Asociación de Bomberos Voluntarios - San Martín de los Andes,,0,1,0
1100042381,05/15/2017,Asociación de Bomberos Voluntarios - San Martín de los Andes,,1,0,0
1100042382,05/15/2017,Asociación de Bomberos Voluntarios - San Martín de los Andes,,1,0,0
9101002963,05/15/2017,Asociación de Bomberos Voluntarios - San Martín de los Andes,,0,0,1
1100042383,05/15/2017,Asociación de Bomberos Voluntarios - San Martín de los Andes,,1,0,0
1100042384,05/15/2017,Asociación de Bomberos Voluntarios - San Martín de los Andes,,1,0,0
9101002964,05/15/2017,Asociación de Bomberos Voluntarios - San Martín de los Andes,,0,1,0
1100042385,05/15/2017,Asociación de Bomberos Voluntarios - San Martín de los Andes,,1,0,0
1100042386,05/15/2017,Asociación de Bomberos Voluntarios - San Martín de los Andes,,1,0,0
1100042387,05/15/2017,Asociación de Bomberos Voluntarios - San Martín de los Andes,,1,0,0
1100042388,05/15/2017,Asociación de Bomberos Voluntarios - San Martín de los Andes,,1,0,0
9101002965,05/15/2017,Asociación de Bomberos Voluntarios - San Martín de los Andes,,0,1,0
1100042389,05/15/2017,Asociación de Bomberos Voluntarios - San Martín de los Andes,,1,0,0
1100042390,05/15/2017,Asociación de Bomberos Voluntarios - San Martín de los Andes,,1,0,0
1100042391,05/15/2017,Asociación de Bomberos Voluntarios - San Martín de los Andes,,1,0,0
9101002966,05/15/2017,Asociación de Bomberos Voluntarios - San Martín de los Andes,,0,1,0
1100042392,05/15/2017,Asociación de Bomberos Voluntarios - San Martín de los Andes,,1,0,0
1100042393,05/15/2017,Asociación de Bomberos Voluntarios - San Martín de los Andes,,1,0,0
9101002967,05/15/2017,Asociación de Bomberos Voluntarios - San Martín de los Andes,,0,1,0
1100042394,05/15/2017,Asociación de Bomberos Voluntarios - San Martín de los Andes,,1,0,0
9101002968,05/15/2017,Asociación de Bomberos Voluntarios - San Martín de los Andes,,0,1,0
1100042395,05/15/2017,Asociación de Bomberos Voluntarios - San Martín de los Andes,,1,0,0
1100042396,05/15/2017,Asociación de Bomberos Voluntarios - San Martín de los Andes,,1,0,0
9101002969,05/15/2017,Asociación de Bomberos Voluntarios - San Martín de los Andes,,0,1,0
1100042397,05/15/2017,Asociación de Bomberos Voluntarios - San Martín de los Andes,,1,0,0
1100042398,05/15/2017,Asociación de Bomberos Voluntarios - San Martín de los Andes,,1,0,0
1100042399,05/15/2017,Asociación de Bomberos Voluntarios - San Martín de los Andes,,1,0,0
1100042400,05/15/2017,Asociación de Bomberos Voluntarios - San Martín de los Andes,,1,0,0
1100042401,05/16/2017,Asociación de Bomberos Voluntarios - San Martín de los Andes,,1,0,0
9101002970,05/16/2017,Asociación de Bomberos Voluntarios - San Martín de los Andes,,0,1,0
1200011094,05/16/2017,Asociación de Bomberos Voluntarios - San Martín de los Andes,,1,0,0
1200011095,05/16/2017,Asociación de Bomberos Voluntarios - San Martín de los Andes,,1,0,0
1100042402,05/16/2017,Asociación de Bomberos Voluntarios - San Martín de los Andes,,1,0,0
1100042403,05/16/2017,Asociación de Bomberos Voluntarios - San Martín de los Andes,,1,0,0
1100042404,05/16/2017,Asociación de Bomberos Voluntarios - San Martín de los Andes,,1,0,0
1100042405,05/16/2017,Asociación de Bomberos Voluntarios - San Martín de los Andes,,1,0,0
1100042406,05/16/2017,Asociación de Bomberos Voluntarios - San Martín de los Andes,,1,0,0
9101002971,05/16/2017,Asociación de Bomberos Voluntarios - San Martín de los Andes,,0,1,0
1100042407,05/16/2017,Asociación de Bomberos Voluntarios - San Martín de los Andes,,1,0,0
1200011096,05/16/2017,Asociación de Bomberos Voluntarios - San Martín de los Andes,,1,0,0
1100042408,05/16/2017,Asociación de Bomberos Voluntarios - San Martín de los Andes,,1,0,0
9101002972,05/16/2017,Asociación de Bomberos Voluntarios - San Martín de los Andes,,0,1,0
1100042409,05/16/2017,Asociación de Bomberos Voluntarios - San Martín de los Andes,,1,0,0
9101002973,05/16/2017,Asociación de Bomberos Voluntarios - San Martín de los Andes,,0,1,0
1100042410,05/16/2017,Asociación de Bomberos Voluntarios - San Martín de los Andes,,1,0,0
1100042411,05/16/2017,Asociación de Bomberos Voluntarios - San Martín de los Andes,,1,0,0
1100042412,05/16/2017,Asociación de Bomberos Voluntarios - San Martín de los Andes,,1,0,0
1100042413,05/16/2017,Asociación de Bomberos Voluntarios - San Martín de los Andes,,1,0,0
1100042414,05/16/2017,Asociación de Bomberos Voluntarios - San Martín de los Andes,,1,0,0
1100042415,05/16/2017,Asociación de Bomberos Voluntarios - San Martín de los Andes,,1,0,0
1100042416,05/16/2017,Asociación de Bomberos Voluntarios - San Martín de los Andes,,1,0,0
1100042417,05/16/2017,Asociación de Bomberos Voluntarios - San Martín de los Andes,,1,0,0
9101002974,05/16/2017,Asociación de Bomberos Voluntarios - San Martín de los Andes,,0,1,0
1100042418,05/16/2017,Asociación de Bomberos Voluntarios - San Martín de los Andes,,1,0,0
1100042419,05/16/2017,Asociación de Bomberos Voluntarios - San Martín de los Andes,,1,0,0
1100042420,05/16/2017,Asociación de Bomberos Voluntarios - San Martín de los Andes,,1,0,0
1200011097,05/16/2017,Asociación de Bomberos Voluntarios - San Martín de los Andes,,1,0,0
9101002975,05/16/2017,Asociación de Bomberos Voluntarios - San Martín de los Andes,,0,0,1
1100042421,05/16/2017,Asociación de Bomberos Voluntarios - San Martín de los Andes,,1,0,0
1100042422,05/16/2017,Asociación de Bomberos Voluntarios - San Martín de los Andes,,1,0,0
1100042423,05/16/2017,Asociación de Bomberos Voluntarios - San Martín de los Andes,,1,0,0
1100042424,05/16/2017,Asociación de Bomberos Voluntarios - San Martín de los Andes,,1,0,0
1100042425,05/16/2017,Asociación de Bomberos Voluntarios - San Martín de los Andes,,1,0,0
9101002976,05/16/2017,Asociación de Bomberos Voluntarios - San Martín de los Andes,,0,0,1
1100042426,05/16/2017,Asociación de Bomberos Voluntarios - San Martín de los Andes,,1,0,0
1100042427,05/16/2017,Asociación de Bomberos Voluntarios - San Martín de los Andes,,1,0,0
1100042428,05/16/2017,Asociación de Bomberos Voluntarios - San Martín de los Andes,,1,0,0
1100042429,05/16/2017,Asociación de Bomberos Voluntarios - San Martín de los Andes,,1,0,0
1200011098,05/16/2017,Asociación de Bomberos Voluntarios - San Martín de los Andes,,1,0,0
1100042430,05/16/2017,Asociación de Bomberos Voluntarios - San Martín de los Andes,,1,0,0
1100042431,05/16/2017,Asociación de Bomberos Voluntarios - San Martín de los Andes,,1,0,0
1100042432,05/16/2017,Asociación de Bomberos Voluntarios - San Martín de los Andes,,1,0,0
1100042433,05/16/2017,Asociación de Bomberos Voluntarios - San Martín de los Andes,,1,0,0
1100042434,05/16/2017,Asociación de Bomberos Voluntarios - San Martín de los Andes,,1,0,0
1100042435,05/16/2017,Asociación de Bomberos Voluntarios - San Martín de los Andes,,1,0,0
1100042436,05/16/2017,Asociación de Bomberos Voluntarios - San Martín de los Andes,,1,0,0
1100042437,05/16/2017,Asociación de Bomberos Voluntarios - San Martín de los Andes,,1,0,0
9101002977,05/16/2017,Asociación de Bomberos Voluntarios - San Martín de los Andes,,0,1,0
9101002978,05/16/2017,Asociación de Bomberos Voluntarios - San Martín de los Andes,,0,1,0
1100042438,05/16/2017,Asociación de Bomberos Voluntarios - San Martín de los Andes,,1,0,0
9101002979,05/16/2017,Asociación de Bomberos Voluntarios - San Martín de los Andes,,0,1,0
1100042439,05/16/2017,Asociación de Bomberos Voluntarios - San Martín de los Andes,,1,0,0
1100042440,05/16/2017,Asociación de Bomberos Voluntarios - San Martín de los Andes,,1,0,0
1100042441,05/16/2017,Asociación de Bomberos Voluntarios - San Martín de los Andes,,1,0,0
1100041926,05/15/2017,Control SRL,,1,0,0
1100041927,05/15/2017,Control SRL,,1,0,0
1100041928,05/15/2017,Control SRL,,1,0,0
1200012555,05/15/2017,Control SRL,,1,0,0
1100041930,05/15/2017,Control SRL,,1,0,0
1100041931,05/15/2017,Control SRL,,1,0,0
1100041929,05/15/2017,Control SRL,,1,0,0
1100041932,05/15/2017,Control SRL,,1,0,0
1100041934,05/15/2017,Control SRL,,1,0,0
1100041933,05/15/2017,Control SRL,,1,0,0
1200012554,05/15/2017,Control SRL,,1,0,0
1100041935,05/15/2017,Control SRL,,1,0,0
1100041936,05/15/2017,Control SRL,,1,0,0
1200012552,05/15/2017,Control SRL,,1,0,0
1100041937,05/15/2017,Control SRL,,1,0,0
1100041938,05/15/2017,Control SRL,,1,0,0
1100041939,05/15/2017,Control SRL,,1,0,0
1100041940,05/15/2017,Control SRL,,1,0,0
1100041941,05/15/2017,Control SRL,,1,0,0
1100041942,05/15/2017,Control SRL,,1,0,0
1200012553,05/15/2017,Control SRL,,1,0,0
1200012561,05/15/2017,Control SRL,,1,0,0
1100041943,05/15/2017,Control SRL,,1,0,0
1200012562,05/15/2017,Control SRL,,1,0,0
1200012563,05/15/2017,Control SRL,,1,0,0
1200012564,05/15/2017,Control SRL,,1,0,0
1100041944,05/15/2017,Control SRL,,1,0,0
1200012565,05/15/2017,Control SRL,,1,0,0
1100041945,05/15/2017,Control SRL,,1,0,0
1100041946,05/15/2017,Control SRL,,1,0,0
1100041947,05/15/2017,Control SRL,,1,0,0
1100041948,05/15/2017,Control SRL,,1,0,0
1100041949,05/15/2017,Control SRL,,1,0,0
1200012566,05/15/2017,Control SRL,,1,0,0
1100041950,05/15/2017,Control SRL,,1,0,0
1100041951,05/15/2017,Control SRL,,1,0,0
1100041953,05/15/2017,Control SRL,,1,0,0
1200012567,05/15/2017,Control SRL,,1,0,0
1100041954,05/15/2017,Control SRL,,1,0,0
1100041955,05/15/2017,Control SRL,,1,0,0
1100041956,05/15/2017,Control SRL,,1,0,0
1100041952,05/15/2017,Control SRL,,1,0,0
1100041957,05/16/2017,Control SRL,,1,0,0
1100041958,05/16/2017,Control SRL,,1,0,0
1100041959,05/16/2017,Control SRL,,1,0,0
1100041960,05/16/2017,Control SRL,,1,0,0
1200012568,05/16/2017,Control SRL,,1,0,0
1100041961,05/16/2017,Control SRL,,1,0,0
1100041962,05/16/2017,Control SRL,,1,0,0
1100041963,05/16/2017,Control SRL,,1,0,0
1100041964,05/16/2017,Control SRL,,1,0,0
1100041965,05/16/2017,Control SRL,,1,0,0
1100041966,05/16/2017,Control SRL,,1,0,0
1100041967,05/16/2017,Control SRL,,1,0,0
1200012569,05/16/2017,Control SRL,,1,0,0
1200012570,05/16/2017,Control SRL,,1,0,0
1100041968,05/16/2017,Control SRL,,1,0,0
1200012571,05/16/2017,Control SRL,,1,0,0
1200012572,05/16/2017,Control SRL,,1,0,0
1100041969,05/16/2017,Control SRL,,1,0,0
9103002488,05/16/2017,Control SRL,,0,0,1
1200012573,05/16/2017,Control SRL,,1,0,0
1100041970,05/16/2017,Control SRL,,1,0,0
1100041971,05/16/2017,Control SRL,,1,0,0
1100041972,05/16/2017,Control SRL,,1,0,0
1200012574,05/16/2017,Control SRL,,1,0,0
1100041973,05/16/2017,Control SRL,,1,0,0
1100041974,05/16/2017,Control SRL,,1,0,0
1100041975,05/16/2017,Control SRL,,1,0,0
1100041976,05/16/2017,Control SRL,,1,0,0
1200012575,05/16/2017,Control SRL,,1,0,0
1100041979,05/16/2017,Control SRL,,1,0,0
1100041977,05/16/2017,Control SRL,,1,0,0
1100041978,05/16/2017,Control SRL,,1,0,0
1100041980,05/16/2017,Control SRL,,1,0,0
1100041981,05/16/2017,Control SRL,,1,0,0
1100041982,05/16/2017,Control SRL,,1,0,0
1100041983,05/16/2017,Control SRL,,1,0,0
1200012576,05/16/2017,Control SRL,,1,0,0
1200012577,05/16/2017,Control SRL,,1,0,0
1100041984,05/16/2017,Control SRL,,1,0,0
1100041985,05/16/2017,Control SRL,,1,0,0
1100041986,05/16/2017,Control SRL,,1,0,0
1100042206,05/15/2017,Veritecnica SRL,,1,0,0
1100042207,05/15/2017,Veritecnica SRL,,1,0,0
1100042208,05/15/2017,Veritecnica SRL,,1,0,0
9102007736,05/15/2017,Veritecnica SRL,,0,0,1
9102007737,05/15/2017,Veritecnica SRL,,0,1,0
9102007738,05/15/2017,Veritecnica SRL,,0,0,1
1100042209,05/15/2017,Veritecnica SRL,,1,0,0
9102007739,05/15/2017,Veritecnica SRL,,0,0,1
1100042210,05/15/2017,Veritecnica SRL,,1,0,0
1100042211,05/15/2017,Veritecnica SRL,,1,0,0
9102007740,05/15/2017,Veritecnica SRL,,0,0,1
1100042212,05/15/2017,Veritecnica SRL,,1,0,0
1200012669,05/15/2017,Veritecnica SRL,,1,0,0
9102007741,05/15/2017,Veritecnica SRL,,0,1,0
1100042213,05/15/2017,Veritecnica SRL,,1,0,0
9102007742,05/15/2017,Veritecnica SRL,,0,0,1
1100042214,05/15/2017,Veritecnica SRL,,1,0,0
1200012670,05/15/2017,Veritecnica SRL,,1,0,0
1100042215,05/15/2017,Veritecnica SRL,,1,0,0
1100042216,05/15/2017,Veritecnica SRL,,1,0,0
1100042217,05/15/2017,Veritecnica SRL,,1,0,0
1100042218,05/15/2017,Veritecnica SRL,,1,0,0
1100042219,05/15/2017,Veritecnica SRL,,1,0,0
1200012666,05/15/2017,Veritecnica SRL,,1,0,0
1100042220,05/15/2017,Veritecnica SRL,,1,0,0
1100042221,05/15/2017,Veritecnica SRL,,1,0,0
1100042222,05/15/2017,Veritecnica SRL,,1,0,0
1100042223,05/15/2017,Veritecnica SRL,,1,0,0
9102007743,05/15/2017,Veritecnica SRL,,0,1,0
1100042224,05/15/2017,Veritecnica SRL,,1,0,0
1200012671,05/15/2017,Veritecnica SRL,,1,0,0
1200012672,05/15/2017,Veritecnica SRL,,1,0,0
1200012673,05/15/2017,Veritecnica SRL,,1,0,0
1100042225,05/15/2017,Veritecnica SRL,,1,0,0
1100042226,05/15/2017,Veritecnica SRL,,1,0,0
9102007744,05/15/2017,Veritecnica SRL,,0,0,1
1100042227,05/15/2017,Veritecnica SRL,,1,0,0
1100042228,05/15/2017,Veritecnica SRL,,1,0,0
9102007745,05/15/2017,Veritecnica SRL,,0,0,1
1100042229,05/15/2017,Veritecnica SRL,,1,0,0
1100042231,05/15/2017,Veritecnica SRL,,1,0,0
1100042230,05/15/2017,Veritecnica SRL,,1,0,0
9102007746,05/15/2017,Veritecnica SRL,,0,0,1
1100042232,05/15/2017,Veritecnica SRL,,1,0,0
1100042233,05/15/2017,Veritecnica SRL,,1,0,0
1100042234,05/15/2017,Veritecnica SRL,,1,0,0
9102007747,05/15/2017,Veritecnica SRL,,0,1,0
9102007748,05/16/2017,Veritecnica SRL,,0,1,0
1100042235,05/16/2017,Veritecnica SRL,,1,0,0
1100042236,05/16/2017,Veritecnica SRL,,1,0,0
1100042237,05/16/2017,Veritecnica SRL,,1,0,0
9102007749,05/16/2017,Veritecnica SRL,,0,1,0
9102007750,05/16/2017,Veritecnica SRL,,0,0,1
1200012674,05/16/2017,Veritecnica SRL,,1,0,0
1200012675,05/16/2017,Veritecnica SRL,,1,0,0
1100042238,05/16/2017,Veritecnica SRL,,1,0,0
9202001408,05/16/2017,Veritecnica SRL,,0,0,1
1100042239,05/16/2017,Veritecnica SRL,,1,0,0
1200012676,05/16/2017,Veritecnica SRL,,1,0,0
9102007751,05/16/2017,Veritecnica SRL,,0,0,1
1100042240,05/16/2017,Veritecnica SRL,,1,0,0
1200012677,05/16/2017,Veritecnica SRL,,1,0,0
9202001409,05/16/2017,Veritecnica SRL,,0,0,1
1200012678,05/16/2017,Veritecnica SRL,,1,0,0
1200012679,05/16/2017,Veritecnica SRL,,1,0,0
1100042241,05/16/2017,Veritecnica SRL,,1,0,0
9102007752,05/16/2017,Veritecnica SRL,,0,0,1
1100042242,05/16/2017,Veritecnica SRL,,1,0,0
1100042243,05/16/2017,Veritecnica SRL,,1,0,0
1100042244,05/16/2017,Veritecnica SRL,,1,0,0
1100042245,05/16/2017,Veritecnica SRL,,1,0,0
1100042246,05/16/2017,Veritecnica SRL,,1,0,0
1100042247,05/16/2017,Veritecnica SRL,,1,0,0
1100042248,05/16/2017,Veritecnica SRL,,1,0,0
1200012680,05/16/2017,Veritecnica SRL,,1,0,0
1200012682,05/16/2017,Veritecnica SRL,,1,0,0
1200012681,05/16/2017,Veritecnica SRL,,1,0,0
1100042249,05/16/2017,Veritecnica SRL,,1,0,0
1100042250,05/16/2017,Veritecnica SRL,,1,0,0
1200012683,05/16/2017,Veritecnica SRL,,1,0,0
9102007753,05/16/2017,Veritecnica SRL,,0,1,0
1100042751,05/16/2017,Veritecnica SRL,,1,0,0
1100042752,05/16/2017,Veritecnica SRL,,1,0,0
1100042753,05/16/2017,Veritecnica SRL,,1,0,0
1100042754,05/16/2017,Veritecnica SRL,,1,0,0
9102007754,05/16/2017,Veritecnica SRL,,0,1,0
1200012684,05/16/2017,Veritecnica SRL,,1,0,0
1100042755,05/16/2017,Veritecnica SRL,,1,0,0
1100042756,05/16/2017,Veritecnica SRL,,1,0,0
1200012685,05/16/2017,Veritecnica SRL,,1,0,0
1100042757,05/16/2017,Veritecnica SRL,,1,0,0
1100042758,05/16/2017,Veritecnica SRL,,1,0,0
1100042759,05/16/2017,Veritecnica SRL,,1,0,0
