Nrocertificado,Fecha,Idtaller,Dominiovehiculo,Aprobado,RechazadoLeveModerado,RechazadoGrave
1100048759,09/11/2017,Veritecnica SRL - AÑELO,,1,0,0
1200013436,09/11/2017,Veritecnica SRL - AÑELO,,1,0,0
1100048760,09/12/2017,Veritecnica SRL - AÑELO,,1,0,0
1200013437,09/12/2017,Veritecnica SRL - AÑELO,,1,0,0
1200013438,09/12/2017,Veritecnica SRL - AÑELO,,1,0,0
1100048183,09/11/2017,Asociación de Bomberos Voluntarios - San Martín de los Andes,,1,0,0
9101003527,09/11/2017,Asociación de Bomberos Voluntarios - San Martín de los Andes,,0,0,1
1100048184,09/11/2017,Asociación de Bomberos Voluntarios - San Martín de los Andes,,1,0,0
9101003528,09/11/2017,Asociación de Bomberos Voluntarios - San Martín de los Andes,,0,1,0
1100048185,09/11/2017,Asociación de Bomberos Voluntarios - San Martín de los Andes,,1,0,0
1100048186,09/11/2017,Asociación de Bomberos Voluntarios - San Martín de los Andes,,1,0,0
1100048187,09/11/2017,Asociación de Bomberos Voluntarios - San Martín de los Andes,,1,0,0
1100048188,09/11/2017,Asociación de Bomberos Voluntarios - San Martín de los Andes,,1,0,0
9101003529,09/11/2017,Asociación de Bomberos Voluntarios - San Martín de los Andes,,0,1,0
1100048189,09/11/2017,Asociación de Bomberos Voluntarios - San Martín de los Andes,,1,0,0
1100048190,09/11/2017,Asociación de Bomberos Voluntarios - San Martín de los Andes,,1,0,0
1100048191,09/11/2017,Asociación de Bomberos Voluntarios - San Martín de los Andes,,1,0,0
1100048192,09/11/2017,Asociación de Bomberos Voluntarios - San Martín de los Andes,,1,0,0
1100048193,09/11/2017,Asociación de Bomberos Voluntarios - San Martín de los Andes,,1,0,0
1100048194,09/11/2017,Asociación de Bomberos Voluntarios - San Martín de los Andes,,1,0,0
1100048195,09/11/2017,Asociación de Bomberos Voluntarios - San Martín de los Andes,,1,0,0
1100048196,09/11/2017,Asociación de Bomberos Voluntarios - San Martín de los Andes,,1,0,0
1100048197,09/11/2017,Asociación de Bomberos Voluntarios - San Martín de los Andes,,1,0,0
9101003530,09/11/2017,Asociación de Bomberos Voluntarios - San Martín de los Andes,,0,0,1
1100048198,09/11/2017,Asociación de Bomberos Voluntarios - San Martín de los Andes,,1,0,0
1100048199,09/11/2017,Asociación de Bomberos Voluntarios - San Martín de los Andes,,1,0,0
9101003531,09/11/2017,Asociación de Bomberos Voluntarios - San Martín de los Andes,,0,1,0
1100048200,09/11/2017,Asociación de Bomberos Voluntarios - San Martín de los Andes,,1,0,0
9101003532,09/11/2017,Asociación de Bomberos Voluntarios - San Martín de los Andes,,0,0,1
1100048201,09/11/2017,Asociación de Bomberos Voluntarios - San Martín de los Andes,,1,0,0
1100048202,09/11/2017,Asociación de Bomberos Voluntarios - San Martín de los Andes,,1,0,0
1100048203,09/11/2017,Asociación de Bomberos Voluntarios - San Martín de los Andes,,1,0,0
1100048204,09/11/2017,Asociación de Bomberos Voluntarios - San Martín de los Andes,,1,0,0
9101003533,09/11/2017,Asociación de Bomberos Voluntarios - San Martín de los Andes,,0,1,0
9101003534,09/11/2017,Asociación de Bomberos Voluntarios - San Martín de los Andes,,0,0,1
1100048205,09/11/2017,Asociación de Bomberos Voluntarios - San Martín de los Andes,,1,0,0
1100048206,09/11/2017,Asociación de Bomberos Voluntarios - San Martín de los Andes,,1,0,0
1100048207,09/11/2017,Asociación de Bomberos Voluntarios - San Martín de los Andes,,1,0,0
1100048208,09/12/2017,Asociación de Bomberos Voluntarios - San Martín de los Andes,,1,0,0
1100048209,09/12/2017,Asociación de Bomberos Voluntarios - San Martín de los Andes,,1,0,0
1100048210,09/12/2017,Asociación de Bomberos Voluntarios - San Martín de los Andes,,1,0,0
9101003535,09/12/2017,Asociación de Bomberos Voluntarios - San Martín de los Andes,,0,1,0
1200013196,09/12/2017,Asociación de Bomberos Voluntarios - San Martín de los Andes,,1,0,0
1100048211,09/12/2017,Asociación de Bomberos Voluntarios - San Martín de los Andes,,1,0,0
9101003536,09/12/2017,Asociación de Bomberos Voluntarios - San Martín de los Andes,,0,1,0
1100048212,09/12/2017,Asociación de Bomberos Voluntarios - San Martín de los Andes,,1,0,0
9101003537,09/12/2017,Asociación de Bomberos Voluntarios - San Martín de los Andes,,0,0,1
1100048213,09/12/2017,Asociación de Bomberos Voluntarios - San Martín de los Andes,,1,0,0
9101003538,09/12/2017,Asociación de Bomberos Voluntarios - San Martín de los Andes,,0,1,0
9101003539,09/12/2017,Asociación de Bomberos Voluntarios - San Martín de los Andes,,0,1,0
1100048214,09/12/2017,Asociación de Bomberos Voluntarios - San Martín de los Andes,,1,0,0
1100048215,09/12/2017,Asociación de Bomberos Voluntarios - San Martín de los Andes,,1,0,0
1100048216,09/12/2017,Asociación de Bomberos Voluntarios - San Martín de los Andes,,1,0,0
1100048217,09/12/2017,Asociación de Bomberos Voluntarios - San Martín de los Andes,,1,0,0
9101003540,09/12/2017,Asociación de Bomberos Voluntarios - San Martín de los Andes,,0,0,1
1100048218,09/12/2017,Asociación de Bomberos Voluntarios - San Martín de los Andes,,1,0,0
9101003541,09/12/2017,Asociación de Bomberos Voluntarios - San Martín de los Andes,,0,1,0
1100048335,09/11/2017,Control SRL,,1,0,0
1200014562,09/11/2017,Control SRL,,1,0,0
1100048336,09/11/2017,Control SRL,,1,0,0
9103002727,09/11/2017,Control SRL,,0,0,1
9203000709,09/11/2017,Control SRL,,0,0,1
9103002728,09/11/2017,Control SRL,,0,0,1
1200014563,09/11/2017,Control SRL,,1,0,0
1100048337,09/11/2017,Control SRL,,1,0,0
1100048338,09/11/2017,Control SRL,,1,0,0
1100048339,09/11/2017,Control SRL,,1,0,0
1100048340,09/11/2017,Control SRL,,1,0,0
1200014564,09/11/2017,Control SRL,,1,0,0
1100048341,09/11/2017,Control SRL,,1,0,0
1100048342,09/11/2017,Control SRL,,1,0,0
9103002729,09/11/2017,Control SRL,,0,0,1
1100048343,09/11/2017,Control SRL,,1,0,0
1200014565,09/11/2017,Control SRL,,1,0,0
1100048344,09/11/2017,Control SRL,,1,0,0
9103002730,09/11/2017,Control SRL,,0,0,1
1100048345,09/11/2017,Control SRL,,1,0,0
9103002731,09/11/2017,Control SRL,,0,0,1
1100048346,09/11/2017,Control SRL,,1,0,0
1100048347,09/11/2017,Control SRL,,1,0,0
1100048348,09/11/2017,Control SRL,,1,0,0
9203000710,09/12/2017,Control SRL,,0,0,1
1100048349,09/12/2017,Control SRL,,1,0,0
1100048350,09/12/2017,Control SRL,,1,0,0
9103002732,09/12/2017,Control SRL,,0,0,1
9103002733,09/12/2017,Control SRL,,0,0,1
1100048351,09/12/2017,Control SRL,,1,0,0
1100048353,09/12/2017,Control SRL,,1,0,0
1100048354,09/12/2017,Control SRL,,1,0,0
1100048352,09/12/2017,Control SRL,,1,0,0
1200014566,09/12/2017,Control SRL,,1,0,0
1200014567,09/12/2017,Control SRL,,1,0,0
9203000711,09/12/2017,Control SRL,,0,0,1
1100048355,09/12/2017,Control SRL,,1,0,0
1200014568,09/12/2017,Control SRL,,1,0,0
1100048356,09/12/2017,Control SRL,,1,0,0
1100048357,09/12/2017,Control SRL,,1,0,0
1100048358,09/12/2017,Control SRL,,1,0,0
1100048359,09/12/2017,Control SRL,,1,0,0
9103002734,09/12/2017,Control SRL,,0,0,1
9203000712,09/12/2017,Control SRL,,0,0,1
1100048360,09/12/2017,Control SRL,,1,0,0
1100048361,09/12/2017,Control SRL,,1,0,0
1200014569,09/12/2017,Control SRL,,1,0,0
1100048362,09/12/2017,Control SRL,,1,0,0
1100048363,09/12/2017,Control SRL,,1,0,0
1100048364,09/12/2017,Control SRL,,1,0,0
1200014570,09/12/2017,Control SRL,,1,0,0
9203000713,09/12/2017,Control SRL,,0,0,1
9102008519,09/11/2017,Veritecnica SRL,,0,0,1
1100048744,09/11/2017,Veritecnica SRL,,1,0,0
1100048745,09/11/2017,Veritecnica SRL,,1,0,0
1100048746,09/11/2017,Veritecnica SRL,,1,0,0
1100048747,09/11/2017,Veritecnica SRL,,1,0,0
1100048748,09/11/2017,Veritecnica SRL,,1,0,0
9102008520,09/11/2017,Veritecnica SRL,,0,0,1
9102008521,09/11/2017,Veritecnica SRL,,0,0,1
9202001627,09/11/2017,Veritecnica SRL,,0,0,1
1200014780,09/11/2017,Veritecnica SRL,,1,0,0
1200014781,09/11/2017,Veritecnica SRL,,1,0,0
1100048750,09/11/2017,Veritecnica SRL,,1,0,0
1100048749,09/11/2017,Veritecnica SRL,,1,0,0
1200014782,09/11/2017,Veritecnica SRL,,1,0,0
1200014783,09/11/2017,Veritecnica SRL,,1,0,0
1100049251,09/11/2017,Veritecnica SRL,,1,0,0
9102008522,09/11/2017,Veritecnica SRL,,0,1,0
9102008523,09/11/2017,Veritecnica SRL,,0,0,1
1100049252,09/11/2017,Veritecnica SRL,,1,0,0
1100049253,09/11/2017,Veritecnica SRL,,1,0,0
1100049254,09/11/2017,Veritecnica SRL,,1,0,0
1100049255,09/11/2017,Veritecnica SRL,,1,0,0
1100049256,09/11/2017,Veritecnica SRL,,1,0,0
9102008524,09/11/2017,Veritecnica SRL,,0,0,1
1100049257,09/11/2017,Veritecnica SRL,,1,0,0
9102008525,09/11/2017,Veritecnica SRL,,0,1,0
1100049258,09/11/2017,Veritecnica SRL,,1,0,0
1100049259,09/11/2017,Veritecnica SRL,,1,0,0
9102008526,09/11/2017,Veritecnica SRL,,0,0,1
9202001628,09/11/2017,Veritecnica SRL,,0,0,1
1100049260,09/11/2017,Veritecnica SRL,,1,0,0
1100049261,09/11/2017,Veritecnica SRL,,1,0,0
1200014784,09/11/2017,Veritecnica SRL,,1,0,0
1100049262,09/11/2017,Veritecnica SRL,,1,0,0
1100049263,09/11/2017,Veritecnica SRL,,1,0,0
1100049264,09/11/2017,Veritecnica SRL,,1,0,0
1100049265,09/11/2017,Veritecnica SRL,,1,0,0
1100049266,09/11/2017,Veritecnica SRL,,1,0,0
1100049267,09/11/2017,Veritecnica SRL,,1,0,0
1100049268,09/11/2017,Veritecnica SRL,,1,0,0
9202001629,09/11/2017,Veritecnica SRL,,0,0,1
1200014785,09/11/2017,Veritecnica SRL,,1,0,0
1100049270,09/11/2017,Veritecnica SRL,,1,0,0
1100049269,09/11/2017,Veritecnica SRL,,1,0,0
1100049271,09/11/2017,Veritecnica SRL,,1,0,0
1200014786,09/11/2017,Veritecnica SRL,,1,0,0
1100049272,09/11/2017,Veritecnica SRL,,1,0,0
1200014787,09/11/2017,Veritecnica SRL,,1,0,0
1200014788,09/11/2017,Veritecnica SRL,,1,0,0
1200014789,09/11/2017,Veritecnica SRL,,1,0,0
1100049273,09/11/2017,Veritecnica SRL,,1,0,0
9102008527,09/11/2017,Veritecnica SRL,,0,0,1
1100049274,09/11/2017,Veritecnica SRL,,1,0,0
1200014790,09/11/2017,Veritecnica SRL,,1,0,0
9102008528,09/11/2017,Veritecnica SRL,,0,0,1
1200014791,09/11/2017,Veritecnica SRL,,1,0,0
1100049275,09/11/2017,Veritecnica SRL,,1,0,0
1100049276,09/11/2017,Veritecnica SRL,,1,0,0
1200014792,09/11/2017,Veritecnica SRL,,1,0,0
1100049277,09/12/2017,Veritecnica SRL,,1,0,0
1100049278,09/12/2017,Veritecnica SRL,,1,0,0
1100049279,09/12/2017,Veritecnica SRL,,1,0,0
9102008529,09/12/2017,Veritecnica SRL,,0,0,1
1100049280,09/12/2017,Veritecnica SRL,,1,0,0
1100049281,09/12/2017,Veritecnica SRL,,1,0,0
1100049282,09/12/2017,Veritecnica SRL,,1,0,0
1100049283,09/12/2017,Veritecnica SRL,,1,0,0
1100049284,09/12/2017,Veritecnica SRL,,1,0,0
9102008530,09/12/2017,Veritecnica SRL,,0,0,1
1100049285,09/12/2017,Veritecnica SRL,,1,0,0
1200014794,09/12/2017,Veritecnica SRL,,1,0,0
1200014793,09/12/2017,Veritecnica SRL,,1,0,0
1100049286,09/12/2017,Veritecnica SRL,,1,0,0
1100049287,09/12/2017,Veritecnica SRL,,1,0,0
1100049288,09/12/2017,Veritecnica SRL,,1,0,0
1100049289,09/12/2017,Veritecnica SRL,,1,0,0
9102008531,09/12/2017,Veritecnica SRL,,0,0,1
9202001630,09/12/2017,Veritecnica SRL,,0,0,1
1100049290,09/12/2017,Veritecnica SRL,,1,0,0
1100049291,09/12/2017,Veritecnica SRL,,1,0,0
1100049292,09/12/2017,Veritecnica SRL,,1,0,0
1100049293,09/12/2017,Veritecnica SRL,,1,0,0
1100049294,09/12/2017,Veritecnica SRL,,1,0,0
1100049295,09/12/2017,Veritecnica SRL,,1,0,0
9102008532,09/12/2017,Veritecnica SRL,,0,1,0
1100049296,09/12/2017,Veritecnica SRL,,1,0,0
1100049297,09/12/2017,Veritecnica SRL,,1,0,0
1100049298,09/12/2017,Veritecnica SRL,,1,0,0
1100049299,09/12/2017,Veritecnica SRL,,1,0,0
1100049300,09/12/2017,Veritecnica SRL,,1,0,0
1200014795,09/12/2017,Veritecnica SRL,,1,0,0
1100049301,09/12/2017,Veritecnica SRL,,1,0,0
1100049302,09/12/2017,Veritecnica SRL,,1,0,0
1200014796,09/12/2017,Veritecnica SRL,,1,0,0
9102008533,09/12/2017,Veritecnica SRL,,0,0,1
1100049303,09/12/2017,Veritecnica SRL,,1,0,0
