Nrocertificado,Fecha,Idtaller,Dominiovehiculo,Aprobado,RechazadoLeveModerado,RechazadoGrave
1100048837,10/30/2017,Veritecnica SRL - AÑELO,,1,0,0
1100048838,10/30/2017,Veritecnica SRL - AÑELO,,1,0,0
1200013511,10/30/2017,Veritecnica SRL - AÑELO,,1,0,0
1100048839,10/30/2017,Veritecnica SRL - AÑELO,,1,0,0
1100048840,10/30/2017,Veritecnica SRL - AÑELO,,1,0,0
1200013512,10/30/2017,Veritecnica SRL - AÑELO,,1,0,0
9204000018,10/30/2017,Veritecnica SRL - AÑELO,,0,0,1
1100048841,10/30/2017,Veritecnica SRL - AÑELO,,1,0,0
1100050826,10/30/2017,Asociación de Bomberos Voluntarios - San Martín de los Andes,,1,0,0
1100050827,10/30/2017,Asociación de Bomberos Voluntarios - San Martín de los Andes,,1,0,0
1100050828,10/30/2017,Asociación de Bomberos Voluntarios - San Martín de los Andes,,1,0,0
9101003650,10/30/2017,Asociación de Bomberos Voluntarios - San Martín de los Andes,,0,1,0
1100050829,10/30/2017,Asociación de Bomberos Voluntarios - San Martín de los Andes,,1,0,0
1100050830,10/30/2017,Asociación de Bomberos Voluntarios - San Martín de los Andes,,1,0,0
1100050831,10/30/2017,Asociación de Bomberos Voluntarios - San Martín de los Andes,,1,0,0
1200014473,10/30/2017,Asociación de Bomberos Voluntarios - San Martín de los Andes,,1,0,0
1200014474,10/30/2017,Asociación de Bomberos Voluntarios - San Martín de los Andes,,1,0,0
1200014475,10/30/2017,Asociación de Bomberos Voluntarios - San Martín de los Andes,,1,0,0
1200014476,10/30/2017,Asociación de Bomberos Voluntarios - San Martín de los Andes,,1,0,0
1200014477,10/30/2017,Asociación de Bomberos Voluntarios - San Martín de los Andes,,1,0,0
1200014478,10/30/2017,Asociación de Bomberos Voluntarios - San Martín de los Andes,,1,0,0
1200014479,10/30/2017,Asociación de Bomberos Voluntarios - San Martín de los Andes,,1,0,0
1100050832,10/30/2017,Asociación de Bomberos Voluntarios - San Martín de los Andes,,1,0,0
1100050833,10/30/2017,Asociación de Bomberos Voluntarios - San Martín de los Andes,,1,0,0
1100050834,10/30/2017,Asociación de Bomberos Voluntarios - San Martín de los Andes,,1,0,0
1100050835,10/30/2017,Asociación de Bomberos Voluntarios - San Martín de los Andes,,1,0,0
1100050836,10/30/2017,Asociación de Bomberos Voluntarios - San Martín de los Andes,,1,0,0
1100050837,10/30/2017,Asociación de Bomberos Voluntarios - San Martín de los Andes,,1,0,0
1100050838,10/30/2017,Asociación de Bomberos Voluntarios - San Martín de los Andes,,1,0,0
1100050839,10/30/2017,Asociación de Bomberos Voluntarios - San Martín de los Andes,,1,0,0
1100050840,10/30/2017,Asociación de Bomberos Voluntarios - San Martín de los Andes,,1,0,0
1100050841,10/30/2017,Asociación de Bomberos Voluntarios - San Martín de los Andes,,1,0,0
1100050842,10/30/2017,Asociación de Bomberos Voluntarios - San Martín de los Andes,,1,0,0
9101003651,10/30/2017,Asociación de Bomberos Voluntarios - San Martín de los Andes,,0,1,0
1100050715,10/30/2017,Control SRL,,1,0,0
1100050716,10/30/2017,Control SRL,,1,0,0
9103002836,10/30/2017,Control SRL,,0,0,1
1100050717,10/30/2017,Control SRL,,1,0,0
1100050718,10/30/2017,Control SRL,,1,0,0
1200015452,10/30/2017,Control SRL,,1,0,0
9103002837,10/30/2017,Control SRL,,0,0,1
1200015453,10/30/2017,Control SRL,,1,0,0
1200015454,10/30/2017,Control SRL,,1,0,0
1100050719,10/30/2017,Control SRL,,1,0,0
1200015455,10/30/2017,Control SRL,,1,0,0
9103002838,10/30/2017,Control SRL,,0,0,1
1100050720,10/30/2017,Control SRL,,1,0,0
9103002839,10/30/2017,Control SRL,,0,0,1
1100050721,10/30/2017,Control SRL,,1,0,0
1100050722,10/30/2017,Control SRL,,1,0,0
1100050723,10/30/2017,Control SRL,,1,0,0
1200015456,10/30/2017,Control SRL,,1,0,0
1200015458,10/30/2017,Control SRL,,1,0,0
1200015457,10/30/2017,Control SRL,,1,0,0
1100050724,10/30/2017,Control SRL,,1,0,0
1100050725,10/30/2017,Control SRL,,1,0,0
1100050726,10/30/2017,Control SRL,,1,0,0
1100050727,10/30/2017,Control SRL,,1,0,0
1100050728,10/30/2017,Control SRL,,1,0,0
1200015459,10/30/2017,Control SRL,,1,0,0
1100051265,10/30/2017,Veritecnica SRL,,1,0,0
1100051266,10/30/2017,Veritecnica SRL,,1,0,0
1100051267,10/30/2017,Veritecnica SRL,,1,0,0
1100051268,10/30/2017,Veritecnica SRL,,1,0,0
9102008799,10/30/2017,Veritecnica SRL,,0,0,1
1100051269,10/30/2017,Veritecnica SRL,,1,0,0
1100051270,10/30/2017,Veritecnica SRL,,1,0,0
1200015550,10/30/2017,Veritecnica SRL,,1,0,0
1100051271,10/30/2017,Veritecnica SRL,,1,0,0
1200015551,10/30/2017,Veritecnica SRL,,1,0,0
9102008800,10/30/2017,Veritecnica SRL,,0,0,1
1200015552,10/30/2017,Veritecnica SRL,,1,0,0
9102008801,10/30/2017,Veritecnica SRL,,0,0,1
1100051272,10/30/2017,Veritecnica SRL,,1,0,0
9102008802,10/30/2017,Veritecnica SRL,,0,0,1
9102008803,10/30/2017,Veritecnica SRL,,0,1,0
1200015553,10/30/2017,Veritecnica SRL,,1,0,0
1200015554,10/30/2017,Veritecnica SRL,,1,0,0
1100051273,10/30/2017,Veritecnica SRL,,1,0,0
1100051274,10/30/2017,Veritecnica SRL,,1,0,0
1200015555,10/30/2017,Veritecnica SRL,,1,0,0
1100051275,10/30/2017,Veritecnica SRL,,1,0,0
1100051276,10/30/2017,Veritecnica SRL,,1,0,0
1200015556,10/30/2017,Veritecnica SRL,,1,0,0
1100051277,10/30/2017,Veritecnica SRL,,1,0,0
1100051278,10/30/2017,Veritecnica SRL,,1,0,0
1100051279,10/30/2017,Veritecnica SRL,,1,0,0
1100051280,10/30/2017,Veritecnica SRL,,1,0,0
1100051281,10/30/2017,Veritecnica SRL,,1,0,0
1100051282,10/30/2017,Veritecnica SRL,,1,0,0
1100051283,10/30/2017,Veritecnica SRL,,1,0,0
9202001734,10/30/2017,Veritecnica SRL,,0,0,1
1200015557,10/30/2017,Veritecnica SRL,,1,0,0
1200015558,10/30/2017,Veritecnica SRL,,1,0,0
9102008804,10/30/2017,Veritecnica SRL,,0,0,1
1100051284,10/30/2017,Veritecnica SRL,,1,0,0
1100051285,10/30/2017,Veritecnica SRL,,1,0,0
1100051286,10/30/2017,Veritecnica SRL,,1,0,0
1100051287,10/30/2017,Veritecnica SRL,,1,0,0
1100051288,10/30/2017,Veritecnica SRL,,1,0,0
1200015559,10/30/2017,Veritecnica SRL,,1,0,0
