Nrocertificado,Fecha,Idtaller,Dominiovehiculo,Aprobado,RechazadoLeveModerado,RechazadoGrave
9204000007,08/30/2017,Veritecnica SRL - AÑELO,,0,0,1
1200013428,08/30/2017,Veritecnica SRL - AÑELO,,1,0,0
1200013429,08/31/2017,Veritecnica SRL - AÑELO,,1,0,0
1100048752,08/31/2017,Veritecnica SRL - AÑELO,,1,0,0
1100048041,08/30/2017,Asociación de Bomberos Voluntarios - San Martín de los Andes,,1,0,0
9101003489,08/30/2017,Asociación de Bomberos Voluntarios - San Martín de los Andes,,0,0,1
1100048042,08/30/2017,Asociación de Bomberos Voluntarios - San Martín de los Andes,,1,0,0
1100048043,08/30/2017,Asociación de Bomberos Voluntarios - San Martín de los Andes,,1,0,0
1100048044,08/30/2017,Asociación de Bomberos Voluntarios - San Martín de los Andes,,1,0,0
1100048045,08/30/2017,Asociación de Bomberos Voluntarios - San Martín de los Andes,,1,0,0
1200013181,08/30/2017,Asociación de Bomberos Voluntarios - San Martín de los Andes,,1,0,0
1100048046,08/30/2017,Asociación de Bomberos Voluntarios - San Martín de los Andes,,1,0,0
1100048047,08/30/2017,Asociación de Bomberos Voluntarios - San Martín de los Andes,,1,0,0
1100048048,08/30/2017,Asociación de Bomberos Voluntarios - San Martín de los Andes,,1,0,0
1100048049,08/30/2017,Asociación de Bomberos Voluntarios - San Martín de los Andes,,1,0,0
9101003490,08/30/2017,Asociación de Bomberos Voluntarios - San Martín de los Andes,,0,1,0
1200013182,08/30/2017,Asociación de Bomberos Voluntarios - San Martín de los Andes,,1,0,0
1100048050,08/30/2017,Asociación de Bomberos Voluntarios - San Martín de los Andes,,1,0,0
1100048051,08/30/2017,Asociación de Bomberos Voluntarios - San Martín de los Andes,,1,0,0
1100048052,08/30/2017,Asociación de Bomberos Voluntarios - San Martín de los Andes,,1,0,0
1200013183,08/30/2017,Asociación de Bomberos Voluntarios - San Martín de los Andes,,1,0,0
1100048053,08/30/2017,Asociación de Bomberos Voluntarios - San Martín de los Andes,,1,0,0
1100048054,08/31/2017,Asociación de Bomberos Voluntarios - San Martín de los Andes,,1,0,0
1100048055,08/31/2017,Asociación de Bomberos Voluntarios - San Martín de los Andes,,1,0,0
1100048056,08/31/2017,Asociación de Bomberos Voluntarios - San Martín de los Andes,,1,0,0
1100048058,08/31/2017,Asociación de Bomberos Voluntarios - San Martín de los Andes,,1,0,0
1100048057,08/31/2017,Asociación de Bomberos Voluntarios - San Martín de los Andes,,1,0,0
1100048059,08/31/2017,Asociación de Bomberos Voluntarios - San Martín de los Andes,,1,0,0
9101003491,08/31/2017,Asociación de Bomberos Voluntarios - San Martín de los Andes,,0,0,1
1100048060,08/31/2017,Asociación de Bomberos Voluntarios - San Martín de los Andes,,1,0,0
1100048061,08/31/2017,Asociación de Bomberos Voluntarios - San Martín de los Andes,,1,0,0
1100048062,08/31/2017,Asociación de Bomberos Voluntarios - San Martín de los Andes,,1,0,0
1100048063,08/31/2017,Asociación de Bomberos Voluntarios - San Martín de los Andes,,1,0,0
1200013184,08/31/2017,Asociación de Bomberos Voluntarios - San Martín de los Andes,,1,0,0
1100048064,08/31/2017,Asociación de Bomberos Voluntarios - San Martín de los Andes,,1,0,0
1100048065,08/31/2017,Asociación de Bomberos Voluntarios - San Martín de los Andes,,1,0,0
9101003492,08/31/2017,Asociación de Bomberos Voluntarios - San Martín de los Andes,,0,0,1
1100048066,08/31/2017,Asociación de Bomberos Voluntarios - San Martín de los Andes,,1,0,0
1100048067,08/31/2017,Asociación de Bomberos Voluntarios - San Martín de los Andes,,1,0,0
1100048068,08/31/2017,Asociación de Bomberos Voluntarios - San Martín de los Andes,,1,0,0
1100048069,08/31/2017,Asociación de Bomberos Voluntarios - San Martín de los Andes,,1,0,0
1100048070,08/31/2017,Asociación de Bomberos Voluntarios - San Martín de los Andes,,1,0,0
9101003493,08/31/2017,Asociación de Bomberos Voluntarios - San Martín de los Andes,,0,0,1
1100048071,08/31/2017,Asociación de Bomberos Voluntarios - San Martín de los Andes,,1,0,0
1100047696,08/30/2017,Control SRL,,1,0,0
9103002690,08/30/2017,Control SRL,,0,0,1
1200014503,08/30/2017,Control SRL,,1,0,0
1200014505,08/30/2017,Control SRL,,1,0,0
1200014504,08/30/2017,Control SRL,,1,0,0
9103002691,08/30/2017,Control SRL,,0,0,1
1100047697,08/30/2017,Control SRL,,1,0,0
9103002692,08/30/2017,Control SRL,,0,0,1
1100047698,08/30/2017,Control SRL,,1,0,0
1100047699,08/30/2017,Control SRL,,1,0,0
9203000695,08/30/2017,Control SRL,,0,0,1
1100047700,08/30/2017,Control SRL,,1,0,0
1100047701,08/30/2017,Control SRL,,1,0,0
1100047702,08/30/2017,Control SRL,,1,0,0
1100047703,08/30/2017,Control SRL,,1,0,0
1100047704,08/30/2017,Control SRL,,1,0,0
1100047705,08/30/2017,Control SRL,,1,0,0
1100047706,08/30/2017,Control SRL,,1,0,0
9203000696,08/30/2017,Control SRL,,0,0,1
1100047707,08/30/2017,Control SRL,,1,0,0
9103002693,08/30/2017,Control SRL,,0,0,1
1100047708,08/30/2017,Control SRL,,1,0,0
1200014506,08/30/2017,Control SRL,,1,0,0
1100047709,08/31/2017,Control SRL,,1,0,0
1100047711,08/31/2017,Control SRL,,1,0,0
1100047710,08/31/2017,Control SRL,,1,0,0
1100047712,08/31/2017,Control SRL,,1,0,0
9103002694,08/31/2017,Control SRL,,0,0,1
1100047713,08/31/2017,Control SRL,,1,0,0
1200014507,08/31/2017,Control SRL,,1,0,0
1200014508,08/31/2017,Control SRL,,1,0,0
1100047714,08/31/2017,Control SRL,,1,0,0
1100047715,08/31/2017,Control SRL,,1,0,0
9103002695,08/31/2017,Control SRL,,0,0,1
1200014509,08/31/2017,Control SRL,,1,0,0
1200014510,08/31/2017,Control SRL,,1,0,0
1200014511,08/31/2017,Control SRL,,1,0,0
1100047716,08/31/2017,Control SRL,,1,0,0
1100047717,08/31/2017,Control SRL,,1,0,0
1100047718,08/31/2017,Control SRL,,1,0,0
1100047719,08/31/2017,Control SRL,,1,0,0
9203000697,08/31/2017,Control SRL,,0,0,1
1200014512,08/31/2017,Control SRL,,1,0,0
9103002696,08/31/2017,Control SRL,,0,0,1
1100047720,08/31/2017,Control SRL,,1,0,0
1200014513,08/31/2017,Control SRL,,1,0,0
1100047721,08/31/2017,Control SRL,,1,0,0
1200014514,08/31/2017,Control SRL,,1,0,0
1200014515,08/31/2017,Control SRL,,1,0,0
1100048502,08/30/2017,Veritecnica SRL,,1,0,0
1100048503,08/30/2017,Veritecnica SRL,,1,0,0
1200014676,08/30/2017,Veritecnica SRL,,1,0,0
9102008439,08/30/2017,Veritecnica SRL,,0,0,1
1100048504,08/30/2017,Veritecnica SRL,,1,0,0
1200014677,08/30/2017,Veritecnica SRL,,1,0,0
9102008440,08/30/2017,Veritecnica SRL,,0,0,1
1100048505,08/30/2017,Veritecnica SRL,,1,0,0
1100048506,08/30/2017,Veritecnica SRL,,1,0,0
1200014678,08/30/2017,Veritecnica SRL,,1,0,0
9102008441,08/30/2017,Veritecnica SRL,,0,0,1
1200014679,08/30/2017,Veritecnica SRL,,1,0,0
1100048507,08/30/2017,Veritecnica SRL,,1,0,0
9202001606,08/30/2017,Veritecnica SRL,,0,0,1
1100048508,08/30/2017,Veritecnica SRL,,1,0,0
1200014680,08/30/2017,Veritecnica SRL,,1,0,0
1100048509,08/30/2017,Veritecnica SRL,,1,0,0
1100048510,08/30/2017,Veritecnica SRL,,1,0,0
1100048511,08/30/2017,Veritecnica SRL,,1,0,0
1100048512,08/30/2017,Veritecnica SRL,,1,0,0
1100048513,08/30/2017,Veritecnica SRL,,1,0,0
1100048514,08/30/2017,Veritecnica SRL,,1,0,0
1200014681,08/30/2017,Veritecnica SRL,,1,0,0
1100048515,08/30/2017,Veritecnica SRL,,1,0,0
9102008442,08/30/2017,Veritecnica SRL,,0,0,1
1100048516,08/30/2017,Veritecnica SRL,,1,0,0
1100048517,08/30/2017,Veritecnica SRL,,1,0,0
1100048518,08/30/2017,Veritecnica SRL,,1,0,0
1100048519,08/30/2017,Veritecnica SRL,,1,0,0
1200014682,08/30/2017,Veritecnica SRL,,1,0,0
1100048520,08/30/2017,Veritecnica SRL,,1,0,0
9202001607,08/30/2017,Veritecnica SRL,,0,0,1
1100048521,08/30/2017,Veritecnica SRL,,1,0,0
1200014683,08/30/2017,Veritecnica SRL,,1,0,0
9102008443,08/30/2017,Veritecnica SRL,,0,0,1
1100048522,08/30/2017,Veritecnica SRL,,1,0,0
1200014684,08/30/2017,Veritecnica SRL,,1,0,0
9102008444,08/31/2017,Veritecnica SRL,,0,0,1
1100048523,08/31/2017,Veritecnica SRL,,1,0,0
1200014685,08/31/2017,Veritecnica SRL,,1,0,0
1100048524,08/31/2017,Veritecnica SRL,,1,0,0
9102008445,08/31/2017,Veritecnica SRL,,0,0,1
1200014686,08/31/2017,Veritecnica SRL,,1,0,0
1200014687,08/31/2017,Veritecnica SRL,,1,0,0
1100048525,08/31/2017,Veritecnica SRL,,1,0,0
1100048526,08/31/2017,Veritecnica SRL,,1,0,0
1100048527,08/31/2017,Veritecnica SRL,,1,0,0
1100048528,08/31/2017,Veritecnica SRL,,1,0,0
1100048529,08/31/2017,Veritecnica SRL,,1,0,0
1200014688,08/31/2017,Veritecnica SRL,,1,0,0
9102008446,08/31/2017,Veritecnica SRL,,0,0,1
1100048530,08/31/2017,Veritecnica SRL,,1,0,0
9102008447,08/31/2017,Veritecnica SRL,,0,0,1
1200014689,08/31/2017,Veritecnica SRL,,1,0,0
1200014690,08/31/2017,Veritecnica SRL,,1,0,0
1100048531,08/31/2017,Veritecnica SRL,,1,0,0
1100048532,08/31/2017,Veritecnica SRL,,1,0,0
1100048533,08/31/2017,Veritecnica SRL,,1,0,0
1100048534,08/31/2017,Veritecnica SRL,,1,0,0
1100048535,08/31/2017,Veritecnica SRL,,1,0,0
1100048536,08/31/2017,Veritecnica SRL,,1,0,0
9102008448,08/31/2017,Veritecnica SRL,,0,0,1
9102008449,08/31/2017,Veritecnica SRL,,0,0,1
1100048537,08/31/2017,Veritecnica SRL,,1,0,0
9102008450,08/31/2017,Veritecnica SRL,,0,1,0
1200014691,08/31/2017,Veritecnica SRL,,1,0,0
1200014692,08/31/2017,Veritecnica SRL,,1,0,0
1200014693,08/31/2017,Veritecnica SRL,,1,0,0
1200014694,08/31/2017,Veritecnica SRL,,1,0,0
1200014695,08/31/2017,Veritecnica SRL,,1,0,0
9102008451,08/31/2017,Veritecnica SRL,,0,0,1
1200014696,08/31/2017,Veritecnica SRL,,1,0,0
9202001608,08/31/2017,Veritecnica SRL,,0,0,1
1100048538,08/31/2017,Veritecnica SRL,,1,0,0
1100048539,08/31/2017,Veritecnica SRL,,1,0,0
1100048540,08/31/2017,Veritecnica SRL,,1,0,0
1100048541,08/31/2017,Veritecnica SRL,,1,0,0
