Nrocertificado,Fecha,Idtaller,Dominiovehiculo,Aprobado,RechazadoLeveModerado,RechazadoGrave
1200013407,07/21/2017,Veritecnica SRL - AÑELO,,1,0,0
9204000001,07/21/2017,Veritecnica SRL - AÑELO,,0,1,0
1200013408,07/21/2017,Veritecnica SRL - AÑELO,,1,0,0
1200013409,07/21/2017,Veritecnica SRL - AÑELO,,1,0,0
1100045797,07/21/2017,Asociación de Bomberos Voluntarios - San Martín de los Andes,,1,0,0
9101003289,07/21/2017,Asociación de Bomberos Voluntarios - San Martín de los Andes,,0,0,1
1100045798,07/21/2017,Asociación de Bomberos Voluntarios - San Martín de los Andes,,1,0,0
1100045799,07/21/2017,Asociación de Bomberos Voluntarios - San Martín de los Andes,,1,0,0
1100045800,07/21/2017,Asociación de Bomberos Voluntarios - San Martín de los Andes,,1,0,0
1100045801,07/21/2017,Asociación de Bomberos Voluntarios - San Martín de los Andes,,1,0,0
1100045802,07/21/2017,Asociación de Bomberos Voluntarios - San Martín de los Andes,,1,0,0
1100045803,07/21/2017,Asociación de Bomberos Voluntarios - San Martín de los Andes,,1,0,0
1100045804,07/21/2017,Asociación de Bomberos Voluntarios - San Martín de los Andes,,1,0,0
1100045805,07/21/2017,Asociación de Bomberos Voluntarios - San Martín de los Andes,,1,0,0
1100045806,07/21/2017,Asociación de Bomberos Voluntarios - San Martín de los Andes,,1,0,0
1100045807,07/21/2017,Asociación de Bomberos Voluntarios - San Martín de los Andes,,1,0,0
1100045808,07/21/2017,Asociación de Bomberos Voluntarios - San Martín de los Andes,,1,0,0
9101003290,07/21/2017,Asociación de Bomberos Voluntarios - San Martín de los Andes,,0,1,0
9101003291,07/21/2017,Asociación de Bomberos Voluntarios - San Martín de los Andes,,0,1,0
1100045809,07/21/2017,Asociación de Bomberos Voluntarios - San Martín de los Andes,,1,0,0
1100045810,07/21/2017,Asociación de Bomberos Voluntarios - San Martín de los Andes,,1,0,0
1200013137,07/21/2017,Asociación de Bomberos Voluntarios - San Martín de los Andes,,1,0,0
1100045811,07/21/2017,Asociación de Bomberos Voluntarios - San Martín de los Andes,,1,0,0
9101003292,07/21/2017,Asociación de Bomberos Voluntarios - San Martín de los Andes,,0,0,1
9101003293,07/21/2017,Asociación de Bomberos Voluntarios - San Martín de los Andes,,0,0,1
9201000500,07/21/2017,Asociación de Bomberos Voluntarios - San Martín de los Andes,,0,0,1
1100045812,07/21/2017,Asociación de Bomberos Voluntarios - San Martín de los Andes,,1,0,0
9101003294,07/21/2017,Asociación de Bomberos Voluntarios - San Martín de los Andes,,0,1,0
1100045813,07/21/2017,Asociación de Bomberos Voluntarios - San Martín de los Andes,,1,0,0
1100045814,07/21/2017,Asociación de Bomberos Voluntarios - San Martín de los Andes,,1,0,0
1100045815,07/21/2017,Asociación de Bomberos Voluntarios - San Martín de los Andes,,1,0,0
9101003295,07/21/2017,Asociación de Bomberos Voluntarios - San Martín de los Andes,,0,1,0
1100045816,07/21/2017,Asociación de Bomberos Voluntarios - San Martín de los Andes,,1,0,0
1100045817,07/21/2017,Asociación de Bomberos Voluntarios - San Martín de los Andes,,1,0,0
1100045818,07/21/2017,Asociación de Bomberos Voluntarios - San Martín de los Andes,,1,0,0
9101003296,07/21/2017,Asociación de Bomberos Voluntarios - San Martín de los Andes,,0,1,0
9101003297,07/21/2017,Asociación de Bomberos Voluntarios - San Martín de los Andes,,0,0,1
1100045819,07/21/2017,Asociación de Bomberos Voluntarios - San Martín de los Andes,,1,0,0
1100045820,07/21/2017,Asociación de Bomberos Voluntarios - San Martín de los Andes,,1,0,0
1100045821,07/21/2017,Asociación de Bomberos Voluntarios - San Martín de los Andes,,1,0,0
1100045822,07/21/2017,Asociación de Bomberos Voluntarios - San Martín de los Andes,,1,0,0
1100045823,07/21/2017,Asociación de Bomberos Voluntarios - San Martín de los Andes,,1,0,0
1100045824,07/21/2017,Asociación de Bomberos Voluntarios - San Martín de los Andes,,1,0,0
1100045825,07/21/2017,Asociación de Bomberos Voluntarios - San Martín de los Andes,,1,0,0
1100045826,07/21/2017,Asociación de Bomberos Voluntarios - San Martín de los Andes,,1,0,0
9201000501,07/21/2017,Asociación de Bomberos Voluntarios - San Martín de los Andes,,0,1,0
1100045827,07/21/2017,Asociación de Bomberos Voluntarios - San Martín de los Andes,,1,0,0
1100045828,07/22/2017,Asociación de Bomberos Voluntarios - San Martín de los Andes,,1,0,0
1100045829,07/22/2017,Asociación de Bomberos Voluntarios - San Martín de los Andes,,1,0,0
1200013138,07/22/2017,Asociación de Bomberos Voluntarios - San Martín de los Andes,,1,0,0
1100045830,07/22/2017,Asociación de Bomberos Voluntarios - San Martín de los Andes,,1,0,0
1100045831,07/22/2017,Asociación de Bomberos Voluntarios - San Martín de los Andes,,1,0,0
1100045832,07/22/2017,Asociación de Bomberos Voluntarios - San Martín de los Andes,,1,0,0
1100045833,07/22/2017,Asociación de Bomberos Voluntarios - San Martín de los Andes,,1,0,0
1100045834,07/22/2017,Asociación de Bomberos Voluntarios - San Martín de los Andes,,1,0,0
1100045835,07/22/2017,Asociación de Bomberos Voluntarios - San Martín de los Andes,,1,0,0
9101003298,07/22/2017,Asociación de Bomberos Voluntarios - San Martín de los Andes,,0,1,0
1100045836,07/22/2017,Asociación de Bomberos Voluntarios - San Martín de los Andes,,1,0,0
1100045837,07/22/2017,Asociación de Bomberos Voluntarios - San Martín de los Andes,,1,0,0
1100045838,07/22/2017,Asociación de Bomberos Voluntarios - San Martín de los Andes,,1,0,0
1100045839,07/22/2017,Asociación de Bomberos Voluntarios - San Martín de los Andes,,1,0,0
1100045840,07/22/2017,Asociación de Bomberos Voluntarios - San Martín de los Andes,,1,0,0
1100045841,07/22/2017,Asociación de Bomberos Voluntarios - San Martín de los Andes,,1,0,0
1100045842,07/22/2017,Asociación de Bomberos Voluntarios - San Martín de los Andes,,1,0,0
1100044984,07/21/2017,Control SRL,,1,0,0
1100044985,07/21/2017,Control SRL,,1,0,0
9103002620,07/21/2017,Control SRL,,0,0,1
9103002621,07/21/2017,Control SRL,,0,0,1
1100044986,07/21/2017,Control SRL,,1,0,0
9103002622,07/21/2017,Control SRL,,0,0,1
1100044987,07/21/2017,Control SRL,,1,0,0
1200013900,07/21/2017,Control SRL,,1,0,0
1200013898,07/21/2017,Control SRL,,1,0,0
1200013899,07/21/2017,Control SRL,,1,0,0
1100044988,07/21/2017,Control SRL,,1,0,0
1100044989,07/21/2017,Control SRL,,1,0,0
1200014001,07/21/2017,Control SRL,,1,0,0
1200014002,07/21/2017,Control SRL,,1,0,0
1100044990,07/21/2017,Control SRL,,1,0,0
1100044991,07/21/2017,Control SRL,,1,0,0
1100044992,07/21/2017,Control SRL,,1,0,0
1100044993,07/21/2017,Control SRL,,1,0,0
1200014003,07/21/2017,Control SRL,,1,0,0
1200014005,07/21/2017,Control SRL,,1,0,0
1200014004,07/21/2017,Control SRL,,1,0,0
9103002623,07/21/2017,Control SRL,,0,0,1
1100044994,07/21/2017,Control SRL,,1,0,0
1100044995,07/21/2017,Control SRL,,1,0,0
1200014006,07/21/2017,Control SRL,,1,0,0
1100044997,07/21/2017,Control SRL,,1,0,0
9103002624,07/21/2017,Control SRL,,0,0,1
1100044996,07/21/2017,Control SRL,,1,0,0
1100045000,07/21/2017,Control SRL,,1,0,0
1100044998,07/21/2017,Control SRL,,1,0,0
9203000670,07/21/2017,Control SRL,,0,0,1
9103002625,07/21/2017,Control SRL,,0,0,1
1100044999,07/21/2017,Control SRL,,1,0,0
1200014007,07/21/2017,Control SRL,,1,0,0
1200013925,07/21/2017,Veritecnica SRL,,1,0,0
1100046557,07/21/2017,Veritecnica SRL,,1,0,0
1100046558,07/21/2017,Veritecnica SRL,,1,0,0
1200013926,07/21/2017,Veritecnica SRL,,1,0,0
1100046559,07/21/2017,Veritecnica SRL,,1,0,0
1200013927,07/21/2017,Veritecnica SRL,,1,0,0
1100046560,07/21/2017,Veritecnica SRL,,1,0,0
1200013928,07/21/2017,Veritecnica SRL,,1,0,0
1100046561,07/21/2017,Veritecnica SRL,,1,0,0
1100046562,07/21/2017,Veritecnica SRL,,1,0,0
1100046563,07/21/2017,Veritecnica SRL,,1,0,0
9102008225,07/21/2017,Veritecnica SRL,,0,0,1
1100046564,07/21/2017,Veritecnica SRL,,1,0,0
1100046565,07/21/2017,Veritecnica SRL,,1,0,0
1100046566,07/21/2017,Veritecnica SRL,,1,0,0
1100046567,07/21/2017,Veritecnica SRL,,1,0,0
1100046568,07/21/2017,Veritecnica SRL,,1,0,0
1200013929,07/21/2017,Veritecnica SRL,,1,0,0
9102008226,07/21/2017,Veritecnica SRL,,0,0,1
9102008227,07/21/2017,Veritecnica SRL,,0,0,1
1100046569,07/21/2017,Veritecnica SRL,,1,0,0
1100046570,07/21/2017,Veritecnica SRL,,1,0,0
1100046571,07/21/2017,Veritecnica SRL,,1,0,0
9102008228,07/21/2017,Veritecnica SRL,,0,0,1
1100046572,07/21/2017,Veritecnica SRL,,1,0,0
1100046573,07/21/2017,Veritecnica SRL,,1,0,0
1100046574,07/21/2017,Veritecnica SRL,,1,0,0
1100046575,07/21/2017,Veritecnica SRL,,1,0,0
1100046576,07/21/2017,Veritecnica SRL,,1,0,0
1100046577,07/21/2017,Veritecnica SRL,,1,0,0
1200013930,07/21/2017,Veritecnica SRL,,1,0,0
1200013931,07/21/2017,Veritecnica SRL,,1,0,0
1100046578,07/21/2017,Veritecnica SRL,,1,0,0
1100046579,07/21/2017,Veritecnica SRL,,1,0,0
1100046580,07/21/2017,Veritecnica SRL,,1,0,0
1200013932,07/21/2017,Veritecnica SRL,,1,0,0
1100046581,07/21/2017,Veritecnica SRL,,1,0,0
1100046582,07/21/2017,Veritecnica SRL,,1,0,0
9102008229,07/21/2017,Veritecnica SRL,,0,1,0
1100046583,07/21/2017,Veritecnica SRL,,1,0,0
1200013933,07/21/2017,Veritecnica SRL,,1,0,0
9102008230,07/21/2017,Veritecnica SRL,,0,1,0
1100046584,07/21/2017,Veritecnica SRL,,1,0,0
1100046585,07/21/2017,Veritecnica SRL,,1,0,0
1100046586,07/22/2017,Veritecnica SRL,,1,0,0
9102008231,07/22/2017,Veritecnica SRL,,0,0,1
9202001520,07/22/2017,Veritecnica SRL,,0,0,1
1100046587,07/22/2017,Veritecnica SRL,,1,0,0
1100046588,07/22/2017,Veritecnica SRL,,1,0,0
1100046589,07/22/2017,Veritecnica SRL,,1,0,0
9102008232,07/22/2017,Veritecnica SRL,,0,0,1
1200013934,07/22/2017,Veritecnica SRL,,1,0,0
9102008233,07/22/2017,Veritecnica SRL,,0,0,1
1100046590,07/22/2017,Veritecnica SRL,,1,0,0
1100046591,07/22/2017,Veritecnica SRL,,1,0,0
1100046592,07/22/2017,Veritecnica SRL,,1,0,0
1100046593,07/22/2017,Veritecnica SRL,,1,0,0
1100046594,07/22/2017,Veritecnica SRL,,1,0,0
1100046595,07/22/2017,Veritecnica SRL,,1,0,0
9202001521,07/22/2017,Veritecnica SRL,,0,0,1
1200013935,07/22/2017,Veritecnica SRL,,1,0,0
