Nrocertificado,Fecha,Idtaller,Dominiovehiculo,Aprobado,RechazadoLeveModerado,RechazadoGrave
1100048755,09/06/2017,Veritecnica SRL - AÑELO,,1,0,0
1200013432,09/06/2017,Veritecnica SRL - AÑELO,,1,0,0
1200013433,09/07/2017,Veritecnica SRL - AÑELO,,1,0,0
9101003508,09/06/2017,Asociación de Bomberos Voluntarios - San Martín de los Andes,,0,1,0
1100048126,09/06/2017,Asociación de Bomberos Voluntarios - San Martín de los Andes,,1,0,0
1200013191,09/06/2017,Asociación de Bomberos Voluntarios - San Martín de los Andes,,1,0,0
1100048127,09/06/2017,Asociación de Bomberos Voluntarios - San Martín de los Andes,,1,0,0
1100048128,09/06/2017,Asociación de Bomberos Voluntarios - San Martín de los Andes,,1,0,0
1100048129,09/06/2017,Asociación de Bomberos Voluntarios - San Martín de los Andes,,1,0,0
1100048130,09/06/2017,Asociación de Bomberos Voluntarios - San Martín de los Andes,,1,0,0
9101003509,09/06/2017,Asociación de Bomberos Voluntarios - San Martín de los Andes,,0,1,0
1100048131,09/06/2017,Asociación de Bomberos Voluntarios - San Martín de los Andes,,1,0,0
1100048132,09/06/2017,Asociación de Bomberos Voluntarios - San Martín de los Andes,,1,0,0
1100048133,09/06/2017,Asociación de Bomberos Voluntarios - San Martín de los Andes,,1,0,0
1100048134,09/06/2017,Asociación de Bomberos Voluntarios - San Martín de los Andes,,1,0,0
1100048135,09/06/2017,Asociación de Bomberos Voluntarios - San Martín de los Andes,,1,0,0
9101003510,09/06/2017,Asociación de Bomberos Voluntarios - San Martín de los Andes,,0,1,0
1100048136,09/06/2017,Asociación de Bomberos Voluntarios - San Martín de los Andes,,1,0,0
9101003511,09/06/2017,Asociación de Bomberos Voluntarios - San Martín de los Andes,,0,0,1
9101003512,09/06/2017,Asociación de Bomberos Voluntarios - San Martín de los Andes,,0,0,1
1100048137,09/06/2017,Asociación de Bomberos Voluntarios - San Martín de los Andes,,1,0,0
1100048138,09/06/2017,Asociación de Bomberos Voluntarios - San Martín de los Andes,,1,0,0
1100048139,09/06/2017,Asociación de Bomberos Voluntarios - San Martín de los Andes,,1,0,0
1100048140,09/06/2017,Asociación de Bomberos Voluntarios - San Martín de los Andes,,1,0,0
9101003513,09/06/2017,Asociación de Bomberos Voluntarios - San Martín de los Andes,,0,0,1
1100048141,09/06/2017,Asociación de Bomberos Voluntarios - San Martín de los Andes,,1,0,0
1100048142,09/06/2017,Asociación de Bomberos Voluntarios - San Martín de los Andes,,1,0,0
1100048143,09/07/2017,Asociación de Bomberos Voluntarios - San Martín de los Andes,,1,0,0
1100048144,09/07/2017,Asociación de Bomberos Voluntarios - San Martín de los Andes,,1,0,0
9101003514,09/07/2017,Asociación de Bomberos Voluntarios - San Martín de los Andes,,0,1,0
9101003515,09/07/2017,Asociación de Bomberos Voluntarios - San Martín de los Andes,,0,1,0
9101003516,09/07/2017,Asociación de Bomberos Voluntarios - San Martín de los Andes,,0,1,0
1100048145,09/07/2017,Asociación de Bomberos Voluntarios - San Martín de los Andes,,1,0,0
9101003517,09/07/2017,Asociación de Bomberos Voluntarios - San Martín de los Andes,,0,0,1
9101003518,09/07/2017,Asociación de Bomberos Voluntarios - San Martín de los Andes,,0,0,1
1100048146,09/07/2017,Asociación de Bomberos Voluntarios - San Martín de los Andes,,1,0,0
9101003519,09/07/2017,Asociación de Bomberos Voluntarios - San Martín de los Andes,,0,1,0
1100048147,09/07/2017,Asociación de Bomberos Voluntarios - San Martín de los Andes,,1,0,0
1100048148,09/07/2017,Asociación de Bomberos Voluntarios - San Martín de los Andes,,1,0,0
1100048149,09/07/2017,Asociación de Bomberos Voluntarios - San Martín de los Andes,,1,0,0
1100048150,09/07/2017,Asociación de Bomberos Voluntarios - San Martín de los Andes,,1,0,0
1100048151,09/07/2017,Asociación de Bomberos Voluntarios - San Martín de los Andes,,1,0,0
1100048152,09/07/2017,Asociación de Bomberos Voluntarios - San Martín de los Andes,,1,0,0
1100048153,09/07/2017,Asociación de Bomberos Voluntarios - San Martín de los Andes,,1,0,0
1100048154,09/07/2017,Asociación de Bomberos Voluntarios - San Martín de los Andes,,1,0,0
9101003520,09/07/2017,Asociación de Bomberos Voluntarios - San Martín de los Andes,,0,1,0
9101003521,09/07/2017,Asociación de Bomberos Voluntarios - San Martín de los Andes,,0,1,0
1100048155,09/07/2017,Asociación de Bomberos Voluntarios - San Martín de los Andes,,1,0,0
1100048156,09/07/2017,Asociación de Bomberos Voluntarios - San Martín de los Andes,,1,0,0
1100048157,09/07/2017,Asociación de Bomberos Voluntarios - San Martín de los Andes,,1,0,0
1100048158,09/07/2017,Asociación de Bomberos Voluntarios - San Martín de los Andes,,1,0,0
1200013192,09/07/2017,Asociación de Bomberos Voluntarios - San Martín de los Andes,,1,0,0
1100048159,09/07/2017,Asociación de Bomberos Voluntarios - San Martín de los Andes,,1,0,0
1100048280,09/06/2017,Control SRL,,1,0,0
1100048281,09/06/2017,Control SRL,,1,0,0
9203000705,09/06/2017,Control SRL,,0,0,1
1100048282,09/06/2017,Control SRL,,1,0,0
1200014541,09/06/2017,Control SRL,,1,0,0
1100048283,09/06/2017,Control SRL,,1,0,0
1200014540,09/06/2017,Control SRL,,1,0,0
1100048284,09/06/2017,Control SRL,,1,0,0
1100048285,09/06/2017,Control SRL,,1,0,0
1100048286,09/06/2017,Control SRL,,1,0,0
1100048287,09/06/2017,Control SRL,,1,0,0
1100048288,09/06/2017,Control SRL,,1,0,0
9103002715,09/06/2017,Control SRL,,0,0,1
9103002716,09/06/2017,Control SRL,,0,0,1
1100048291,09/06/2017,Control SRL,,1,0,0
1100048289,09/07/2017,Control SRL,,1,0,0
1100048290,09/07/2017,Control SRL,,1,0,0
1200014542,09/07/2017,Control SRL,,1,0,0
1100048292,09/07/2017,Control SRL,,1,0,0
1100048293,09/07/2017,Control SRL,,1,0,0
1200014543,09/07/2017,Control SRL,,1,0,0
9203000706,09/07/2017,Control SRL,,0,0,1
1100048294,09/07/2017,Control SRL,,1,0,0
1100048295,09/07/2017,Control SRL,,1,0,0
9203000707,09/07/2017,Control SRL,,0,0,1
1100048296,09/07/2017,Control SRL,,1,0,0
1100048297,09/07/2017,Control SRL,,1,0,0
9103002717,09/07/2017,Control SRL,,0,0,1
1100048298,09/07/2017,Control SRL,,1,0,0
1200014544,09/07/2017,Control SRL,,1,0,0
1200014545,09/07/2017,Control SRL,,1,0,0
1200014546,09/07/2017,Control SRL,,1,0,0
1200014547,09/07/2017,Control SRL,,1,0,0
1200014548,09/07/2017,Control SRL,,1,0,0
1100048299,09/07/2017,Control SRL,,1,0,0
9103002718,09/07/2017,Control SRL,,0,0,1
1100048300,09/07/2017,Control SRL,,1,0,0
1100048301,09/07/2017,Control SRL,,1,0,0
1100048302,09/07/2017,Control SRL,,1,0,0
1200014549,09/07/2017,Control SRL,,1,0,0
1100048303,09/07/2017,Control SRL,,1,0,0
1100048304,09/07/2017,Control SRL,,1,0,0
1200014550,09/07/2017,Control SRL,,1,0,0
1200014551,09/07/2017,Control SRL,,1,0,0
9103002719,09/07/2017,Control SRL,,0,0,1
1100048305,09/07/2017,Control SRL,,1,0,0
1200014552,09/07/2017,Control SRL,,1,0,0
1100048307,09/07/2017,Control SRL,,1,0,0
1100048306,09/07/2017,Control SRL,,1,0,0
1100048308,09/07/2017,Control SRL,,1,0,0
1100048644,09/06/2017,Veritecnica SRL,,1,0,0
1100048645,09/06/2017,Veritecnica SRL,,1,0,0
9102008486,09/06/2017,Veritecnica SRL,,0,0,1
9102008487,09/06/2017,Veritecnica SRL,,0,0,1
1200014744,09/06/2017,Veritecnica SRL,,1,0,0
9102008488,09/06/2017,Veritecnica SRL,,0,1,0
9102008489,09/06/2017,Veritecnica SRL,,0,0,1
9102008490,09/06/2017,Veritecnica SRL,,0,1,0
1200014745,09/06/2017,Veritecnica SRL,,1,0,0
1100048646,09/06/2017,Veritecnica SRL,,1,0,0
1100048647,09/06/2017,Veritecnica SRL,,1,0,0
1100048648,09/06/2017,Veritecnica SRL,,1,0,0
1100048649,09/06/2017,Veritecnica SRL,,1,0,0
9102008491,09/06/2017,Veritecnica SRL,,0,0,1
1100048650,09/06/2017,Veritecnica SRL,,1,0,0
1100048651,09/06/2017,Veritecnica SRL,,1,0,0
1100048653,09/06/2017,Veritecnica SRL,,1,0,0
1100048652,09/06/2017,Veritecnica SRL,,1,0,0
9102008492,09/06/2017,Veritecnica SRL,,0,1,0
1100048654,09/06/2017,Veritecnica SRL,,1,0,0
9102008493,09/06/2017,Veritecnica SRL,,0,0,1
1100048655,09/06/2017,Veritecnica SRL,,1,0,0
9102008494,09/06/2017,Veritecnica SRL,,0,0,1
9102008495,09/06/2017,Veritecnica SRL,,0,0,1
1100048656,09/06/2017,Veritecnica SRL,,1,0,0
1100048657,09/06/2017,Veritecnica SRL,,1,0,0
1200014746,09/06/2017,Veritecnica SRL,,1,0,0
1200014747,09/06/2017,Veritecnica SRL,,1,0,0
1100048658,09/06/2017,Veritecnica SRL,,1,0,0
9202001621,09/06/2017,Veritecnica SRL,,0,0,1
1100048659,09/06/2017,Veritecnica SRL,,1,0,0
1100048660,09/06/2017,Veritecnica SRL,,1,0,0
9102008496,09/06/2017,Veritecnica SRL,,0,0,1
1100048661,09/06/2017,Veritecnica SRL,,1,0,0
1200014748,09/06/2017,Veritecnica SRL,,1,0,0
1200014749,09/06/2017,Veritecnica SRL,,1,0,0
1100048662,09/06/2017,Veritecnica SRL,,1,0,0
1100048663,09/06/2017,Veritecnica SRL,,1,0,0
1200014750,09/06/2017,Veritecnica SRL,,1,0,0
1100048664,09/06/2017,Veritecnica SRL,,1,0,0
1100048665,09/06/2017,Veritecnica SRL,,1,0,0
1200014751,09/06/2017,Veritecnica SRL,,1,0,0
9102008497,09/06/2017,Veritecnica SRL,,0,0,1
9102008498,09/06/2017,Veritecnica SRL,,0,0,1
1100048666,09/06/2017,Veritecnica SRL,,1,0,0
1100048667,09/06/2017,Veritecnica SRL,,1,0,0
1100048668,09/06/2017,Veritecnica SRL,,1,0,0
1100048669,09/06/2017,Veritecnica SRL,,1,0,0
1100048670,09/06/2017,Veritecnica SRL,,1,0,0
1100048671,09/06/2017,Veritecnica SRL,,1,0,0
1100048672,09/06/2017,Veritecnica SRL,,1,0,0
1100048673,09/06/2017,Veritecnica SRL,,1,0,0
1100048674,09/07/2017,Veritecnica SRL,,1,0,0
1100048675,09/07/2017,Veritecnica SRL,,1,0,0
1200014752,09/07/2017,Veritecnica SRL,,1,0,0
1100048676,09/07/2017,Veritecnica SRL,,1,0,0
1100048677,09/07/2017,Veritecnica SRL,,1,0,0
1100048678,09/07/2017,Veritecnica SRL,,1,0,0
1200014753,09/07/2017,Veritecnica SRL,,1,0,0
1100048679,09/07/2017,Veritecnica SRL,,1,0,0
9102008499,09/07/2017,Veritecnica SRL,,0,0,1
1100048680,09/07/2017,Veritecnica SRL,,1,0,0
1200014754,09/07/2017,Veritecnica SRL,,1,0,0
1100048681,09/07/2017,Veritecnica SRL,,1,0,0
9102008500,09/07/2017,Veritecnica SRL,,0,0,1
1200014755,09/07/2017,Veritecnica SRL,,1,0,0
9202001622,09/07/2017,Veritecnica SRL,,0,0,1
1100048682,09/07/2017,Veritecnica SRL,,1,0,0
1100048683,09/07/2017,Veritecnica SRL,,1,0,0
1100048684,09/07/2017,Veritecnica SRL,,1,0,0
9102008501,09/07/2017,Veritecnica SRL,,0,0,1
1200014756,09/07/2017,Veritecnica SRL,,1,0,0
1100048685,09/07/2017,Veritecnica SRL,,1,0,0
1100048686,09/07/2017,Veritecnica SRL,,1,0,0
9102008502,09/07/2017,Veritecnica SRL,,0,0,1
1100048687,09/07/2017,Veritecnica SRL,,1,0,0
1100048688,09/07/2017,Veritecnica SRL,,1,0,0
9102008503,09/07/2017,Veritecnica SRL,,0,0,1
1200014757,09/07/2017,Veritecnica SRL,,1,0,0
1100048689,09/07/2017,Veritecnica SRL,,1,0,0
1100048690,09/07/2017,Veritecnica SRL,,1,0,0
1100048691,09/07/2017,Veritecnica SRL,,1,0,0
1100048692,09/07/2017,Veritecnica SRL,,1,0,0
1200014758,09/07/2017,Veritecnica SRL,,1,0,0
1100048693,09/07/2017,Veritecnica SRL,,1,0,0
9102008504,09/07/2017,Veritecnica SRL,,0,0,1
1200014759,09/07/2017,Veritecnica SRL,,1,0,0
1200014760,09/07/2017,Veritecnica SRL,,1,0,0
1200014761,09/07/2017,Veritecnica SRL,,1,0,0
1100048694,09/07/2017,Veritecnica SRL,,1,0,0
9102008505,09/07/2017,Veritecnica SRL,,0,0,1
1100048695,09/07/2017,Veritecnica SRL,,1,0,0
1100048696,09/07/2017,Veritecnica SRL,,1,0,0
1200014762,09/07/2017,Veritecnica SRL,,1,0,0
1100048697,09/07/2017,Veritecnica SRL,,1,0,0
