Nrocertificado,Fecha,Idtaller,Dominiovehiculo,Aprobado,RechazadoLeveModerado,RechazadoGrave
1100053727,12/09/2017,Asociación de Bomberos Voluntarios - San Martín de los Andes,,1,0,0
1100053728,12/09/2017,Asociación de Bomberos Voluntarios - San Martín de los Andes,,1,0,0
1100053729,12/09/2017,Asociación de Bomberos Voluntarios - San Martín de los Andes,,1,0,0
9101003784,12/09/2017,Asociación de Bomberos Voluntarios - San Martín de los Andes,,0,1,0
1100053730,12/09/2017,Asociación de Bomberos Voluntarios - San Martín de los Andes,,1,0,0
1100053731,12/09/2017,Asociación de Bomberos Voluntarios - San Martín de los Andes,,1,0,0
1200015828,12/09/2017,Asociación de Bomberos Voluntarios - San Martín de los Andes,,1,0,0
1200015829,12/09/2017,Asociación de Bomberos Voluntarios - San Martín de los Andes,,1,0,0
1100053732,12/09/2017,Asociación de Bomberos Voluntarios - San Martín de los Andes,,1,0,0
1100053733,12/09/2017,Asociación de Bomberos Voluntarios - San Martín de los Andes,,1,0,0
1100054257,12/09/2017,Veritecnica SRL,,1,0,0
9102009126,12/09/2017,Veritecnica SRL,,0,1,0
1100054258,12/09/2017,Veritecnica SRL,,1,0,0
1100054256,12/09/2017,Veritecnica SRL,,1,0,0
1100054259,12/09/2017,Veritecnica SRL,,1,0,0
1100054260,12/09/2017,Veritecnica SRL,,1,0,0
1100054261,12/09/2017,Veritecnica SRL,,1,0,0
1100054262,12/09/2017,Veritecnica SRL,,1,0,0
1100054263,12/09/2017,Veritecnica SRL,,1,0,0
1100054264,12/09/2017,Veritecnica SRL,,1,0,0
1100054265,12/09/2017,Veritecnica SRL,,1,0,0
1100054266,12/09/2017,Veritecnica SRL,,1,0,0
1100054267,12/09/2017,Veritecnica SRL,,1,0,0
9202001797,12/09/2017,Veritecnica SRL,,0,0,1
1100054268,12/09/2017,Veritecnica SRL,,1,0,0
1100054269,12/09/2017,Veritecnica SRL,,1,0,0
9102009127,12/09/2017,Veritecnica SRL,,0,1,0
1100054271,12/09/2017,Veritecnica SRL,,1,0,0
1100054272,12/09/2017,Veritecnica SRL,,1,0,0
1100054270,12/09/2017,Veritecnica SRL,,1,0,0
1100054273,12/09/2017,Veritecnica SRL,,1,0,0
1100054274,12/09/2017,Veritecnica SRL,,1,0,0
1100054275,12/09/2017,Veritecnica SRL,,1,0,0
1100054276,12/09/2017,Veritecnica SRL,,1,0,0
1100054277,12/09/2017,Veritecnica SRL,,1,0,0
1100054278,12/09/2017,Veritecnica SRL,,1,0,0
1100054279,12/09/2017,Veritecnica SRL,,1,0,0
9102009128,12/09/2017,Veritecnica SRL,,0,1,0
1200016183,12/09/2017,Veritecnica SRL,,1,0,0
1100054280,12/09/2017,Veritecnica SRL,,1,0,0
1100054281,12/09/2017,Veritecnica SRL,,1,0,0
1100054282,12/09/2017,Veritecnica SRL,,1,0,0
1100054283,12/09/2017,Veritecnica SRL,,1,0,0
1200016184,12/09/2017,Veritecnica SRL,,1,0,0
1100054284,12/09/2017,Veritecnica SRL,,1,0,0
1100054285,12/09/2017,Veritecnica SRL,,1,0,0
9102009129,12/09/2017,Veritecnica SRL,,0,1,0
1100054286,12/09/2017,Veritecnica SRL,,1,0,0
1200016185,12/09/2017,Veritecnica SRL,,1,0,0
1100054287,12/09/2017,Veritecnica SRL,,1,0,0
9102009130,12/09/2017,Veritecnica SRL,,0,1,0
1100054288,12/09/2017,Veritecnica SRL,,1,0,0
9102009131,12/09/2017,Veritecnica SRL,,0,1,0
9102009132,12/09/2017,Veritecnica SRL,,0,0,1
1200016186,12/09/2017,Veritecnica SRL,,1,0,0
