Nrocertificado,Fecha,Idtaller,Dominiovehiculo,Aprobado,RechazadoLeveModerado,RechazadoGrave
1100043383,06/02/2017,Asociación de Bomberos Voluntarios - San Martín de los Andes,,1,0,0
1100043384,06/02/2017,Asociación de Bomberos Voluntarios - San Martín de los Andes,,1,0,0
1100043385,06/02/2017,Asociación de Bomberos Voluntarios - San Martín de los Andes,,1,0,0
1100043386,06/02/2017,Asociación de Bomberos Voluntarios - San Martín de los Andes,,1,0,0
1100043387,06/02/2017,Asociación de Bomberos Voluntarios - San Martín de los Andes,,1,0,0
1100043388,06/02/2017,Asociación de Bomberos Voluntarios - San Martín de los Andes,,1,0,0
1100043389,06/02/2017,Asociación de Bomberos Voluntarios - San Martín de los Andes,,1,0,0
1100043390,06/02/2017,Asociación de Bomberos Voluntarios - San Martín de los Andes,,1,0,0
1100043391,06/02/2017,Asociación de Bomberos Voluntarios - San Martín de los Andes,,1,0,0
9201000486,06/02/2017,Asociación de Bomberos Voluntarios - San Martín de los Andes,,0,1,0
1100043392,06/02/2017,Asociación de Bomberos Voluntarios - San Martín de los Andes,,1,0,0
1100043393,06/02/2017,Asociación de Bomberos Voluntarios - San Martín de los Andes,,1,0,0
1100043394,06/02/2017,Asociación de Bomberos Voluntarios - San Martín de los Andes,,1,0,0
1100043395,06/02/2017,Asociación de Bomberos Voluntarios - San Martín de los Andes,,1,0,0
1100043396,06/02/2017,Asociación de Bomberos Voluntarios - San Martín de los Andes,,1,0,0
1100043397,06/02/2017,Asociación de Bomberos Voluntarios - San Martín de los Andes,,1,0,0
1100043398,06/02/2017,Asociación de Bomberos Voluntarios - San Martín de los Andes,,1,0,0
1100043399,06/02/2017,Asociación de Bomberos Voluntarios - San Martín de los Andes,,1,0,0
1200012772,06/02/2017,Asociación de Bomberos Voluntarios - San Martín de los Andes,,1,0,0
1200012773,06/02/2017,Asociación de Bomberos Voluntarios - San Martín de los Andes,,1,0,0
1100043400,06/02/2017,Asociación de Bomberos Voluntarios - San Martín de los Andes,,1,0,0
1100043401,06/02/2017,Asociación de Bomberos Voluntarios - San Martín de los Andes,,1,0,0
1100043402,06/02/2017,Asociación de Bomberos Voluntarios - San Martín de los Andes,,1,0,0
1200012774,06/02/2017,Asociación de Bomberos Voluntarios - San Martín de los Andes,,1,0,0
1200012775,06/02/2017,Asociación de Bomberos Voluntarios - San Martín de los Andes,,1,0,0
1100043403,06/02/2017,Asociación de Bomberos Voluntarios - San Martín de los Andes,,1,0,0
1100043404,06/02/2017,Asociación de Bomberos Voluntarios - San Martín de los Andes,,1,0,0
1100043405,06/02/2017,Asociación de Bomberos Voluntarios - San Martín de los Andes,,1,0,0
1100043406,06/02/2017,Asociación de Bomberos Voluntarios - San Martín de los Andes,,1,0,0
1200012776,06/02/2017,Asociación de Bomberos Voluntarios - San Martín de los Andes,,1,0,0
1100043407,06/02/2017,Asociación de Bomberos Voluntarios - San Martín de los Andes,,1,0,0
1100043408,06/02/2017,Asociación de Bomberos Voluntarios - San Martín de los Andes,,1,0,0
1100043409,06/02/2017,Asociación de Bomberos Voluntarios - San Martín de los Andes,,1,0,0
1100043410,06/02/2017,Asociación de Bomberos Voluntarios - San Martín de los Andes,,1,0,0
1100043411,06/02/2017,Asociación de Bomberos Voluntarios - San Martín de los Andes,,1,0,0
9101003057,06/02/2017,Asociación de Bomberos Voluntarios - San Martín de los Andes,,0,0,1
1100043412,06/02/2017,Asociación de Bomberos Voluntarios - San Martín de los Andes,,1,0,0
1100043413,06/02/2017,Asociación de Bomberos Voluntarios - San Martín de los Andes,,1,0,0
1100043414,06/02/2017,Asociación de Bomberos Voluntarios - San Martín de los Andes,,1,0,0
1100043415,06/02/2017,Asociación de Bomberos Voluntarios - San Martín de los Andes,,1,0,0
1100043416,06/02/2017,Asociación de Bomberos Voluntarios - San Martín de los Andes,,1,0,0
1100043417,06/02/2017,Asociación de Bomberos Voluntarios - San Martín de los Andes,,1,0,0
1100043418,06/02/2017,Asociación de Bomberos Voluntarios - San Martín de los Andes,,1,0,0
1100043419,06/02/2017,Asociación de Bomberos Voluntarios - San Martín de los Andes,,1,0,0
1100043420,06/02/2017,Asociación de Bomberos Voluntarios - San Martín de los Andes,,1,0,0
1100043421,06/02/2017,Asociación de Bomberos Voluntarios - San Martín de los Andes,,1,0,0
1100043422,06/03/2017,Asociación de Bomberos Voluntarios - San Martín de los Andes,,1,0,0
1100043423,06/03/2017,Asociación de Bomberos Voluntarios - San Martín de los Andes,,1,0,0
1100043424,06/03/2017,Asociación de Bomberos Voluntarios - San Martín de los Andes,,1,0,0
9101003058,06/03/2017,Asociación de Bomberos Voluntarios - San Martín de los Andes,,0,1,0
9101003059,06/03/2017,Asociación de Bomberos Voluntarios - San Martín de los Andes,,0,0,1
1100043425,06/03/2017,Asociación de Bomberos Voluntarios - San Martín de los Andes,,1,0,0
1100043426,06/03/2017,Asociación de Bomberos Voluntarios - San Martín de los Andes,,1,0,0
1100043427,06/03/2017,Asociación de Bomberos Voluntarios - San Martín de los Andes,,1,0,0
1100043428,06/03/2017,Asociación de Bomberos Voluntarios - San Martín de los Andes,,1,0,0
1100043429,06/03/2017,Asociación de Bomberos Voluntarios - San Martín de los Andes,,1,0,0
9101003060,06/03/2017,Asociación de Bomberos Voluntarios - San Martín de los Andes,,0,1,0
1100043430,06/03/2017,Asociación de Bomberos Voluntarios - San Martín de los Andes,,1,0,0
1100042698,06/02/2017,Control SRL,,1,0,0
1200013012,06/02/2017,Control SRL,,1,0,0
1100042697,06/02/2017,Control SRL,,1,0,0
9203000647,06/02/2017,Control SRL,,0,0,1
1100042699,06/02/2017,Control SRL,,1,0,0
1100042700,06/02/2017,Control SRL,,1,0,0
1100042701,06/02/2017,Control SRL,,1,0,0
1100042702,06/02/2017,Control SRL,,1,0,0
9103002506,06/02/2017,Control SRL,,0,0,1
1100042703,06/02/2017,Control SRL,,1,0,0
1200013013,06/02/2017,Control SRL,,1,0,0
9103002507,06/02/2017,Control SRL,,0,0,1
1100042704,06/02/2017,Control SRL,,1,0,0
1100042705,06/02/2017,Control SRL,,1,0,0
9203000648,06/02/2017,Control SRL,,0,0,1
1100042706,06/02/2017,Control SRL,,1,0,0
1200013014,06/02/2017,Control SRL,,1,0,0
1100042707,06/02/2017,Control SRL,,1,0,0
1100042708,06/02/2017,Control SRL,,1,0,0
1100042709,06/02/2017,Control SRL,,1,0,0
1100042710,06/02/2017,Control SRL,,1,0,0
1100042712,06/02/2017,Control SRL,,1,0,0
1100042711,06/02/2017,Control SRL,,1,0,0
1200013015,06/02/2017,Control SRL,,1,0,0
9103002508,06/02/2017,Control SRL,,0,0,1
9103002509,06/02/2017,Control SRL,,0,0,1
1100042713,06/02/2017,Control SRL,,1,0,0
1100042714,06/02/2017,Control SRL,,1,0,0
1100042715,06/02/2017,Control SRL,,1,0,0
9203000649,06/02/2017,Control SRL,,0,0,1
1100042716,06/02/2017,Control SRL,,1,0,0
1200013016,06/02/2017,Control SRL,,1,0,0
1200013018,06/02/2017,Control SRL,,1,0,0
1100042717,06/02/2017,Control SRL,,1,0,0
1100042718,06/02/2017,Control SRL,,1,0,0
1100042719,06/02/2017,Control SRL,,1,0,0
1100042720,06/02/2017,Control SRL,,1,0,0
1200013017,06/02/2017,Control SRL,,1,0,0
1200013019,06/02/2017,Control SRL,,1,0,0
1100043639,06/02/2017,Veritecnica SRL,,1,0,0
1100043640,06/02/2017,Veritecnica SRL,,1,0,0
1200012880,06/02/2017,Veritecnica SRL,,1,0,0
1100043641,06/02/2017,Veritecnica SRL,,1,0,0
1100043642,06/02/2017,Veritecnica SRL,,1,0,0
9102007854,06/02/2017,Veritecnica SRL,,0,0,1
1100043643,06/02/2017,Veritecnica SRL,,1,0,0
1100043644,06/02/2017,Veritecnica SRL,,1,0,0
1100043645,06/02/2017,Veritecnica SRL,,1,0,0
1100043646,06/02/2017,Veritecnica SRL,,1,0,0
1100043647,06/02/2017,Veritecnica SRL,,1,0,0
1200012881,06/02/2017,Veritecnica SRL,,1,0,0
1200012882,06/02/2017,Veritecnica SRL,,1,0,0
9202001422,06/02/2017,Veritecnica SRL,,0,0,1
1200012883,06/02/2017,Veritecnica SRL,,1,0,0
1100043648,06/02/2017,Veritecnica SRL,,1,0,0
9102007856,06/02/2017,Veritecnica SRL,,0,1,0
1200012884,06/02/2017,Veritecnica SRL,,1,0,0
1100043649,06/02/2017,Veritecnica SRL,,1,0,0
1100043650,06/02/2017,Veritecnica SRL,,1,0,0
1200012885,06/02/2017,Veritecnica SRL,,1,0,0
1100043651,06/02/2017,Veritecnica SRL,,1,0,0
1100043652,06/02/2017,Veritecnica SRL,,1,0,0
9202001423,06/02/2017,Veritecnica SRL,,0,0,1
1200012886,06/02/2017,Veritecnica SRL,,1,0,0
9202001424,06/02/2017,Veritecnica SRL,,0,0,1
1100043653,06/02/2017,Veritecnica SRL,,1,0,0
1100043654,06/02/2017,Veritecnica SRL,,1,0,0
1100043655,06/02/2017,Veritecnica SRL,,1,0,0
1100043656,06/02/2017,Veritecnica SRL,,1,0,0
1100043657,06/02/2017,Veritecnica SRL,,1,0,0
9102007857,06/02/2017,Veritecnica SRL,,0,1,0
1200012887,06/02/2017,Veritecnica SRL,,1,0,0
1100043658,06/02/2017,Veritecnica SRL,,1,0,0
1100043659,06/02/2017,Veritecnica SRL,,1,0,0
1200012888,06/02/2017,Veritecnica SRL,,1,0,0
9202001425,06/02/2017,Veritecnica SRL,,0,0,1
9202001426,06/02/2017,Veritecnica SRL,,0,0,1
1100043660,06/02/2017,Veritecnica SRL,,1,0,0
1200012889,06/02/2017,Veritecnica SRL,,1,0,0
9102007858,06/02/2017,Veritecnica SRL,,0,0,1
1100043661,06/02/2017,Veritecnica SRL,,1,0,0
9202001427,06/02/2017,Veritecnica SRL,,0,0,1
1200012890,06/02/2017,Veritecnica SRL,,1,0,0
1100043662,06/02/2017,Veritecnica SRL,,1,0,0
1100043663,06/02/2017,Veritecnica SRL,,1,0,0
1100043664,06/02/2017,Veritecnica SRL,,1,0,0
9102007859,06/02/2017,Veritecnica SRL,,0,1,0
9102007860,06/02/2017,Veritecnica SRL,,0,0,1
1100043665,06/02/2017,Veritecnica SRL,,1,0,0
9102007861,06/03/2017,Veritecnica SRL,,0,0,1
9102007862,06/03/2017,Veritecnica SRL,,0,0,1
1100043666,06/03/2017,Veritecnica SRL,,1,0,0
1200012891,06/03/2017,Veritecnica SRL,,1,0,0
1100043667,06/03/2017,Veritecnica SRL,,1,0,0
1100043668,06/03/2017,Veritecnica SRL,,1,0,0
1100043669,06/03/2017,Veritecnica SRL,,1,0,0
9102007863,06/03/2017,Veritecnica SRL,,0,0,1
1100043670,06/03/2017,Veritecnica SRL,,1,0,0
1100043671,06/03/2017,Veritecnica SRL,,1,0,0
1100043672,06/03/2017,Veritecnica SRL,,1,0,0
1100043673,06/03/2017,Veritecnica SRL,,1,0,0
1100043674,06/03/2017,Veritecnica SRL,,1,0,0
1100043675,06/03/2017,Veritecnica SRL,,1,0,0
1200012892,06/03/2017,Veritecnica SRL,,1,0,0
9202001428,06/03/2017,Veritecnica SRL,,0,0,1
1100043676,06/03/2017,Veritecnica SRL,,1,0,0
1200012893,06/03/2017,Veritecnica SRL,,1,0,0
1100043677,06/03/2017,Veritecnica SRL,,1,0,0
1100043678,06/03/2017,Veritecnica SRL,,1,0,0
1100043679,06/03/2017,Veritecnica SRL,,1,0,0
1100043680,06/03/2017,Veritecnica SRL,,1,0,0
9202001429,06/03/2017,Veritecnica SRL,,0,0,1
