Nrocertificado,Fecha,Idtaller,Dominiovehiculo,Aprobado,RechazadoLeveModerado,RechazadoGrave
1100043193,05/26/2017,Asociación de Bomberos Voluntarios - San Martín de los Andes,,1,0,0
1100043194,05/26/2017,Asociación de Bomberos Voluntarios - San Martín de los Andes,,1,0,0
1100043195,05/26/2017,Asociación de Bomberos Voluntarios - San Martín de los Andes,,1,0,0
1100043196,05/26/2017,Asociación de Bomberos Voluntarios - San Martín de los Andes,,1,0,0
1100043197,05/26/2017,Asociación de Bomberos Voluntarios - San Martín de los Andes,,1,0,0
1100043198,05/26/2017,Asociación de Bomberos Voluntarios - San Martín de los Andes,,1,0,0
1100043199,05/26/2017,Asociación de Bomberos Voluntarios - San Martín de los Andes,,1,0,0
1100043200,05/26/2017,Asociación de Bomberos Voluntarios - San Martín de los Andes,,1,0,0
1100043201,05/26/2017,Asociación de Bomberos Voluntarios - San Martín de los Andes,,1,0,0
1100043202,05/26/2017,Asociación de Bomberos Voluntarios - San Martín de los Andes,,1,0,0
1100043203,05/26/2017,Asociación de Bomberos Voluntarios - San Martín de los Andes,,1,0,0
1100043204,05/26/2017,Asociación de Bomberos Voluntarios - San Martín de los Andes,,1,0,0
1100043205,05/26/2017,Asociación de Bomberos Voluntarios - San Martín de los Andes,,1,0,0
1100043206,05/26/2017,Asociación de Bomberos Voluntarios - San Martín de los Andes,,1,0,0
1200012762,05/26/2017,Asociación de Bomberos Voluntarios - San Martín de los Andes,,1,0,0
1100043207,05/26/2017,Asociación de Bomberos Voluntarios - San Martín de los Andes,,1,0,0
1100043208,05/26/2017,Asociación de Bomberos Voluntarios - San Martín de los Andes,,1,0,0
1100043209,05/26/2017,Asociación de Bomberos Voluntarios - San Martín de los Andes,,1,0,0
1100043210,05/26/2017,Asociación de Bomberos Voluntarios - San Martín de los Andes,,1,0,0
9101003023,05/26/2017,Asociación de Bomberos Voluntarios - San Martín de los Andes,,0,1,0
1100043211,05/26/2017,Asociación de Bomberos Voluntarios - San Martín de los Andes,,1,0,0
9101003024,05/26/2017,Asociación de Bomberos Voluntarios - San Martín de los Andes,,0,0,1
1100043212,05/26/2017,Asociación de Bomberos Voluntarios - San Martín de los Andes,,1,0,0
1100043213,05/26/2017,Asociación de Bomberos Voluntarios - San Martín de los Andes,,1,0,0
1100043214,05/26/2017,Asociación de Bomberos Voluntarios - San Martín de los Andes,,1,0,0
1100043215,05/26/2017,Asociación de Bomberos Voluntarios - San Martín de los Andes,,1,0,0
1100043216,05/26/2017,Asociación de Bomberos Voluntarios - San Martín de los Andes,,1,0,0
1100043217,05/26/2017,Asociación de Bomberos Voluntarios - San Martín de los Andes,,1,0,0
1100043218,05/26/2017,Asociación de Bomberos Voluntarios - San Martín de los Andes,,1,0,0
9101003025,05/26/2017,Asociación de Bomberos Voluntarios - San Martín de los Andes,,0,1,0
1100043219,05/26/2017,Asociación de Bomberos Voluntarios - San Martín de los Andes,,1,0,0
1100043220,05/26/2017,Asociación de Bomberos Voluntarios - San Martín de los Andes,,1,0,0
1100043221,05/26/2017,Asociación de Bomberos Voluntarios - San Martín de los Andes,,1,0,0
9101003026,05/26/2017,Asociación de Bomberos Voluntarios - San Martín de los Andes,,0,0,1
1100043222,05/26/2017,Asociación de Bomberos Voluntarios - San Martín de los Andes,,1,0,0
9101003027,05/26/2017,Asociación de Bomberos Voluntarios - San Martín de los Andes,,0,1,0
1100043223,05/26/2017,Asociación de Bomberos Voluntarios - San Martín de los Andes,,1,0,0
1100043224,05/26/2017,Asociación de Bomberos Voluntarios - San Martín de los Andes,,1,0,0
1100043225,05/26/2017,Asociación de Bomberos Voluntarios - San Martín de los Andes,,1,0,0
1100043226,05/26/2017,Asociación de Bomberos Voluntarios - San Martín de los Andes,,1,0,0
1100043227,05/26/2017,Asociación de Bomberos Voluntarios - San Martín de los Andes,,1,0,0
1100043228,05/26/2017,Asociación de Bomberos Voluntarios - San Martín de los Andes,,1,0,0
9101003028,05/26/2017,Asociación de Bomberos Voluntarios - San Martín de los Andes,,0,0,1
1100043229,05/26/2017,Asociación de Bomberos Voluntarios - San Martín de los Andes,,1,0,0
9101003029,05/26/2017,Asociación de Bomberos Voluntarios - San Martín de los Andes,,0,0,1
1100043230,05/26/2017,Asociación de Bomberos Voluntarios - San Martín de los Andes,,1,0,0
1100043231,05/26/2017,Asociación de Bomberos Voluntarios - San Martín de los Andes,,1,0,0
1100043232,05/26/2017,Asociación de Bomberos Voluntarios - San Martín de los Andes,,1,0,0
1100042610,05/26/2017,Control SRL,,1,0,0
1100042611,05/26/2017,Control SRL,,1,0,0
1200012832,05/26/2017,Control SRL,,1,0,0
1100042612,05/26/2017,Control SRL,,1,0,0
1100042613,05/26/2017,Control SRL,,1,0,0
1100042614,05/26/2017,Control SRL,,1,0,0
1100042615,05/26/2017,Control SRL,,1,0,0
1200012833,05/26/2017,Control SRL,,1,0,0
1100042616,05/26/2017,Control SRL,,1,0,0
1100042617,05/26/2017,Control SRL,,1,0,0
1200012834,05/26/2017,Control SRL,,1,0,0
1100042618,05/26/2017,Control SRL,,1,0,0
1100042619,05/26/2017,Control SRL,,1,0,0
1100042620,05/26/2017,Control SRL,,1,0,0
9203000642,05/26/2017,Control SRL,,0,0,1
9103002498,05/26/2017,Control SRL,,0,0,1
1100042621,05/26/2017,Control SRL,,1,0,0
1100042622,05/26/2017,Control SRL,,1,0,0
1100042623,05/26/2017,Control SRL,,1,0,0
1100042624,05/26/2017,Control SRL,,1,0,0
1100042625,05/26/2017,Control SRL,,1,0,0
1100042626,05/26/2017,Control SRL,,1,0,0
1100042627,05/26/2017,Control SRL,,1,0,0
1100042628,05/26/2017,Control SRL,,1,0,0
9103002499,05/26/2017,Control SRL,,0,0,1
1100042629,05/26/2017,Control SRL,,1,0,0
1100042630,05/26/2017,Control SRL,,1,0,0
1200012835,05/26/2017,Control SRL,,1,0,0
1100042631,05/26/2017,Control SRL,,1,0,0
1100042632,05/26/2017,Control SRL,,1,0,0
1100042633,05/26/2017,Control SRL,,1,0,0
1100042634,05/26/2017,Control SRL,,1,0,0
1100042988,05/26/2017,Veritecnica SRL,,1,0,0
1100042989,05/26/2017,Veritecnica SRL,,1,0,0
9102007814,05/26/2017,Veritecnica SRL,,0,1,0
1100042990,05/26/2017,Veritecnica SRL,,1,0,0
1100042991,05/26/2017,Veritecnica SRL,,1,0,0
1100042992,05/26/2017,Veritecnica SRL,,1,0,0
1200012742,05/26/2017,Veritecnica SRL,,1,0,0
9102007815,05/26/2017,Veritecnica SRL,,0,1,0
9102007816,05/26/2017,Veritecnica SRL,,0,0,1
9102007817,05/26/2017,Veritecnica SRL,,0,1,0
1100042993,05/26/2017,Veritecnica SRL,,1,0,0
9102007818,05/26/2017,Veritecnica SRL,,0,1,0
9202001419,05/26/2017,Veritecnica SRL,,0,0,1
1100042995,05/26/2017,Veritecnica SRL,,1,0,0
1100042994,05/26/2017,Veritecnica SRL,,1,0,0
1100042996,05/26/2017,Veritecnica SRL,,1,0,0
1100042997,05/26/2017,Veritecnica SRL,,1,0,0
1100042998,05/26/2017,Veritecnica SRL,,1,0,0
1100042999,05/26/2017,Veritecnica SRL,,1,0,0
1100043000,05/26/2017,Veritecnica SRL,,1,0,0
1100043501,05/26/2017,Veritecnica SRL,,1,0,0
9102007819,05/26/2017,Veritecnica SRL,,0,1,0
1200012743,05/26/2017,Veritecnica SRL,,1,0,0
1200012744,05/26/2017,Veritecnica SRL,,1,0,0
1100043502,05/26/2017,Veritecnica SRL,,1,0,0
1100043503,05/26/2017,Veritecnica SRL,,1,0,0
1100043504,05/26/2017,Veritecnica SRL,,1,0,0
1200012745,05/26/2017,Veritecnica SRL,,1,0,0
1200012746,05/26/2017,Veritecnica SRL,,1,0,0
1100043505,05/26/2017,Veritecnica SRL,,1,0,0
1100043506,05/26/2017,Veritecnica SRL,,1,0,0
1100043507,05/26/2017,Veritecnica SRL,,1,0,0
9102007820,05/26/2017,Veritecnica SRL,,0,1,0
1100043508,05/26/2017,Veritecnica SRL,,1,0,0
1100043509,05/26/2017,Veritecnica SRL,,1,0,0
1100043510,05/26/2017,Veritecnica SRL,,1,0,0
1200012747,05/26/2017,Veritecnica SRL,,1,0,0
1100043511,05/26/2017,Veritecnica SRL,,1,0,0
1100043512,05/26/2017,Veritecnica SRL,,1,0,0
1100043513,05/26/2017,Veritecnica SRL,,1,0,0
1100043514,05/26/2017,Veritecnica SRL,,1,0,0
1100043515,05/26/2017,Veritecnica SRL,,1,0,0
1200012748,05/26/2017,Veritecnica SRL,,1,0,0
1100043516,05/26/2017,Veritecnica SRL,,1,0,0
1100043517,05/26/2017,Veritecnica SRL,,1,0,0
1200012749,05/26/2017,Veritecnica SRL,,1,0,0
9102007821,05/26/2017,Veritecnica SRL,,0,1,0
1100043518,05/26/2017,Veritecnica SRL,,1,0,0
1200012750,05/26/2017,Veritecnica SRL,,1,0,0
1100043519,05/26/2017,Veritecnica SRL,,1,0,0
9102007822,05/26/2017,Veritecnica SRL,,0,1,0
1200012851,05/26/2017,Veritecnica SRL,,1,0,0
