Nrocertificado,Fecha,Idtaller,Dominiovehiculo,Aprobado,RechazadoLeveModerado,RechazadoGrave
1100043080,05/22/2017,Asociación de Bomberos Voluntarios - San Martín de los Andes,,1,0,0
9101003009,05/22/2017,Asociación de Bomberos Voluntarios - San Martín de los Andes,,0,0,1
1200012756,05/22/2017,Asociación de Bomberos Voluntarios - San Martín de los Andes,,1,0,0
1100043081,05/22/2017,Asociación de Bomberos Voluntarios - San Martín de los Andes,,1,0,0
1100043082,05/22/2017,Asociación de Bomberos Voluntarios - San Martín de los Andes,,1,0,0
1100043083,05/22/2017,Asociación de Bomberos Voluntarios - San Martín de los Andes,,1,0,0
1100043084,05/22/2017,Asociación de Bomberos Voluntarios - San Martín de los Andes,,1,0,0
1100043085,05/22/2017,Asociación de Bomberos Voluntarios - San Martín de los Andes,,1,0,0
1100043086,05/22/2017,Asociación de Bomberos Voluntarios - San Martín de los Andes,,1,0,0
1100043087,05/22/2017,Asociación de Bomberos Voluntarios - San Martín de los Andes,,1,0,0
1100043088,05/22/2017,Asociación de Bomberos Voluntarios - San Martín de los Andes,,1,0,0
1100043089,05/22/2017,Asociación de Bomberos Voluntarios - San Martín de los Andes,,1,0,0
1100043090,05/22/2017,Asociación de Bomberos Voluntarios - San Martín de los Andes,,1,0,0
1100043091,05/22/2017,Asociación de Bomberos Voluntarios - San Martín de los Andes,,1,0,0
1100043092,05/22/2017,Asociación de Bomberos Voluntarios - San Martín de los Andes,,1,0,0
9101003010,05/22/2017,Asociación de Bomberos Voluntarios - San Martín de los Andes,,0,1,0
1200012757,05/22/2017,Asociación de Bomberos Voluntarios - San Martín de los Andes,,1,0,0
1100043093,05/22/2017,Asociación de Bomberos Voluntarios - San Martín de los Andes,,1,0,0
1100043094,05/22/2017,Asociación de Bomberos Voluntarios - San Martín de los Andes,,1,0,0
1100043095,05/22/2017,Asociación de Bomberos Voluntarios - San Martín de los Andes,,1,0,0
1200012758,05/22/2017,Asociación de Bomberos Voluntarios - San Martín de los Andes,,1,0,0
1100043096,05/22/2017,Asociación de Bomberos Voluntarios - San Martín de los Andes,,1,0,0
1100043097,05/22/2017,Asociación de Bomberos Voluntarios - San Martín de los Andes,,1,0,0
1100043098,05/22/2017,Asociación de Bomberos Voluntarios - San Martín de los Andes,,1,0,0
1100043099,05/22/2017,Asociación de Bomberos Voluntarios - San Martín de los Andes,,1,0,0
1100043100,05/22/2017,Asociación de Bomberos Voluntarios - San Martín de los Andes,,1,0,0
1100043101,05/22/2017,Asociación de Bomberos Voluntarios - San Martín de los Andes,,1,0,0
1100043102,05/22/2017,Asociación de Bomberos Voluntarios - San Martín de los Andes,,1,0,0
1100043103,05/22/2017,Asociación de Bomberos Voluntarios - San Martín de los Andes,,1,0,0
1100043104,05/22/2017,Asociación de Bomberos Voluntarios - San Martín de los Andes,,1,0,0
1200012759,05/22/2017,Asociación de Bomberos Voluntarios - San Martín de los Andes,,1,0,0
1100043105,05/22/2017,Asociación de Bomberos Voluntarios - San Martín de los Andes,,1,0,0
9101003011,05/22/2017,Asociación de Bomberos Voluntarios - San Martín de los Andes,,0,1,0
1100043106,05/22/2017,Asociación de Bomberos Voluntarios - San Martín de los Andes,,1,0,0
1100043107,05/22/2017,Asociación de Bomberos Voluntarios - San Martín de los Andes,,1,0,0
1100043108,05/22/2017,Asociación de Bomberos Voluntarios - San Martín de los Andes,,1,0,0
1100043109,05/22/2017,Asociación de Bomberos Voluntarios - San Martín de los Andes,,1,0,0
1100043110,05/22/2017,Asociación de Bomberos Voluntarios - San Martín de los Andes,,1,0,0
1100043111,05/22/2017,Asociación de Bomberos Voluntarios - San Martín de los Andes,,1,0,0
1100043112,05/22/2017,Asociación de Bomberos Voluntarios - San Martín de los Andes,,1,0,0
1100043113,05/22/2017,Asociación de Bomberos Voluntarios - San Martín de los Andes,,1,0,0
1100043114,05/22/2017,Asociación de Bomberos Voluntarios - San Martín de los Andes,,1,0,0
1100043115,05/22/2017,Asociación de Bomberos Voluntarios - San Martín de los Andes,,1,0,0
1100043116,05/22/2017,Asociación de Bomberos Voluntarios - San Martín de los Andes,,1,0,0
9101003012,05/22/2017,Asociación de Bomberos Voluntarios - San Martín de los Andes,,0,1,0
1100043117,05/22/2017,Asociación de Bomberos Voluntarios - San Martín de los Andes,,1,0,0
9101003013,05/22/2017,Asociación de Bomberos Voluntarios - San Martín de los Andes,,0,1,0
1100043118,05/22/2017,Asociación de Bomberos Voluntarios - San Martín de los Andes,,1,0,0
1100043119,05/23/2017,Asociación de Bomberos Voluntarios - San Martín de los Andes,,1,0,0
1100043120,05/23/2017,Asociación de Bomberos Voluntarios - San Martín de los Andes,,1,0,0
1100043121,05/23/2017,Asociación de Bomberos Voluntarios - San Martín de los Andes,,1,0,0
9201000482,05/23/2017,Asociación de Bomberos Voluntarios - San Martín de los Andes,,0,0,1
1100043122,05/23/2017,Asociación de Bomberos Voluntarios - San Martín de los Andes,,1,0,0
1100043123,05/23/2017,Asociación de Bomberos Voluntarios - San Martín de los Andes,,1,0,0
1100043124,05/23/2017,Asociación de Bomberos Voluntarios - San Martín de los Andes,,1,0,0
1100043125,05/23/2017,Asociación de Bomberos Voluntarios - San Martín de los Andes,,1,0,0
1100043126,05/23/2017,Asociación de Bomberos Voluntarios - San Martín de los Andes,,1,0,0
1100043127,05/23/2017,Asociación de Bomberos Voluntarios - San Martín de los Andes,,1,0,0
1100043128,05/23/2017,Asociación de Bomberos Voluntarios - San Martín de los Andes,,1,0,0
1100043129,05/23/2017,Asociación de Bomberos Voluntarios - San Martín de los Andes,,1,0,0
1100043130,05/23/2017,Asociación de Bomberos Voluntarios - San Martín de los Andes,,1,0,0
1100043131,05/23/2017,Asociación de Bomberos Voluntarios - San Martín de los Andes,,1,0,0
1100043132,05/23/2017,Asociación de Bomberos Voluntarios - San Martín de los Andes,,1,0,0
9101003014,05/23/2017,Asociación de Bomberos Voluntarios - San Martín de los Andes,,0,1,0
1100043133,05/23/2017,Asociación de Bomberos Voluntarios - San Martín de los Andes,,1,0,0
1100043134,05/23/2017,Asociación de Bomberos Voluntarios - San Martín de los Andes,,1,0,0
1100043135,05/23/2017,Asociación de Bomberos Voluntarios - San Martín de los Andes,,1,0,0
1100043136,05/23/2017,Asociación de Bomberos Voluntarios - San Martín de los Andes,,1,0,0
1100043137,05/23/2017,Asociación de Bomberos Voluntarios - San Martín de los Andes,,1,0,0
1100043138,05/23/2017,Asociación de Bomberos Voluntarios - San Martín de los Andes,,1,0,0
1100043139,05/23/2017,Asociación de Bomberos Voluntarios - San Martín de los Andes,,1,0,0
9101003015,05/23/2017,Asociación de Bomberos Voluntarios - San Martín de los Andes,,0,1,0
1100043140,05/23/2017,Asociación de Bomberos Voluntarios - San Martín de los Andes,,1,0,0
1100043141,05/23/2017,Asociación de Bomberos Voluntarios - San Martín de los Andes,,1,0,0
1100043142,05/23/2017,Asociación de Bomberos Voluntarios - San Martín de los Andes,,1,0,0
1100043143,05/23/2017,Asociación de Bomberos Voluntarios - San Martín de los Andes,,1,0,0
1100043144,05/23/2017,Asociación de Bomberos Voluntarios - San Martín de los Andes,,1,0,0
1100043145,05/23/2017,Asociación de Bomberos Voluntarios - San Martín de los Andes,,1,0,0
9101003016,05/23/2017,Asociación de Bomberos Voluntarios - San Martín de los Andes,,0,0,1
1100043146,05/23/2017,Asociación de Bomberos Voluntarios - San Martín de los Andes,,1,0,0
1100043147,05/23/2017,Asociación de Bomberos Voluntarios - San Martín de los Andes,,1,0,0
9101003017,05/23/2017,Asociación de Bomberos Voluntarios - San Martín de los Andes,,0,0,1
1100043148,05/23/2017,Asociación de Bomberos Voluntarios - San Martín de los Andes,,1,0,0
1100043150,05/23/2017,Asociación de Bomberos Voluntarios - San Martín de los Andes,,1,0,0
1100043149,05/23/2017,Asociación de Bomberos Voluntarios - San Martín de los Andes,,1,0,0
1100043151,05/23/2017,Asociación de Bomberos Voluntarios - San Martín de los Andes,,1,0,0
1100043152,05/23/2017,Asociación de Bomberos Voluntarios - San Martín de los Andes,,1,0,0
1100043153,05/23/2017,Asociación de Bomberos Voluntarios - San Martín de los Andes,,1,0,0
1100043154,05/23/2017,Asociación de Bomberos Voluntarios - San Martín de los Andes,,1,0,0
1100043155,05/23/2017,Asociación de Bomberos Voluntarios - San Martín de los Andes,,1,0,0
1100042533,05/22/2017,Control SRL,,1,0,0
1100042534,05/22/2017,Control SRL,,1,0,0
1100042535,05/22/2017,Control SRL,,1,0,0
1100042536,05/22/2017,Control SRL,,1,0,0
1100042537,05/22/2017,Control SRL,,1,0,0
1100042538,05/22/2017,Control SRL,,1,0,0
1200012804,05/22/2017,Control SRL,,1,0,0
1100042539,05/22/2017,Control SRL,,1,0,0
1100042540,05/22/2017,Control SRL,,1,0,0
1100042541,05/22/2017,Control SRL,,1,0,0
1100042542,05/22/2017,Control SRL,,1,0,0
1100042543,05/22/2017,Control SRL,,1,0,0
1100042544,05/22/2017,Control SRL,,1,0,0
1100042545,05/22/2017,Control SRL,,1,0,0
1100042547,05/22/2017,Control SRL,,1,0,0
1100042546,05/22/2017,Control SRL,,1,0,0
1100042548,05/22/2017,Control SRL,,1,0,0
1100042549,05/22/2017,Control SRL,,1,0,0
9103002494,05/22/2017,Control SRL,,0,0,1
1200012805,05/22/2017,Control SRL,,1,0,0
1100042550,05/22/2017,Control SRL,,1,0,0
1100042551,05/22/2017,Control SRL,,1,0,0
1200012807,05/22/2017,Control SRL,,1,0,0
1200012806,05/22/2017,Control SRL,,1,0,0
1100042552,05/22/2017,Control SRL,,1,0,0
1100042553,05/22/2017,Control SRL,,1,0,0
1100042554,05/22/2017,Control SRL,,1,0,0
9103002495,05/22/2017,Control SRL,,0,0,1
1100042555,05/22/2017,Control SRL,,1,0,0
1200012809,05/22/2017,Control SRL,,1,0,0
1200012808,05/22/2017,Control SRL,,1,0,0
1200012810,05/22/2017,Control SRL,,1,0,0
1200012811,05/22/2017,Control SRL,,1,0,0
1100042556,05/22/2017,Control SRL,,1,0,0
1100042557,05/23/2017,Control SRL,,1,0,0
1100042558,05/23/2017,Control SRL,,1,0,0
1200012812,05/23/2017,Control SRL,,1,0,0
1200012813,05/23/2017,Control SRL,,1,0,0
1100042559,05/23/2017,Control SRL,,1,0,0
1100042560,05/23/2017,Control SRL,,1,0,0
1100042561,05/23/2017,Control SRL,,1,0,0
1100042562,05/23/2017,Control SRL,,1,0,0
1100042563,05/23/2017,Control SRL,,1,0,0
1100042564,05/23/2017,Control SRL,,1,0,0
1100042565,05/23/2017,Control SRL,,1,0,0
1200012814,05/23/2017,Control SRL,,1,0,0
1100042566,05/23/2017,Control SRL,,1,0,0
1100042567,05/23/2017,Control SRL,,1,0,0
1100042568,05/23/2017,Control SRL,,1,0,0
1100042569,05/23/2017,Control SRL,,1,0,0
1100042570,05/23/2017,Control SRL,,1,0,0
1100042571,05/23/2017,Control SRL,,1,0,0
1200012815,05/23/2017,Control SRL,,1,0,0
1100042572,05/23/2017,Control SRL,,1,0,0
1100042573,05/23/2017,Control SRL,,1,0,0
1100042574,05/23/2017,Control SRL,,1,0,0
1100042575,05/23/2017,Control SRL,,1,0,0
1100042576,05/23/2017,Control SRL,,1,0,0
1200012816,05/23/2017,Control SRL,,1,0,0
1200012817,05/23/2017,Control SRL,,1,0,0
1200012818,05/23/2017,Control SRL,,1,0,0
1200012819,05/23/2017,Control SRL,,1,0,0
1100042577,05/23/2017,Control SRL,,1,0,0
1100042578,05/23/2017,Control SRL,,1,0,0
1100042579,05/23/2017,Control SRL,,1,0,0
9103002496,05/23/2017,Control SRL,,0,0,1
1100042580,05/23/2017,Control SRL,,1,0,0
1200012820,05/23/2017,Control SRL,,1,0,0
1200012821,05/23/2017,Control SRL,,1,0,0
1100042582,05/23/2017,Control SRL,,1,0,0
1100042581,05/23/2017,Control SRL,,1,0,0
1100042583,05/23/2017,Control SRL,,1,0,0
1100042584,05/23/2017,Control SRL,,1,0,0
1100042585,05/23/2017,Control SRL,,1,0,0
1100042586,05/23/2017,Control SRL,,1,0,0
1200012822,05/23/2017,Control SRL,,1,0,0
1100042587,05/23/2017,Control SRL,,1,0,0
1100042588,05/23/2017,Control SRL,,1,0,0
1100042590,05/23/2017,Control SRL,,1,0,0
1200012823,05/23/2017,Control SRL,,1,0,0
1200012825,05/23/2017,Control SRL,,1,0,0
9203000641,05/23/2017,Control SRL,,0,0,1
1100042873,05/22/2017,Veritecnica SRL,,1,0,0
9102007783,05/22/2017,Veritecnica SRL,,0,0,1
9102007784,05/22/2017,Veritecnica SRL,,0,0,1
9102007785,05/22/2017,Veritecnica SRL,,0,1,0
1100042874,05/22/2017,Veritecnica SRL,,1,0,0
1100042875,05/22/2017,Veritecnica SRL,,1,0,0
1100042876,05/22/2017,Veritecnica SRL,,1,0,0
1100042877,05/22/2017,Veritecnica SRL,,1,0,0
9102007786,05/22/2017,Veritecnica SRL,,0,0,1
1200012719,05/22/2017,Veritecnica SRL,,1,0,0
1100042878,05/22/2017,Veritecnica SRL,,1,0,0
1100042879,05/22/2017,Veritecnica SRL,,1,0,0
9102007787,05/22/2017,Veritecnica SRL,,0,0,1
9102007788,05/22/2017,Veritecnica SRL,,0,1,0
1100042880,05/22/2017,Veritecnica SRL,,1,0,0
1100042881,05/22/2017,Veritecnica SRL,,1,0,0
1100042882,05/22/2017,Veritecnica SRL,,1,0,0
9102007789,05/22/2017,Veritecnica SRL,,0,0,1
1100042883,05/22/2017,Veritecnica SRL,,1,0,0
1100042884,05/22/2017,Veritecnica SRL,,1,0,0
1100042885,05/22/2017,Veritecnica SRL,,1,0,0
9102007790,05/22/2017,Veritecnica SRL,,0,1,0
1100042886,05/22/2017,Veritecnica SRL,,1,0,0
9102007791,05/22/2017,Veritecnica SRL,,0,1,0
1100042887,05/22/2017,Veritecnica SRL,,1,0,0
9102007792,05/22/2017,Veritecnica SRL,,0,1,0
1200012720,05/22/2017,Veritecnica SRL,,1,0,0
1200012721,05/22/2017,Veritecnica SRL,,1,0,0
1100042888,05/22/2017,Veritecnica SRL,,1,0,0
9102007793,05/22/2017,Veritecnica SRL,,0,0,1
1100042889,05/22/2017,Veritecnica SRL,,1,0,0
1100042890,05/22/2017,Veritecnica SRL,,1,0,0
1100042891,05/22/2017,Veritecnica SRL,,1,0,0
1100042892,05/22/2017,Veritecnica SRL,,1,0,0
1100042894,05/22/2017,Veritecnica SRL,,1,0,0
1100042893,05/22/2017,Veritecnica SRL,,1,0,0
1100042895,05/22/2017,Veritecnica SRL,,1,0,0
1100042896,05/22/2017,Veritecnica SRL,,1,0,0
9102007794,05/22/2017,Veritecnica SRL,,0,1,0
1200012722,05/22/2017,Veritecnica SRL,,1,0,0
9102007795,05/22/2017,Veritecnica SRL,,0,0,1
1100042897,05/22/2017,Veritecnica SRL,,1,0,0
1200012723,05/22/2017,Veritecnica SRL,,1,0,0
1100042898,05/22/2017,Veritecnica SRL,,1,0,0
1100042899,05/22/2017,Veritecnica SRL,,1,0,0
1200012724,05/22/2017,Veritecnica SRL,,1,0,0
1200012725,05/22/2017,Veritecnica SRL,,1,0,0
1100042900,05/22/2017,Veritecnica SRL,,1,0,0
1100042901,05/22/2017,Veritecnica SRL,,1,0,0
1100042902,05/22/2017,Veritecnica SRL,,1,0,0
1100042903,05/22/2017,Veritecnica SRL,,1,0,0
1100042904,05/22/2017,Veritecnica SRL,,1,0,0
1100042905,05/22/2017,Veritecnica SRL,,1,0,0
1200012726,05/22/2017,Veritecnica SRL,,1,0,0
1100042906,05/22/2017,Veritecnica SRL,,1,0,0
1100042907,05/22/2017,Veritecnica SRL,,1,0,0
1100042908,05/22/2017,Veritecnica SRL,,1,0,0
1100042910,05/22/2017,Veritecnica SRL,,1,0,0
1100042909,05/22/2017,Veritecnica SRL,,1,0,0
1100042911,05/22/2017,Veritecnica SRL,,1,0,0
1100042912,05/22/2017,Veritecnica SRL,,1,0,0
1100042913,05/22/2017,Veritecnica SRL,,1,0,0
1200012727,05/22/2017,Veritecnica SRL,,1,0,0
1100042914,05/22/2017,Veritecnica SRL,,1,0,0
1100042915,05/22/2017,Veritecnica SRL,,1,0,0
1100042916,05/22/2017,Veritecnica SRL,,1,0,0
1100042917,05/22/2017,Veritecnica SRL,,1,0,0
1100042918,05/22/2017,Veritecnica SRL,,1,0,0
1200012728,05/22/2017,Veritecnica SRL,,1,0,0
1100042919,05/22/2017,Veritecnica SRL,,1,0,0
9102007796,05/22/2017,Veritecnica SRL,,0,0,1
1100042920,05/22/2017,Veritecnica SRL,,1,0,0
1100042921,05/22/2017,Veritecnica SRL,,1,0,0
1100042922,05/22/2017,Veritecnica SRL,,1,0,0
1100042923,05/23/2017,Veritecnica SRL,,1,0,0
1100042924,05/23/2017,Veritecnica SRL,,1,0,0
9102007797,05/23/2017,Veritecnica SRL,,0,0,1
1100042925,05/23/2017,Veritecnica SRL,,1,0,0
1100042926,05/23/2017,Veritecnica SRL,,1,0,0
1100042927,05/23/2017,Veritecnica SRL,,1,0,0
1100042928,05/23/2017,Veritecnica SRL,,1,0,0
1100042929,05/23/2017,Veritecnica SRL,,1,0,0
1100042930,05/23/2017,Veritecnica SRL,,1,0,0
1100042931,05/23/2017,Veritecnica SRL,,1,0,0
1100042932,05/23/2017,Veritecnica SRL,,1,0,0
1100042933,05/23/2017,Veritecnica SRL,,1,0,0
1100042934,05/23/2017,Veritecnica SRL,,1,0,0
1100042935,05/23/2017,Veritecnica SRL,,1,0,0
1100042936,05/23/2017,Veritecnica SRL,,1,0,0
1100042937,05/23/2017,Veritecnica SRL,,1,0,0
9102007798,05/23/2017,Veritecnica SRL,,0,1,0
1100042938,05/23/2017,Veritecnica SRL,,1,0,0
1200012729,05/23/2017,Veritecnica SRL,,1,0,0
9102007799,05/23/2017,Veritecnica SRL,,0,0,1
1100042939,05/23/2017,Veritecnica SRL,,1,0,0
9102007800,05/23/2017,Veritecnica SRL,,0,0,1
1100042940,05/23/2017,Veritecnica SRL,,1,0,0
1100042941,05/23/2017,Veritecnica SRL,,1,0,0
1100042942,05/23/2017,Veritecnica SRL,,1,0,0
1100042943,05/23/2017,Veritecnica SRL,,1,0,0
1200012730,05/23/2017,Veritecnica SRL,,1,0,0
1100042944,05/23/2017,Veritecnica SRL,,1,0,0
1100042945,05/23/2017,Veritecnica SRL,,1,0,0
9102007801,05/23/2017,Veritecnica SRL,,0,0,1
1100042946,05/23/2017,Veritecnica SRL,,1,0,0
1100042947,05/23/2017,Veritecnica SRL,,1,0,0
1100042948,05/23/2017,Veritecnica SRL,,1,0,0
9102007802,05/23/2017,Veritecnica SRL,,0,1,0
1200012731,05/23/2017,Veritecnica SRL,,1,0,0
9202001416,05/23/2017,Veritecnica SRL,,0,0,1
1100042949,05/23/2017,Veritecnica SRL,,1,0,0
1100042950,05/23/2017,Veritecnica SRL,,1,0,0
1200012732,05/23/2017,Veritecnica SRL,,1,0,0
1100042951,05/23/2017,Veritecnica SRL,,1,0,0
1100042952,05/23/2017,Veritecnica SRL,,1,0,0
9102007803,05/23/2017,Veritecnica SRL,,0,0,1
1100042953,05/23/2017,Veritecnica SRL,,1,0,0
1100042954,05/23/2017,Veritecnica SRL,,1,0,0
1100042955,05/23/2017,Veritecnica SRL,,1,0,0
9102007804,05/23/2017,Veritecnica SRL,,0,1,0
1100042956,05/23/2017,Veritecnica SRL,,1,0,0
9102007805,05/23/2017,Veritecnica SRL,,0,1,0
9202001417,05/23/2017,Veritecnica SRL,,0,0,1
