Nrocertificado,Fecha,Idtaller,Dominiovehiculo,Aprobado,RechazadoLeveModerado,RechazadoGrave
1100034760,01/21/2017,Asociación de Bomberos Voluntarios - San Martín de los Andes,,1,0,0
1100034761,01/21/2017,Asociación de Bomberos Voluntarios - San Martín de los Andes,,1,0,0
1100034762,01/21/2017,Asociación de Bomberos Voluntarios - San Martín de los Andes,,1,0,0
1100034763,01/21/2017,Asociación de Bomberos Voluntarios - San Martín de los Andes,,1,0,0
1100034764,01/21/2017,Asociación de Bomberos Voluntarios - San Martín de los Andes,,1,0,0
9101002446,01/21/2017,Asociación de Bomberos Voluntarios - San Martín de los Andes,,0,1,0
1100034765,01/21/2017,Asociación de Bomberos Voluntarios - San Martín de los Andes,,1,0,0
1100034557,01/21/2017,Veritecnica SRL,,1,0,0
1100034558,01/21/2017,Veritecnica SRL,,1,0,0
1100034559,01/21/2017,Veritecnica SRL,,1,0,0
9102006719,01/21/2017,Veritecnica SRL,,0,1,0
9102006720,01/21/2017,Veritecnica SRL,,0,0,1
9102006721,01/21/2017,Veritecnica SRL,,0,0,1
1100034560,01/21/2017,Veritecnica SRL,,1,0,0
9102006722,01/21/2017,Veritecnica SRL,,0,0,1
9102006723,01/21/2017,Veritecnica SRL,,0,0,1
1100034561,01/21/2017,Veritecnica SRL,,1,0,0
1200011238,01/21/2017,Veritecnica SRL,,1,0,0
9102006724,01/21/2017,Veritecnica SRL,,0,1,0
1100034562,01/21/2017,Veritecnica SRL,,1,0,0
1100034563,01/21/2017,Veritecnica SRL,,1,0,0
1100034564,01/21/2017,Veritecnica SRL,,1,0,0
9102006725,01/21/2017,Veritecnica SRL,,0,1,0
1100034565,01/21/2017,Veritecnica SRL,,1,0,0
1100034566,01/21/2017,Veritecnica SRL,,1,0,0
1100034567,01/21/2017,Veritecnica SRL,,1,0,0
1100034568,01/21/2017,Veritecnica SRL,,1,0,0
1100034569,01/21/2017,Veritecnica SRL,,1,0,0
1100034570,01/21/2017,Veritecnica SRL,,1,0,0
1200011239,01/21/2017,Veritecnica SRL,,1,0,0
9102006726,01/21/2017,Veritecnica SRL,,0,1,0
1200011240,01/21/2017,Veritecnica SRL,,1,0,0
1100034571,01/21/2017,Veritecnica SRL,,1,0,0
1200011241,01/21/2017,Veritecnica SRL,,1,0,0
1100034572,01/21/2017,Veritecnica SRL,,1,0,0
1100034573,01/21/2017,Veritecnica SRL,,1,0,0
9102006727,01/21/2017,Veritecnica SRL,,0,0,1
1100034574,01/21/2017,Veritecnica SRL,,1,0,0
1200011242,01/21/2017,Veritecnica SRL,,1,0,0
1100034575,01/21/2017,Veritecnica SRL,,1,0,0
1100034576,01/21/2017,Veritecnica SRL,,1,0,0
