Nrocertificado,Fecha,Idtaller,Dominiovehiculo,Aprobado,RechazadoLeveModerado,RechazadoGrave
9101003200,06/28/2017,Asociación de Bomberos Voluntarios - San Martín de los Andes,,0,1,0
9101003201,06/28/2017,Asociación de Bomberos Voluntarios - San Martín de los Andes,,0,0,1
9101003202,06/28/2017,Asociación de Bomberos Voluntarios - San Martín de los Andes,,0,0,1
1100044658,06/28/2017,Asociación de Bomberos Voluntarios - San Martín de los Andes,,1,0,0
1100044659,06/28/2017,Asociación de Bomberos Voluntarios - San Martín de los Andes,,1,0,0
1100044660,06/28/2017,Asociación de Bomberos Voluntarios - San Martín de los Andes,,1,0,0
1100044661,06/28/2017,Asociación de Bomberos Voluntarios - San Martín de los Andes,,1,0,0
1100044662,06/28/2017,Asociación de Bomberos Voluntarios - San Martín de los Andes,,1,0,0
1100044663,06/28/2017,Asociación de Bomberos Voluntarios - San Martín de los Andes,,1,0,0
1100044664,06/28/2017,Asociación de Bomberos Voluntarios - San Martín de los Andes,,1,0,0
9101003203,06/28/2017,Asociación de Bomberos Voluntarios - San Martín de los Andes,,0,0,1
1100044665,06/28/2017,Asociación de Bomberos Voluntarios - San Martín de los Andes,,1,0,0
1100044666,06/28/2017,Asociación de Bomberos Voluntarios - San Martín de los Andes,,1,0,0
1100044667,06/28/2017,Asociación de Bomberos Voluntarios - San Martín de los Andes,,1,0,0
1100044668,06/28/2017,Asociación de Bomberos Voluntarios - San Martín de los Andes,,1,0,0
9101003204,06/28/2017,Asociación de Bomberos Voluntarios - San Martín de los Andes,,0,0,1
1100044669,06/28/2017,Asociación de Bomberos Voluntarios - San Martín de los Andes,,1,0,0
1100044670,06/28/2017,Asociación de Bomberos Voluntarios - San Martín de los Andes,,1,0,0
1100044671,06/28/2017,Asociación de Bomberos Voluntarios - San Martín de los Andes,,1,0,0
1100044672,06/28/2017,Asociación de Bomberos Voluntarios - San Martín de los Andes,,1,0,0
1100044673,06/28/2017,Asociación de Bomberos Voluntarios - San Martín de los Andes,,1,0,0
1100044674,06/28/2017,Asociación de Bomberos Voluntarios - San Martín de los Andes,,1,0,0
9101003205,06/28/2017,Asociación de Bomberos Voluntarios - San Martín de los Andes,,0,0,1
1100044675,06/28/2017,Asociación de Bomberos Voluntarios - San Martín de los Andes,,1,0,0
9101003206,06/28/2017,Asociación de Bomberos Voluntarios - San Martín de los Andes,,0,0,1
1100044676,06/28/2017,Asociación de Bomberos Voluntarios - San Martín de los Andes,,1,0,0
1100044677,06/28/2017,Asociación de Bomberos Voluntarios - San Martín de los Andes,,1,0,0
1100044678,06/28/2017,Asociación de Bomberos Voluntarios - San Martín de los Andes,,1,0,0
1100044679,06/28/2017,Asociación de Bomberos Voluntarios - San Martín de los Andes,,1,0,0
1100044680,06/28/2017,Asociación de Bomberos Voluntarios - San Martín de los Andes,,1,0,0
1100044681,06/28/2017,Asociación de Bomberos Voluntarios - San Martín de los Andes,,1,0,0
1100044682,06/28/2017,Asociación de Bomberos Voluntarios - San Martín de los Andes,,1,0,0
1100044683,06/28/2017,Asociación de Bomberos Voluntarios - San Martín de los Andes,,1,0,0
9101003207,06/28/2017,Asociación de Bomberos Voluntarios - San Martín de los Andes,,0,1,0
9201000493,06/28/2017,Asociación de Bomberos Voluntarios - San Martín de los Andes,,0,1,0
1100044684,06/28/2017,Asociación de Bomberos Voluntarios - San Martín de los Andes,,1,0,0
1100044685,06/28/2017,Asociación de Bomberos Voluntarios - San Martín de los Andes,,1,0,0
9101003208,06/29/2017,Asociación de Bomberos Voluntarios - San Martín de los Andes,,0,1,0
1100044686,06/29/2017,Asociación de Bomberos Voluntarios - San Martín de los Andes,,1,0,0
1100044687,06/29/2017,Asociación de Bomberos Voluntarios - San Martín de los Andes,,1,0,0
9101003209,06/29/2017,Asociación de Bomberos Voluntarios - San Martín de los Andes,,0,0,1
1100044688,06/29/2017,Asociación de Bomberos Voluntarios - San Martín de los Andes,,1,0,0
1100044689,06/29/2017,Asociación de Bomberos Voluntarios - San Martín de los Andes,,1,0,0
1100044690,06/29/2017,Asociación de Bomberos Voluntarios - San Martín de los Andes,,1,0,0
1100044691,06/29/2017,Asociación de Bomberos Voluntarios - San Martín de los Andes,,1,0,0
1100044692,06/29/2017,Asociación de Bomberos Voluntarios - San Martín de los Andes,,1,0,0
1100044693,06/29/2017,Asociación de Bomberos Voluntarios - San Martín de los Andes,,1,0,0
1100044694,06/29/2017,Asociación de Bomberos Voluntarios - San Martín de los Andes,,1,0,0
1100044695,06/29/2017,Asociación de Bomberos Voluntarios - San Martín de los Andes,,1,0,0
1100044696,06/29/2017,Asociación de Bomberos Voluntarios - San Martín de los Andes,,1,0,0
1100044697,06/29/2017,Asociación de Bomberos Voluntarios - San Martín de los Andes,,1,0,0
1100044698,06/29/2017,Asociación de Bomberos Voluntarios - San Martín de los Andes,,1,0,0
9101003210,06/29/2017,Asociación de Bomberos Voluntarios - San Martín de los Andes,,0,1,0
1100044699,06/29/2017,Asociación de Bomberos Voluntarios - San Martín de los Andes,,1,0,0
1100044700,06/29/2017,Asociación de Bomberos Voluntarios - San Martín de los Andes,,1,0,0
1100044701,06/29/2017,Asociación de Bomberos Voluntarios - San Martín de los Andes,,1,0,0
1100044702,06/29/2017,Asociación de Bomberos Voluntarios - San Martín de los Andes,,1,0,0
1100044703,06/29/2017,Asociación de Bomberos Voluntarios - San Martín de los Andes,,1,0,0
1100044704,06/29/2017,Asociación de Bomberos Voluntarios - San Martín de los Andes,,1,0,0
1100044705,06/29/2017,Asociación de Bomberos Voluntarios - San Martín de los Andes,,1,0,0
1100044706,06/29/2017,Asociación de Bomberos Voluntarios - San Martín de los Andes,,1,0,0
9101003211,06/29/2017,Asociación de Bomberos Voluntarios - San Martín de los Andes,,0,0,1
1100044707,06/29/2017,Asociación de Bomberos Voluntarios - San Martín de los Andes,,1,0,0
1100044708,06/29/2017,Asociación de Bomberos Voluntarios - San Martín de los Andes,,1,0,0
1100044709,06/29/2017,Asociación de Bomberos Voluntarios - San Martín de los Andes,,1,0,0
1100044710,06/29/2017,Asociación de Bomberos Voluntarios - San Martín de los Andes,,1,0,0
1100044711,06/29/2017,Asociación de Bomberos Voluntarios - San Martín de los Andes,,1,0,0
1100044712,06/29/2017,Asociación de Bomberos Voluntarios - San Martín de los Andes,,1,0,0
1100044713,06/29/2017,Asociación de Bomberos Voluntarios - San Martín de los Andes,,1,0,0
9101003212,06/29/2017,Asociación de Bomberos Voluntarios - San Martín de los Andes,,0,0,1
1100044714,06/29/2017,Asociación de Bomberos Voluntarios - San Martín de los Andes,,1,0,0
1100044715,06/29/2017,Asociación de Bomberos Voluntarios - San Martín de los Andes,,1,0,0
1100044716,06/29/2017,Asociación de Bomberos Voluntarios - San Martín de los Andes,,1,0,0
9201000494,06/29/2017,Asociación de Bomberos Voluntarios - San Martín de los Andes,,0,0,1
1100044717,06/29/2017,Asociación de Bomberos Voluntarios - San Martín de los Andes,,1,0,0
1100044718,06/29/2017,Asociación de Bomberos Voluntarios - San Martín de los Andes,,1,0,0
1100044719,06/29/2017,Asociación de Bomberos Voluntarios - San Martín de los Andes,,1,0,0
9101003213,06/29/2017,Asociación de Bomberos Voluntarios - San Martín de los Andes,,0,1,0
1100044720,06/29/2017,Asociación de Bomberos Voluntarios - San Martín de los Andes,,1,0,0
1100044721,06/29/2017,Asociación de Bomberos Voluntarios - San Martín de los Andes,,1,0,0
9201000495,06/29/2017,Asociación de Bomberos Voluntarios - San Martín de los Andes,,0,0,1
1100044722,06/29/2017,Asociación de Bomberos Voluntarios - San Martín de los Andes,,1,0,0
1100044723,06/29/2017,Asociación de Bomberos Voluntarios - San Martín de los Andes,,1,0,0
1200013281,06/28/2017,Control SRL,,1,0,0
1200013283,06/28/2017,Control SRL,,1,0,0
1200013282,06/28/2017,Control SRL,,1,0,0
9103002557,06/28/2017,Control SRL,,0,0,1
1100041288,06/28/2017,Control SRL,,1,0,0
1200013285,06/28/2017,Control SRL,,1,0,0
1100041289,06/28/2017,Control SRL,,1,0,0
1100041290,06/28/2017,Control SRL,,1,0,0
1200013284,06/28/2017,Control SRL,,1,0,0
1200013286,06/28/2017,Control SRL,,1,0,0
9103002558,06/28/2017,Control SRL,,0,0,1
1200013287,06/28/2017,Control SRL,,1,0,0
1200013288,06/28/2017,Control SRL,,1,0,0
1100041291,06/28/2017,Control SRL,,1,0,0
1200013289,06/28/2017,Control SRL,,1,0,0
1100041292,06/28/2017,Control SRL,,1,0,0
1100041293,06/28/2017,Control SRL,,1,0,0
9203000661,06/28/2017,Control SRL,,0,0,1
1200013290,06/28/2017,Control SRL,,1,0,0
1100041294,06/28/2017,Control SRL,,1,0,0
9103002559,06/28/2017,Control SRL,,0,0,1
1200013291,06/28/2017,Control SRL,,1,0,0
1200013293,06/28/2017,Control SRL,,1,0,0
1200013292,06/28/2017,Control SRL,,1,0,0
1200013296,06/28/2017,Control SRL,,1,0,0
1200013297,06/28/2017,Control SRL,,1,0,0
9203000662,06/28/2017,Control SRL,,0,0,1
1200013280,06/28/2017,Control SRL,,1,0,0
1100041295,06/28/2017,Control SRL,,1,0,0
1100041296,06/28/2017,Control SRL,,1,0,0
1100041297,06/28/2017,Control SRL,,1,0,0
1200013294,06/28/2017,Control SRL,,1,0,0
1100041298,06/28/2017,Control SRL,,1,0,0
1100041299,06/28/2017,Control SRL,,1,0,0
1200013295,06/28/2017,Control SRL,,1,0,0
1100041300,06/28/2017,Control SRL,,1,0,0
1200013279,06/28/2017,Control SRL,,1,0,0
1100041301,06/28/2017,Control SRL,,1,0,0
1100041302,06/28/2017,Control SRL,,1,0,0
1200013298,06/28/2017,Control SRL,,1,0,0
1200013299,06/28/2017,Control SRL,,1,0,0
1200013300,06/28/2017,Control SRL,,1,0,0
1100041303,06/28/2017,Control SRL,,1,0,0
1200013278,06/28/2017,Control SRL,,1,0,0
1100041306,06/28/2017,Control SRL,,1,0,0
9103002560,06/28/2017,Control SRL,,0,0,1
1200013277,06/29/2017,Control SRL,,1,0,0
1200013601,06/29/2017,Control SRL,,1,0,0
1100041304,06/29/2017,Control SRL,,1,0,0
1100041305,06/29/2017,Control SRL,,1,0,0
1200013603,06/29/2017,Control SRL,,1,0,0
1100041307,06/29/2017,Control SRL,,1,0,0
1100041308,06/29/2017,Control SRL,,1,0,0
1200013602,06/29/2017,Control SRL,,1,0,0
9103002561,06/29/2017,Control SRL,,0,0,1
1100041309,06/29/2017,Control SRL,,1,0,0
1100041310,06/29/2017,Control SRL,,1,0,0
1200013604,06/29/2017,Control SRL,,1,0,0
1200013605,06/29/2017,Control SRL,,1,0,0
1100041311,06/29/2017,Control SRL,,1,0,0
1200013606,06/29/2017,Control SRL,,1,0,0
9103002562,06/29/2017,Control SRL,,0,0,1
9103002563,06/29/2017,Control SRL,,0,0,1
1100041312,06/29/2017,Control SRL,,1,0,0
1200013607,06/29/2017,Control SRL,,1,0,0
1200013608,06/29/2017,Control SRL,,1,0,0
9103002564,06/29/2017,Control SRL,,0,0,1
1200013609,06/29/2017,Control SRL,,1,0,0
1100041313,06/29/2017,Control SRL,,1,0,0
1100041314,06/29/2017,Control SRL,,1,0,0
1100041315,06/29/2017,Control SRL,,1,0,0
1200013613,06/29/2017,Control SRL,,1,0,0
9103002565,06/29/2017,Control SRL,,0,0,1
1200013610,06/29/2017,Control SRL,,1,0,0
1200013611,06/29/2017,Control SRL,,1,0,0
1200013615,06/29/2017,Control SRL,,1,0,0
9103002566,06/29/2017,Control SRL,,0,0,1
1100041316,06/29/2017,Control SRL,,1,0,0
1200013612,06/29/2017,Control SRL,,1,0,0
1200013617,06/29/2017,Control SRL,,1,0,0
1200013618,06/29/2017,Control SRL,,1,0,0
1200013614,06/29/2017,Control SRL,,1,0,0
1200013619,06/29/2017,Control SRL,,1,0,0
1200013620,06/29/2017,Control SRL,,1,0,0
1200013616,06/29/2017,Control SRL,,1,0,0
1200013631,06/29/2017,Control SRL,,1,0,0
9103002567,06/29/2017,Control SRL,,0,0,1
1200013633,06/29/2017,Control SRL,,1,0,0
1100041317,06/29/2017,Control SRL,,1,0,0
9103002568,06/29/2017,Control SRL,,0,0,1
1200013625,06/29/2017,Control SRL,,1,0,0
1200013621,06/29/2017,Control SRL,,1,0,0
1200013627,06/29/2017,Control SRL,,1,0,0
1200013635,06/29/2017,Control SRL,,1,0,0
1200013623,06/29/2017,Control SRL,,1,0,0
1200013637,06/29/2017,Control SRL,,1,0,0
1100041318,06/29/2017,Control SRL,,1,0,0
1200013629,06/29/2017,Control SRL,,1,0,0
1100041319,06/29/2017,Control SRL,,1,0,0
1100041320,06/29/2017,Control SRL,,1,0,0
1100041321,06/29/2017,Control SRL,,1,0,0
9103002569,06/29/2017,Control SRL,,0,0,1
1100041322,06/29/2017,Control SRL,,1,0,0
1100041323,06/29/2017,Control SRL,,1,0,0
1100045158,06/28/2017,Veritecnica SRL,,1,0,0
1200013333,06/28/2017,Veritecnica SRL,,1,0,0
1100045159,06/28/2017,Veritecnica SRL,,1,0,0
1100045160,06/28/2017,Veritecnica SRL,,1,0,0
1200013334,06/28/2017,Veritecnica SRL,,1,0,0
1100045161,06/28/2017,Veritecnica SRL,,1,0,0
1100045162,06/28/2017,Veritecnica SRL,,1,0,0
1200013335,06/28/2017,Veritecnica SRL,,1,0,0
1100045163,06/28/2017,Veritecnica SRL,,1,0,0
1100045164,06/28/2017,Veritecnica SRL,,1,0,0
1100045165,06/28/2017,Veritecnica SRL,,1,0,0
1100045166,06/28/2017,Veritecnica SRL,,1,0,0
1100045167,06/28/2017,Veritecnica SRL,,1,0,0
1100045168,06/28/2017,Veritecnica SRL,,1,0,0
1100045169,06/28/2017,Veritecnica SRL,,1,0,0
1100045170,06/28/2017,Veritecnica SRL,,1,0,0
1200013336,06/28/2017,Veritecnica SRL,,1,0,0
1100045171,06/28/2017,Veritecnica SRL,,1,0,0
1200013337,06/28/2017,Veritecnica SRL,,1,0,0
1100045172,06/28/2017,Veritecnica SRL,,1,0,0
1200013338,06/28/2017,Veritecnica SRL,,1,0,0
1100045173,06/28/2017,Veritecnica SRL,,1,0,0
1100045174,06/28/2017,Veritecnica SRL,,1,0,0
9102008010,06/28/2017,Veritecnica SRL,,0,0,1
1100045175,06/28/2017,Veritecnica SRL,,1,0,0
1100045176,06/28/2017,Veritecnica SRL,,1,0,0
1100045177,06/28/2017,Veritecnica SRL,,1,0,0
1100045178,06/28/2017,Veritecnica SRL,,1,0,0
9102008011,06/28/2017,Veritecnica SRL,,0,0,1
1100045179,06/28/2017,Veritecnica SRL,,1,0,0
9102008012,06/28/2017,Veritecnica SRL,,0,1,0
1100045180,06/28/2017,Veritecnica SRL,,1,0,0
9102008013,06/28/2017,Veritecnica SRL,,0,1,0
9202001471,06/28/2017,Veritecnica SRL,,0,0,1
1100045181,06/28/2017,Veritecnica SRL,,1,0,0
1100045182,06/28/2017,Veritecnica SRL,,1,0,0
1100045183,06/29/2017,Veritecnica SRL,,1,0,0
1100045184,06/29/2017,Veritecnica SRL,,1,0,0
1100045185,06/29/2017,Veritecnica SRL,,1,0,0
1100045186,06/29/2017,Veritecnica SRL,,1,0,0
1200013339,06/29/2017,Veritecnica SRL,,1,0,0
9102008014,06/29/2017,Veritecnica SRL,,0,0,1
1100045187,06/29/2017,Veritecnica SRL,,1,0,0
1100045188,06/29/2017,Veritecnica SRL,,1,0,0
1100045189,06/29/2017,Veritecnica SRL,,1,0,0
1200013340,06/29/2017,Veritecnica SRL,,1,0,0
9102008015,06/29/2017,Veritecnica SRL,,0,0,1
1200013341,06/29/2017,Veritecnica SRL,,1,0,0
9202001472,06/29/2017,Veritecnica SRL,,0,0,1
1100045190,06/29/2017,Veritecnica SRL,,1,0,0
1100045191,06/29/2017,Veritecnica SRL,,1,0,0
1200013342,06/29/2017,Veritecnica SRL,,1,0,0
1100045192,06/29/2017,Veritecnica SRL,,1,0,0
1100045193,06/29/2017,Veritecnica SRL,,1,0,0
1100045194,06/29/2017,Veritecnica SRL,,1,0,0
9102008016,06/29/2017,Veritecnica SRL,,0,0,1
9102008017,06/29/2017,Veritecnica SRL,,0,1,0
1100045195,06/29/2017,Veritecnica SRL,,1,0,0
1100045196,06/29/2017,Veritecnica SRL,,1,0,0
1100045197,06/29/2017,Veritecnica SRL,,1,0,0
1200013352,06/29/2017,Veritecnica SRL,,1,0,0
1200013343,06/29/2017,Veritecnica SRL,,1,0,0
9102008018,06/29/2017,Veritecnica SRL,,0,0,1
1100045198,06/29/2017,Veritecnica SRL,,1,0,0
1100045199,06/29/2017,Veritecnica SRL,,1,0,0
9102008019,06/29/2017,Veritecnica SRL,,0,1,0
1100045200,06/29/2017,Veritecnica SRL,,1,0,0
1100045201,06/29/2017,Veritecnica SRL,,1,0,0
9102008020,06/29/2017,Veritecnica SRL,,0,1,0
9102008021,06/29/2017,Veritecnica SRL,,0,1,0
9202001473,06/29/2017,Veritecnica SRL,,0,0,1
1100045202,06/29/2017,Veritecnica SRL,,1,0,0
1100045204,06/29/2017,Veritecnica SRL,,1,0,0
1100045203,06/29/2017,Veritecnica SRL,,1,0,0
1200013344,06/29/2017,Veritecnica SRL,,1,0,0
1100045205,06/29/2017,Veritecnica SRL,,1,0,0
1100045206,06/29/2017,Veritecnica SRL,,1,0,0
1100045207,06/29/2017,Veritecnica SRL,,1,0,0
1100045208,06/29/2017,Veritecnica SRL,,1,0,0
1100045209,06/29/2017,Veritecnica SRL,,1,0,0
9102008022,06/29/2017,Veritecnica SRL,,0,0,1
9102008023,06/29/2017,Veritecnica SRL,,0,1,0
1100045210,06/29/2017,Veritecnica SRL,,1,0,0
1100045211,06/29/2017,Veritecnica SRL,,1,0,0
1200013345,06/29/2017,Veritecnica SRL,,1,0,0
1100045212,06/29/2017,Veritecnica SRL,,1,0,0
1100045213,06/29/2017,Veritecnica SRL,,1,0,0
1100045214,06/29/2017,Veritecnica SRL,,1,0,0
9102008024,06/29/2017,Veritecnica SRL,,0,1,0
1100045215,06/29/2017,Veritecnica SRL,,1,0,0
1100045216,06/29/2017,Veritecnica SRL,,1,0,0
1200013346,06/29/2017,Veritecnica SRL,,1,0,0
1100045217,06/29/2017,Veritecnica SRL,,1,0,0
1200013347,06/29/2017,Veritecnica SRL,,1,0,0
