Nrocertificado,Fecha,Idtaller,Dominiovehiculo,Aprobado,RechazadoLeveModerado,RechazadoGrave
9204000002,07/28/2017,Veritecnica SRL - AÑELO,,0,0,1
1200013412,07/28/2017,Veritecnica SRL - AÑELO,,1,0,0
1200013413,07/28/2017,Veritecnica SRL - AÑELO,,1,0,0
9101003332,07/28/2017,Asociación de Bomberos Voluntarios - San Martín de los Andes,,0,0,1
9101003333,07/28/2017,Asociación de Bomberos Voluntarios - San Martín de los Andes,,0,0,1
9101003334,07/28/2017,Asociación de Bomberos Voluntarios - San Martín de los Andes,,0,1,0
9101003335,07/28/2017,Asociación de Bomberos Voluntarios - San Martín de los Andes,,0,0,1
1100045955,07/28/2017,Asociación de Bomberos Voluntarios - San Martín de los Andes,,1,0,0
1100045956,07/28/2017,Asociación de Bomberos Voluntarios - San Martín de los Andes,,1,0,0
1100045957,07/28/2017,Asociación de Bomberos Voluntarios - San Martín de los Andes,,1,0,0
9101003336,07/28/2017,Asociación de Bomberos Voluntarios - San Martín de los Andes,,0,0,1
1100045958,07/28/2017,Asociación de Bomberos Voluntarios - San Martín de los Andes,,1,0,0
1100045959,07/28/2017,Asociación de Bomberos Voluntarios - San Martín de los Andes,,1,0,0
1100045960,07/28/2017,Asociación de Bomberos Voluntarios - San Martín de los Andes,,1,0,0
1100045961,07/28/2017,Asociación de Bomberos Voluntarios - San Martín de los Andes,,1,0,0
1100045962,07/28/2017,Asociación de Bomberos Voluntarios - San Martín de los Andes,,1,0,0
1100045963,07/28/2017,Asociación de Bomberos Voluntarios - San Martín de los Andes,,1,0,0
1100045964,07/28/2017,Asociación de Bomberos Voluntarios - San Martín de los Andes,,1,0,0
1100045965,07/28/2017,Asociación de Bomberos Voluntarios - San Martín de los Andes,,1,0,0
1100045966,07/28/2017,Asociación de Bomberos Voluntarios - San Martín de los Andes,,1,0,0
1100045967,07/28/2017,Asociación de Bomberos Voluntarios - San Martín de los Andes,,1,0,0
1100045968,07/28/2017,Asociación de Bomberos Voluntarios - San Martín de los Andes,,1,0,0
1100045969,07/28/2017,Asociación de Bomberos Voluntarios - San Martín de los Andes,,1,0,0
9101003337,07/28/2017,Asociación de Bomberos Voluntarios - San Martín de los Andes,,0,0,1
9201000504,07/28/2017,Asociación de Bomberos Voluntarios - San Martín de los Andes,,0,0,1
1100045970,07/28/2017,Asociación de Bomberos Voluntarios - San Martín de los Andes,,1,0,0
9101003338,07/28/2017,Asociación de Bomberos Voluntarios - San Martín de los Andes,,0,0,1
9101003339,07/28/2017,Asociación de Bomberos Voluntarios - San Martín de los Andes,,0,1,0
1100045971,07/28/2017,Asociación de Bomberos Voluntarios - San Martín de los Andes,,1,0,0
1100045972,07/28/2017,Asociación de Bomberos Voluntarios - San Martín de los Andes,,1,0,0
1100045973,07/28/2017,Asociación de Bomberos Voluntarios - San Martín de los Andes,,1,0,0
1100045974,07/28/2017,Asociación de Bomberos Voluntarios - San Martín de los Andes,,1,0,0
1100045975,07/28/2017,Asociación de Bomberos Voluntarios - San Martín de los Andes,,1,0,0
9101003340,07/28/2017,Asociación de Bomberos Voluntarios - San Martín de los Andes,,0,0,1
1100045976,07/28/2017,Asociación de Bomberos Voluntarios - San Martín de los Andes,,1,0,0
9201000505,07/28/2017,Asociación de Bomberos Voluntarios - San Martín de los Andes,,0,0,1
1100045977,07/28/2017,Asociación de Bomberos Voluntarios - San Martín de los Andes,,1,0,0
1100045978,07/29/2017,Asociación de Bomberos Voluntarios - San Martín de los Andes,,1,0,0
1100045979,07/29/2017,Asociación de Bomberos Voluntarios - San Martín de los Andes,,1,0,0
1100045980,07/29/2017,Asociación de Bomberos Voluntarios - San Martín de los Andes,,1,0,0
1100045981,07/29/2017,Asociación de Bomberos Voluntarios - San Martín de los Andes,,1,0,0
1100045982,07/29/2017,Asociación de Bomberos Voluntarios - San Martín de los Andes,,1,0,0
1100045983,07/29/2017,Asociación de Bomberos Voluntarios - San Martín de los Andes,,1,0,0
1100045984,07/29/2017,Asociación de Bomberos Voluntarios - San Martín de los Andes,,1,0,0
1100045985,07/29/2017,Asociación de Bomberos Voluntarios - San Martín de los Andes,,1,0,0
9201000506,07/29/2017,Asociación de Bomberos Voluntarios - San Martín de los Andes,,0,0,1
9101003341,07/29/2017,Asociación de Bomberos Voluntarios - San Martín de los Andes,,0,1,0
1100045986,07/29/2017,Asociación de Bomberos Voluntarios - San Martín de los Andes,,1,0,0
1100045987,07/29/2017,Asociación de Bomberos Voluntarios - San Martín de los Andes,,1,0,0
1100045988,07/29/2017,Asociación de Bomberos Voluntarios - San Martín de los Andes,,1,0,0
1100045989,07/29/2017,Asociación de Bomberos Voluntarios - San Martín de los Andes,,1,0,0
1100045990,07/29/2017,Asociación de Bomberos Voluntarios - San Martín de los Andes,,1,0,0
1200013148,07/29/2017,Asociación de Bomberos Voluntarios - San Martín de los Andes,,1,0,0
1100045991,07/29/2017,Asociación de Bomberos Voluntarios - San Martín de los Andes,,1,0,0
9101003342,07/29/2017,Asociación de Bomberos Voluntarios - San Martín de los Andes,,0,1,0
1100045992,07/29/2017,Asociación de Bomberos Voluntarios - San Martín de los Andes,,1,0,0
1100046831,07/28/2017,Control SRL,,1,0,0
1200014040,07/28/2017,Control SRL,,1,0,0
1100046832,07/28/2017,Control SRL,,1,0,0
1100046834,07/28/2017,Control SRL,,1,0,0
9103002638,07/28/2017,Control SRL,,0,0,1
1100046833,07/28/2017,Control SRL,,1,0,0
1200014041,07/28/2017,Control SRL,,1,0,0
1100046835,07/28/2017,Control SRL,,1,0,0
9103002639,07/28/2017,Control SRL,,0,0,1
1100046836,07/28/2017,Control SRL,,1,0,0
1100046837,07/28/2017,Control SRL,,1,0,0
1200014042,07/28/2017,Control SRL,,1,0,0
1100046838,07/28/2017,Control SRL,,1,0,0
1100046839,07/28/2017,Control SRL,,1,0,0
1100046840,07/28/2017,Control SRL,,1,0,0
1100046841,07/28/2017,Control SRL,,1,0,0
9203000672,07/28/2017,Control SRL,,0,0,1
1100046842,07/28/2017,Control SRL,,1,0,0
1100046843,07/28/2017,Control SRL,,1,0,0
1100046844,07/28/2017,Control SRL,,1,0,0
1200014043,07/28/2017,Control SRL,,1,0,0
1200014044,07/28/2017,Control SRL,,1,0,0
1200014045,07/28/2017,Control SRL,,1,0,0
1200014046,07/28/2017,Control SRL,,1,0,0
1200014047,07/28/2017,Control SRL,,1,0,0
1100046845,07/28/2017,Control SRL,,1,0,0
1200014048,07/28/2017,Control SRL,,1,0,0
1200014049,07/28/2017,Control SRL,,1,0,0
1100046846,07/28/2017,Control SRL,,1,0,0
1100046847,07/28/2017,Control SRL,,1,0,0
1200014050,07/28/2017,Control SRL,,1,0,0
1200014051,07/28/2017,Control SRL,,1,0,0
1200014052,07/28/2017,Control SRL,,1,0,0
1100046848,07/28/2017,Control SRL,,1,0,0
1100046849,07/28/2017,Control SRL,,1,0,0
9102008270,07/28/2017,Veritecnica SRL,,0,1,0
1100046701,07/28/2017,Veritecnica SRL,,1,0,0
1200013985,07/28/2017,Veritecnica SRL,,1,0,0
1100046702,07/28/2017,Veritecnica SRL,,1,0,0
1100046703,07/28/2017,Veritecnica SRL,,1,0,0
9102008271,07/28/2017,Veritecnica SRL,,0,0,1
1100046704,07/28/2017,Veritecnica SRL,,1,0,0
9102008272,07/28/2017,Veritecnica SRL,,0,0,1
9202001533,07/28/2017,Veritecnica SRL,,0,0,1
1100046705,07/28/2017,Veritecnica SRL,,1,0,0
1100046706,07/28/2017,Veritecnica SRL,,1,0,0
1100046707,07/28/2017,Veritecnica SRL,,1,0,0
1100046708,07/28/2017,Veritecnica SRL,,1,0,0
1100046709,07/28/2017,Veritecnica SRL,,1,0,0
9202001534,07/28/2017,Veritecnica SRL,,0,0,1
1100046710,07/28/2017,Veritecnica SRL,,1,0,0
1100046711,07/28/2017,Veritecnica SRL,,1,0,0
1100046712,07/28/2017,Veritecnica SRL,,1,0,0
9102008273,07/28/2017,Veritecnica SRL,,0,0,1
1100046713,07/28/2017,Veritecnica SRL,,1,0,0
1200013986,07/28/2017,Veritecnica SRL,,1,0,0
1100046714,07/28/2017,Veritecnica SRL,,1,0,0
1100046715,07/28/2017,Veritecnica SRL,,1,0,0
1100046716,07/28/2017,Veritecnica SRL,,1,0,0
1200013987,07/28/2017,Veritecnica SRL,,1,0,0
1100046717,07/28/2017,Veritecnica SRL,,1,0,0
1200013988,07/28/2017,Veritecnica SRL,,1,0,0
9102008274,07/28/2017,Veritecnica SRL,,0,1,0
1100046718,07/28/2017,Veritecnica SRL,,1,0,0
1100046719,07/28/2017,Veritecnica SRL,,1,0,0
9102008275,07/28/2017,Veritecnica SRL,,0,0,1
1100046720,07/28/2017,Veritecnica SRL,,1,0,0
1200013989,07/28/2017,Veritecnica SRL,,1,0,0
1200013990,07/28/2017,Veritecnica SRL,,1,0,0
9102008276,07/28/2017,Veritecnica SRL,,0,0,1
1100046721,07/28/2017,Veritecnica SRL,,1,0,0
1200013991,07/28/2017,Veritecnica SRL,,1,0,0
1200013992,07/28/2017,Veritecnica SRL,,1,0,0
1100046722,07/29/2017,Veritecnica SRL,,1,0,0
9102008277,07/29/2017,Veritecnica SRL,,0,1,0
1100046723,07/29/2017,Veritecnica SRL,,1,0,0
1100046724,07/29/2017,Veritecnica SRL,,1,0,0
1200013993,07/29/2017,Veritecnica SRL,,1,0,0
1100046725,07/29/2017,Veritecnica SRL,,1,0,0
9102008278,07/29/2017,Veritecnica SRL,,0,1,0
1200013994,07/29/2017,Veritecnica SRL,,1,0,0
1200013995,07/29/2017,Veritecnica SRL,,1,0,0
1200013996,07/29/2017,Veritecnica SRL,,1,0,0
1200013997,07/29/2017,Veritecnica SRL,,1,0,0
1100046726,07/29/2017,Veritecnica SRL,,1,0,0
1100046727,07/29/2017,Veritecnica SRL,,1,0,0
9202001535,07/29/2017,Veritecnica SRL,,0,0,1
