Nrocertificado,Fecha,Idtaller,Dominiovehiculo,Aprobado,RechazadoLeveModerado,RechazadoGrave
1100054165,12/30/2017,Asociación de Bomberos Voluntarios - San Martín de los Andes,,1,0,0
1100054166,12/30/2017,Asociación de Bomberos Voluntarios - San Martín de los Andes,,1,0,0
1100054167,12/30/2017,Asociación de Bomberos Voluntarios - San Martín de los Andes,,1,0,0
1100054168,12/30/2017,Asociación de Bomberos Voluntarios - San Martín de los Andes,,1,0,0
1200015865,12/30/2017,Asociación de Bomberos Voluntarios - San Martín de los Andes,,1,0,0
9101003848,12/30/2017,Asociación de Bomberos Voluntarios - San Martín de los Andes,,0,0,1
1100054169,12/30/2017,Asociación de Bomberos Voluntarios - San Martín de los Andes,,1,0,0
9101003849,12/30/2017,Asociación de Bomberos Voluntarios - San Martín de los Andes,,0,1,0
1100056751,12/30/2017,Veritecnica SRL,,1,0,0
9102009480,12/30/2017,Veritecnica SRL,,0,0,1
1100056752,12/30/2017,Veritecnica SRL,,1,0,0
1100056753,12/30/2017,Veritecnica SRL,,1,0,0
1100056754,12/30/2017,Veritecnica SRL,,1,0,0
1100056755,12/30/2017,Veritecnica SRL,,1,0,0
1100056756,12/30/2017,Veritecnica SRL,,1,0,0
1100056757,12/30/2017,Veritecnica SRL,,1,0,0
1100056758,12/30/2017,Veritecnica SRL,,1,0,0
1100056760,12/30/2017,Veritecnica SRL,,1,0,0
9102009481,12/30/2017,Veritecnica SRL,,0,1,0
1100056759,12/30/2017,Veritecnica SRL,,1,0,0
1100056762,12/30/2017,Veritecnica SRL,,1,0,0
1100056763,12/30/2017,Veritecnica SRL,,1,0,0
1100056764,12/30/2017,Veritecnica SRL,,1,0,0
1100056765,12/30/2017,Veritecnica SRL,,1,0,0
1100056766,12/30/2017,Veritecnica SRL,,1,0,0
1100056761,12/30/2017,Veritecnica SRL,,1,0,0
9102009482,12/30/2017,Veritecnica SRL,,0,1,0
1100056768,12/30/2017,Veritecnica SRL,,1,0,0
1100056767,12/30/2017,Veritecnica SRL,,1,0,0
1100056770,12/30/2017,Veritecnica SRL,,1,0,0
1100056769,12/30/2017,Veritecnica SRL,,1,0,0
1100056771,12/30/2017,Veritecnica SRL,,1,0,0
9102009483,12/30/2017,Veritecnica SRL,,0,1,0
1100056772,12/30/2017,Veritecnica SRL,,1,0,0
1100056773,12/30/2017,Veritecnica SRL,,1,0,0
1100056774,12/30/2017,Veritecnica SRL,,1,0,0
1100056776,12/30/2017,Veritecnica SRL,,1,0,0
1100056775,12/30/2017,Veritecnica SRL,,1,0,0
1100056777,12/30/2017,Veritecnica SRL,,1,0,0
1100056779,12/30/2017,Veritecnica SRL,,1,0,0
1100056780,12/30/2017,Veritecnica SRL,,1,0,0
1100056778,12/30/2017,Veritecnica SRL,,1,0,0
1100056781,12/30/2017,Veritecnica SRL,,1,0,0
1100056782,12/30/2017,Veritecnica SRL,,1,0,0
1100056783,12/30/2017,Veritecnica SRL,,1,0,0
1100056784,12/30/2017,Veritecnica SRL,,1,0,0
9102009484,12/30/2017,Veritecnica SRL,,0,1,0
9102009485,12/30/2017,Veritecnica SRL,,0,0,1
1100056785,12/30/2017,Veritecnica SRL,,1,0,0
9102009486,12/30/2017,Veritecnica SRL,,0,0,1
1100056786,12/30/2017,Veritecnica SRL,,1,0,0
9102009487,12/30/2017,Veritecnica SRL,,0,1,0
1100056787,12/30/2017,Veritecnica SRL,,1,0,0
1100056788,12/30/2017,Veritecnica SRL,,1,0,0
1100056789,12/30/2017,Veritecnica SRL,,1,0,0
9102009488,12/30/2017,Veritecnica SRL,,0,1,0
9102009489,12/30/2017,Veritecnica SRL,,0,1,0
1100056790,12/30/2017,Veritecnica SRL,,1,0,0
1100056791,12/30/2017,Veritecnica SRL,,1,0,0
1100056792,12/30/2017,Veritecnica SRL,,1,0,0
1100056793,12/30/2017,Veritecnica SRL,,1,0,0
1100056794,12/30/2017,Veritecnica SRL,,1,0,0
1100056795,12/30/2017,Veritecnica SRL,,1,0,0
1100056796,12/30/2017,Veritecnica SRL,,1,0,0
1100056797,12/30/2017,Veritecnica SRL,,1,0,0
1100056798,12/30/2017,Veritecnica SRL,,1,0,0
1100056799,12/30/2017,Veritecnica SRL,,1,0,0
1100056800,12/30/2017,Veritecnica SRL,,1,0,0
9102009490,12/30/2017,Veritecnica SRL,,0,0,1
1100056801,12/30/2017,Veritecnica SRL,,1,0,0
1100056802,12/30/2017,Veritecnica SRL,,1,0,0
9102009491,12/30/2017,Veritecnica SRL,,0,1,0
1100056803,12/30/2017,Veritecnica SRL,,1,0,0
1100056804,12/30/2017,Veritecnica SRL,,1,0,0
1100056805,12/30/2017,Veritecnica SRL,,1,0,0
1100056806,12/30/2017,Veritecnica SRL,,1,0,0
9102009492,12/30/2017,Veritecnica SRL,,0,1,0
1100056807,12/30/2017,Veritecnica SRL,,1,0,0
1100056809,12/30/2017,Veritecnica SRL,,1,0,0
1100056810,12/30/2017,Veritecnica SRL,,1,0,0
1100056808,12/30/2017,Veritecnica SRL,,1,0,0
1100056811,12/30/2017,Veritecnica SRL,,1,0,0
1100056812,12/30/2017,Veritecnica SRL,,1,0,0
1100056813,12/30/2017,Veritecnica SRL,,1,0,0
1100056814,12/30/2017,Veritecnica SRL,,1,0,0
1100056815,12/30/2017,Veritecnica SRL,,1,0,0
1100056816,12/30/2017,Veritecnica SRL,,1,0,0
1100056817,12/30/2017,Veritecnica SRL,,1,0,0
9102009493,12/30/2017,Veritecnica SRL,,0,1,0
1100056818,12/30/2017,Veritecnica SRL,,1,0,0
1100056819,12/30/2017,Veritecnica SRL,,1,0,0
1100056820,12/30/2017,Veritecnica SRL,,1,0,0
1100056821,12/30/2017,Veritecnica SRL,,1,0,0
1100056822,12/30/2017,Veritecnica SRL,,1,0,0
