Nrocertificado,Fecha,Idtaller,Dominiovehiculo,Aprobado,RechazadoLeveModerado,RechazadoGrave
1100035638,02/17/2017,Asociación de Bomberos Voluntarios - San Martín de los Andes,,1,0,0
1200010179,02/17/2017,Asociación de Bomberos Voluntarios - San Martín de los Andes,,1,0,0
9101002541,02/17/2017,Asociación de Bomberos Voluntarios - San Martín de los Andes,,0,1,0
9101002542,02/17/2017,Asociación de Bomberos Voluntarios - San Martín de los Andes,,0,1,0
1100035639,02/17/2017,Asociación de Bomberos Voluntarios - San Martín de los Andes,,1,0,0
1100035640,02/17/2017,Asociación de Bomberos Voluntarios - San Martín de los Andes,,1,0,0
1100035641,02/17/2017,Asociación de Bomberos Voluntarios - San Martín de los Andes,,1,0,0
1100035642,02/17/2017,Asociación de Bomberos Voluntarios - San Martín de los Andes,,1,0,0
1100035643,02/17/2017,Asociación de Bomberos Voluntarios - San Martín de los Andes,,1,0,0
1100035644,02/17/2017,Asociación de Bomberos Voluntarios - San Martín de los Andes,,1,0,0
1100035645,02/17/2017,Asociación de Bomberos Voluntarios - San Martín de los Andes,,1,0,0
1200010180,02/17/2017,Asociación de Bomberos Voluntarios - San Martín de los Andes,,1,0,0
1100035646,02/17/2017,Asociación de Bomberos Voluntarios - San Martín de los Andes,,1,0,0
1100035647,02/17/2017,Asociación de Bomberos Voluntarios - San Martín de los Andes,,1,0,0
1100035648,02/17/2017,Asociación de Bomberos Voluntarios - San Martín de los Andes,,1,0,0
1100035649,02/17/2017,Asociación de Bomberos Voluntarios - San Martín de los Andes,,1,0,0
1100035650,02/17/2017,Asociación de Bomberos Voluntarios - San Martín de los Andes,,1,0,0
1100035651,02/17/2017,Asociación de Bomberos Voluntarios - San Martín de los Andes,,1,0,0
9101002543,02/17/2017,Asociación de Bomberos Voluntarios - San Martín de los Andes,,0,0,1
1100035652,02/17/2017,Asociación de Bomberos Voluntarios - San Martín de los Andes,,1,0,0
1100035653,02/17/2017,Asociación de Bomberos Voluntarios - San Martín de los Andes,,1,0,0
1100035654,02/17/2017,Asociación de Bomberos Voluntarios - San Martín de los Andes,,1,0,0
9201000447,02/17/2017,Asociación de Bomberos Voluntarios - San Martín de los Andes,,0,1,0
1100035655,02/17/2017,Asociación de Bomberos Voluntarios - San Martín de los Andes,,1,0,0
1100035656,02/17/2017,Asociación de Bomberos Voluntarios - San Martín de los Andes,,1,0,0
1100035657,02/17/2017,Asociación de Bomberos Voluntarios - San Martín de los Andes,,1,0,0
1100035658,02/17/2017,Asociación de Bomberos Voluntarios - San Martín de los Andes,,1,0,0
1100035659,02/17/2017,Asociación de Bomberos Voluntarios - San Martín de los Andes,,1,0,0
1100035660,02/18/2017,Asociación de Bomberos Voluntarios - San Martín de los Andes,,1,0,0
1100035661,02/18/2017,Asociación de Bomberos Voluntarios - San Martín de los Andes,,1,0,0
1100035662,02/18/2017,Asociación de Bomberos Voluntarios - San Martín de los Andes,,1,0,0
1200010181,02/18/2017,Asociación de Bomberos Voluntarios - San Martín de los Andes,,1,0,0
1100035663,02/18/2017,Asociación de Bomberos Voluntarios - San Martín de los Andes,,1,0,0
1100035664,02/18/2017,Asociación de Bomberos Voluntarios - San Martín de los Andes,,1,0,0
1200010182,02/18/2017,Asociación de Bomberos Voluntarios - San Martín de los Andes,,1,0,0
1100034170,02/17/2017,Control SRL,,1,0,0
1100034173,02/17/2017,Control SRL,,1,0,0
1100034171,02/17/2017,Control SRL,,1,0,0
1100034174,02/17/2017,Control SRL,,1,0,0
1100034175,02/17/2017,Control SRL,,1,0,0
1200011362,02/17/2017,Control SRL,,1,0,0
9103002227,02/17/2017,Control SRL,,0,0,1
1100034176,02/17/2017,Control SRL,,1,0,0
1100034177,02/17/2017,Control SRL,,1,0,0
1100034178,02/17/2017,Control SRL,,1,0,0
9103002228,02/17/2017,Control SRL,,0,0,1
1100034180,02/17/2017,Control SRL,,1,0,0
1100034179,02/17/2017,Control SRL,,1,0,0
9103002229,02/17/2017,Control SRL,,0,0,1
9103002230,02/17/2017,Control SRL,,0,0,1
9103002231,02/17/2017,Control SRL,,0,0,1
1100034181,02/17/2017,Control SRL,,1,0,0
1100034182,02/17/2017,Control SRL,,1,0,0
1100034183,02/17/2017,Control SRL,,1,0,0
1100034184,02/17/2017,Control SRL,,1,0,0
1100034185,02/17/2017,Control SRL,,1,0,0
1100034186,02/17/2017,Control SRL,,1,0,0
9103002232,02/17/2017,Control SRL,,0,0,1
1100034187,02/17/2017,Control SRL,,1,0,0
1100034188,02/17/2017,Control SRL,,1,0,0
9103002233,02/17/2017,Control SRL,,0,0,1
1200011363,02/17/2017,Control SRL,,1,0,0
1200011364,02/17/2017,Control SRL,,1,0,0
1100034189,02/17/2017,Control SRL,,1,0,0
1100034191,02/17/2017,Control SRL,,1,0,0
1100034190,02/17/2017,Control SRL,,1,0,0
1100034192,02/17/2017,Control SRL,,1,0,0
9103002234,02/17/2017,Control SRL,,0,0,1
1100034193,02/17/2017,Control SRL,,1,0,0
9102006966,02/17/2017,Veritecnica SRL,,0,0,1
1100036248,02/17/2017,Veritecnica SRL,,1,0,0
1100036249,02/17/2017,Veritecnica SRL,,1,0,0
9102006967,02/17/2017,Veritecnica SRL,,0,1,0
9102006968,02/17/2017,Veritecnica SRL,,0,0,1
1200011533,02/17/2017,Veritecnica SRL,,1,0,0
1100036250,02/17/2017,Veritecnica SRL,,1,0,0
9202001222,02/17/2017,Veritecnica SRL,,0,0,1
9102006969,02/17/2017,Veritecnica SRL,,0,0,1
1100036251,02/17/2017,Veritecnica SRL,,1,0,0
1200011534,02/17/2017,Veritecnica SRL,,1,0,0
1100036252,02/17/2017,Veritecnica SRL,,1,0,0
1200011535,02/17/2017,Veritecnica SRL,,1,0,0
9102006970,02/17/2017,Veritecnica SRL,,0,1,0
1200011536,02/17/2017,Veritecnica SRL,,1,0,0
1100036253,02/17/2017,Veritecnica SRL,,1,0,0
1100036254,02/17/2017,Veritecnica SRL,,1,0,0
1100036255,02/17/2017,Veritecnica SRL,,1,0,0
1100036256,02/17/2017,Veritecnica SRL,,1,0,0
9102006971,02/17/2017,Veritecnica SRL,,0,0,1
9202001223,02/17/2017,Veritecnica SRL,,0,0,1
1200011537,02/17/2017,Veritecnica SRL,,1,0,0
1100036257,02/17/2017,Veritecnica SRL,,1,0,0
1100036258,02/17/2017,Veritecnica SRL,,1,0,0
1200011538,02/17/2017,Veritecnica SRL,,1,0,0
1100036259,02/17/2017,Veritecnica SRL,,1,0,0
1200011539,02/17/2017,Veritecnica SRL,,1,0,0
1100036260,02/17/2017,Veritecnica SRL,,1,0,0
1100036261,02/17/2017,Veritecnica SRL,,1,0,0
1100036262,02/17/2017,Veritecnica SRL,,1,0,0
1200011540,02/17/2017,Veritecnica SRL,,1,0,0
1200011541,02/17/2017,Veritecnica SRL,,1,0,0
1100036263,02/17/2017,Veritecnica SRL,,1,0,0
9102006972,02/17/2017,Veritecnica SRL,,0,1,0
9102006973,02/17/2017,Veritecnica SRL,,0,1,0
1200011542,02/17/2017,Veritecnica SRL,,1,0,0
1100036264,02/17/2017,Veritecnica SRL,,1,0,0
1200011543,02/17/2017,Veritecnica SRL,,1,0,0
1100036265,02/17/2017,Veritecnica SRL,,1,0,0
1100036266,02/17/2017,Veritecnica SRL,,1,0,0
1100036267,02/17/2017,Veritecnica SRL,,1,0,0
9102006974,02/17/2017,Veritecnica SRL,,0,1,0
1100036268,02/17/2017,Veritecnica SRL,,1,0,0
1100036269,02/17/2017,Veritecnica SRL,,1,0,0
1200011544,02/17/2017,Veritecnica SRL,,1,0,0
1100036270,02/17/2017,Veritecnica SRL,,1,0,0
9202001224,02/17/2017,Veritecnica SRL,,0,0,1
1100036271,02/17/2017,Veritecnica SRL,,1,0,0
1100036272,02/17/2017,Veritecnica SRL,,1,0,0
9102006975,02/17/2017,Veritecnica SRL,,0,0,1
9102006976,02/17/2017,Veritecnica SRL,,0,0,1
1100036273,02/17/2017,Veritecnica SRL,,1,0,0
1100036274,02/17/2017,Veritecnica SRL,,1,0,0
1100036275,02/17/2017,Veritecnica SRL,,1,0,0
1100036276,02/17/2017,Veritecnica SRL,,1,0,0
9102006977,02/17/2017,Veritecnica SRL,,0,0,1
1100036277,02/17/2017,Veritecnica SRL,,1,0,0
1100036278,02/17/2017,Veritecnica SRL,,1,0,0
1100036279,02/18/2017,Veritecnica SRL,,1,0,0
1100036280,02/18/2017,Veritecnica SRL,,1,0,0
9102006978,02/18/2017,Veritecnica SRL,,0,1,0
1100036281,02/18/2017,Veritecnica SRL,,1,0,0
1100036282,02/18/2017,Veritecnica SRL,,1,0,0
9102006979,02/18/2017,Veritecnica SRL,,0,1,0
1100036283,02/18/2017,Veritecnica SRL,,1,0,0
1100036284,02/18/2017,Veritecnica SRL,,1,0,0
1100036285,02/18/2017,Veritecnica SRL,,1,0,0
1100036286,02/18/2017,Veritecnica SRL,,1,0,0
1100036287,02/18/2017,Veritecnica SRL,,1,0,0
1100036288,02/18/2017,Veritecnica SRL,,1,0,0
9102006980,02/18/2017,Veritecnica SRL,,0,1,0
1100036289,02/18/2017,Veritecnica SRL,,1,0,0
1100036290,02/18/2017,Veritecnica SRL,,1,0,0
1100036291,02/18/2017,Veritecnica SRL,,1,0,0
1100036292,02/18/2017,Veritecnica SRL,,1,0,0
1100036293,02/18/2017,Veritecnica SRL,,1,0,0
1100036294,02/18/2017,Veritecnica SRL,,1,0,0
1100036295,02/18/2017,Veritecnica SRL,,1,0,0
1200011545,02/18/2017,Veritecnica SRL,,1,0,0
1100036296,02/18/2017,Veritecnica SRL,,1,0,0
1100036297,02/18/2017,Veritecnica SRL,,1,0,0
1100036298,02/18/2017,Veritecnica SRL,,1,0,0
1100036299,02/18/2017,Veritecnica SRL,,1,0,0
9102006981,02/18/2017,Veritecnica SRL,,0,1,0
1100036300,02/18/2017,Veritecnica SRL,,1,0,0
1100036301,02/18/2017,Veritecnica SRL,,1,0,0
1200011546,02/18/2017,Veritecnica SRL,,1,0,0
1100036302,02/18/2017,Veritecnica SRL,,1,0,0
1200011547,02/18/2017,Veritecnica SRL,,1,0,0
