Nrocertificado,Fecha,Idtaller,Dominiovehiculo,Aprobado,RechazadoLeveModerado,RechazadoGrave
1200013406,07/19/2017,Veritecnica SRL - AÑELO,,1,0,0
1100045753,07/19/2017,Asociación de Bomberos Voluntarios - San Martín de los Andes,,1,0,0
1100045754,07/19/2017,Asociación de Bomberos Voluntarios - San Martín de los Andes,,1,0,0
1100045755,07/19/2017,Asociación de Bomberos Voluntarios - San Martín de los Andes,,1,0,0
1100045756,07/19/2017,Asociación de Bomberos Voluntarios - San Martín de los Andes,,1,0,0
1100045757,07/19/2017,Asociación de Bomberos Voluntarios - San Martín de los Andes,,1,0,0
1100045758,07/19/2017,Asociación de Bomberos Voluntarios - San Martín de los Andes,,1,0,0
1100045759,07/19/2017,Asociación de Bomberos Voluntarios - San Martín de los Andes,,1,0,0
1100045760,07/19/2017,Asociación de Bomberos Voluntarios - San Martín de los Andes,,1,0,0
1100045761,07/19/2017,Asociación de Bomberos Voluntarios - San Martín de los Andes,,1,0,0
1100045762,07/19/2017,Asociación de Bomberos Voluntarios - San Martín de los Andes,,1,0,0
1100045763,07/19/2017,Asociación de Bomberos Voluntarios - San Martín de los Andes,,1,0,0
1100045764,07/19/2017,Asociación de Bomberos Voluntarios - San Martín de los Andes,,1,0,0
1100045765,07/19/2017,Asociación de Bomberos Voluntarios - San Martín de los Andes,,1,0,0
1100045766,07/19/2017,Asociación de Bomberos Voluntarios - San Martín de los Andes,,1,0,0
1100045767,07/19/2017,Asociación de Bomberos Voluntarios - San Martín de los Andes,,1,0,0
1100045768,07/19/2017,Asociación de Bomberos Voluntarios - San Martín de los Andes,,1,0,0
1100045769,07/19/2017,Asociación de Bomberos Voluntarios - San Martín de los Andes,,1,0,0
1100045770,07/19/2017,Asociación de Bomberos Voluntarios - San Martín de los Andes,,1,0,0
1100045771,07/19/2017,Asociación de Bomberos Voluntarios - San Martín de los Andes,,1,0,0
1100045772,07/19/2017,Asociación de Bomberos Voluntarios - San Martín de los Andes,,1,0,0
1100045773,07/19/2017,Asociación de Bomberos Voluntarios - San Martín de los Andes,,1,0,0
9101003280,07/19/2017,Asociación de Bomberos Voluntarios - San Martín de los Andes,,0,0,1
9101003281,07/19/2017,Asociación de Bomberos Voluntarios - San Martín de los Andes,,0,1,0
9101003282,07/19/2017,Asociación de Bomberos Voluntarios - San Martín de los Andes,,0,1,0
1100045774,07/19/2017,Asociación de Bomberos Voluntarios - San Martín de los Andes,,1,0,0
1100045775,07/19/2017,Asociación de Bomberos Voluntarios - San Martín de los Andes,,1,0,0
1100045776,07/20/2017,Asociación de Bomberos Voluntarios - San Martín de los Andes,,1,0,0
1100045777,07/20/2017,Asociación de Bomberos Voluntarios - San Martín de los Andes,,1,0,0
9101003283,07/20/2017,Asociación de Bomberos Voluntarios - San Martín de los Andes,,0,0,1
9101003284,07/20/2017,Asociación de Bomberos Voluntarios - San Martín de los Andes,,0,0,1
1100045778,07/20/2017,Asociación de Bomberos Voluntarios - San Martín de los Andes,,1,0,0
1100045779,07/20/2017,Asociación de Bomberos Voluntarios - San Martín de los Andes,,1,0,0
1100045780,07/20/2017,Asociación de Bomberos Voluntarios - San Martín de los Andes,,1,0,0
9101003285,07/20/2017,Asociación de Bomberos Voluntarios - San Martín de los Andes,,0,0,1
1100045781,07/20/2017,Asociación de Bomberos Voluntarios - San Martín de los Andes,,1,0,0
1100045782,07/20/2017,Asociación de Bomberos Voluntarios - San Martín de los Andes,,1,0,0
1100045783,07/20/2017,Asociación de Bomberos Voluntarios - San Martín de los Andes,,1,0,0
1100045784,07/20/2017,Asociación de Bomberos Voluntarios - San Martín de los Andes,,1,0,0
9101003286,07/20/2017,Asociación de Bomberos Voluntarios - San Martín de los Andes,,0,0,1
1100045785,07/20/2017,Asociación de Bomberos Voluntarios - San Martín de los Andes,,1,0,0
1100045786,07/20/2017,Asociación de Bomberos Voluntarios - San Martín de los Andes,,1,0,0
1100045787,07/20/2017,Asociación de Bomberos Voluntarios - San Martín de los Andes,,1,0,0
1100045788,07/20/2017,Asociación de Bomberos Voluntarios - San Martín de los Andes,,1,0,0
9201000499,07/20/2017,Asociación de Bomberos Voluntarios - San Martín de los Andes,,0,0,1
1200013136,07/20/2017,Asociación de Bomberos Voluntarios - San Martín de los Andes,,1,0,0
1100045789,07/20/2017,Asociación de Bomberos Voluntarios - San Martín de los Andes,,1,0,0
1100045790,07/20/2017,Asociación de Bomberos Voluntarios - San Martín de los Andes,,1,0,0
9101003287,07/20/2017,Asociación de Bomberos Voluntarios - San Martín de los Andes,,0,1,0
1100045791,07/20/2017,Asociación de Bomberos Voluntarios - San Martín de los Andes,,1,0,0
1100045792,07/20/2017,Asociación de Bomberos Voluntarios - San Martín de los Andes,,1,0,0
1100045793,07/20/2017,Asociación de Bomberos Voluntarios - San Martín de los Andes,,1,0,0
1100045794,07/20/2017,Asociación de Bomberos Voluntarios - San Martín de los Andes,,1,0,0
9101003288,07/20/2017,Asociación de Bomberos Voluntarios - San Martín de los Andes,,0,1,0
1100045795,07/20/2017,Asociación de Bomberos Voluntarios - San Martín de los Andes,,1,0,0
1100045796,07/20/2017,Asociación de Bomberos Voluntarios - San Martín de los Andes,,1,0,0
1100044931,07/19/2017,Control SRL,,1,0,0
1100044932,07/19/2017,Control SRL,,1,0,0
1100044933,07/19/2017,Control SRL,,1,0,0
1200013877,07/19/2017,Control SRL,,1,0,0
1100044934,07/19/2017,Control SRL,,1,0,0
1100044935,07/19/2017,Control SRL,,1,0,0
1100044936,07/19/2017,Control SRL,,1,0,0
1200013878,07/19/2017,Control SRL,,1,0,0
1100044937,07/19/2017,Control SRL,,1,0,0
1100044938,07/19/2017,Control SRL,,1,0,0
1100044939,07/19/2017,Control SRL,,1,0,0
1200013879,07/19/2017,Control SRL,,1,0,0
1100044940,07/19/2017,Control SRL,,1,0,0
1100044941,07/19/2017,Control SRL,,1,0,0
1100044942,07/19/2017,Control SRL,,1,0,0
1100044943,07/19/2017,Control SRL,,1,0,0
1200013880,07/19/2017,Control SRL,,1,0,0
1200013881,07/19/2017,Control SRL,,1,0,0
1100044944,07/19/2017,Control SRL,,1,0,0
1100044945,07/19/2017,Control SRL,,1,0,0
1100044946,07/19/2017,Control SRL,,1,0,0
1200013882,07/19/2017,Control SRL,,1,0,0
1200013885,07/19/2017,Control SRL,,1,0,0
1100044948,07/19/2017,Control SRL,,1,0,0
1100044947,07/19/2017,Control SRL,,1,0,0
9203000669,07/19/2017,Control SRL,,0,0,1
1100044949,07/19/2017,Control SRL,,1,0,0
1200013883,07/19/2017,Control SRL,,1,0,0
1100044950,07/19/2017,Control SRL,,1,0,0
1100044951,07/19/2017,Control SRL,,1,0,0
1100044952,07/19/2017,Control SRL,,1,0,0
1200013884,07/19/2017,Control SRL,,1,0,0
1100044953,07/19/2017,Control SRL,,1,0,0
1100044954,07/19/2017,Control SRL,,1,0,0
1200013886,07/19/2017,Control SRL,,1,0,0
1200013887,07/19/2017,Control SRL,,1,0,0
1100044955,07/19/2017,Control SRL,,1,0,0
1100044956,07/19/2017,Control SRL,,1,0,0
1100044957,07/19/2017,Control SRL,,1,0,0
1200013888,07/19/2017,Control SRL,,1,0,0
1200013889,07/19/2017,Control SRL,,1,0,0
1200013890,07/19/2017,Control SRL,,1,0,0
1200013891,07/19/2017,Control SRL,,1,0,0
1100044958,07/20/2017,Control SRL,,1,0,0
1100044959,07/20/2017,Control SRL,,1,0,0
1200013892,07/20/2017,Control SRL,,1,0,0
1200013893,07/20/2017,Control SRL,,1,0,0
1100044960,07/20/2017,Control SRL,,1,0,0
1100044961,07/20/2017,Control SRL,,1,0,0
1100044962,07/20/2017,Control SRL,,1,0,0
1100044963,07/20/2017,Control SRL,,1,0,0
1100044964,07/20/2017,Control SRL,,1,0,0
1200013894,07/20/2017,Control SRL,,1,0,0
1200013895,07/20/2017,Control SRL,,1,0,0
1200013896,07/20/2017,Control SRL,,1,0,0
1100044965,07/20/2017,Control SRL,,1,0,0
1100044966,07/20/2017,Control SRL,,1,0,0
1100044967,07/20/2017,Control SRL,,1,0,0
1100044968,07/20/2017,Control SRL,,1,0,0
1100044969,07/20/2017,Control SRL,,1,0,0
1100044970,07/20/2017,Control SRL,,1,0,0
1100044972,07/20/2017,Control SRL,,1,0,0
1100044973,07/20/2017,Control SRL,,1,0,0
1100044974,07/20/2017,Control SRL,,1,0,0
1100044975,07/20/2017,Control SRL,,1,0,0
1100044976,07/20/2017,Control SRL,,1,0,0
1100044977,07/20/2017,Control SRL,,1,0,0
1100044978,07/20/2017,Control SRL,,1,0,0
1100044979,07/20/2017,Control SRL,,1,0,0
1100044980,07/20/2017,Control SRL,,1,0,0
1200013897,07/20/2017,Control SRL,,1,0,0
1100044981,07/20/2017,Control SRL,,1,0,0
1100044982,07/20/2017,Control SRL,,1,0,0
1100044983,07/20/2017,Control SRL,,1,0,0
9103002619,07/20/2017,Control SRL,,0,0,1
9102008199,07/19/2017,Veritecnica SRL,,0,1,0
9102008200,07/19/2017,Veritecnica SRL,,0,1,0
1100046501,07/19/2017,Veritecnica SRL,,1,0,0
1100046502,07/19/2017,Veritecnica SRL,,1,0,0
1100046503,07/19/2017,Veritecnica SRL,,1,0,0
1100046504,07/19/2017,Veritecnica SRL,,1,0,0
1100046505,07/19/2017,Veritecnica SRL,,1,0,0
1100046506,07/19/2017,Veritecnica SRL,,1,0,0
1100046507,07/19/2017,Veritecnica SRL,,1,0,0
1200013904,07/19/2017,Veritecnica SRL,,1,0,0
9202001513,07/19/2017,Veritecnica SRL,,0,0,1
9102008201,07/19/2017,Veritecnica SRL,,0,0,1
1100046508,07/19/2017,Veritecnica SRL,,1,0,0
1100046509,07/19/2017,Veritecnica SRL,,1,0,0
1100046510,07/19/2017,Veritecnica SRL,,1,0,0
9102008202,07/19/2017,Veritecnica SRL,,0,1,0
1100046511,07/19/2017,Veritecnica SRL,,1,0,0
9202001514,07/19/2017,Veritecnica SRL,,0,0,1
1100046512,07/19/2017,Veritecnica SRL,,1,0,0
1200013905,07/19/2017,Veritecnica SRL,,1,0,0
9102008203,07/19/2017,Veritecnica SRL,,0,1,0
9102008204,07/19/2017,Veritecnica SRL,,0,0,1
9102008205,07/19/2017,Veritecnica SRL,,0,0,1
9202001515,07/19/2017,Veritecnica SRL,,0,0,1
9102008206,07/19/2017,Veritecnica SRL,,0,0,1
1100046513,07/19/2017,Veritecnica SRL,,1,0,0
1100046514,07/19/2017,Veritecnica SRL,,1,0,0
1200013906,07/19/2017,Veritecnica SRL,,1,0,0
9102008207,07/19/2017,Veritecnica SRL,,0,1,0
1100046515,07/19/2017,Veritecnica SRL,,1,0,0
1200013907,07/19/2017,Veritecnica SRL,,1,0,0
1100046516,07/19/2017,Veritecnica SRL,,1,0,0
1200013908,07/19/2017,Veritecnica SRL,,1,0,0
1100046517,07/19/2017,Veritecnica SRL,,1,0,0
1100046518,07/19/2017,Veritecnica SRL,,1,0,0
1100046519,07/19/2017,Veritecnica SRL,,1,0,0
1200013909,07/19/2017,Veritecnica SRL,,1,0,0
1100046520,07/19/2017,Veritecnica SRL,,1,0,0
1100046521,07/19/2017,Veritecnica SRL,,1,0,0
9102008208,07/19/2017,Veritecnica SRL,,0,0,1
9102008209,07/19/2017,Veritecnica SRL,,0,1,0
1100046605,07/19/2017,Veritecnica SRL,,1,0,0
1100046522,07/19/2017,Veritecnica SRL,,1,0,0
1100046523,07/19/2017,Veritecnica SRL,,1,0,0
1200013903,07/19/2017,Veritecnica SRL,,1,0,0
1200013910,07/19/2017,Veritecnica SRL,,1,0,0
1200013911,07/19/2017,Veritecnica SRL,,1,0,0
1100046524,07/19/2017,Veritecnica SRL,,1,0,0
9102008210,07/19/2017,Veritecnica SRL,,0,1,0
9202001516,07/19/2017,Veritecnica SRL,,0,0,1
1100046525,07/19/2017,Veritecnica SRL,,1,0,0
9102008211,07/19/2017,Veritecnica SRL,,0,1,0
1200013912,07/19/2017,Veritecnica SRL,,1,0,0
1100046526,07/19/2017,Veritecnica SRL,,1,0,0
9102008212,07/19/2017,Veritecnica SRL,,0,1,0
1100046527,07/20/2017,Veritecnica SRL,,1,0,0
1100046529,07/20/2017,Veritecnica SRL,,1,0,0
1100046528,07/20/2017,Veritecnica SRL,,1,0,0
9102008213,07/20/2017,Veritecnica SRL,,0,1,0
1100046530,07/20/2017,Veritecnica SRL,,1,0,0
1200013913,07/20/2017,Veritecnica SRL,,1,0,0
9102008214,07/20/2017,Veritecnica SRL,,0,0,1
1100046531,07/20/2017,Veritecnica SRL,,1,0,0
1100046532,07/20/2017,Veritecnica SRL,,1,0,0
1100046533,07/20/2017,Veritecnica SRL,,1,0,0
1200013914,07/20/2017,Veritecnica SRL,,1,0,0
9102008215,07/20/2017,Veritecnica SRL,,0,0,1
1100046534,07/20/2017,Veritecnica SRL,,1,0,0
9102008216,07/20/2017,Veritecnica SRL,,0,0,1
9102008217,07/20/2017,Veritecnica SRL,,0,1,0
9102008218,07/20/2017,Veritecnica SRL,,0,0,1
1200013915,07/20/2017,Veritecnica SRL,,1,0,0
1100046535,07/20/2017,Veritecnica SRL,,1,0,0
1100046536,07/20/2017,Veritecnica SRL,,1,0,0
1100046537,07/20/2017,Veritecnica SRL,,1,0,0
1100046538,07/20/2017,Veritecnica SRL,,1,0,0
1200013916,07/20/2017,Veritecnica SRL,,1,0,0
1200013917,07/20/2017,Veritecnica SRL,,1,0,0
1100046539,07/20/2017,Veritecnica SRL,,1,0,0
1100046540,07/20/2017,Veritecnica SRL,,1,0,0
1100046541,07/20/2017,Veritecnica SRL,,1,0,0
9102008219,07/20/2017,Veritecnica SRL,,0,1,0
1100046542,07/20/2017,Veritecnica SRL,,1,0,0
1100046543,07/20/2017,Veritecnica SRL,,1,0,0
1200013918,07/20/2017,Veritecnica SRL,,1,0,0
1100046544,07/20/2017,Veritecnica SRL,,1,0,0
1200013919,07/20/2017,Veritecnica SRL,,1,0,0
1200013920,07/20/2017,Veritecnica SRL,,1,0,0
1100046545,07/20/2017,Veritecnica SRL,,1,0,0
1100046546,07/20/2017,Veritecnica SRL,,1,0,0
9102008220,07/20/2017,Veritecnica SRL,,0,0,1
1200013921,07/20/2017,Veritecnica SRL,,1,0,0
1100046547,07/20/2017,Veritecnica SRL,,1,0,0
9202001517,07/20/2017,Veritecnica SRL,,0,0,1
1100046548,07/20/2017,Veritecnica SRL,,1,0,0
9102008221,07/20/2017,Veritecnica SRL,,0,0,1
1100046549,07/20/2017,Veritecnica SRL,,1,0,0
1100046550,07/20/2017,Veritecnica SRL,,1,0,0
9102008222,07/20/2017,Veritecnica SRL,,0,0,1
1100046551,07/20/2017,Veritecnica SRL,,1,0,0
9102008223,07/20/2017,Veritecnica SRL,,0,0,1
9202001518,07/20/2017,Veritecnica SRL,,0,0,1
1100046552,07/20/2017,Veritecnica SRL,,1,0,0
9202001519,07/20/2017,Veritecnica SRL,,0,0,1
1100046553,07/20/2017,Veritecnica SRL,,1,0,0
1100046554,07/20/2017,Veritecnica SRL,,1,0,0
1200013922,07/20/2017,Veritecnica SRL,,1,0,0
9102008224,07/20/2017,Veritecnica SRL,,0,0,1
1100046555,07/20/2017,Veritecnica SRL,,1,0,0
1200013923,07/20/2017,Veritecnica SRL,,1,0,0
1200013924,07/20/2017,Veritecnica SRL,,1,0,0
1100046556,07/20/2017,Veritecnica SRL,,1,0,0
