Nrocertificado,Fecha,Idtaller,Dominiovehiculo,Aprobado,RechazadoLeveModerado,RechazadoGrave
1100045440,07/08/2017,Veritecnica SRL,,1,0,0
1100045441,07/08/2017,Veritecnica SRL,,1,0,0
1100045442,07/08/2017,Veritecnica SRL,,1,0,0
9102008090,07/08/2017,Veritecnica SRL,,0,0,1
9102008091,07/08/2017,Veritecnica SRL,,0,1,0
1100045443,07/08/2017,Veritecnica SRL,,1,0,0
1100045444,07/08/2017,Veritecnica SRL,,1,0,0
9102008092,07/08/2017,Veritecnica SRL,,0,0,1
1200013709,07/08/2017,Veritecnica SRL,,1,0,0
1100045445,07/08/2017,Veritecnica SRL,,1,0,0
9202001496,07/08/2017,Veritecnica SRL,,0,0,1
1100045446,07/08/2017,Veritecnica SRL,,1,0,0
9202001497,07/08/2017,Veritecnica SRL,,0,0,1
1200013710,07/08/2017,Veritecnica SRL,,1,0,0
1100045447,07/08/2017,Veritecnica SRL,,1,0,0
1100045448,07/08/2017,Veritecnica SRL,,1,0,0
1100045449,07/08/2017,Veritecnica SRL,,1,0,0
9102008093,07/08/2017,Veritecnica SRL,,0,1,0
1200013711,07/08/2017,Veritecnica SRL,,1,0,0
1200013712,07/08/2017,Veritecnica SRL,,1,0,0
9102008094,07/08/2017,Veritecnica SRL,,0,0,1
1100045450,07/08/2017,Veritecnica SRL,,1,0,0
1200013713,07/08/2017,Veritecnica SRL,,1,0,0
9102008095,07/08/2017,Veritecnica SRL,,0,1,0
1100045451,07/08/2017,Veritecnica SRL,,1,0,0
1100045452,07/08/2017,Veritecnica SRL,,1,0,0
1100045453,07/08/2017,Veritecnica SRL,,1,0,0
1200013714,07/08/2017,Veritecnica SRL,,1,0,0
1200013715,07/08/2017,Veritecnica SRL,,1,0,0
1100045454,07/08/2017,Veritecnica SRL,,1,0,0
9102008096,07/08/2017,Veritecnica SRL,,0,1,0
9202001498,07/08/2017,Veritecnica SRL,,0,0,1
