Nrocertificado,Fecha,Idtaller,Dominiovehiculo,Aprobado,RechazadoLeveModerado,RechazadoGrave
1200013424,08/25/2017,Veritecnica SRL - AÑELO,,1,0,0
1200013425,08/25/2017,Veritecnica SRL - AÑELO,,1,0,0
1100047477,08/24/2017,Asociación de Bomberos Voluntarios - San Martín de los Andes,,1,0,0
1100047478,08/25/2017,Asociación de Bomberos Voluntarios - San Martín de los Andes,,1,0,0
1100047479,08/25/2017,Asociación de Bomberos Voluntarios - San Martín de los Andes,,1,0,0
1100047480,08/25/2017,Asociación de Bomberos Voluntarios - San Martín de los Andes,,1,0,0
1100047481,08/25/2017,Asociación de Bomberos Voluntarios - San Martín de los Andes,,1,0,0
1100047482,08/25/2017,Asociación de Bomberos Voluntarios - San Martín de los Andes,,1,0,0
9101003482,08/25/2017,Asociación de Bomberos Voluntarios - San Martín de los Andes,,0,1,0
1100047483,08/25/2017,Asociación de Bomberos Voluntarios - San Martín de los Andes,,1,0,0
1200013169,08/25/2017,Asociación de Bomberos Voluntarios - San Martín de los Andes,,1,0,0
1100047484,08/25/2017,Asociación de Bomberos Voluntarios - San Martín de los Andes,,1,0,0
9201000516,08/25/2017,Asociación de Bomberos Voluntarios - San Martín de los Andes,,0,0,1
1100047485,08/25/2017,Asociación de Bomberos Voluntarios - San Martín de los Andes,,1,0,0
1100047486,08/25/2017,Asociación de Bomberos Voluntarios - San Martín de los Andes,,1,0,0
1200013170,08/25/2017,Asociación de Bomberos Voluntarios - San Martín de los Andes,,1,0,0
1100047487,08/25/2017,Asociación de Bomberos Voluntarios - San Martín de los Andes,,1,0,0
1100047488,08/25/2017,Asociación de Bomberos Voluntarios - San Martín de los Andes,,1,0,0
1100047489,08/25/2017,Asociación de Bomberos Voluntarios - San Martín de los Andes,,1,0,0
1200013171,08/25/2017,Asociación de Bomberos Voluntarios - San Martín de los Andes,,1,0,0
1100047490,08/25/2017,Asociación de Bomberos Voluntarios - San Martín de los Andes,,1,0,0
1100047491,08/25/2017,Asociación de Bomberos Voluntarios - San Martín de los Andes,,1,0,0
1100047492,08/25/2017,Asociación de Bomberos Voluntarios - San Martín de los Andes,,1,0,0
1100047493,08/25/2017,Asociación de Bomberos Voluntarios - San Martín de los Andes,,1,0,0
1100047494,08/25/2017,Asociación de Bomberos Voluntarios - San Martín de los Andes,,1,0,0
1100047495,08/25/2017,Asociación de Bomberos Voluntarios - San Martín de los Andes,,1,0,0
1100047496,08/25/2017,Asociación de Bomberos Voluntarios - San Martín de los Andes,,1,0,0
1100047497,08/25/2017,Asociación de Bomberos Voluntarios - San Martín de los Andes,,1,0,0
1100047498,08/25/2017,Asociación de Bomberos Voluntarios - San Martín de los Andes,,1,0,0
1100047499,08/25/2017,Asociación de Bomberos Voluntarios - San Martín de los Andes,,1,0,0
1200013172,08/25/2017,Asociación de Bomberos Voluntarios - San Martín de los Andes,,1,0,0
1200013173,08/25/2017,Asociación de Bomberos Voluntarios - San Martín de los Andes,,1,0,0
1100047500,08/25/2017,Asociación de Bomberos Voluntarios - San Martín de los Andes,,1,0,0
1100047630,08/24/2017,Control SRL,,1,0,0
9103002683,08/24/2017,Control SRL,,0,0,1
1100047631,08/24/2017,Control SRL,,1,0,0
1100047632,08/24/2017,Control SRL,,1,0,0
1100047633,08/24/2017,Control SRL,,1,0,0
1100047634,08/24/2017,Control SRL,,1,0,0
1100047635,08/24/2017,Control SRL,,1,0,0
1100047636,08/24/2017,Control SRL,,1,0,0
1100047637,08/24/2017,Control SRL,,1,0,0
1200014284,08/24/2017,Control SRL,,1,0,0
1100047638,08/24/2017,Control SRL,,1,0,0
9103002684,08/24/2017,Control SRL,,0,0,1
1100047639,08/24/2017,Control SRL,,1,0,0
1100047640,08/24/2017,Control SRL,,1,0,0
1100047641,08/24/2017,Control SRL,,1,0,0
1100047642,08/24/2017,Control SRL,,1,0,0
1100047643,08/24/2017,Control SRL,,1,0,0
1100047644,08/24/2017,Control SRL,,1,0,0
1100047645,08/24/2017,Control SRL,,1,0,0
1100047646,08/24/2017,Control SRL,,1,0,0
1200014285,08/24/2017,Control SRL,,1,0,0
1200014286,08/24/2017,Control SRL,,1,0,0
1100047647,08/24/2017,Control SRL,,1,0,0
9203000692,08/25/2017,Control SRL,,0,0,1
1100047648,08/25/2017,Control SRL,,1,0,0
1100047650,08/25/2017,Control SRL,,1,0,0
1100047649,08/25/2017,Control SRL,,1,0,0
1100047651,08/25/2017,Control SRL,,1,0,0
1100047652,08/25/2017,Control SRL,,1,0,0
1200014287,08/25/2017,Control SRL,,1,0,0
1100047653,08/25/2017,Control SRL,,1,0,0
1100047654,08/25/2017,Control SRL,,1,0,0
1100047655,08/25/2017,Control SRL,,1,0,0
1100047656,08/25/2017,Control SRL,,1,0,0
1100047657,08/25/2017,Control SRL,,1,0,0
1100047658,08/25/2017,Control SRL,,1,0,0
1100047659,08/25/2017,Control SRL,,1,0,0
1100047660,08/25/2017,Control SRL,,1,0,0
1200014289,08/25/2017,Control SRL,,1,0,0
1200014288,08/25/2017,Control SRL,,1,0,0
1100047661,08/25/2017,Control SRL,,1,0,0
1100047662,08/25/2017,Control SRL,,1,0,0
1200014290,08/25/2017,Control SRL,,1,0,0
1100047663,08/25/2017,Control SRL,,1,0,0
9102008413,08/24/2017,Veritecnica SRL,,0,0,1
1100047916,08/24/2017,Veritecnica SRL,,1,0,0
1100047917,08/24/2017,Veritecnica SRL,,1,0,0
1200014630,08/24/2017,Veritecnica SRL,,1,0,0
1100047918,08/24/2017,Veritecnica SRL,,1,0,0
1100047919,08/24/2017,Veritecnica SRL,,1,0,0
1100047920,08/24/2017,Veritecnica SRL,,1,0,0
1200014631,08/24/2017,Veritecnica SRL,,1,0,0
1100047921,08/24/2017,Veritecnica SRL,,1,0,0
1100047922,08/24/2017,Veritecnica SRL,,1,0,0
1100047923,08/24/2017,Veritecnica SRL,,1,0,0
1100047924,08/24/2017,Veritecnica SRL,,1,0,0
1100047925,08/24/2017,Veritecnica SRL,,1,0,0
1100047926,08/24/2017,Veritecnica SRL,,1,0,0
1100047927,08/24/2017,Veritecnica SRL,,1,0,0
1100047928,08/24/2017,Veritecnica SRL,,1,0,0
9202001592,08/24/2017,Veritecnica SRL,,0,0,1
1100047929,08/24/2017,Veritecnica SRL,,1,0,0
1100047930,08/24/2017,Veritecnica SRL,,1,0,0
9102008414,08/24/2017,Veritecnica SRL,,0,1,0
1100047931,08/24/2017,Veritecnica SRL,,1,0,0
1200014632,08/24/2017,Veritecnica SRL,,1,0,0
9102008415,08/24/2017,Veritecnica SRL,,0,0,1
1100047932,08/24/2017,Veritecnica SRL,,1,0,0
1200014633,08/24/2017,Veritecnica SRL,,1,0,0
1200014634,08/24/2017,Veritecnica SRL,,1,0,0
1100047933,08/24/2017,Veritecnica SRL,,1,0,0
1100047934,08/24/2017,Veritecnica SRL,,1,0,0
1100047935,08/24/2017,Veritecnica SRL,,1,0,0
1200014635,08/24/2017,Veritecnica SRL,,1,0,0
1100047936,08/24/2017,Veritecnica SRL,,1,0,0
9102008416,08/24/2017,Veritecnica SRL,,0,1,0
9102008417,08/24/2017,Veritecnica SRL,,0,1,0
1100047937,08/24/2017,Veritecnica SRL,,1,0,0
1200014636,08/24/2017,Veritecnica SRL,,1,0,0
1100047938,08/24/2017,Veritecnica SRL,,1,0,0
1100047939,08/24/2017,Veritecnica SRL,,1,0,0
1100047940,08/24/2017,Veritecnica SRL,,1,0,0
9102008418,08/24/2017,Veritecnica SRL,,0,1,0
1100047941,08/24/2017,Veritecnica SRL,,1,0,0
1100047942,08/24/2017,Veritecnica SRL,,1,0,0
9202001593,08/24/2017,Veritecnica SRL,,0,0,1
1100047943,08/24/2017,Veritecnica SRL,,1,0,0
1200014637,08/25/2017,Veritecnica SRL,,1,0,0
9102008419,08/25/2017,Veritecnica SRL,,0,1,0
1200014638,08/25/2017,Veritecnica SRL,,1,0,0
1100047944,08/25/2017,Veritecnica SRL,,1,0,0
1100047945,08/25/2017,Veritecnica SRL,,1,0,0
1200014639,08/25/2017,Veritecnica SRL,,1,0,0
9102008420,08/25/2017,Veritecnica SRL,,0,0,1
1100047946,08/25/2017,Veritecnica SRL,,1,0,0
1100047947,08/25/2017,Veritecnica SRL,,1,0,0
1100047948,08/25/2017,Veritecnica SRL,,1,0,0
1100047949,08/25/2017,Veritecnica SRL,,1,0,0
1100047950,08/25/2017,Veritecnica SRL,,1,0,0
9102008421,08/25/2017,Veritecnica SRL,,0,1,0
1100047951,08/25/2017,Veritecnica SRL,,1,0,0
1100047952,08/25/2017,Veritecnica SRL,,1,0,0
1200014641,08/25/2017,Veritecnica SRL,,1,0,0
1200014640,08/25/2017,Veritecnica SRL,,1,0,0
9202001594,08/25/2017,Veritecnica SRL,,0,0,1
1100047953,08/25/2017,Veritecnica SRL,,1,0,0
1200014642,08/25/2017,Veritecnica SRL,,1,0,0
1100047954,08/25/2017,Veritecnica SRL,,1,0,0
1200014643,08/25/2017,Veritecnica SRL,,1,0,0
1100047955,08/25/2017,Veritecnica SRL,,1,0,0
9102008422,08/25/2017,Veritecnica SRL,,0,0,1
1100047956,08/25/2017,Veritecnica SRL,,1,0,0
1100047957,08/25/2017,Veritecnica SRL,,1,0,0
1200014644,08/25/2017,Veritecnica SRL,,1,0,0
1100047958,08/25/2017,Veritecnica SRL,,1,0,0
1100047959,08/25/2017,Veritecnica SRL,,1,0,0
1200014645,08/25/2017,Veritecnica SRL,,1,0,0
1100047960,08/25/2017,Veritecnica SRL,,1,0,0
1100047961,08/25/2017,Veritecnica SRL,,1,0,0
1100047962,08/25/2017,Veritecnica SRL,,1,0,0
9102008423,08/25/2017,Veritecnica SRL,,0,0,1
1100047963,08/25/2017,Veritecnica SRL,,1,0,0
1200014646,08/25/2017,Veritecnica SRL,,1,0,0
9102008424,08/25/2017,Veritecnica SRL,,0,0,1
1100047964,08/25/2017,Veritecnica SRL,,1,0,0
1100047965,08/25/2017,Veritecnica SRL,,1,0,0
1100047966,08/25/2017,Veritecnica SRL,,1,0,0
1100047967,08/25/2017,Veritecnica SRL,,1,0,0
9102008425,08/25/2017,Veritecnica SRL,,0,0,1
