Nrocertificado,Fecha,Idtaller,Dominiovehiculo,Aprobado,RechazadoLeveModerado,RechazadoGrave
1200013464,09/25/2017,Veritecnica SRL - AÑELO,,1,0,0
1200013465,09/25/2017,Veritecnica SRL - AÑELO,,1,0,0
1200013466,09/25/2017,Veritecnica SRL - AÑELO,,1,0,0
1200013467,09/25/2017,Veritecnica SRL - AÑELO,,1,0,0
1200013468,09/25/2017,Veritecnica SRL - AÑELO,,1,0,0
1100048773,09/25/2017,Veritecnica SRL - AÑELO,,1,0,0
1200013469,09/25/2017,Veritecnica SRL - AÑELO,,1,0,0
1200013470,09/25/2017,Veritecnica SRL - AÑELO,,1,0,0
9204000010,09/25/2017,Veritecnica SRL - AÑELO,,0,0,1
9101003565,09/25/2017,Asociación de Bomberos Voluntarios - San Martín de los Andes,,0,0,1
1200014425,09/25/2017,Asociación de Bomberos Voluntarios - San Martín de los Andes,,1,0,0
1100049117,09/25/2017,Asociación de Bomberos Voluntarios - San Martín de los Andes,,1,0,0
1100049118,09/25/2017,Asociación de Bomberos Voluntarios - San Martín de los Andes,,1,0,0
1100049119,09/25/2017,Asociación de Bomberos Voluntarios - San Martín de los Andes,,1,0,0
1200014426,09/25/2017,Asociación de Bomberos Voluntarios - San Martín de los Andes,,1,0,0
1100049120,09/25/2017,Asociación de Bomberos Voluntarios - San Martín de los Andes,,1,0,0
1100049121,09/25/2017,Asociación de Bomberos Voluntarios - San Martín de los Andes,,1,0,0
1100049122,09/25/2017,Asociación de Bomberos Voluntarios - San Martín de los Andes,,1,0,0
1100049123,09/25/2017,Asociación de Bomberos Voluntarios - San Martín de los Andes,,1,0,0
1100049124,09/25/2017,Asociación de Bomberos Voluntarios - San Martín de los Andes,,1,0,0
1100049125,09/25/2017,Asociación de Bomberos Voluntarios - San Martín de los Andes,,1,0,0
1100049126,09/25/2017,Asociación de Bomberos Voluntarios - San Martín de los Andes,,1,0,0
1100049127,09/25/2017,Asociación de Bomberos Voluntarios - San Martín de los Andes,,1,0,0
1200014427,09/25/2017,Asociación de Bomberos Voluntarios - San Martín de los Andes,,1,0,0
1100049128,09/25/2017,Asociación de Bomberos Voluntarios - San Martín de los Andes,,1,0,0
1100049129,09/25/2017,Asociación de Bomberos Voluntarios - San Martín de los Andes,,1,0,0
1100049130,09/25/2017,Asociación de Bomberos Voluntarios - San Martín de los Andes,,1,0,0
1100049131,09/25/2017,Asociación de Bomberos Voluntarios - San Martín de los Andes,,1,0,0
9201000530,09/25/2017,Asociación de Bomberos Voluntarios - San Martín de los Andes,,0,1,0
1100049132,09/25/2017,Asociación de Bomberos Voluntarios - San Martín de los Andes,,1,0,0
1100049133,09/25/2017,Asociación de Bomberos Voluntarios - San Martín de los Andes,,1,0,0
9102008595,09/25/2017,Veritecnica SRL,,0,0,1
1100049547,09/25/2017,Veritecnica SRL,,1,0,0
1100049548,09/25/2017,Veritecnica SRL,,1,0,0
1100049549,09/25/2017,Veritecnica SRL,,1,0,0
1100049550,09/25/2017,Veritecnica SRL,,1,0,0
1100049551,09/25/2017,Veritecnica SRL,,1,0,0
1200015007,09/25/2017,Veritecnica SRL,,1,0,0
1200015006,09/25/2017,Veritecnica SRL,,1,0,0
1100049552,09/25/2017,Veritecnica SRL,,1,0,0
1100049553,09/25/2017,Veritecnica SRL,,1,0,0
1100049554,09/25/2017,Veritecnica SRL,,1,0,0
1200015008,09/25/2017,Veritecnica SRL,,1,0,0
1100049555,09/25/2017,Veritecnica SRL,,1,0,0
1100049556,09/25/2017,Veritecnica SRL,,1,0,0
9102008596,09/25/2017,Veritecnica SRL,,0,0,1
1100049557,09/25/2017,Veritecnica SRL,,1,0,0
1100049558,09/25/2017,Veritecnica SRL,,1,0,0
1100049559,09/25/2017,Veritecnica SRL,,1,0,0
1100049560,09/25/2017,Veritecnica SRL,,1,0,0
1100049561,09/25/2017,Veritecnica SRL,,1,0,0
9102008597,09/25/2017,Veritecnica SRL,,0,1,0
1100049562,09/25/2017,Veritecnica SRL,,1,0,0
1200015009,09/25/2017,Veritecnica SRL,,1,0,0
1100049563,09/25/2017,Veritecnica SRL,,1,0,0
9102008598,09/25/2017,Veritecnica SRL,,0,1,0
9202001647,09/25/2017,Veritecnica SRL,,0,0,1
9202001648,09/25/2017,Veritecnica SRL,,0,0,1
9102008599,09/25/2017,Veritecnica SRL,,0,1,0
1200015010,09/25/2017,Veritecnica SRL,,1,0,0
1100049564,09/25/2017,Veritecnica SRL,,1,0,0
1200015011,09/25/2017,Veritecnica SRL,,1,0,0
9102008600,09/25/2017,Veritecnica SRL,,0,1,0
9102008601,09/25/2017,Veritecnica SRL,,0,0,1
1200015012,09/25/2017,Veritecnica SRL,,1,0,0
9102008602,09/25/2017,Veritecnica SRL,,0,0,1
9102008603,09/25/2017,Veritecnica SRL,,0,1,0
1100049565,09/25/2017,Veritecnica SRL,,1,0,0
9102008604,09/25/2017,Veritecnica SRL,,0,0,1
1200015013,09/25/2017,Veritecnica SRL,,1,0,0
