Nrocertificado,Fecha,Idtaller,Dominiovehiculo,Aprobado,RechazadoLeveModerado,RechazadoGrave
1100033781,01/07/2017,Asociación de Bomberos Voluntarios - San Martín de los Andes,,1,0,0
1100033782,01/07/2017,Asociación de Bomberos Voluntarios - San Martín de los Andes,,1,0,0
1100033783,01/07/2017,Asociación de Bomberos Voluntarios - San Martín de los Andes,,1,0,0
1100033784,01/07/2017,Asociación de Bomberos Voluntarios - San Martín de los Andes,,1,0,0
1100033785,01/07/2017,Asociación de Bomberos Voluntarios - San Martín de los Andes,,1,0,0
1100033170,01/07/2017,Veritecnica SRL,,1,0,0
1100033171,01/07/2017,Veritecnica SRL,,1,0,0
1100033172,01/07/2017,Veritecnica SRL,,1,0,0
1100033173,01/07/2017,Veritecnica SRL,,1,0,0
1100033174,01/07/2017,Veritecnica SRL,,1,0,0
1100033175,01/07/2017,Veritecnica SRL,,1,0,0
9102006505,01/07/2017,Veritecnica SRL,,0,0,1
9102006506,01/07/2017,Veritecnica SRL,,0,0,1
1100033176,01/07/2017,Veritecnica SRL,,1,0,0
1200010917,01/07/2017,Veritecnica SRL,,1,0,0
1200010918,01/07/2017,Veritecnica SRL,,1,0,0
1100033177,01/07/2017,Veritecnica SRL,,1,0,0
1100033178,01/07/2017,Veritecnica SRL,,1,0,0
1100033179,01/07/2017,Veritecnica SRL,,1,0,0
1100033180,01/07/2017,Veritecnica SRL,,1,0,0
1100033181,01/07/2017,Veritecnica SRL,,1,0,0
1100033182,01/07/2017,Veritecnica SRL,,1,0,0
9102006507,01/07/2017,Veritecnica SRL,,0,1,0
9102006508,01/07/2017,Veritecnica SRL,,0,1,0
1100033183,01/07/2017,Veritecnica SRL,,1,0,0
1100033184,01/07/2017,Veritecnica SRL,,1,0,0
9202001151,01/07/2017,Veritecnica SRL,,0,0,1
1100033185,01/07/2017,Veritecnica SRL,,1,0,0
1100033186,01/07/2017,Veritecnica SRL,,1,0,0
1100033187,01/07/2017,Veritecnica SRL,,1,0,0
