Nrocertificado,Fecha,Idtaller,Dominiovehiculo,Aprobado,RechazadoLeveModerado,RechazadoGrave
1200013453,09/19/2017,Veritecnica SRL - AÑELO,,1,0,0
1200013454,09/19/2017,Veritecnica SRL - AÑELO,,1,0,0
1100048766,09/19/2017,Veritecnica SRL - AÑELO,,1,0,0
1100048767,09/19/2017,Veritecnica SRL - AÑELO,,1,0,0
1100048768,09/20/2017,Veritecnica SRL - AÑELO,,1,0,0
1200013455,09/20/2017,Veritecnica SRL - AÑELO,,1,0,0
1100048769,09/20/2017,Veritecnica SRL - AÑELO,,1,0,0
1100049048,09/19/2017,Asociación de Bomberos Voluntarios - San Martín de los Andes,,1,0,0
1100049049,09/19/2017,Asociación de Bomberos Voluntarios - San Martín de los Andes,,1,0,0
1200014407,09/19/2017,Asociación de Bomberos Voluntarios - San Martín de los Andes,,1,0,0
1100049050,09/19/2017,Asociación de Bomberos Voluntarios - San Martín de los Andes,,1,0,0
1100049051,09/19/2017,Asociación de Bomberos Voluntarios - San Martín de los Andes,,1,0,0
1100049052,09/19/2017,Asociación de Bomberos Voluntarios - San Martín de los Andes,,1,0,0
9101003555,09/19/2017,Asociación de Bomberos Voluntarios - San Martín de los Andes,,0,1,0
1100049053,09/19/2017,Asociación de Bomberos Voluntarios - San Martín de los Andes,,1,0,0
1100049054,09/19/2017,Asociación de Bomberos Voluntarios - San Martín de los Andes,,1,0,0
1100049055,09/19/2017,Asociación de Bomberos Voluntarios - San Martín de los Andes,,1,0,0
1200014408,09/19/2017,Asociación de Bomberos Voluntarios - San Martín de los Andes,,1,0,0
1100049057,09/19/2017,Asociación de Bomberos Voluntarios - San Martín de los Andes,,1,0,0
1100049056,09/19/2017,Asociación de Bomberos Voluntarios - San Martín de los Andes,,1,0,0
1100049058,09/19/2017,Asociación de Bomberos Voluntarios - San Martín de los Andes,,1,0,0
1100049059,09/19/2017,Asociación de Bomberos Voluntarios - San Martín de los Andes,,1,0,0
1100049060,09/19/2017,Asociación de Bomberos Voluntarios - San Martín de los Andes,,1,0,0
1100049061,09/19/2017,Asociación de Bomberos Voluntarios - San Martín de los Andes,,1,0,0
9101003556,09/19/2017,Asociación de Bomberos Voluntarios - San Martín de los Andes,,0,1,0
1100049062,09/19/2017,Asociación de Bomberos Voluntarios - San Martín de los Andes,,1,0,0
9201000524,09/19/2017,Asociación de Bomberos Voluntarios - San Martín de los Andes,,0,0,1
1100049063,09/19/2017,Asociación de Bomberos Voluntarios - San Martín de los Andes,,1,0,0
1100049064,09/19/2017,Asociación de Bomberos Voluntarios - San Martín de los Andes,,1,0,0
1100049065,09/19/2017,Asociación de Bomberos Voluntarios - San Martín de los Andes,,1,0,0
1100049066,09/20/2017,Asociación de Bomberos Voluntarios - San Martín de los Andes,,1,0,0
1100049067,09/20/2017,Asociación de Bomberos Voluntarios - San Martín de los Andes,,1,0,0
1100049068,09/20/2017,Asociación de Bomberos Voluntarios - San Martín de los Andes,,1,0,0
1100049069,09/20/2017,Asociación de Bomberos Voluntarios - San Martín de los Andes,,1,0,0
9101003557,09/20/2017,Asociación de Bomberos Voluntarios - San Martín de los Andes,,0,0,1
1100049070,09/20/2017,Asociación de Bomberos Voluntarios - San Martín de los Andes,,1,0,0
1100049071,09/20/2017,Asociación de Bomberos Voluntarios - San Martín de los Andes,,1,0,0
1100049072,09/20/2017,Asociación de Bomberos Voluntarios - San Martín de los Andes,,1,0,0
1100049073,09/20/2017,Asociación de Bomberos Voluntarios - San Martín de los Andes,,1,0,0
1100049074,09/20/2017,Asociación de Bomberos Voluntarios - San Martín de los Andes,,1,0,0
9101003558,09/20/2017,Asociación de Bomberos Voluntarios - San Martín de los Andes,,0,1,0
1200014409,09/20/2017,Asociación de Bomberos Voluntarios - San Martín de los Andes,,1,0,0
1100049075,09/20/2017,Asociación de Bomberos Voluntarios - San Martín de los Andes,,1,0,0
9101003559,09/20/2017,Asociación de Bomberos Voluntarios - San Martín de los Andes,,0,1,0
9101003560,09/20/2017,Asociación de Bomberos Voluntarios - San Martín de los Andes,,0,0,1
1200014410,09/20/2017,Asociación de Bomberos Voluntarios - San Martín de los Andes,,1,0,0
1200014411,09/20/2017,Asociación de Bomberos Voluntarios - San Martín de los Andes,,1,0,0
1100049076,09/20/2017,Asociación de Bomberos Voluntarios - San Martín de los Andes,,1,0,0
1100049077,09/20/2017,Asociación de Bomberos Voluntarios - San Martín de los Andes,,1,0,0
1100049078,09/20/2017,Asociación de Bomberos Voluntarios - San Martín de los Andes,,1,0,0
1100049079,09/20/2017,Asociación de Bomberos Voluntarios - San Martín de los Andes,,1,0,0
1100049080,09/20/2017,Asociación de Bomberos Voluntarios - San Martín de los Andes,,1,0,0
1100049081,09/20/2017,Asociación de Bomberos Voluntarios - San Martín de los Andes,,1,0,0
1100049082,09/20/2017,Asociación de Bomberos Voluntarios - San Martín de los Andes,,1,0,0
1100048443,09/19/2017,Control SRL,,1,0,0
1200014595,09/19/2017,Control SRL,,1,0,0
9103002751,09/19/2017,Control SRL,,0,0,1
1100048444,09/19/2017,Control SRL,,1,0,0
1100048445,09/19/2017,Control SRL,,1,0,0
1100048446,09/19/2017,Control SRL,,1,0,0
9103002752,09/19/2017,Control SRL,,0,0,1
1100048447,09/19/2017,Control SRL,,1,0,0
1100048448,09/19/2017,Control SRL,,1,0,0
1100048449,09/19/2017,Control SRL,,1,0,0
1100048450,09/19/2017,Control SRL,,1,0,0
1100048451,09/19/2017,Control SRL,,1,0,0
1100048452,09/19/2017,Control SRL,,1,0,0
1100048453,09/19/2017,Control SRL,,1,0,0
9203000717,09/19/2017,Control SRL,,0,0,1
9203000718,09/19/2017,Control SRL,,0,0,1
1100048454,09/19/2017,Control SRL,,1,0,0
1200014596,09/19/2017,Control SRL,,1,0,0
1200014597,09/19/2017,Control SRL,,1,0,0
9103002753,09/19/2017,Control SRL,,0,0,1
9103002754,09/19/2017,Control SRL,,0,0,1
1100048455,09/19/2017,Control SRL,,1,0,0
1200014598,09/19/2017,Control SRL,,1,0,0
1200014901,09/19/2017,Control SRL,,1,0,0
1200014599,09/19/2017,Control SRL,,1,0,0
1100048456,09/19/2017,Control SRL,,1,0,0
1200014902,09/19/2017,Control SRL,,1,0,0
1100048457,09/20/2017,Control SRL,,1,0,0
1100048458,09/20/2017,Control SRL,,1,0,0
9103002755,09/20/2017,Control SRL,,0,0,1
1100048459,09/20/2017,Control SRL,,1,0,0
1100048460,09/20/2017,Control SRL,,1,0,0
1100048461,09/20/2017,Control SRL,,1,0,0
1100048462,09/20/2017,Control SRL,,1,0,0
1200014904,09/20/2017,Control SRL,,1,0,0
1200014903,09/20/2017,Control SRL,,1,0,0
9103002756,09/20/2017,Control SRL,,0,0,1
1200014905,09/20/2017,Control SRL,,1,0,0
1200014999,09/20/2017,Control SRL,,1,0,0
1200015000,09/20/2017,Control SRL,,1,0,0
1100048463,09/20/2017,Control SRL,,1,0,0
1100048464,09/20/2017,Control SRL,,1,0,0
1200014906,09/20/2017,Control SRL,,1,0,0
1200014998,09/20/2017,Control SRL,,1,0,0
1100048466,09/20/2017,Control SRL,,1,0,0
9103002757,09/20/2017,Control SRL,,0,0,1
1100048465,09/20/2017,Control SRL,,1,0,0
1200014907,09/20/2017,Control SRL,,1,0,0
1200014908,09/20/2017,Control SRL,,1,0,0
1100048467,09/20/2017,Control SRL,,1,0,0
1100048468,09/20/2017,Control SRL,,1,0,0
1200014911,09/20/2017,Control SRL,,1,0,0
1200014912,09/20/2017,Control SRL,,1,0,0
1100048469,09/20/2017,Control SRL,,1,0,0
1200014909,09/20/2017,Control SRL,,1,0,0
1100048470,09/20/2017,Control SRL,,1,0,0
1200014910,09/20/2017,Control SRL,,1,0,0
1100048471,09/20/2017,Control SRL,,1,0,0
1200014913,09/20/2017,Control SRL,,1,0,0
1200014914,09/20/2017,Control SRL,,1,0,0
1100048472,09/20/2017,Control SRL,,1,0,0
1100048473,09/20/2017,Control SRL,,1,0,0
1100048474,09/20/2017,Control SRL,,1,0,0
1200014915,09/20/2017,Control SRL,,1,0,0
1200014916,09/20/2017,Control SRL,,1,0,0
9203000719,09/20/2017,Control SRL,,0,0,1
1100048475,09/20/2017,Control SRL,,1,0,0
1200014917,09/20/2017,Control SRL,,1,0,0
1100049429,09/19/2017,Veritecnica SRL,,1,0,0
1200014852,09/19/2017,Veritecnica SRL,,1,0,0
1100049430,09/19/2017,Veritecnica SRL,,1,0,0
1200014853,09/19/2017,Veritecnica SRL,,1,0,0
1200014854,09/19/2017,Veritecnica SRL,,1,0,0
1100049431,09/19/2017,Veritecnica SRL,,1,0,0
1200014855,09/19/2017,Veritecnica SRL,,1,0,0
9202001637,09/19/2017,Veritecnica SRL,,0,0,1
9102008559,09/19/2017,Veritecnica SRL,,0,0,1
1200014857,09/19/2017,Veritecnica SRL,,1,0,0
1200014856,09/19/2017,Veritecnica SRL,,1,0,0
9202001638,09/19/2017,Veritecnica SRL,,0,0,1
1100049432,09/19/2017,Veritecnica SRL,,1,0,0
1100049433,09/19/2017,Veritecnica SRL,,1,0,0
9102008560,09/19/2017,Veritecnica SRL,,0,1,0
1100049434,09/19/2017,Veritecnica SRL,,1,0,0
1100049435,09/19/2017,Veritecnica SRL,,1,0,0
1100049436,09/19/2017,Veritecnica SRL,,1,0,0
1100049437,09/19/2017,Veritecnica SRL,,1,0,0
1200014858,09/19/2017,Veritecnica SRL,,1,0,0
1200014859,09/19/2017,Veritecnica SRL,,1,0,0
1200014860,09/19/2017,Veritecnica SRL,,1,0,0
9202001639,09/19/2017,Veritecnica SRL,,0,0,1
1100049438,09/19/2017,Veritecnica SRL,,1,0,0
1100049439,09/19/2017,Veritecnica SRL,,1,0,0
1100049440,09/19/2017,Veritecnica SRL,,1,0,0
1200014861,09/19/2017,Veritecnica SRL,,1,0,0
1200014862,09/19/2017,Veritecnica SRL,,1,0,0
1200014863,09/19/2017,Veritecnica SRL,,1,0,0
1100049441,09/19/2017,Veritecnica SRL,,1,0,0
1100049442,09/19/2017,Veritecnica SRL,,1,0,0
1100049443,09/19/2017,Veritecnica SRL,,1,0,0
1200014864,09/19/2017,Veritecnica SRL,,1,0,0
1100049444,09/19/2017,Veritecnica SRL,,1,0,0
1100049445,09/19/2017,Veritecnica SRL,,1,0,0
1100049446,09/19/2017,Veritecnica SRL,,1,0,0
1200014865,09/19/2017,Veritecnica SRL,,1,0,0
1200014866,09/19/2017,Veritecnica SRL,,1,0,0
1100049447,09/19/2017,Veritecnica SRL,,1,0,0
1100049448,09/19/2017,Veritecnica SRL,,1,0,0
1200014867,09/19/2017,Veritecnica SRL,,1,0,0
1100049449,09/19/2017,Veritecnica SRL,,1,0,0
1200014868,09/19/2017,Veritecnica SRL,,1,0,0
1100049450,09/19/2017,Veritecnica SRL,,1,0,0
1100049451,09/20/2017,Veritecnica SRL,,1,0,0
1100049452,09/20/2017,Veritecnica SRL,,1,0,0
1100049453,09/20/2017,Veritecnica SRL,,1,0,0
9102008561,09/20/2017,Veritecnica SRL,,0,0,1
1100049454,09/20/2017,Veritecnica SRL,,1,0,0
1100049455,09/20/2017,Veritecnica SRL,,1,0,0
1100049456,09/20/2017,Veritecnica SRL,,1,0,0
9102008562,09/20/2017,Veritecnica SRL,,0,1,0
1100049457,09/20/2017,Veritecnica SRL,,1,0,0
9102008563,09/20/2017,Veritecnica SRL,,0,0,1
1100049458,09/20/2017,Veritecnica SRL,,1,0,0
9102008564,09/20/2017,Veritecnica SRL,,0,1,0
1100049459,09/20/2017,Veritecnica SRL,,1,0,0
1100049461,09/20/2017,Veritecnica SRL,,1,0,0
1100049460,09/20/2017,Veritecnica SRL,,1,0,0
1100049462,09/20/2017,Veritecnica SRL,,1,0,0
9102008565,09/20/2017,Veritecnica SRL,,0,1,0
9102008566,09/20/2017,Veritecnica SRL,,0,1,0
9102008567,09/20/2017,Veritecnica SRL,,0,1,0
9102008568,09/20/2017,Veritecnica SRL,,0,0,1
9102008569,09/20/2017,Veritecnica SRL,,0,1,0
9102008570,09/20/2017,Veritecnica SRL,,0,0,1
1100049463,09/20/2017,Veritecnica SRL,,1,0,0
1100049464,09/20/2017,Veritecnica SRL,,1,0,0
9102008571,09/20/2017,Veritecnica SRL,,0,0,1
9102008572,09/20/2017,Veritecnica SRL,,0,1,0
1100049465,09/20/2017,Veritecnica SRL,,1,0,0
1200014869,09/20/2017,Veritecnica SRL,,1,0,0
1100049466,09/20/2017,Veritecnica SRL,,1,0,0
1100049467,09/20/2017,Veritecnica SRL,,1,0,0
1100049468,09/20/2017,Veritecnica SRL,,1,0,0
1200014870,09/20/2017,Veritecnica SRL,,1,0,0
1200014871,09/20/2017,Veritecnica SRL,,1,0,0
1100049469,09/20/2017,Veritecnica SRL,,1,0,0
1200014872,09/20/2017,Veritecnica SRL,,1,0,0
1100049470,09/20/2017,Veritecnica SRL,,1,0,0
9102008573,09/20/2017,Veritecnica SRL,,0,1,0
9102008574,09/20/2017,Veritecnica SRL,,0,0,1
1100049471,09/20/2017,Veritecnica SRL,,1,0,0
1100049472,09/20/2017,Veritecnica SRL,,1,0,0
1100049473,09/20/2017,Veritecnica SRL,,1,0,0
1100049474,09/20/2017,Veritecnica SRL,,1,0,0
1100049475,09/20/2017,Veritecnica SRL,,1,0,0
1100049476,09/20/2017,Veritecnica SRL,,1,0,0
1200014873,09/20/2017,Veritecnica SRL,,1,0,0
1100049477,09/20/2017,Veritecnica SRL,,1,0,0
1100049478,09/20/2017,Veritecnica SRL,,1,0,0
1100049479,09/20/2017,Veritecnica SRL,,1,0,0
1100049480,09/20/2017,Veritecnica SRL,,1,0,0
