Nrocertificado,Fecha,Idtaller,Dominiovehiculo,Aprobado,RechazadoLeveModerado,RechazadoGrave
1100042442,05/17/2017,Asociación de Bomberos Voluntarios - San Martín de los Andes,,1,0,0
1100042443,05/17/2017,Asociación de Bomberos Voluntarios - San Martín de los Andes,,1,0,0
9201000477,05/17/2017,Asociación de Bomberos Voluntarios - San Martín de los Andes,,0,0,1
1100042444,05/17/2017,Asociación de Bomberos Voluntarios - San Martín de los Andes,,1,0,0
9101002980,05/17/2017,Asociación de Bomberos Voluntarios - San Martín de los Andes,,0,1,0
1100042445,05/17/2017,Asociación de Bomberos Voluntarios - San Martín de los Andes,,1,0,0
1100042446,05/17/2017,Asociación de Bomberos Voluntarios - San Martín de los Andes,,1,0,0
1100042447,05/17/2017,Asociación de Bomberos Voluntarios - San Martín de los Andes,,1,0,0
1100042448,05/17/2017,Asociación de Bomberos Voluntarios - San Martín de los Andes,,1,0,0
1100042449,05/17/2017,Asociación de Bomberos Voluntarios - San Martín de los Andes,,1,0,0
1200011099,05/17/2017,Asociación de Bomberos Voluntarios - San Martín de los Andes,,1,0,0
9101002981,05/17/2017,Asociación de Bomberos Voluntarios - San Martín de los Andes,,0,1,0
1100042450,05/17/2017,Asociación de Bomberos Voluntarios - San Martín de los Andes,,1,0,0
1100042451,05/17/2017,Asociación de Bomberos Voluntarios - San Martín de los Andes,,1,0,0
1100042452,05/17/2017,Asociación de Bomberos Voluntarios - San Martín de los Andes,,1,0,0
1100042453,05/17/2017,Asociación de Bomberos Voluntarios - San Martín de los Andes,,1,0,0
1100042454,05/17/2017,Asociación de Bomberos Voluntarios - San Martín de los Andes,,1,0,0
1100042455,05/17/2017,Asociación de Bomberos Voluntarios - San Martín de los Andes,,1,0,0
1100042456,05/17/2017,Asociación de Bomberos Voluntarios - San Martín de los Andes,,1,0,0
1100042457,05/17/2017,Asociación de Bomberos Voluntarios - San Martín de los Andes,,1,0,0
1100042458,05/17/2017,Asociación de Bomberos Voluntarios - San Martín de los Andes,,1,0,0
1100042459,05/17/2017,Asociación de Bomberos Voluntarios - San Martín de los Andes,,1,0,0
9101002982,05/17/2017,Asociación de Bomberos Voluntarios - San Martín de los Andes,,0,1,0
1100042460,05/17/2017,Asociación de Bomberos Voluntarios - San Martín de los Andes,,1,0,0
1100042461,05/17/2017,Asociación de Bomberos Voluntarios - San Martín de los Andes,,1,0,0
1100042462,05/17/2017,Asociación de Bomberos Voluntarios - San Martín de los Andes,,1,0,0
1100042463,05/17/2017,Asociación de Bomberos Voluntarios - San Martín de los Andes,,1,0,0
1100042464,05/17/2017,Asociación de Bomberos Voluntarios - San Martín de los Andes,,1,0,0
9101002983,05/17/2017,Asociación de Bomberos Voluntarios - San Martín de los Andes,,0,0,1
1100042465,05/17/2017,Asociación de Bomberos Voluntarios - San Martín de los Andes,,1,0,0
9101002984,05/17/2017,Asociación de Bomberos Voluntarios - San Martín de los Andes,,0,1,0
1100042466,05/17/2017,Asociación de Bomberos Voluntarios - San Martín de los Andes,,1,0,0
1100042467,05/17/2017,Asociación de Bomberos Voluntarios - San Martín de los Andes,,1,0,0
1100042468,05/17/2017,Asociación de Bomberos Voluntarios - San Martín de los Andes,,1,0,0
1100042469,05/17/2017,Asociación de Bomberos Voluntarios - San Martín de los Andes,,1,0,0
9101002985,05/17/2017,Asociación de Bomberos Voluntarios - San Martín de los Andes,,0,1,0
1100042470,05/17/2017,Asociación de Bomberos Voluntarios - San Martín de los Andes,,1,0,0
9101002986,05/17/2017,Asociación de Bomberos Voluntarios - San Martín de los Andes,,0,0,1
1100042471,05/17/2017,Asociación de Bomberos Voluntarios - San Martín de los Andes,,1,0,0
1100042472,05/17/2017,Asociación de Bomberos Voluntarios - San Martín de los Andes,,1,0,0
9101002987,05/17/2017,Asociación de Bomberos Voluntarios - San Martín de los Andes,,0,0,1
1100042473,05/17/2017,Asociación de Bomberos Voluntarios - San Martín de los Andes,,1,0,0
1100042474,05/17/2017,Asociación de Bomberos Voluntarios - San Martín de los Andes,,1,0,0
9101002988,05/17/2017,Asociación de Bomberos Voluntarios - San Martín de los Andes,,0,0,1
1100042475,05/17/2017,Asociación de Bomberos Voluntarios - San Martín de los Andes,,1,0,0
1100042476,05/17/2017,Asociación de Bomberos Voluntarios - San Martín de los Andes,,1,0,0
1200011100,05/17/2017,Asociación de Bomberos Voluntarios - San Martín de los Andes,,1,0,0
1100042477,05/17/2017,Asociación de Bomberos Voluntarios - San Martín de los Andes,,1,0,0
1100042478,05/17/2017,Asociación de Bomberos Voluntarios - San Martín de los Andes,,1,0,0
9101002989,05/17/2017,Asociación de Bomberos Voluntarios - San Martín de los Andes,,0,1,0
1100042479,05/17/2017,Asociación de Bomberos Voluntarios - San Martín de los Andes,,1,0,0
9101002990,05/18/2017,Asociación de Bomberos Voluntarios - San Martín de los Andes,,0,1,0
9201000478,05/18/2017,Asociación de Bomberos Voluntarios - San Martín de los Andes,,0,0,1
9101002991,05/18/2017,Asociación de Bomberos Voluntarios - San Martín de los Andes,,0,0,1
9101002992,05/18/2017,Asociación de Bomberos Voluntarios - San Martín de los Andes,,0,0,1
9201000479,05/18/2017,Asociación de Bomberos Voluntarios - San Martín de los Andes,,0,0,1
9101002993,05/18/2017,Asociación de Bomberos Voluntarios - San Martín de los Andes,,0,0,1
1100042480,05/18/2017,Asociación de Bomberos Voluntarios - San Martín de los Andes,,1,0,0
1100042481,05/18/2017,Asociación de Bomberos Voluntarios - San Martín de los Andes,,1,0,0
9101002994,05/18/2017,Asociación de Bomberos Voluntarios - San Martín de los Andes,,0,0,1
1100042482,05/18/2017,Asociación de Bomberos Voluntarios - San Martín de los Andes,,1,0,0
1100042483,05/18/2017,Asociación de Bomberos Voluntarios - San Martín de los Andes,,1,0,0
1100042484,05/18/2017,Asociación de Bomberos Voluntarios - San Martín de los Andes,,1,0,0
1100042485,05/18/2017,Asociación de Bomberos Voluntarios - San Martín de los Andes,,1,0,0
1100042486,05/18/2017,Asociación de Bomberos Voluntarios - San Martín de los Andes,,1,0,0
1200012751,05/18/2017,Asociación de Bomberos Voluntarios - San Martín de los Andes,,1,0,0
1100042487,05/18/2017,Asociación de Bomberos Voluntarios - San Martín de los Andes,,1,0,0
1100042488,05/18/2017,Asociación de Bomberos Voluntarios - San Martín de los Andes,,1,0,0
1100042489,05/18/2017,Asociación de Bomberos Voluntarios - San Martín de los Andes,,1,0,0
1100042490,05/18/2017,Asociación de Bomberos Voluntarios - San Martín de los Andes,,1,0,0
1100042491,05/18/2017,Asociación de Bomberos Voluntarios - San Martín de los Andes,,1,0,0
1100042492,05/18/2017,Asociación de Bomberos Voluntarios - San Martín de los Andes,,1,0,0
1100042493,05/18/2017,Asociación de Bomberos Voluntarios - San Martín de los Andes,,1,0,0
1100042494,05/18/2017,Asociación de Bomberos Voluntarios - San Martín de los Andes,,1,0,0
1200012752,05/18/2017,Asociación de Bomberos Voluntarios - San Martín de los Andes,,1,0,0
9101002995,05/18/2017,Asociación de Bomberos Voluntarios - San Martín de los Andes,,0,1,0
1100042495,05/18/2017,Asociación de Bomberos Voluntarios - San Martín de los Andes,,1,0,0
1100042496,05/18/2017,Asociación de Bomberos Voluntarios - San Martín de los Andes,,1,0,0
1100042497,05/18/2017,Asociación de Bomberos Voluntarios - San Martín de los Andes,,1,0,0
1100042498,05/18/2017,Asociación de Bomberos Voluntarios - San Martín de los Andes,,1,0,0
1100042499,05/18/2017,Asociación de Bomberos Voluntarios - San Martín de los Andes,,1,0,0
9101002996,05/18/2017,Asociación de Bomberos Voluntarios - San Martín de los Andes,,0,0,1
1100042500,05/18/2017,Asociación de Bomberos Voluntarios - San Martín de los Andes,,1,0,0
1100043001,05/18/2017,Asociación de Bomberos Voluntarios - San Martín de los Andes,,1,0,0
1100043002,05/18/2017,Asociación de Bomberos Voluntarios - San Martín de los Andes,,1,0,0
1100043003,05/18/2017,Asociación de Bomberos Voluntarios - San Martín de los Andes,,1,0,0
1100043004,05/18/2017,Asociación de Bomberos Voluntarios - San Martín de los Andes,,1,0,0
1100043005,05/18/2017,Asociación de Bomberos Voluntarios - San Martín de los Andes,,1,0,0
1100043006,05/18/2017,Asociación de Bomberos Voluntarios - San Martín de los Andes,,1,0,0
1100043007,05/18/2017,Asociación de Bomberos Voluntarios - San Martín de los Andes,,1,0,0
1100043008,05/18/2017,Asociación de Bomberos Voluntarios - San Martín de los Andes,,1,0,0
9101002997,05/18/2017,Asociación de Bomberos Voluntarios - San Martín de los Andes,,0,0,1
1100043009,05/18/2017,Asociación de Bomberos Voluntarios - San Martín de los Andes,,1,0,0
9101002998,05/18/2017,Asociación de Bomberos Voluntarios - San Martín de los Andes,,0,0,1
9101002999,05/18/2017,Asociación de Bomberos Voluntarios - San Martín de los Andes,,0,1,0
1100043010,05/18/2017,Asociación de Bomberos Voluntarios - San Martín de los Andes,,1,0,0
1100043011,05/18/2017,Asociación de Bomberos Voluntarios - San Martín de los Andes,,1,0,0
9101003000,05/18/2017,Asociación de Bomberos Voluntarios - San Martín de los Andes,,0,0,1
1100043012,05/18/2017,Asociación de Bomberos Voluntarios - San Martín de los Andes,,1,0,0
1100043013,05/18/2017,Asociación de Bomberos Voluntarios - San Martín de los Andes,,1,0,0
1100043014,05/18/2017,Asociación de Bomberos Voluntarios - San Martín de los Andes,,1,0,0
9101003001,05/18/2017,Asociación de Bomberos Voluntarios - San Martín de los Andes,,0,1,0
1100043015,05/18/2017,Asociación de Bomberos Voluntarios - San Martín de los Andes,,1,0,0
1100043016,05/18/2017,Asociación de Bomberos Voluntarios - San Martín de los Andes,,1,0,0
1100041987,05/17/2017,Control SRL,,1,0,0
1200012578,05/17/2017,Control SRL,,1,0,0
1100041988,05/17/2017,Control SRL,,1,0,0
9203000636,05/17/2017,Control SRL,,0,0,1
1100041989,05/17/2017,Control SRL,,1,0,0
1100041990,05/17/2017,Control SRL,,1,0,0
9103002489,05/17/2017,Control SRL,,0,0,1
1100041991,05/17/2017,Control SRL,,1,0,0
1100041992,05/17/2017,Control SRL,,1,0,0
1100041993,05/17/2017,Control SRL,,1,0,0
1100041994,05/17/2017,Control SRL,,1,0,0
1200012579,05/17/2017,Control SRL,,1,0,0
1100041995,05/17/2017,Control SRL,,1,0,0
1100041996,05/17/2017,Control SRL,,1,0,0
9103002490,05/17/2017,Control SRL,,0,0,1
1100041997,05/17/2017,Control SRL,,1,0,0
1200012580,05/17/2017,Control SRL,,1,0,0
1100041998,05/17/2017,Control SRL,,1,0,0
1200012581,05/17/2017,Control SRL,,1,0,0
1200012582,05/17/2017,Control SRL,,1,0,0
1100042000,05/17/2017,Control SRL,,1,0,0
1200012583,05/17/2017,Control SRL,,1,0,0
1100041999,05/17/2017,Control SRL,,1,0,0
1100042501,05/17/2017,Control SRL,,1,0,0
1100042502,05/17/2017,Control SRL,,1,0,0
1100042503,05/17/2017,Control SRL,,1,0,0
1100042504,05/18/2017,Control SRL,,1,0,0
1100042505,05/18/2017,Control SRL,,1,0,0
1100042506,05/18/2017,Control SRL,,1,0,0
1100042507,05/18/2017,Control SRL,,1,0,0
1200012584,05/18/2017,Control SRL,,1,0,0
1100042508,05/18/2017,Control SRL,,1,0,0
9103002491,05/18/2017,Control SRL,,0,0,1
1100042509,05/18/2017,Control SRL,,1,0,0
1100042510,05/18/2017,Control SRL,,1,0,0
9203000637,05/18/2017,Control SRL,,0,0,1
1100042511,05/18/2017,Control SRL,,1,0,0
1200012585,05/18/2017,Control SRL,,1,0,0
9203000638,05/18/2017,Control SRL,,0,0,1
1100042512,05/18/2017,Control SRL,,1,0,0
1100042513,05/18/2017,Control SRL,,1,0,0
1200012587,05/18/2017,Control SRL,,1,0,0
1200012586,05/18/2017,Control SRL,,1,0,0
9203000639,05/18/2017,Control SRL,,0,0,1
1100042514,05/18/2017,Control SRL,,1,0,0
1200012588,05/18/2017,Control SRL,,1,0,0
1200012589,05/18/2017,Control SRL,,1,0,0
1100042515,05/18/2017,Control SRL,,1,0,0
1100042516,05/18/2017,Control SRL,,1,0,0
1100042760,05/17/2017,Veritecnica SRL,,1,0,0
1100042761,05/17/2017,Veritecnica SRL,,1,0,0
1100042762,05/17/2017,Veritecnica SRL,,1,0,0
1100042763,05/17/2017,Veritecnica SRL,,1,0,0
9102007755,05/17/2017,Veritecnica SRL,,0,1,0
1100042764,05/17/2017,Veritecnica SRL,,1,0,0
1200012686,05/17/2017,Veritecnica SRL,,1,0,0
1100042765,05/17/2017,Veritecnica SRL,,1,0,0
9102007756,05/17/2017,Veritecnica SRL,,0,0,1
1100042766,05/17/2017,Veritecnica SRL,,1,0,0
1100042767,05/17/2017,Veritecnica SRL,,1,0,0
9202001410,05/17/2017,Veritecnica SRL,,0,0,1
9202001411,05/17/2017,Veritecnica SRL,,0,0,1
1200012687,05/17/2017,Veritecnica SRL,,1,0,0
1100042768,05/17/2017,Veritecnica SRL,,1,0,0
1100042769,05/17/2017,Veritecnica SRL,,1,0,0
9102007757,05/17/2017,Veritecnica SRL,,0,0,1
1200012688,05/17/2017,Veritecnica SRL,,1,0,0
9102007758,05/17/2017,Veritecnica SRL,,0,0,1
1100042770,05/17/2017,Veritecnica SRL,,1,0,0
1100042771,05/17/2017,Veritecnica SRL,,1,0,0
1100042772,05/17/2017,Veritecnica SRL,,1,0,0
1100042773,05/17/2017,Veritecnica SRL,,1,0,0
1200012689,05/17/2017,Veritecnica SRL,,1,0,0
1100042774,05/17/2017,Veritecnica SRL,,1,0,0
1200012690,05/17/2017,Veritecnica SRL,,1,0,0
9202001412,05/17/2017,Veritecnica SRL,,0,0,1
1100042775,05/17/2017,Veritecnica SRL,,1,0,0
1100042776,05/17/2017,Veritecnica SRL,,1,0,0
1200012692,05/17/2017,Veritecnica SRL,,1,0,0
1200012691,05/17/2017,Veritecnica SRL,,1,0,0
1100042777,05/17/2017,Veritecnica SRL,,1,0,0
1200012693,05/17/2017,Veritecnica SRL,,1,0,0
1100042779,05/17/2017,Veritecnica SRL,,1,0,0
1100042778,05/17/2017,Veritecnica SRL,,1,0,0
1200012694,05/17/2017,Veritecnica SRL,,1,0,0
1100042780,05/17/2017,Veritecnica SRL,,1,0,0
9102007759,05/17/2017,Veritecnica SRL,,0,0,1
1100042781,05/17/2017,Veritecnica SRL,,1,0,0
1100042782,05/17/2017,Veritecnica SRL,,1,0,0
1100042783,05/17/2017,Veritecnica SRL,,1,0,0
1100042784,05/17/2017,Veritecnica SRL,,1,0,0
1100042785,05/17/2017,Veritecnica SRL,,1,0,0
1100042786,05/17/2017,Veritecnica SRL,,1,0,0
9102007760,05/17/2017,Veritecnica SRL,,0,1,0
1100042787,05/17/2017,Veritecnica SRL,,1,0,0
1100042788,05/17/2017,Veritecnica SRL,,1,0,0
1100042789,05/17/2017,Veritecnica SRL,,1,0,0
1100042790,05/17/2017,Veritecnica SRL,,1,0,0
9202001413,05/17/2017,Veritecnica SRL,,0,0,1
1100042791,05/17/2017,Veritecnica SRL,,1,0,0
1200012695,05/17/2017,Veritecnica SRL,,1,0,0
9102007761,05/18/2017,Veritecnica SRL,,0,1,0
1100042792,05/18/2017,Veritecnica SRL,,1,0,0
1100042793,05/18/2017,Veritecnica SRL,,1,0,0
1100042794,05/18/2017,Veritecnica SRL,,1,0,0
1100042795,05/18/2017,Veritecnica SRL,,1,0,0
1200012696,05/18/2017,Veritecnica SRL,,1,0,0
1100042796,05/18/2017,Veritecnica SRL,,1,0,0
9102007762,05/18/2017,Veritecnica SRL,,0,1,0
1100042797,05/18/2017,Veritecnica SRL,,1,0,0
1100042798,05/18/2017,Veritecnica SRL,,1,0,0
9102007763,05/18/2017,Veritecnica SRL,,0,1,0
1100042799,05/18/2017,Veritecnica SRL,,1,0,0
1200012697,05/18/2017,Veritecnica SRL,,1,0,0
1100042800,05/18/2017,Veritecnica SRL,,1,0,0
1100042802,05/18/2017,Veritecnica SRL,,1,0,0
1100042801,05/18/2017,Veritecnica SRL,,1,0,0
1100042803,05/18/2017,Veritecnica SRL,,1,0,0
1200012698,05/18/2017,Veritecnica SRL,,1,0,0
1100042804,05/18/2017,Veritecnica SRL,,1,0,0
9102007764,05/18/2017,Veritecnica SRL,,0,1,0
1100042805,05/18/2017,Veritecnica SRL,,1,0,0
1200012699,05/18/2017,Veritecnica SRL,,1,0,0
9102007765,05/18/2017,Veritecnica SRL,,0,1,0
1200012700,05/18/2017,Veritecnica SRL,,1,0,0
9102007766,05/18/2017,Veritecnica SRL,,0,0,1
9102007767,05/18/2017,Veritecnica SRL,,0,1,0
1100042806,05/18/2017,Veritecnica SRL,,1,0,0
1100042807,05/18/2017,Veritecnica SRL,,1,0,0
1200012701,05/18/2017,Veritecnica SRL,,1,0,0
1100042808,05/18/2017,Veritecnica SRL,,1,0,0
1200012702,05/18/2017,Veritecnica SRL,,1,0,0
1100042809,05/18/2017,Veritecnica SRL,,1,0,0
1200012703,05/18/2017,Veritecnica SRL,,1,0,0
1100042810,05/18/2017,Veritecnica SRL,,1,0,0
9202001414,05/18/2017,Veritecnica SRL,,0,0,1
9102007768,05/18/2017,Veritecnica SRL,,0,1,0
1100042811,05/18/2017,Veritecnica SRL,,1,0,0
1100042812,05/18/2017,Veritecnica SRL,,1,0,0
1200012704,05/18/2017,Veritecnica SRL,,1,0,0
9102007769,05/18/2017,Veritecnica SRL,,0,1,0
1100042813,05/18/2017,Veritecnica SRL,,1,0,0
1200012705,05/18/2017,Veritecnica SRL,,1,0,0
1100042814,05/18/2017,Veritecnica SRL,,1,0,0
9102007770,05/18/2017,Veritecnica SRL,,0,1,0
9102007771,05/18/2017,Veritecnica SRL,,0,1,0
1200012706,05/18/2017,Veritecnica SRL,,1,0,0
9102007772,05/18/2017,Veritecnica SRL,,0,1,0
1100042815,05/18/2017,Veritecnica SRL,,1,0,0
1100042816,05/18/2017,Veritecnica SRL,,1,0,0
9102007773,05/18/2017,Veritecnica SRL,,0,0,1
1100042817,05/18/2017,Veritecnica SRL,,1,0,0
1100042818,05/18/2017,Veritecnica SRL,,1,0,0
1100042819,05/18/2017,Veritecnica SRL,,1,0,0
1100042820,05/18/2017,Veritecnica SRL,,1,0,0
1100042821,05/18/2017,Veritecnica SRL,,1,0,0
9202001415,05/18/2017,Veritecnica SRL,,0,0,1
1100042822,05/18/2017,Veritecnica SRL,,1,0,0
1100042823,05/18/2017,Veritecnica SRL,,1,0,0
1100042824,05/18/2017,Veritecnica SRL,,1,0,0
