Nrocertificado,Fecha,Idtaller,Dominiovehiculo,Aprobado,RechazadoLeveModerado,RechazadoGrave
1100034869,01/30/2017,Asociación de Bomberos Voluntarios - San Martín de los Andes,,1,0,0
1100034870,01/30/2017,Asociación de Bomberos Voluntarios - San Martín de los Andes,,1,0,0
1100034871,01/30/2017,Asociación de Bomberos Voluntarios - San Martín de los Andes,,1,0,0
9101002473,01/30/2017,Asociación de Bomberos Voluntarios - San Martín de los Andes,,0,1,0
1100034872,01/30/2017,Asociación de Bomberos Voluntarios - San Martín de los Andes,,1,0,0
1100034873,01/30/2017,Asociación de Bomberos Voluntarios - San Martín de los Andes,,1,0,0
1100034874,01/30/2017,Asociación de Bomberos Voluntarios - San Martín de los Andes,,1,0,0
1100034875,01/30/2017,Asociación de Bomberos Voluntarios - San Martín de los Andes,,1,0,0
1100034876,01/30/2017,Asociación de Bomberos Voluntarios - San Martín de los Andes,,1,0,0
1100034877,01/30/2017,Asociación de Bomberos Voluntarios - San Martín de los Andes,,1,0,0
1100034878,01/30/2017,Asociación de Bomberos Voluntarios - San Martín de los Andes,,1,0,0
9101002474,01/30/2017,Asociación de Bomberos Voluntarios - San Martín de los Andes,,0,1,0
1100034879,01/30/2017,Asociación de Bomberos Voluntarios - San Martín de los Andes,,1,0,0
1100034880,01/30/2017,Asociación de Bomberos Voluntarios - San Martín de los Andes,,1,0,0
1100034881,01/30/2017,Asociación de Bomberos Voluntarios - San Martín de los Andes,,1,0,0
1100034882,01/30/2017,Asociación de Bomberos Voluntarios - San Martín de los Andes,,1,0,0
1100034883,01/30/2017,Asociación de Bomberos Voluntarios - San Martín de los Andes,,1,0,0
1100034884,01/30/2017,Asociación de Bomberos Voluntarios - San Martín de los Andes,,1,0,0
1100034885,01/30/2017,Asociación de Bomberos Voluntarios - San Martín de los Andes,,1,0,0
1100034886,01/30/2017,Asociación de Bomberos Voluntarios - San Martín de los Andes,,1,0,0
1100034887,01/30/2017,Asociación de Bomberos Voluntarios - San Martín de los Andes,,1,0,0
1100034888,01/30/2017,Asociación de Bomberos Voluntarios - San Martín de los Andes,,1,0,0
1100034889,01/30/2017,Asociación de Bomberos Voluntarios - San Martín de los Andes,,1,0,0
1100034890,01/30/2017,Asociación de Bomberos Voluntarios - San Martín de los Andes,,1,0,0
1100034891,01/30/2017,Asociación de Bomberos Voluntarios - San Martín de los Andes,,1,0,0
1100034892,01/30/2017,Asociación de Bomberos Voluntarios - San Martín de los Andes,,1,0,0
1100034893,01/30/2017,Asociación de Bomberos Voluntarios - San Martín de los Andes,,1,0,0
1100033300,01/30/2017,Control SRL,,1,0,0
9103002157,01/30/2017,Control SRL,,0,0,1
1200011172,01/30/2017,Control SRL,,1,0,0
1100033299,01/30/2017,Control SRL,,1,0,0
1100033298,01/30/2017,Control SRL,,1,0,0
1100033297,01/30/2017,Control SRL,,1,0,0
1100033296,01/30/2017,Control SRL,,1,0,0
9103002158,01/30/2017,Control SRL,,0,0,1
1200011173,01/30/2017,Control SRL,,1,0,0
1100033295,01/30/2017,Control SRL,,1,0,0
1100033294,01/30/2017,Control SRL,,1,0,0
1100033293,01/30/2017,Control SRL,,1,0,0
1100033292,01/30/2017,Control SRL,,1,0,0
9203000578,01/30/2017,Control SRL,,0,0,1
1100033291,01/30/2017,Control SRL,,1,0,0
1100033290,01/30/2017,Control SRL,,1,0,0
1100033289,01/30/2017,Control SRL,,1,0,0
1100033288,01/30/2017,Control SRL,,1,0,0
1100033287,01/30/2017,Control SRL,,1,0,0
1100033286,01/30/2017,Control SRL,,1,0,0
1200011175,01/30/2017,Control SRL,,1,0,0
1200011174,01/30/2017,Control SRL,,1,0,0
1100033285,01/30/2017,Control SRL,,1,0,0
9103002159,01/30/2017,Control SRL,,0,0,1
9203000579,01/30/2017,Control SRL,,0,0,1
1100033284,01/30/2017,Control SRL,,1,0,0
1100033283,01/30/2017,Control SRL,,1,0,0
1100033282,01/30/2017,Control SRL,,1,0,0
1100033252,01/30/2017,Control SRL,,1,0,0
1100033281,01/30/2017,Control SRL,,1,0,0
1200011176,01/30/2017,Control SRL,,1,0,0
1100033280,01/30/2017,Control SRL,,1,0,0
1100033279,01/30/2017,Control SRL,,1,0,0
9103002160,01/30/2017,Control SRL,,0,0,1
1100033278,01/30/2017,Control SRL,,1,0,0
1100033277,01/30/2017,Control SRL,,1,0,0
1100033276,01/30/2017,Control SRL,,1,0,0
1100033275,01/30/2017,Control SRL,,1,0,0
9103002161,01/30/2017,Control SRL,,0,0,1
9103002162,01/30/2017,Control SRL,,0,0,1
1100033274,01/30/2017,Control SRL,,1,0,0
1100033273,01/30/2017,Control SRL,,1,0,0
9103002163,01/30/2017,Control SRL,,0,0,1
1100033272,01/30/2017,Control SRL,,1,0,0
1100035069,01/30/2017,Veritecnica SRL,,1,0,0
1100035070,01/30/2017,Veritecnica SRL,,1,0,0
9102006752,01/30/2017,Veritecnica SRL,,0,0,1
9102006753,01/30/2017,Veritecnica SRL,,0,1,0
9102006754,01/30/2017,Veritecnica SRL,,0,0,1
1100035071,01/30/2017,Veritecnica SRL,,1,0,0
9102006755,01/30/2017,Veritecnica SRL,,0,1,0
1100035072,01/30/2017,Veritecnica SRL,,1,0,0
1100035073,01/30/2017,Veritecnica SRL,,1,0,0
1100035074,01/30/2017,Veritecnica SRL,,1,0,0
1100035075,01/30/2017,Veritecnica SRL,,1,0,0
1100035076,01/30/2017,Veritecnica SRL,,1,0,0
1100035077,01/30/2017,Veritecnica SRL,,1,0,0
1100035078,01/30/2017,Veritecnica SRL,,1,0,0
1100035079,01/30/2017,Veritecnica SRL,,1,0,0
1100035080,01/30/2017,Veritecnica SRL,,1,0,0
9102006756,01/30/2017,Veritecnica SRL,,0,0,1
1100035081,01/30/2017,Veritecnica SRL,,1,0,0
1100035082,01/30/2017,Veritecnica SRL,,1,0,0
1100035083,01/30/2017,Veritecnica SRL,,1,0,0
1100035084,01/30/2017,Veritecnica SRL,,1,0,0
1100035085,01/30/2017,Veritecnica SRL,,1,0,0
1100035086,01/30/2017,Veritecnica SRL,,1,0,0
1100035087,01/30/2017,Veritecnica SRL,,1,0,0
1100035088,01/30/2017,Veritecnica SRL,,1,0,0
1100035089,01/30/2017,Veritecnica SRL,,1,0,0
9102006757,01/30/2017,Veritecnica SRL,,0,0,1
1100035090,01/30/2017,Veritecnica SRL,,1,0,0
1100035091,01/30/2017,Veritecnica SRL,,1,0,0
1100035092,01/30/2017,Veritecnica SRL,,1,0,0
9102006758,01/30/2017,Veritecnica SRL,,0,1,0
9102006759,01/30/2017,Veritecnica SRL,,0,1,0
9102006760,01/30/2017,Veritecnica SRL,,0,1,0
1100035093,01/30/2017,Veritecnica SRL,,1,0,0
9202001185,01/30/2017,Veritecnica SRL,,0,0,1
1200011292,01/30/2017,Veritecnica SRL,,1,0,0
1100035094,01/30/2017,Veritecnica SRL,,1,0,0
1100035095,01/30/2017,Veritecnica SRL,,1,0,0
1100035096,01/30/2017,Veritecnica SRL,,1,0,0
1100035097,01/30/2017,Veritecnica SRL,,1,0,0
1100035098,01/30/2017,Veritecnica SRL,,1,0,0
1200011293,01/30/2017,Veritecnica SRL,,1,0,0
1200011294,01/30/2017,Veritecnica SRL,,1,0,0
1200011295,01/30/2017,Veritecnica SRL,,1,0,0
9102006761,01/30/2017,Veritecnica SRL,,0,1,0
1100035099,01/30/2017,Veritecnica SRL,,1,0,0
1100035100,01/30/2017,Veritecnica SRL,,1,0,0
9102006762,01/30/2017,Veritecnica SRL,,0,0,1
9102006763,01/30/2017,Veritecnica SRL,,0,1,0
1100035101,01/30/2017,Veritecnica SRL,,1,0,0
9102006764,01/30/2017,Veritecnica SRL,,0,1,0
1100035102,01/30/2017,Veritecnica SRL,,1,0,0
1100035103,01/30/2017,Veritecnica SRL,,1,0,0
1100035104,01/30/2017,Veritecnica SRL,,1,0,0
1100035105,01/30/2017,Veritecnica SRL,,1,0,0
9102006765,01/30/2017,Veritecnica SRL,,0,0,1
1200011296,01/30/2017,Veritecnica SRL,,1,0,0
1100035106,01/30/2017,Veritecnica SRL,,1,0,0
1100035107,01/30/2017,Veritecnica SRL,,1,0,0
1100035108,01/30/2017,Veritecnica SRL,,1,0,0
1100035109,01/30/2017,Veritecnica SRL,,1,0,0
9102006766,01/30/2017,Veritecnica SRL,,0,1,0
1100035110,01/30/2017,Veritecnica SRL,,1,0,0
9102006767,01/30/2017,Veritecnica SRL,,0,1,0
9102006768,01/30/2017,Veritecnica SRL,,0,0,1
1200011297,01/30/2017,Veritecnica SRL,,1,0,0
1100035111,01/30/2017,Veritecnica SRL,,1,0,0
1200011298,01/30/2017,Veritecnica SRL,,1,0,0
1200011299,01/30/2017,Veritecnica SRL,,1,0,0
9102006769,01/30/2017,Veritecnica SRL,,0,1,0
1200011300,01/30/2017,Veritecnica SRL,,1,0,0
9102006770,01/30/2017,Veritecnica SRL,,0,1,0
