Nrocertificado,Fecha,Idtaller,Dominiovehiculo,Aprobado,RechazadoLeveModerado,RechazadoGrave
1100033910,01/16/2017,Asociación de Bomberos Voluntarios - San Martín de los Andes,,1,0,0
1100033911,01/16/2017,Asociación de Bomberos Voluntarios - San Martín de los Andes,,1,0,0
1100033912,01/16/2017,Asociación de Bomberos Voluntarios - San Martín de los Andes,,1,0,0
1100033913,01/16/2017,Asociación de Bomberos Voluntarios - San Martín de los Andes,,1,0,0
1100033914,01/16/2017,Asociación de Bomberos Voluntarios - San Martín de los Andes,,1,0,0
1100033915,01/16/2017,Asociación de Bomberos Voluntarios - San Martín de los Andes,,1,0,0
1100033916,01/16/2017,Asociación de Bomberos Voluntarios - San Martín de los Andes,,1,0,0
1100033917,01/16/2017,Asociación de Bomberos Voluntarios - San Martín de los Andes,,1,0,0
1100033918,01/16/2017,Asociación de Bomberos Voluntarios - San Martín de los Andes,,1,0,0
1100033919,01/16/2017,Asociación de Bomberos Voluntarios - San Martín de los Andes,,1,0,0
1100033920,01/16/2017,Asociación de Bomberos Voluntarios - San Martín de los Andes,,1,0,0
9101002429,01/16/2017,Asociación de Bomberos Voluntarios - San Martín de los Andes,,0,1,0
1100033921,01/16/2017,Asociación de Bomberos Voluntarios - San Martín de los Andes,,1,0,0
1100033922,01/16/2017,Asociación de Bomberos Voluntarios - San Martín de los Andes,,1,0,0
1100033923,01/16/2017,Asociación de Bomberos Voluntarios - San Martín de los Andes,,1,0,0
1100033924,01/16/2017,Asociación de Bomberos Voluntarios - San Martín de los Andes,,1,0,0
1100033925,01/16/2017,Asociación de Bomberos Voluntarios - San Martín de los Andes,,1,0,0
9101002430,01/16/2017,Asociación de Bomberos Voluntarios - San Martín de los Andes,,0,1,0
1100033926,01/16/2017,Asociación de Bomberos Voluntarios - San Martín de los Andes,,1,0,0
1100033927,01/16/2017,Asociación de Bomberos Voluntarios - San Martín de los Andes,,1,0,0
9101002431,01/16/2017,Asociación de Bomberos Voluntarios - San Martín de los Andes,,0,0,1
1100033928,01/16/2017,Asociación de Bomberos Voluntarios - San Martín de los Andes,,1,0,0
1100033929,01/16/2017,Asociación de Bomberos Voluntarios - San Martín de los Andes,,1,0,0
1100032417,01/16/2017,Control SRL,,1,0,0
1100032418,01/16/2017,Control SRL,,1,0,0
9103002081,01/16/2017,Control SRL,,0,0,1
1100032420,01/16/2017,Control SRL,,1,0,0
1100032419,01/16/2017,Control SRL,,1,0,0
1200011121,01/16/2017,Control SRL,,1,0,0
1200011122,01/16/2017,Control SRL,,1,0,0
9103002082,01/16/2017,Control SRL,,0,0,1
1100032421,01/16/2017,Control SRL,,1,0,0
1100032422,01/16/2017,Control SRL,,1,0,0
9103002083,01/16/2017,Control SRL,,0,0,1
1100032423,01/16/2017,Control SRL,,1,0,0
1100032424,01/16/2017,Control SRL,,1,0,0
1100032425,01/16/2017,Control SRL,,1,0,0
1100032426,01/16/2017,Control SRL,,1,0,0
1100032427,01/16/2017,Control SRL,,1,0,0
1100032428,01/16/2017,Control SRL,,1,0,0
9103002084,01/16/2017,Control SRL,,0,0,1
1100032429,01/16/2017,Control SRL,,1,0,0
9103002085,01/16/2017,Control SRL,,0,0,1
1100032430,01/16/2017,Control SRL,,1,0,0
1100032431,01/16/2017,Control SRL,,1,0,0
1100032432,01/16/2017,Control SRL,,1,0,0
1100032433,01/16/2017,Control SRL,,1,0,0
1100032434,01/16/2017,Control SRL,,1,0,0
1200011123,01/16/2017,Control SRL,,1,0,0
1100032435,01/16/2017,Control SRL,,1,0,0
1100032436,01/16/2017,Control SRL,,1,0,0
1100032437,01/16/2017,Control SRL,,1,0,0
1100032438,01/16/2017,Control SRL,,1,0,0
1100032439,01/16/2017,Control SRL,,1,0,0
1100032440,01/16/2017,Control SRL,,1,0,0
9103002086,01/16/2017,Control SRL,,0,0,1
1100032443,01/16/2017,Control SRL,,1,0,0
1100032441,01/16/2017,Control SRL,,1,0,0
1100032442,01/16/2017,Control SRL,,1,0,0
1100032444,01/16/2017,Control SRL,,1,0,0
1100032445,01/16/2017,Control SRL,,1,0,0
1100032446,01/16/2017,Control SRL,,1,0,0
1100032447,01/16/2017,Control SRL,,1,0,0
1100032448,01/16/2017,Control SRL,,1,0,0
1100032449,01/16/2017,Control SRL,,1,0,0
1100032450,01/16/2017,Control SRL,,1,0,0
1100032451,01/16/2017,Control SRL,,1,0,0
1100032452,01/16/2017,Control SRL,,1,0,0
1200011124,01/16/2017,Control SRL,,1,0,0
1100032453,01/16/2017,Control SRL,,1,0,0
1100032454,01/16/2017,Control SRL,,1,0,0
1100032455,01/16/2017,Control SRL,,1,0,0
1100032456,01/16/2017,Control SRL,,1,0,0
1100032457,01/16/2017,Control SRL,,1,0,0
1200011125,01/16/2017,Control SRL,,1,0,0
9103002087,01/16/2017,Control SRL,,0,0,1
1100032458,01/16/2017,Control SRL,,1,0,0
1200011126,01/16/2017,Control SRL,,1,0,0
1200010963,01/16/2017,Veritecnica SRL,,1,0,0
9102006628,01/16/2017,Veritecnica SRL,,0,0,1
1200010964,01/16/2017,Veritecnica SRL,,1,0,0
1100034265,01/16/2017,Veritecnica SRL,,1,0,0
1100034266,01/16/2017,Veritecnica SRL,,1,0,0
1100034267,01/16/2017,Veritecnica SRL,,1,0,0
1100034268,01/16/2017,Veritecnica SRL,,1,0,0
1100034269,01/16/2017,Veritecnica SRL,,1,0,0
9102006629,01/16/2017,Veritecnica SRL,,0,1,0
1100034270,01/16/2017,Veritecnica SRL,,1,0,0
9102006630,01/16/2017,Veritecnica SRL,,0,1,0
1100034271,01/16/2017,Veritecnica SRL,,1,0,0
9102006631,01/16/2017,Veritecnica SRL,,0,0,1
1100034272,01/16/2017,Veritecnica SRL,,1,0,0
9102006632,01/16/2017,Veritecnica SRL,,0,0,1
1100034273,01/16/2017,Veritecnica SRL,,1,0,0
9102006633,01/16/2017,Veritecnica SRL,,0,0,1
1100034274,01/16/2017,Veritecnica SRL,,1,0,0
1100034275,01/16/2017,Veritecnica SRL,,1,0,0
9102006634,01/16/2017,Veritecnica SRL,,0,1,0
1100034276,01/16/2017,Veritecnica SRL,,1,0,0
1100034277,01/16/2017,Veritecnica SRL,,1,0,0
9102006635,01/16/2017,Veritecnica SRL,,0,1,0
9202001166,01/16/2017,Veritecnica SRL,,0,0,1
1100034278,01/16/2017,Veritecnica SRL,,1,0,0
9102006636,01/16/2017,Veritecnica SRL,,0,0,1
1100034279,01/16/2017,Veritecnica SRL,,1,0,0
1100034280,01/16/2017,Veritecnica SRL,,1,0,0
9102006637,01/16/2017,Veritecnica SRL,,0,1,0
1100034281,01/16/2017,Veritecnica SRL,,1,0,0
9102006638,01/16/2017,Veritecnica SRL,,0,0,1
1100034282,01/16/2017,Veritecnica SRL,,1,0,0
1100034283,01/16/2017,Veritecnica SRL,,1,0,0
1100034284,01/16/2017,Veritecnica SRL,,1,0,0
1100034285,01/16/2017,Veritecnica SRL,,1,0,0
1200010965,01/16/2017,Veritecnica SRL,,1,0,0
1100034286,01/16/2017,Veritecnica SRL,,1,0,0
1200010966,01/16/2017,Veritecnica SRL,,1,0,0
9102006639,01/16/2017,Veritecnica SRL,,0,0,1
1100034287,01/16/2017,Veritecnica SRL,,1,0,0
9102006640,01/16/2017,Veritecnica SRL,,0,1,0
1100034288,01/16/2017,Veritecnica SRL,,1,0,0
1100034289,01/16/2017,Veritecnica SRL,,1,0,0
9102006641,01/16/2017,Veritecnica SRL,,0,0,1
1200010967,01/16/2017,Veritecnica SRL,,1,0,0
1100034290,01/16/2017,Veritecnica SRL,,1,0,0
9102006642,01/16/2017,Veritecnica SRL,,0,1,0
9102006643,01/16/2017,Veritecnica SRL,,0,0,1
9102006644,01/16/2017,Veritecnica SRL,,0,1,0
9102006645,01/16/2017,Veritecnica SRL,,0,0,1
1100034291,01/16/2017,Veritecnica SRL,,1,0,0
1100034292,01/16/2017,Veritecnica SRL,,1,0,0
9102006646,01/16/2017,Veritecnica SRL,,0,0,1
1100034293,01/16/2017,Veritecnica SRL,,1,0,0
1100034294,01/16/2017,Veritecnica SRL,,1,0,0
9102006647,01/16/2017,Veritecnica SRL,,0,0,1
1100034295,01/16/2017,Veritecnica SRL,,1,0,0
1100034296,01/16/2017,Veritecnica SRL,,1,0,0
9102006648,01/16/2017,Veritecnica SRL,,0,1,0
1100034297,01/16/2017,Veritecnica SRL,,1,0,0
9102006649,01/16/2017,Veritecnica SRL,,0,1,0
1100034298,01/16/2017,Veritecnica SRL,,1,0,0
1100034299,01/16/2017,Veritecnica SRL,,1,0,0
1100034300,01/16/2017,Veritecnica SRL,,1,0,0
1200010968,01/16/2017,Veritecnica SRL,,1,0,0
1200010969,01/16/2017,Veritecnica SRL,,1,0,0
1100034301,01/16/2017,Veritecnica SRL,,1,0,0
1100034302,01/16/2017,Veritecnica SRL,,1,0,0
1100034303,01/16/2017,Veritecnica SRL,,1,0,0
1100034304,01/16/2017,Veritecnica SRL,,1,0,0
1100034305,01/16/2017,Veritecnica SRL,,1,0,0
1100034306,01/16/2017,Veritecnica SRL,,1,0,0
1100034307,01/16/2017,Veritecnica SRL,,1,0,0
9102006650,01/16/2017,Veritecnica SRL,,0,1,0
1100034308,01/16/2017,Veritecnica SRL,,1,0,0
1100034309,01/16/2017,Veritecnica SRL,,1,0,0
1100034310,01/16/2017,Veritecnica SRL,,1,0,0
1100034311,01/16/2017,Veritecnica SRL,,1,0,0
1200010970,01/16/2017,Veritecnica SRL,,1,0,0
9202001167,01/16/2017,Veritecnica SRL,,0,0,1
1100034312,01/16/2017,Veritecnica SRL,,1,0,0
1100034313,01/16/2017,Veritecnica SRL,,1,0,0
1100034314,01/16/2017,Veritecnica SRL,,1,0,0
1100034315,01/16/2017,Veritecnica SRL,,1,0,0
1100034316,01/16/2017,Veritecnica SRL,,1,0,0
1100034317,01/16/2017,Veritecnica SRL,,1,0,0
9102006651,01/16/2017,Veritecnica SRL,,0,1,0
1100034319,01/16/2017,Veritecnica SRL,,1,0,0
1100034318,01/16/2017,Veritecnica SRL,,1,0,0
1100034320,01/16/2017,Veritecnica SRL,,1,0,0
1100034321,01/16/2017,Veritecnica SRL,,1,0,0
1100034322,01/16/2017,Veritecnica SRL,,1,0,0
9102006652,01/16/2017,Veritecnica SRL,,0,1,0
1100034323,01/16/2017,Veritecnica SRL,,1,0,0
