Nrocertificado,Fecha,Idtaller,Dominiovehiculo,Aprobado,RechazadoLeveModerado,RechazadoGrave
1200014419,09/23/2017,Asociación de Bomberos Voluntarios - San Martín de los Andes,,1,0,0
1100049111,09/23/2017,Asociación de Bomberos Voluntarios - San Martín de los Andes,,1,0,0
1200014420,09/23/2017,Asociación de Bomberos Voluntarios - San Martín de los Andes,,1,0,0
1200014421,09/23/2017,Asociación de Bomberos Voluntarios - San Martín de los Andes,,1,0,0
1100049112,09/23/2017,Asociación de Bomberos Voluntarios - San Martín de los Andes,,1,0,0
1100049113,09/23/2017,Asociación de Bomberos Voluntarios - San Martín de los Andes,,1,0,0
1100049114,09/23/2017,Asociación de Bomberos Voluntarios - San Martín de los Andes,,1,0,0
1100049115,09/23/2017,Asociación de Bomberos Voluntarios - San Martín de los Andes,,1,0,0
1200014422,09/23/2017,Asociación de Bomberos Voluntarios - San Martín de los Andes,,1,0,0
1100049116,09/23/2017,Asociación de Bomberos Voluntarios - San Martín de los Andes,,1,0,0
9201000529,09/23/2017,Asociación de Bomberos Voluntarios - San Martín de los Andes,,0,1,0
1200014423,09/23/2017,Asociación de Bomberos Voluntarios - San Martín de los Andes,,1,0,0
1200014424,09/23/2017,Asociación de Bomberos Voluntarios - San Martín de los Andes,,1,0,0
1200014893,09/23/2017,Veritecnica SRL,,1,0,0
1200014894,09/23/2017,Veritecnica SRL,,1,0,0
1200014895,09/23/2017,Veritecnica SRL,,1,0,0
9102008592,09/23/2017,Veritecnica SRL,,0,0,1
1100049536,09/23/2017,Veritecnica SRL,,1,0,0
9102008593,09/23/2017,Veritecnica SRL,,0,0,1
9102008594,09/23/2017,Veritecnica SRL,,0,1,0
1100049537,09/23/2017,Veritecnica SRL,,1,0,0
1100049538,09/23/2017,Veritecnica SRL,,1,0,0
1100049539,09/23/2017,Veritecnica SRL,,1,0,0
1100049540,09/23/2017,Veritecnica SRL,,1,0,0
1200014896,09/23/2017,Veritecnica SRL,,1,0,0
1100049541,09/23/2017,Veritecnica SRL,,1,0,0
1200014897,09/23/2017,Veritecnica SRL,,1,0,0
1200014898,09/23/2017,Veritecnica SRL,,1,0,0
1200014899,09/23/2017,Veritecnica SRL,,1,0,0
1200014900,09/23/2017,Veritecnica SRL,,1,0,0
1100049542,09/23/2017,Veritecnica SRL,,1,0,0
1100049543,09/23/2017,Veritecnica SRL,,1,0,0
1200015001,09/23/2017,Veritecnica SRL,,1,0,0
1100049544,09/23/2017,Veritecnica SRL,,1,0,0
1200015002,09/23/2017,Veritecnica SRL,,1,0,0
1100049545,09/23/2017,Veritecnica SRL,,1,0,0
1200015003,09/23/2017,Veritecnica SRL,,1,0,0
1200015004,09/23/2017,Veritecnica SRL,,1,0,0
1200015005,09/23/2017,Veritecnica SRL,,1,0,0
1100049546,09/23/2017,Veritecnica SRL,,1,0,0
