Nrocertificado,Fecha,Idtaller,Dominiovehiculo,Aprobado,RechazadoLeveModerado,RechazadoGrave
1100039587,04/15/2017,Asociación de Bomberos Voluntarios - San Martín de los Andes,,1,0,0
1100039588,04/15/2017,Asociación de Bomberos Voluntarios - San Martín de los Andes,,1,0,0
9101002779,04/15/2017,Asociación de Bomberos Voluntarios - San Martín de los Andes,,0,0,1
9101002780,04/15/2017,Asociación de Bomberos Voluntarios - San Martín de los Andes,,0,1,0
1100039589,04/15/2017,Asociación de Bomberos Voluntarios - San Martín de los Andes,,1,0,0
1100039590,04/15/2017,Asociación de Bomberos Voluntarios - San Martín de los Andes,,1,0,0
1100039591,04/15/2017,Asociación de Bomberos Voluntarios - San Martín de los Andes,,1,0,0
1100039592,04/15/2017,Asociación de Bomberos Voluntarios - San Martín de los Andes,,1,0,0
9101002781,04/15/2017,Asociación de Bomberos Voluntarios - San Martín de los Andes,,0,1,0
1100039593,04/15/2017,Asociación de Bomberos Voluntarios - San Martín de los Andes,,1,0,0
1100039594,04/15/2017,Asociación de Bomberos Voluntarios - San Martín de los Andes,,1,0,0
1100039595,04/15/2017,Asociación de Bomberos Voluntarios - San Martín de los Andes,,1,0,0
1100039596,04/15/2017,Asociación de Bomberos Voluntarios - San Martín de los Andes,,1,0,0
1100039597,04/15/2017,Asociación de Bomberos Voluntarios - San Martín de los Andes,,1,0,0
1100039598,04/15/2017,Asociación de Bomberos Voluntarios - San Martín de los Andes,,1,0,0
1100039599,04/15/2017,Asociación de Bomberos Voluntarios - San Martín de los Andes,,1,0,0
1200011051,04/15/2017,Asociación de Bomberos Voluntarios - San Martín de los Andes,,1,0,0
1100040649,04/15/2017,Veritecnica SRL,,1,0,0
1100040650,04/15/2017,Veritecnica SRL,,1,0,0
1100040651,04/15/2017,Veritecnica SRL,,1,0,0
1100040652,04/15/2017,Veritecnica SRL,,1,0,0
1100040653,04/15/2017,Veritecnica SRL,,1,0,0
1100040654,04/15/2017,Veritecnica SRL,,1,0,0
1100040655,04/15/2017,Veritecnica SRL,,1,0,0
1100040656,04/15/2017,Veritecnica SRL,,1,0,0
1100040657,04/15/2017,Veritecnica SRL,,1,0,0
9102007521,04/15/2017,Veritecnica SRL,,0,1,0
1100040659,04/15/2017,Veritecnica SRL,,1,0,0
1100040658,04/15/2017,Veritecnica SRL,,1,0,0
1100040660,04/15/2017,Veritecnica SRL,,1,0,0
9102007522,04/15/2017,Veritecnica SRL,,0,1,0
1100040661,04/15/2017,Veritecnica SRL,,1,0,0
1200012325,04/15/2017,Veritecnica SRL,,1,0,0
1200012326,04/15/2017,Veritecnica SRL,,1,0,0
1200012327,04/15/2017,Veritecnica SRL,,1,0,0
9102007523,04/15/2017,Veritecnica SRL,,0,1,0
1200012328,04/15/2017,Veritecnica SRL,,1,0,0
1100040662,04/15/2017,Veritecnica SRL,,1,0,0
