Nrocertificado,Fecha,Idtaller,Dominiovehiculo,Aprobado,RechazadoLeveModerado,RechazadoGrave
1200013414,07/31/2017,Veritecnica SRL - AÑELO,,1,0,0
1100045993,07/31/2017,Asociación de Bomberos Voluntarios - San Martín de los Andes,,1,0,0
9101003343,07/31/2017,Asociación de Bomberos Voluntarios - San Martín de los Andes,,0,0,1
1100045994,07/31/2017,Asociación de Bomberos Voluntarios - San Martín de los Andes,,1,0,0
1100045995,07/31/2017,Asociación de Bomberos Voluntarios - San Martín de los Andes,,1,0,0
1100045996,07/31/2017,Asociación de Bomberos Voluntarios - San Martín de los Andes,,1,0,0
1100045997,07/31/2017,Asociación de Bomberos Voluntarios - San Martín de los Andes,,1,0,0
1100045998,07/31/2017,Asociación de Bomberos Voluntarios - San Martín de los Andes,,1,0,0
9101003344,07/31/2017,Asociación de Bomberos Voluntarios - San Martín de los Andes,,0,1,0
1100045999,07/31/2017,Asociación de Bomberos Voluntarios - San Martín de los Andes,,1,0,0
9101003345,07/31/2017,Asociación de Bomberos Voluntarios - San Martín de los Andes,,0,1,0
9101003346,07/31/2017,Asociación de Bomberos Voluntarios - San Martín de los Andes,,0,1,0
1100046000,07/31/2017,Asociación de Bomberos Voluntarios - San Martín de los Andes,,1,0,0
1100046251,07/31/2017,Asociación de Bomberos Voluntarios - San Martín de los Andes,,1,0,0
1100046252,07/31/2017,Asociación de Bomberos Voluntarios - San Martín de los Andes,,1,0,0
9101003347,07/31/2017,Asociación de Bomberos Voluntarios - San Martín de los Andes,,0,1,0
9101003348,07/31/2017,Asociación de Bomberos Voluntarios - San Martín de los Andes,,0,1,0
9101003349,07/31/2017,Asociación de Bomberos Voluntarios - San Martín de los Andes,,0,1,0
1100046253,07/31/2017,Asociación de Bomberos Voluntarios - San Martín de los Andes,,1,0,0
1100046254,07/31/2017,Asociación de Bomberos Voluntarios - San Martín de los Andes,,1,0,0
1100046255,07/31/2017,Asociación de Bomberos Voluntarios - San Martín de los Andes,,1,0,0
1100046256,07/31/2017,Asociación de Bomberos Voluntarios - San Martín de los Andes,,1,0,0
1100046257,07/31/2017,Asociación de Bomberos Voluntarios - San Martín de los Andes,,1,0,0
1100046258,07/31/2017,Asociación de Bomberos Voluntarios - San Martín de los Andes,,1,0,0
1100046259,07/31/2017,Asociación de Bomberos Voluntarios - San Martín de los Andes,,1,0,0
1100046260,07/31/2017,Asociación de Bomberos Voluntarios - San Martín de los Andes,,1,0,0
1100046261,07/31/2017,Asociación de Bomberos Voluntarios - San Martín de los Andes,,1,0,0
1100046262,07/31/2017,Asociación de Bomberos Voluntarios - San Martín de los Andes,,1,0,0
1100046263,07/31/2017,Asociación de Bomberos Voluntarios - San Martín de los Andes,,1,0,0
9101003350,07/31/2017,Asociación de Bomberos Voluntarios - San Martín de los Andes,,0,0,1
9101003351,07/31/2017,Asociación de Bomberos Voluntarios - San Martín de los Andes,,0,1,0
9101003352,07/31/2017,Asociación de Bomberos Voluntarios - San Martín de los Andes,,0,1,0
1100046264,07/31/2017,Asociación de Bomberos Voluntarios - San Martín de los Andes,,1,0,0
1100046265,07/31/2017,Asociación de Bomberos Voluntarios - San Martín de los Andes,,1,0,0
9101003353,07/31/2017,Asociación de Bomberos Voluntarios - San Martín de los Andes,,0,1,0
9101003354,07/31/2017,Asociación de Bomberos Voluntarios - San Martín de los Andes,,0,1,0
1100046266,07/31/2017,Asociación de Bomberos Voluntarios - San Martín de los Andes,,1,0,0
9101003355,07/31/2017,Asociación de Bomberos Voluntarios - San Martín de los Andes,,0,1,0
9101003356,07/31/2017,Asociación de Bomberos Voluntarios - San Martín de los Andes,,0,1,0
1200014053,07/31/2017,Control SRL,,1,0,0
9203000673,07/31/2017,Control SRL,,0,0,1
1100046850,07/31/2017,Control SRL,,1,0,0
1100046851,07/31/2017,Control SRL,,1,0,0
1100046852,07/31/2017,Control SRL,,1,0,0
1100046853,07/31/2017,Control SRL,,1,0,0
1200014054,07/31/2017,Control SRL,,1,0,0
1100046854,07/31/2017,Control SRL,,1,0,0
1100046855,07/31/2017,Control SRL,,1,0,0
1200014055,07/31/2017,Control SRL,,1,0,0
1100046856,07/31/2017,Control SRL,,1,0,0
9103002640,07/31/2017,Control SRL,,0,0,1
1100046857,07/31/2017,Control SRL,,1,0,0
1100046858,07/31/2017,Control SRL,,1,0,0
1100046859,07/31/2017,Control SRL,,1,0,0
1100046860,07/31/2017,Control SRL,,1,0,0
1200014056,07/31/2017,Control SRL,,1,0,0
9103002641,07/31/2017,Control SRL,,0,0,1
1200014057,07/31/2017,Control SRL,,1,0,0
1200014058,07/31/2017,Control SRL,,1,0,0
1100046861,07/31/2017,Control SRL,,1,0,0
1200014059,07/31/2017,Control SRL,,1,0,0
1100046862,07/31/2017,Control SRL,,1,0,0
1100046863,07/31/2017,Control SRL,,1,0,0
1100046864,07/31/2017,Control SRL,,1,0,0
1100046865,07/31/2017,Control SRL,,1,0,0
9103002642,07/31/2017,Control SRL,,0,0,1
1100046866,07/31/2017,Control SRL,,1,0,0
1200014060,07/31/2017,Control SRL,,1,0,0
1100046867,07/31/2017,Control SRL,,1,0,0
1100046868,07/31/2017,Control SRL,,1,0,0
1200014061,07/31/2017,Control SRL,,1,0,0
1100046728,07/31/2017,Veritecnica SRL,,1,0,0
9102008279,07/31/2017,Veritecnica SRL,,0,1,0
1100046729,07/31/2017,Veritecnica SRL,,1,0,0
9202001536,07/31/2017,Veritecnica SRL,,0,0,1
1100046730,07/31/2017,Veritecnica SRL,,1,0,0
1100046731,07/31/2017,Veritecnica SRL,,1,0,0
1200013998,07/31/2017,Veritecnica SRL,,1,0,0
9102008280,07/31/2017,Veritecnica SRL,,0,0,1
9102008281,07/31/2017,Veritecnica SRL,,0,1,0
1200013999,07/31/2017,Veritecnica SRL,,1,0,0
1100046732,07/31/2017,Veritecnica SRL,,1,0,0
1100046733,07/31/2017,Veritecnica SRL,,1,0,0
9102008282,07/31/2017,Veritecnica SRL,,0,0,1
9102008283,07/31/2017,Veritecnica SRL,,0,0,1
1100046734,07/31/2017,Veritecnica SRL,,1,0,0
9102008284,07/31/2017,Veritecnica SRL,,0,1,0
9202001537,07/31/2017,Veritecnica SRL,,0,0,1
9102008285,07/31/2017,Veritecnica SRL,,0,1,0
1200014000,07/31/2017,Veritecnica SRL,,1,0,0
1100046736,07/31/2017,Veritecnica SRL,,1,0,0
1100046737,07/31/2017,Veritecnica SRL,,1,0,0
1200014101,07/31/2017,Veritecnica SRL,,1,0,0
1100046735,07/31/2017,Veritecnica SRL,,1,0,0
9102008286,07/31/2017,Veritecnica SRL,,0,1,0
9202001538,07/31/2017,Veritecnica SRL,,0,0,1
1200014102,07/31/2017,Veritecnica SRL,,1,0,0
1200014103,07/31/2017,Veritecnica SRL,,1,0,0
1100046738,07/31/2017,Veritecnica SRL,,1,0,0
1100046739,07/31/2017,Veritecnica SRL,,1,0,0
9102008287,07/31/2017,Veritecnica SRL,,0,0,1
9102008288,07/31/2017,Veritecnica SRL,,0,0,1
1200014104,07/31/2017,Veritecnica SRL,,1,0,0
1100046740,07/31/2017,Veritecnica SRL,,1,0,0
9102008289,07/31/2017,Veritecnica SRL,,0,0,1
9102008290,07/31/2017,Veritecnica SRL,,0,0,1
1100046741,07/31/2017,Veritecnica SRL,,1,0,0
1100046742,07/31/2017,Veritecnica SRL,,1,0,0
1100046743,07/31/2017,Veritecnica SRL,,1,0,0
1100046744,07/31/2017,Veritecnica SRL,,1,0,0
9202001539,07/31/2017,Veritecnica SRL,,0,0,1
1200014105,07/31/2017,Veritecnica SRL,,1,0,0
