Nrocertificado,Fecha,Idtaller,Dominiovehiculo,Aprobado,RechazadoLeveModerado,RechazadoGrave
1100043233,05/27/2017,Asociación de Bomberos Voluntarios - San Martín de los Andes,,1,0,0
1100043234,05/27/2017,Asociación de Bomberos Voluntarios - San Martín de los Andes,,1,0,0
1100043235,05/27/2017,Asociación de Bomberos Voluntarios - San Martín de los Andes,,1,0,0
1100043236,05/27/2017,Asociación de Bomberos Voluntarios - San Martín de los Andes,,1,0,0
1200012763,05/27/2017,Asociación de Bomberos Voluntarios - San Martín de los Andes,,1,0,0
1100043237,05/27/2017,Asociación de Bomberos Voluntarios - San Martín de los Andes,,1,0,0
1100043238,05/27/2017,Asociación de Bomberos Voluntarios - San Martín de los Andes,,1,0,0
1100043239,05/27/2017,Asociación de Bomberos Voluntarios - San Martín de los Andes,,1,0,0
1100043240,05/27/2017,Asociación de Bomberos Voluntarios - San Martín de los Andes,,1,0,0
1100043241,05/27/2017,Asociación de Bomberos Voluntarios - San Martín de los Andes,,1,0,0
1100043242,05/27/2017,Asociación de Bomberos Voluntarios - San Martín de los Andes,,1,0,0
1100043243,05/27/2017,Asociación de Bomberos Voluntarios - San Martín de los Andes,,1,0,0
1100043244,05/27/2017,Asociación de Bomberos Voluntarios - San Martín de los Andes,,1,0,0
1100043245,05/27/2017,Asociación de Bomberos Voluntarios - San Martín de los Andes,,1,0,0
1100043246,05/27/2017,Asociación de Bomberos Voluntarios - San Martín de los Andes,,1,0,0
1100043247,05/27/2017,Asociación de Bomberos Voluntarios - San Martín de los Andes,,1,0,0
1200012852,05/27/2017,Veritecnica SRL,,1,0,0
1100043520,05/27/2017,Veritecnica SRL,,1,0,0
1100043521,05/27/2017,Veritecnica SRL,,1,0,0
1100043522,05/27/2017,Veritecnica SRL,,1,0,0
1100043523,05/27/2017,Veritecnica SRL,,1,0,0
1200012853,05/27/2017,Veritecnica SRL,,1,0,0
1100043524,05/27/2017,Veritecnica SRL,,1,0,0
9102007823,05/27/2017,Veritecnica SRL,,0,1,0
1100043525,05/27/2017,Veritecnica SRL,,1,0,0
1100043526,05/27/2017,Veritecnica SRL,,1,0,0
9102007824,05/27/2017,Veritecnica SRL,,0,1,0
1200012854,05/27/2017,Veritecnica SRL,,1,0,0
1200012855,05/27/2017,Veritecnica SRL,,1,0,0
1200012856,05/27/2017,Veritecnica SRL,,1,0,0
1100043527,05/27/2017,Veritecnica SRL,,1,0,0
9102007825,05/27/2017,Veritecnica SRL,,0,1,0
