Nrocertificado,Fecha,Idtaller,Dominiovehiculo,Aprobado,RechazadoLeveModerado,RechazadoGrave
9101002422,01/12/2017,Asociación de Bomberos Voluntarios - San Martín de los Andes,,0,1,0
1100033856,01/12/2017,Asociación de Bomberos Voluntarios - San Martín de los Andes,,1,0,0
1100033857,01/12/2017,Asociación de Bomberos Voluntarios - San Martín de los Andes,,1,0,0
1100033858,01/12/2017,Asociación de Bomberos Voluntarios - San Martín de los Andes,,1,0,0
1100033859,01/12/2017,Asociación de Bomberos Voluntarios - San Martín de los Andes,,1,0,0
9101002423,01/12/2017,Asociación de Bomberos Voluntarios - San Martín de los Andes,,0,1,0
1100033860,01/12/2017,Asociación de Bomberos Voluntarios - San Martín de los Andes,,1,0,0
1100033861,01/12/2017,Asociación de Bomberos Voluntarios - San Martín de los Andes,,1,0,0
1100033862,01/12/2017,Asociación de Bomberos Voluntarios - San Martín de los Andes,,1,0,0
1100033863,01/12/2017,Asociación de Bomberos Voluntarios - San Martín de los Andes,,1,0,0
1100033864,01/12/2017,Asociación de Bomberos Voluntarios - San Martín de los Andes,,1,0,0
1100033865,01/12/2017,Asociación de Bomberos Voluntarios - San Martín de los Andes,,1,0,0
1100033866,01/12/2017,Asociación de Bomberos Voluntarios - San Martín de los Andes,,1,0,0
9101002424,01/12/2017,Asociación de Bomberos Voluntarios - San Martín de los Andes,,0,1,0
1100033867,01/12/2017,Asociación de Bomberos Voluntarios - San Martín de los Andes,,1,0,0
1100033868,01/12/2017,Asociación de Bomberos Voluntarios - San Martín de los Andes,,1,0,0
1100033869,01/12/2017,Asociación de Bomberos Voluntarios - San Martín de los Andes,,1,0,0
1100033870,01/12/2017,Asociación de Bomberos Voluntarios - San Martín de los Andes,,1,0,0
1100033871,01/12/2017,Asociación de Bomberos Voluntarios - San Martín de los Andes,,1,0,0
1100033872,01/12/2017,Asociación de Bomberos Voluntarios - San Martín de los Andes,,1,0,0
1100033873,01/12/2017,Asociación de Bomberos Voluntarios - San Martín de los Andes,,1,0,0
9201000437,01/12/2017,Asociación de Bomberos Voluntarios - San Martín de los Andes,,0,1,0
1100033874,01/12/2017,Asociación de Bomberos Voluntarios - San Martín de los Andes,,1,0,0
1100033875,01/12/2017,Asociación de Bomberos Voluntarios - San Martín de los Andes,,1,0,0
1100033876,01/12/2017,Asociación de Bomberos Voluntarios - San Martín de los Andes,,1,0,0
1100033877,01/12/2017,Asociación de Bomberos Voluntarios - San Martín de los Andes,,1,0,0
1100033878,01/12/2017,Asociación de Bomberos Voluntarios - San Martín de los Andes,,1,0,0
1100033879,01/12/2017,Asociación de Bomberos Voluntarios - San Martín de los Andes,,1,0,0
1100033880,01/12/2017,Asociación de Bomberos Voluntarios - San Martín de los Andes,,1,0,0
1100033881,01/13/2017,Asociación de Bomberos Voluntarios - San Martín de los Andes,,1,0,0
1100033882,01/13/2017,Asociación de Bomberos Voluntarios - San Martín de los Andes,,1,0,0
1100033883,01/13/2017,Asociación de Bomberos Voluntarios - San Martín de los Andes,,1,0,0
1100033884,01/13/2017,Asociación de Bomberos Voluntarios - San Martín de los Andes,,1,0,0
1100033885,01/13/2017,Asociación de Bomberos Voluntarios - San Martín de los Andes,,1,0,0
1100033886,01/13/2017,Asociación de Bomberos Voluntarios - San Martín de los Andes,,1,0,0
1100033887,01/13/2017,Asociación de Bomberos Voluntarios - San Martín de los Andes,,1,0,0
1100033888,01/13/2017,Asociación de Bomberos Voluntarios - San Martín de los Andes,,1,0,0
1100033889,01/13/2017,Asociación de Bomberos Voluntarios - San Martín de los Andes,,1,0,0
1100033890,01/13/2017,Asociación de Bomberos Voluntarios - San Martín de los Andes,,1,0,0
1100033891,01/13/2017,Asociación de Bomberos Voluntarios - San Martín de los Andes,,1,0,0
1100033892,01/13/2017,Asociación de Bomberos Voluntarios - San Martín de los Andes,,1,0,0
1100033893,01/13/2017,Asociación de Bomberos Voluntarios - San Martín de los Andes,,1,0,0
9101002425,01/13/2017,Asociación de Bomberos Voluntarios - San Martín de los Andes,,0,0,1
1100033894,01/13/2017,Asociación de Bomberos Voluntarios - San Martín de los Andes,,1,0,0
1100033895,01/13/2017,Asociación de Bomberos Voluntarios - San Martín de los Andes,,1,0,0
1100033896,01/13/2017,Asociación de Bomberos Voluntarios - San Martín de los Andes,,1,0,0
1100033897,01/13/2017,Asociación de Bomberos Voluntarios - San Martín de los Andes,,1,0,0
1200010149,01/13/2017,Asociación de Bomberos Voluntarios - San Martín de los Andes,,1,0,0
1100033898,01/13/2017,Asociación de Bomberos Voluntarios - San Martín de los Andes,,1,0,0
1100033899,01/13/2017,Asociación de Bomberos Voluntarios - San Martín de los Andes,,1,0,0
9101002426,01/13/2017,Asociación de Bomberos Voluntarios - San Martín de los Andes,,0,1,0
1100033900,01/13/2017,Asociación de Bomberos Voluntarios - San Martín de los Andes,,1,0,0
9101002427,01/13/2017,Asociación de Bomberos Voluntarios - San Martín de los Andes,,0,1,0
1100033901,01/13/2017,Asociación de Bomberos Voluntarios - San Martín de los Andes,,1,0,0
1100033902,01/13/2017,Asociación de Bomberos Voluntarios - San Martín de los Andes,,1,0,0
1100031871,01/12/2017,Control SRL,,1,0,0
1100031872,01/12/2017,Control SRL,,1,0,0
1100031873,01/12/2017,Control SRL,,1,0,0
1100031874,01/12/2017,Control SRL,,1,0,0
1100031875,01/12/2017,Control SRL,,1,0,0
1100031876,01/12/2017,Control SRL,,1,0,0
1100031877,01/12/2017,Control SRL,,1,0,0
1100031878,01/12/2017,Control SRL,,1,0,0
1100031879,01/12/2017,Control SRL,,1,0,0
1100031880,01/12/2017,Control SRL,,1,0,0
9103002063,01/12/2017,Control SRL,,0,0,1
9103002064,01/12/2017,Control SRL,,0,0,1
1100032325,01/12/2017,Control SRL,,1,0,0
1100032326,01/12/2017,Control SRL,,1,0,0
9103002065,01/12/2017,Control SRL,,0,0,1
1100032327,01/12/2017,Control SRL,,1,0,0
1100032328,01/12/2017,Control SRL,,1,0,0
1100032329,01/12/2017,Control SRL,,1,0,0
1100032330,01/12/2017,Control SRL,,1,0,0
9103002066,01/12/2017,Control SRL,,0,0,1
9103002067,01/12/2017,Control SRL,,0,0,1
9103002068,01/12/2017,Control SRL,,0,0,1
1100032331,01/12/2017,Control SRL,,1,0,0
9103002069,01/12/2017,Control SRL,,0,0,1
9103002070,01/12/2017,Control SRL,,0,0,1
1100032332,01/12/2017,Control SRL,,1,0,0
9103002071,01/12/2017,Control SRL,,0,0,1
1100032333,01/12/2017,Control SRL,,1,0,0
9103002072,01/12/2017,Control SRL,,0,0,1
1100032334,01/12/2017,Control SRL,,1,0,0
1100032335,01/12/2017,Control SRL,,1,0,0
1100032336,01/12/2017,Control SRL,,1,0,0
1100032338,01/12/2017,Control SRL,,1,0,0
9103002073,01/12/2017,Control SRL,,0,0,1
9103002074,01/12/2017,Control SRL,,0,0,1
1100032337,01/12/2017,Control SRL,,1,0,0
1100032339,01/12/2017,Control SRL,,1,0,0
1100032340,01/12/2017,Control SRL,,1,0,0
1100032341,01/12/2017,Control SRL,,1,0,0
1100032342,01/12/2017,Control SRL,,1,0,0
1100031869,01/12/2017,Control SRL,,1,0,0
1100031870,01/12/2017,Control SRL,,1,0,0
1100032345,01/12/2017,Control SRL,,1,0,0
1100032344,01/12/2017,Control SRL,,1,0,0
1100032346,01/12/2017,Control SRL,,1,0,0
1100032347,01/12/2017,Control SRL,,1,0,0
1100032349,01/12/2017,Control SRL,,1,0,0
1100032348,01/12/2017,Control SRL,,1,0,0
1100032350,01/12/2017,Control SRL,,1,0,0
1100032353,01/12/2017,Control SRL,,1,0,0
1100032351,01/12/2017,Control SRL,,1,0,0
1100032352,01/12/2017,Control SRL,,1,0,0
1100032354,01/12/2017,Control SRL,,1,0,0
1100032355,01/12/2017,Control SRL,,1,0,0
1100032356,01/12/2017,Control SRL,,1,0,0
1200011115,01/12/2017,Control SRL,,1,0,0
1100032357,01/12/2017,Control SRL,,1,0,0
1100032358,01/12/2017,Control SRL,,1,0,0
1100032359,01/12/2017,Control SRL,,1,0,0
1100032360,01/12/2017,Control SRL,,1,0,0
1100032361,01/13/2017,Control SRL,,1,0,0
1100032362,01/13/2017,Control SRL,,1,0,0
1100032363,01/13/2017,Control SRL,,1,0,0
1100032364,01/13/2017,Control SRL,,1,0,0
1100032365,01/13/2017,Control SRL,,1,0,0
1100032366,01/13/2017,Control SRL,,1,0,0
1100032367,01/13/2017,Control SRL,,1,0,0
1100032368,01/13/2017,Control SRL,,1,0,0
1100032369,01/13/2017,Control SRL,,1,0,0
1100032343,01/13/2017,Control SRL,,1,0,0
9103002075,01/13/2017,Control SRL,,0,0,1
1100032371,01/13/2017,Control SRL,,1,0,0
1100032370,01/13/2017,Control SRL,,1,0,0
1100032372,01/13/2017,Control SRL,,1,0,0
1100032377,01/13/2017,Control SRL,,1,0,0
1100032373,01/13/2017,Control SRL,,1,0,0
1100032374,01/13/2017,Control SRL,,1,0,0
1100032375,01/13/2017,Control SRL,,1,0,0
1100032376,01/13/2017,Control SRL,,1,0,0
1100032378,01/13/2017,Control SRL,,1,0,0
1100032381,01/13/2017,Control SRL,,1,0,0
1100032379,01/13/2017,Control SRL,,1,0,0
1100032380,01/13/2017,Control SRL,,1,0,0
1100032382,01/13/2017,Control SRL,,1,0,0
1100032383,01/13/2017,Control SRL,,1,0,0
9103002076,01/13/2017,Control SRL,,0,0,1
1100032384,01/13/2017,Control SRL,,1,0,0
1100032385,01/13/2017,Control SRL,,1,0,0
9103002077,01/13/2017,Control SRL,,0,0,1
1200011116,01/13/2017,Control SRL,,1,0,0
1100032386,01/13/2017,Control SRL,,1,0,0
1100032387,01/13/2017,Control SRL,,1,0,0
9103002078,01/13/2017,Control SRL,,0,0,1
1200011117,01/13/2017,Control SRL,,1,0,0
1100032388,01/13/2017,Control SRL,,1,0,0
1100032389,01/13/2017,Control SRL,,1,0,0
1100032390,01/13/2017,Control SRL,,1,0,0
1100032391,01/13/2017,Control SRL,,1,0,0
1100032392,01/13/2017,Control SRL,,1,0,0
1100032393,01/13/2017,Control SRL,,1,0,0
1100032394,01/13/2017,Control SRL,,1,0,0
1100032395,01/13/2017,Control SRL,,1,0,0
1100032396,01/13/2017,Control SRL,,1,0,0
1200011118,01/13/2017,Control SRL,,1,0,0
1100032398,01/13/2017,Control SRL,,1,0,0
1100032399,01/13/2017,Control SRL,,1,0,0
9103002079,01/13/2017,Control SRL,,0,0,1
1100032400,01/13/2017,Control SRL,,1,0,0
1100032401,01/13/2017,Control SRL,,1,0,0
1100032403,01/13/2017,Control SRL,,1,0,0
1100032402,01/13/2017,Control SRL,,1,0,0
1200011119,01/13/2017,Control SRL,,1,0,0
1100032404,01/13/2017,Control SRL,,1,0,0
1100032405,01/13/2017,Control SRL,,1,0,0
1100032406,01/13/2017,Control SRL,,1,0,0
1100032407,01/13/2017,Control SRL,,1,0,0
1100032408,01/13/2017,Control SRL,,1,0,0
1100032409,01/13/2017,Control SRL,,1,0,0
9103002080,01/13/2017,Control SRL,,0,0,1
1100032410,01/13/2017,Control SRL,,1,0,0
1100032411,01/13/2017,Control SRL,,1,0,0
1100032412,01/13/2017,Control SRL,,1,0,0
1100032413,01/13/2017,Control SRL,,1,0,0
1100032414,01/13/2017,Control SRL,,1,0,0
1100032415,01/13/2017,Control SRL,,1,0,0
1100032397,01/13/2017,Control SRL,,1,0,0
1100032416,01/13/2017,Control SRL,,1,0,0
1200011120,01/13/2017,Control SRL,,1,0,0
9102006583,01/12/2017,Veritecnica SRL,,0,1,0
1100033614,01/12/2017,Veritecnica SRL,,1,0,0
9102006584,01/12/2017,Veritecnica SRL,,0,1,0
9102006585,01/12/2017,Veritecnica SRL,,0,1,0
1100033615,01/12/2017,Veritecnica SRL,,1,0,0
1100033616,01/12/2017,Veritecnica SRL,,1,0,0
9102006586,01/12/2017,Veritecnica SRL,,0,0,1
1100033617,01/12/2017,Veritecnica SRL,,1,0,0
1200010943,01/12/2017,Veritecnica SRL,,1,0,0
9102006587,01/12/2017,Veritecnica SRL,,0,1,0
1100033618,01/12/2017,Veritecnica SRL,,1,0,0
1100033619,01/12/2017,Veritecnica SRL,,1,0,0
9102006588,01/12/2017,Veritecnica SRL,,0,1,0
1100033620,01/12/2017,Veritecnica SRL,,1,0,0
1100033621,01/12/2017,Veritecnica SRL,,1,0,0
1100033622,01/12/2017,Veritecnica SRL,,1,0,0
1100033623,01/12/2017,Veritecnica SRL,,1,0,0
1100033624,01/12/2017,Veritecnica SRL,,1,0,0
1100033625,01/12/2017,Veritecnica SRL,,1,0,0
1200010944,01/12/2017,Veritecnica SRL,,1,0,0
9102006589,01/12/2017,Veritecnica SRL,,0,0,1
1100033626,01/12/2017,Veritecnica SRL,,1,0,0
9102006590,01/12/2017,Veritecnica SRL,,0,0,1
1100033627,01/12/2017,Veritecnica SRL,,1,0,0
1100033628,01/12/2017,Veritecnica SRL,,1,0,0
1200010945,01/12/2017,Veritecnica SRL,,1,0,0
9102006591,01/12/2017,Veritecnica SRL,,0,1,0
1100033629,01/12/2017,Veritecnica SRL,,1,0,0
1100033630,01/12/2017,Veritecnica SRL,,1,0,0
1100033631,01/12/2017,Veritecnica SRL,,1,0,0
1100033632,01/12/2017,Veritecnica SRL,,1,0,0
1100033633,01/12/2017,Veritecnica SRL,,1,0,0
1100033634,01/12/2017,Veritecnica SRL,,1,0,0
1200010946,01/12/2017,Veritecnica SRL,,1,0,0
9202001160,01/12/2017,Veritecnica SRL,,0,0,1
1100033635,01/12/2017,Veritecnica SRL,,1,0,0
9102006592,01/12/2017,Veritecnica SRL,,0,1,0
1100033636,01/12/2017,Veritecnica SRL,,1,0,0
1100033637,01/12/2017,Veritecnica SRL,,1,0,0
1200010947,01/12/2017,Veritecnica SRL,,1,0,0
9102006593,01/12/2017,Veritecnica SRL,,0,0,1
1100033638,01/12/2017,Veritecnica SRL,,1,0,0
1100033639,01/12/2017,Veritecnica SRL,,1,0,0
1100033640,01/12/2017,Veritecnica SRL,,1,0,0
1100033641,01/12/2017,Veritecnica SRL,,1,0,0
1100033642,01/12/2017,Veritecnica SRL,,1,0,0
1100033643,01/12/2017,Veritecnica SRL,,1,0,0
1100033644,01/12/2017,Veritecnica SRL,,1,0,0
1100033645,01/12/2017,Veritecnica SRL,,1,0,0
1100033646,01/12/2017,Veritecnica SRL,,1,0,0
1100033647,01/12/2017,Veritecnica SRL,,1,0,0
1100033648,01/12/2017,Veritecnica SRL,,1,0,0
1100033649,01/12/2017,Veritecnica SRL,,1,0,0
9102006594,01/12/2017,Veritecnica SRL,,0,1,0
9102006595,01/12/2017,Veritecnica SRL,,0,1,0
1100033650,01/12/2017,Veritecnica SRL,,1,0,0
9102006596,01/12/2017,Veritecnica SRL,,0,0,1
1100033651,01/12/2017,Veritecnica SRL,,1,0,0
1100033652,01/12/2017,Veritecnica SRL,,1,0,0
1200010948,01/12/2017,Veritecnica SRL,,1,0,0
9102006597,01/12/2017,Veritecnica SRL,,0,1,0
1100033653,01/12/2017,Veritecnica SRL,,1,0,0
1100033654,01/12/2017,Veritecnica SRL,,1,0,0
1200010949,01/12/2017,Veritecnica SRL,,1,0,0
1100033655,01/12/2017,Veritecnica SRL,,1,0,0
1100033656,01/12/2017,Veritecnica SRL,,1,0,0
1100033750,01/12/2017,Veritecnica SRL,,1,0,0
1200010950,01/12/2017,Veritecnica SRL,,1,0,0
9102006598,01/12/2017,Veritecnica SRL,,0,0,1
1200010951,01/12/2017,Veritecnica SRL,,1,0,0
1100033657,01/12/2017,Veritecnica SRL,,1,0,0
1100033658,01/12/2017,Veritecnica SRL,,1,0,0
9102006599,01/12/2017,Veritecnica SRL,,0,0,1
1100033659,01/12/2017,Veritecnica SRL,,1,0,0
1200010952,01/12/2017,Veritecnica SRL,,1,0,0
9202001161,01/12/2017,Veritecnica SRL,,0,0,1
1100033660,01/12/2017,Veritecnica SRL,,1,0,0
1100033661,01/12/2017,Veritecnica SRL,,1,0,0
9102006600,01/12/2017,Veritecnica SRL,,0,1,0
9102006601,01/12/2017,Veritecnica SRL,,0,0,1
1100033662,01/13/2017,Veritecnica SRL,,1,0,0
1100033663,01/13/2017,Veritecnica SRL,,1,0,0
1100033664,01/13/2017,Veritecnica SRL,,1,0,0
1100033665,01/13/2017,Veritecnica SRL,,1,0,0
9102006602,01/13/2017,Veritecnica SRL,,0,1,0
1100033666,01/13/2017,Veritecnica SRL,,1,0,0
1100033667,01/13/2017,Veritecnica SRL,,1,0,0
1100033668,01/13/2017,Veritecnica SRL,,1,0,0
1100033669,01/13/2017,Veritecnica SRL,,1,0,0
1100033670,01/13/2017,Veritecnica SRL,,1,0,0
1100033671,01/13/2017,Veritecnica SRL,,1,0,0
1100033672,01/13/2017,Veritecnica SRL,,1,0,0
9102006603,01/13/2017,Veritecnica SRL,,0,0,1
1200010953,01/13/2017,Veritecnica SRL,,1,0,0
1200010954,01/13/2017,Veritecnica SRL,,1,0,0
1100033673,01/13/2017,Veritecnica SRL,,1,0,0
1100033674,01/13/2017,Veritecnica SRL,,1,0,0
1100033675,01/13/2017,Veritecnica SRL,,1,0,0
1100033676,01/13/2017,Veritecnica SRL,,1,0,0
1100033677,01/13/2017,Veritecnica SRL,,1,0,0
1100033678,01/13/2017,Veritecnica SRL,,1,0,0
1100033679,01/13/2017,Veritecnica SRL,,1,0,0
1100033680,01/13/2017,Veritecnica SRL,,1,0,0
9102006604,01/13/2017,Veritecnica SRL,,0,1,0
1100033681,01/13/2017,Veritecnica SRL,,1,0,0
1100033683,01/13/2017,Veritecnica SRL,,1,0,0
1100033682,01/13/2017,Veritecnica SRL,,1,0,0
1100033684,01/13/2017,Veritecnica SRL,,1,0,0
9102006605,01/13/2017,Veritecnica SRL,,0,0,1
1100033685,01/13/2017,Veritecnica SRL,,1,0,0
1100033686,01/13/2017,Veritecnica SRL,,1,0,0
1100033687,01/13/2017,Veritecnica SRL,,1,0,0
1200010955,01/13/2017,Veritecnica SRL,,1,0,0
1200010956,01/13/2017,Veritecnica SRL,,1,0,0
1100033688,01/13/2017,Veritecnica SRL,,1,0,0
9202001162,01/13/2017,Veritecnica SRL,,0,0,1
1100033690,01/13/2017,Veritecnica SRL,,1,0,0
1100033689,01/13/2017,Veritecnica SRL,,1,0,0
1100033691,01/13/2017,Veritecnica SRL,,1,0,0
1100033692,01/13/2017,Veritecnica SRL,,1,0,0
1100033693,01/13/2017,Veritecnica SRL,,1,0,0
9102006606,01/13/2017,Veritecnica SRL,,0,1,0
1100033694,01/13/2017,Veritecnica SRL,,1,0,0
1100033695,01/13/2017,Veritecnica SRL,,1,0,0
9102006607,01/13/2017,Veritecnica SRL,,0,0,1
9202001163,01/13/2017,Veritecnica SRL,,0,0,1
1100033696,01/13/2017,Veritecnica SRL,,1,0,0
1100033697,01/13/2017,Veritecnica SRL,,1,0,0
1200010957,01/13/2017,Veritecnica SRL,,1,0,0
9102006608,01/13/2017,Veritecnica SRL,,0,0,1
1100033698,01/13/2017,Veritecnica SRL,,1,0,0
9102006609,01/13/2017,Veritecnica SRL,,0,0,1
9202001164,01/13/2017,Veritecnica SRL,,0,0,1
1100033699,01/13/2017,Veritecnica SRL,,1,0,0
1100033700,01/13/2017,Veritecnica SRL,,1,0,0
9102006610,01/13/2017,Veritecnica SRL,,0,1,0
1100033701,01/13/2017,Veritecnica SRL,,1,0,0
1100033702,01/13/2017,Veritecnica SRL,,1,0,0
1100033703,01/13/2017,Veritecnica SRL,,1,0,0
1100033704,01/13/2017,Veritecnica SRL,,1,0,0
9102006611,01/13/2017,Veritecnica SRL,,0,1,0
1100033705,01/13/2017,Veritecnica SRL,,1,0,0
1100033706,01/13/2017,Veritecnica SRL,,1,0,0
1100033707,01/13/2017,Veritecnica SRL,,1,0,0
1100033708,01/13/2017,Veritecnica SRL,,1,0,0
1100033709,01/13/2017,Veritecnica SRL,,1,0,0
1100033710,01/13/2017,Veritecnica SRL,,1,0,0
1100033711,01/13/2017,Veritecnica SRL,,1,0,0
1100033712,01/13/2017,Veritecnica SRL,,1,0,0
9102006612,01/13/2017,Veritecnica SRL,,0,0,1
1200010958,01/13/2017,Veritecnica SRL,,1,0,0
1100033713,01/13/2017,Veritecnica SRL,,1,0,0
9102006613,01/13/2017,Veritecnica SRL,,0,0,1
1100033714,01/13/2017,Veritecnica SRL,,1,0,0
1100033715,01/13/2017,Veritecnica SRL,,1,0,0
1100033716,01/13/2017,Veritecnica SRL,,1,0,0
9102006614,01/13/2017,Veritecnica SRL,,0,0,1
1100033717,01/13/2017,Veritecnica SRL,,1,0,0
9102006615,01/13/2017,Veritecnica SRL,,0,1,0
1100033718,01/13/2017,Veritecnica SRL,,1,0,0
1100033719,01/13/2017,Veritecnica SRL,,1,0,0
9102006616,01/13/2017,Veritecnica SRL,,0,1,0
1100033720,01/13/2017,Veritecnica SRL,,1,0,0
1100033722,01/13/2017,Veritecnica SRL,,1,0,0
1100033721,01/13/2017,Veritecnica SRL,,1,0,0
1100033723,01/13/2017,Veritecnica SRL,,1,0,0
9102006617,01/13/2017,Veritecnica SRL,,0,1,0
1100033724,01/13/2017,Veritecnica SRL,,1,0,0
1200010959,01/13/2017,Veritecnica SRL,,1,0,0
9102006618,01/13/2017,Veritecnica SRL,,0,1,0
1100033725,01/13/2017,Veritecnica SRL,,1,0,0
1100033726,01/13/2017,Veritecnica SRL,,1,0,0
1100033727,01/13/2017,Veritecnica SRL,,1,0,0
1100033728,01/13/2017,Veritecnica SRL,,1,0,0
1100033729,01/13/2017,Veritecnica SRL,,1,0,0
1100033730,01/13/2017,Veritecnica SRL,,1,0,0
1200010960,01/13/2017,Veritecnica SRL,,1,0,0
