Nrocertificado,Fecha,Idtaller,Dominiovehiculo,Aprobado,RechazadoLeveModerado,RechazadoGrave
1100041714,05/10/2017,Asociación de Bomberos Voluntarios - San Martín de los Andes,,1,0,0
1100041715,05/10/2017,Asociación de Bomberos Voluntarios - San Martín de los Andes,,1,0,0
1100041716,05/10/2017,Asociación de Bomberos Voluntarios - San Martín de los Andes,,1,0,0
1100041717,05/10/2017,Asociación de Bomberos Voluntarios - San Martín de los Andes,,1,0,0
1100041718,05/10/2017,Asociación de Bomberos Voluntarios - San Martín de los Andes,,1,0,0
1100041719,05/10/2017,Asociación de Bomberos Voluntarios - San Martín de los Andes,,1,0,0
1100041720,05/10/2017,Asociación de Bomberos Voluntarios - San Martín de los Andes,,1,0,0
1100041721,05/10/2017,Asociación de Bomberos Voluntarios - San Martín de los Andes,,1,0,0
1100041722,05/10/2017,Asociación de Bomberos Voluntarios - San Martín de los Andes,,1,0,0
9101002924,05/10/2017,Asociación de Bomberos Voluntarios - San Martín de los Andes,,0,1,0
1100041723,05/10/2017,Asociación de Bomberos Voluntarios - San Martín de los Andes,,1,0,0
1100041724,05/10/2017,Asociación de Bomberos Voluntarios - San Martín de los Andes,,1,0,0
1100041725,05/10/2017,Asociación de Bomberos Voluntarios - San Martín de los Andes,,1,0,0
9101002925,05/10/2017,Asociación de Bomberos Voluntarios - San Martín de los Andes,,0,0,1
1100041726,05/10/2017,Asociación de Bomberos Voluntarios - San Martín de los Andes,,1,0,0
1100041727,05/10/2017,Asociación de Bomberos Voluntarios - San Martín de los Andes,,1,0,0
1100041728,05/10/2017,Asociación de Bomberos Voluntarios - San Martín de los Andes,,1,0,0
9101002926,05/10/2017,Asociación de Bomberos Voluntarios - San Martín de los Andes,,0,1,0
9101002927,05/10/2017,Asociación de Bomberos Voluntarios - San Martín de los Andes,,0,0,1
1100041729,05/10/2017,Asociación de Bomberos Voluntarios - San Martín de los Andes,,1,0,0
1100041730,05/10/2017,Asociación de Bomberos Voluntarios - San Martín de los Andes,,1,0,0
9101002928,05/10/2017,Asociación de Bomberos Voluntarios - San Martín de los Andes,,0,1,0
9101002929,05/10/2017,Asociación de Bomberos Voluntarios - San Martín de los Andes,,0,1,0
1100041731,05/10/2017,Asociación de Bomberos Voluntarios - San Martín de los Andes,,1,0,0
1100041732,05/10/2017,Asociación de Bomberos Voluntarios - San Martín de los Andes,,1,0,0
1100041733,05/10/2017,Asociación de Bomberos Voluntarios - San Martín de los Andes,,1,0,0
1100041734,05/10/2017,Asociación de Bomberos Voluntarios - San Martín de los Andes,,1,0,0
1100041735,05/10/2017,Asociación de Bomberos Voluntarios - San Martín de los Andes,,1,0,0
1100041736,05/10/2017,Asociación de Bomberos Voluntarios - San Martín de los Andes,,1,0,0
9101002930,05/10/2017,Asociación de Bomberos Voluntarios - San Martín de los Andes,,0,1,0
1100041737,05/10/2017,Asociación de Bomberos Voluntarios - San Martín de los Andes,,1,0,0
1100041738,05/10/2017,Asociación de Bomberos Voluntarios - San Martín de los Andes,,1,0,0
1100041739,05/10/2017,Asociación de Bomberos Voluntarios - San Martín de los Andes,,1,0,0
9101002931,05/10/2017,Asociación de Bomberos Voluntarios - San Martín de los Andes,,0,1,0
9101002932,05/10/2017,Asociación de Bomberos Voluntarios - San Martín de los Andes,,0,1,0
1100041740,05/10/2017,Asociación de Bomberos Voluntarios - San Martín de los Andes,,1,0,0
1100041741,05/10/2017,Asociación de Bomberos Voluntarios - San Martín de los Andes,,1,0,0
9101002933,05/10/2017,Asociación de Bomberos Voluntarios - San Martín de los Andes,,0,1,0
9101002934,05/10/2017,Asociación de Bomberos Voluntarios - San Martín de los Andes,,0,0,1
9101002935,05/10/2017,Asociación de Bomberos Voluntarios - San Martín de los Andes,,0,1,0
1100041742,05/10/2017,Asociación de Bomberos Voluntarios - San Martín de los Andes,,1,0,0
1100041743,05/10/2017,Asociación de Bomberos Voluntarios - San Martín de los Andes,,1,0,0
1100041744,05/10/2017,Asociación de Bomberos Voluntarios - San Martín de los Andes,,1,0,0
1100041745,05/10/2017,Asociación de Bomberos Voluntarios - San Martín de los Andes,,1,0,0
1100041746,05/10/2017,Asociación de Bomberos Voluntarios - San Martín de los Andes,,1,0,0
1100041747,05/10/2017,Asociación de Bomberos Voluntarios - San Martín de los Andes,,1,0,0
9101002936,05/10/2017,Asociación de Bomberos Voluntarios - San Martín de los Andes,,0,1,0
1100041748,05/10/2017,Asociación de Bomberos Voluntarios - San Martín de los Andes,,1,0,0
1200011089,05/10/2017,Asociación de Bomberos Voluntarios - San Martín de los Andes,,1,0,0
1100041749,05/10/2017,Asociación de Bomberos Voluntarios - San Martín de los Andes,,1,0,0
1100041750,05/10/2017,Asociación de Bomberos Voluntarios - San Martín de los Andes,,1,0,0
1100042251,05/10/2017,Asociación de Bomberos Voluntarios - San Martín de los Andes,,1,0,0
1100042252,05/10/2017,Asociación de Bomberos Voluntarios - San Martín de los Andes,,1,0,0
9101002937,05/10/2017,Asociación de Bomberos Voluntarios - San Martín de los Andes,,0,1,0
1100042253,05/10/2017,Asociación de Bomberos Voluntarios - San Martín de los Andes,,1,0,0
1100042254,05/10/2017,Asociación de Bomberos Voluntarios - San Martín de los Andes,,1,0,0
1200011090,05/10/2017,Asociación de Bomberos Voluntarios - San Martín de los Andes,,1,0,0
1100042255,05/10/2017,Asociación de Bomberos Voluntarios - San Martín de los Andes,,1,0,0
1100042256,05/10/2017,Asociación de Bomberos Voluntarios - San Martín de los Andes,,1,0,0
1100042257,05/10/2017,Asociación de Bomberos Voluntarios - San Martín de los Andes,,1,0,0
1100042258,05/10/2017,Asociación de Bomberos Voluntarios - San Martín de los Andes,,1,0,0
1100042259,05/11/2017,Asociación de Bomberos Voluntarios - San Martín de los Andes,,1,0,0
1100042260,05/11/2017,Asociación de Bomberos Voluntarios - San Martín de los Andes,,1,0,0
1100042261,05/11/2017,Asociación de Bomberos Voluntarios - San Martín de los Andes,,1,0,0
9101002938,05/11/2017,Asociación de Bomberos Voluntarios - San Martín de los Andes,,0,1,0
9101002939,05/11/2017,Asociación de Bomberos Voluntarios - San Martín de los Andes,,0,1,0
1100042262,05/11/2017,Asociación de Bomberos Voluntarios - San Martín de los Andes,,1,0,0
9101002940,05/11/2017,Asociación de Bomberos Voluntarios - San Martín de los Andes,,0,1,0
1100042263,05/11/2017,Asociación de Bomberos Voluntarios - San Martín de los Andes,,1,0,0
9101002941,05/11/2017,Asociación de Bomberos Voluntarios - San Martín de los Andes,,0,0,1
1100042264,05/11/2017,Asociación de Bomberos Voluntarios - San Martín de los Andes,,1,0,0
1100042265,05/11/2017,Asociación de Bomberos Voluntarios - San Martín de los Andes,,1,0,0
9101002942,05/11/2017,Asociación de Bomberos Voluntarios - San Martín de los Andes,,0,1,0
9101002943,05/11/2017,Asociación de Bomberos Voluntarios - San Martín de los Andes,,0,1,0
1100042266,05/11/2017,Asociación de Bomberos Voluntarios - San Martín de los Andes,,1,0,0
1100042267,05/11/2017,Asociación de Bomberos Voluntarios - San Martín de los Andes,,1,0,0
1100042268,05/11/2017,Asociación de Bomberos Voluntarios - San Martín de los Andes,,1,0,0
1100042269,05/11/2017,Asociación de Bomberos Voluntarios - San Martín de los Andes,,1,0,0
9101002944,05/11/2017,Asociación de Bomberos Voluntarios - San Martín de los Andes,,0,0,1
1200011091,05/11/2017,Asociación de Bomberos Voluntarios - San Martín de los Andes,,1,0,0
9101002945,05/11/2017,Asociación de Bomberos Voluntarios - San Martín de los Andes,,0,0,1
1100042270,05/11/2017,Asociación de Bomberos Voluntarios - San Martín de los Andes,,1,0,0
1100042271,05/11/2017,Asociación de Bomberos Voluntarios - San Martín de los Andes,,1,0,0
1100042272,05/11/2017,Asociación de Bomberos Voluntarios - San Martín de los Andes,,1,0,0
1100042273,05/11/2017,Asociación de Bomberos Voluntarios - San Martín de los Andes,,1,0,0
1100042274,05/11/2017,Asociación de Bomberos Voluntarios - San Martín de los Andes,,1,0,0
9101002946,05/11/2017,Asociación de Bomberos Voluntarios - San Martín de los Andes,,0,1,0
9101002947,05/11/2017,Asociación de Bomberos Voluntarios - San Martín de los Andes,,0,1,0
1100042275,05/11/2017,Asociación de Bomberos Voluntarios - San Martín de los Andes,,1,0,0
1100042276,05/11/2017,Asociación de Bomberos Voluntarios - San Martín de los Andes,,1,0,0
1100042277,05/11/2017,Asociación de Bomberos Voluntarios - San Martín de los Andes,,1,0,0
1100042278,05/11/2017,Asociación de Bomberos Voluntarios - San Martín de los Andes,,1,0,0
1100042279,05/11/2017,Asociación de Bomberos Voluntarios - San Martín de los Andes,,1,0,0
9101002948,05/11/2017,Asociación de Bomberos Voluntarios - San Martín de los Andes,,0,0,1
1100042280,05/11/2017,Asociación de Bomberos Voluntarios - San Martín de los Andes,,1,0,0
9101002949,05/11/2017,Asociación de Bomberos Voluntarios - San Martín de los Andes,,0,1,0
1100042281,05/11/2017,Asociación de Bomberos Voluntarios - San Martín de los Andes,,1,0,0
1100042282,05/11/2017,Asociación de Bomberos Voluntarios - San Martín de los Andes,,1,0,0
1100042283,05/11/2017,Asociación de Bomberos Voluntarios - San Martín de los Andes,,1,0,0
9201000473,05/11/2017,Asociación de Bomberos Voluntarios - San Martín de los Andes,,0,1,0
1100042285,05/11/2017,Asociación de Bomberos Voluntarios - San Martín de los Andes,,1,0,0
1100042284,05/11/2017,Asociación de Bomberos Voluntarios - San Martín de los Andes,,1,0,0
1100042286,05/11/2017,Asociación de Bomberos Voluntarios - San Martín de los Andes,,1,0,0
1100042287,05/11/2017,Asociación de Bomberos Voluntarios - San Martín de los Andes,,1,0,0
1100042288,05/11/2017,Asociación de Bomberos Voluntarios - San Martín de los Andes,,1,0,0
1100042289,05/11/2017,Asociación de Bomberos Voluntarios - San Martín de los Andes,,1,0,0
9101002950,05/11/2017,Asociación de Bomberos Voluntarios - San Martín de los Andes,,0,1,0
1100042290,05/11/2017,Asociación de Bomberos Voluntarios - San Martín de los Andes,,1,0,0
9101002951,05/11/2017,Asociación de Bomberos Voluntarios - San Martín de los Andes,,0,1,0
1100042291,05/11/2017,Asociación de Bomberos Voluntarios - San Martín de los Andes,,1,0,0
1100042292,05/11/2017,Asociación de Bomberos Voluntarios - San Martín de los Andes,,1,0,0
1200012535,05/10/2017,Control SRL,,1,0,0
9103002481,05/10/2017,Control SRL,,0,0,1
9103002482,05/10/2017,Control SRL,,0,0,1
1100041868,05/10/2017,Control SRL,,1,0,0
1100041867,05/10/2017,Control SRL,,1,0,0
1100041870,05/10/2017,Control SRL,,1,0,0
1200012534,05/10/2017,Control SRL,,1,0,0
1100041869,05/10/2017,Control SRL,,1,0,0
1100041871,05/10/2017,Control SRL,,1,0,0
1200012536,05/10/2017,Control SRL,,1,0,0
1100041872,05/10/2017,Control SRL,,1,0,0
9103002483,05/10/2017,Control SRL,,0,0,1
1200012538,05/10/2017,Control SRL,,1,0,0
1200012537,05/10/2017,Control SRL,,1,0,0
1100041873,05/10/2017,Control SRL,,1,0,0
1100041874,05/10/2017,Control SRL,,1,0,0
1100041875,05/10/2017,Control SRL,,1,0,0
1100041876,05/10/2017,Control SRL,,1,0,0
1200012539,05/10/2017,Control SRL,,1,0,0
1200012540,05/10/2017,Control SRL,,1,0,0
1200012541,05/10/2017,Control SRL,,1,0,0
1100041877,05/10/2017,Control SRL,,1,0,0
1100041878,05/10/2017,Control SRL,,1,0,0
1100041879,05/10/2017,Control SRL,,1,0,0
1200012542,05/10/2017,Control SRL,,1,0,0
1100041880,05/10/2017,Control SRL,,1,0,0
1100041881,05/10/2017,Control SRL,,1,0,0
1100041882,05/10/2017,Control SRL,,1,0,0
1100041883,05/11/2017,Control SRL,,1,0,0
1100041884,05/11/2017,Control SRL,,1,0,0
1100041885,05/11/2017,Control SRL,,1,0,0
1200012543,05/11/2017,Control SRL,,1,0,0
1100041886,05/11/2017,Control SRL,,1,0,0
1100041887,05/11/2017,Control SRL,,1,0,0
1100041888,05/11/2017,Control SRL,,1,0,0
9203000634,05/11/2017,Control SRL,,0,0,1
1200012544,05/11/2017,Control SRL,,1,0,0
1100041890,05/11/2017,Control SRL,,1,0,0
1100041891,05/11/2017,Control SRL,,1,0,0
1100041892,05/11/2017,Control SRL,,1,0,0
1100041893,05/11/2017,Control SRL,,1,0,0
1100041894,05/11/2017,Control SRL,,1,0,0
9203000635,05/11/2017,Control SRL,,0,0,1
1100041895,05/11/2017,Control SRL,,1,0,0
1200012546,05/11/2017,Control SRL,,1,0,0
1100041889,05/11/2017,Control SRL,,1,0,0
1100041896,05/11/2017,Control SRL,,1,0,0
1200012545,05/11/2017,Control SRL,,1,0,0
1200012547,05/11/2017,Control SRL,,1,0,0
1100041897,05/11/2017,Control SRL,,1,0,0
1100041898,05/11/2017,Control SRL,,1,0,0
1100041899,05/11/2017,Control SRL,,1,0,0
9103002484,05/11/2017,Control SRL,,0,0,1
1100041900,05/11/2017,Control SRL,,1,0,0
1200012548,05/11/2017,Control SRL,,1,0,0
1100041901,05/11/2017,Control SRL,,1,0,0
1100041902,05/11/2017,Control SRL,,1,0,0
1100041904,05/11/2017,Control SRL,,1,0,0
9103002485,05/11/2017,Control SRL,,0,0,1
1100041906,05/11/2017,Control SRL,,1,0,0
1100041905,05/11/2017,Control SRL,,1,0,0
1200012549,05/11/2017,Control SRL,,1,0,0
9103002486,05/11/2017,Control SRL,,0,0,1
1100041907,05/11/2017,Control SRL,,1,0,0
1200012550,05/11/2017,Control SRL,,1,0,0
1100041908,05/11/2017,Control SRL,,1,0,0
1100041903,05/11/2017,Control SRL,,1,0,0
1200012551,05/11/2017,Control SRL,,1,0,0
1200012631,05/10/2017,Veritecnica SRL,,1,0,0
1100042099,05/10/2017,Veritecnica SRL,,1,0,0
1100042100,05/10/2017,Veritecnica SRL,,1,0,0
9102007706,05/10/2017,Veritecnica SRL,,0,1,0
1100042101,05/10/2017,Veritecnica SRL,,1,0,0
1100042102,05/10/2017,Veritecnica SRL,,1,0,0
9102007707,05/10/2017,Veritecnica SRL,,0,1,0
1200012632,05/10/2017,Veritecnica SRL,,1,0,0
1100042103,05/10/2017,Veritecnica SRL,,1,0,0
1100042104,05/10/2017,Veritecnica SRL,,1,0,0
1200012633,05/10/2017,Veritecnica SRL,,1,0,0
1100042105,05/10/2017,Veritecnica SRL,,1,0,0
9202001400,05/10/2017,Veritecnica SRL,,0,0,1
1100042106,05/10/2017,Veritecnica SRL,,1,0,0
1100042107,05/10/2017,Veritecnica SRL,,1,0,0
1200012634,05/10/2017,Veritecnica SRL,,1,0,0
9102007708,05/10/2017,Veritecnica SRL,,0,1,0
1100042108,05/10/2017,Veritecnica SRL,,1,0,0
1100042109,05/10/2017,Veritecnica SRL,,1,0,0
1100042110,05/10/2017,Veritecnica SRL,,1,0,0
1200012635,05/10/2017,Veritecnica SRL,,1,0,0
1100042111,05/10/2017,Veritecnica SRL,,1,0,0
1200012636,05/10/2017,Veritecnica SRL,,1,0,0
1200012637,05/10/2017,Veritecnica SRL,,1,0,0
1200012638,05/10/2017,Veritecnica SRL,,1,0,0
1200012639,05/10/2017,Veritecnica SRL,,1,0,0
1100042112,05/10/2017,Veritecnica SRL,,1,0,0
9202001401,05/10/2017,Veritecnica SRL,,0,0,1
1100042113,05/10/2017,Veritecnica SRL,,1,0,0
1200012640,05/10/2017,Veritecnica SRL,,1,0,0
1100042114,05/10/2017,Veritecnica SRL,,1,0,0
9102007709,05/10/2017,Veritecnica SRL,,0,0,1
1200012641,05/10/2017,Veritecnica SRL,,1,0,0
1100042115,05/10/2017,Veritecnica SRL,,1,0,0
1100042116,05/10/2017,Veritecnica SRL,,1,0,0
1200012642,05/10/2017,Veritecnica SRL,,1,0,0
1100042117,05/10/2017,Veritecnica SRL,,1,0,0
1200012643,05/10/2017,Veritecnica SRL,,1,0,0
1100042118,05/10/2017,Veritecnica SRL,,1,0,0
1200012644,05/10/2017,Veritecnica SRL,,1,0,0
9102007710,05/10/2017,Veritecnica SRL,,0,1,0
1100042119,05/10/2017,Veritecnica SRL,,1,0,0
1100042120,05/10/2017,Veritecnica SRL,,1,0,0
1200012645,05/10/2017,Veritecnica SRL,,1,0,0
1100042121,05/10/2017,Veritecnica SRL,,1,0,0
9202001402,05/10/2017,Veritecnica SRL,,0,0,1
1100042122,05/10/2017,Veritecnica SRL,,1,0,0
1100042123,05/10/2017,Veritecnica SRL,,1,0,0
1100042124,05/10/2017,Veritecnica SRL,,1,0,0
1100042125,05/10/2017,Veritecnica SRL,,1,0,0
1100042126,05/11/2017,Veritecnica SRL,,1,0,0
1100042127,05/11/2017,Veritecnica SRL,,1,0,0
1100042128,05/11/2017,Veritecnica SRL,,1,0,0
9102007711,05/11/2017,Veritecnica SRL,,0,1,0
1100042129,05/11/2017,Veritecnica SRL,,1,0,0
9102007712,05/11/2017,Veritecnica SRL,,0,0,1
1100042130,05/11/2017,Veritecnica SRL,,1,0,0
1100042131,05/11/2017,Veritecnica SRL,,1,0,0
1100042132,05/11/2017,Veritecnica SRL,,1,0,0
9102007713,05/11/2017,Veritecnica SRL,,0,0,1
1100042133,05/11/2017,Veritecnica SRL,,1,0,0
1100042134,05/11/2017,Veritecnica SRL,,1,0,0
1200012646,05/11/2017,Veritecnica SRL,,1,0,0
9202001403,05/11/2017,Veritecnica SRL,,0,0,1
9102007714,05/11/2017,Veritecnica SRL,,0,0,1
1200012647,05/11/2017,Veritecnica SRL,,1,0,0
1200012648,05/11/2017,Veritecnica SRL,,1,0,0
1100042135,05/11/2017,Veritecnica SRL,,1,0,0
1200012649,05/11/2017,Veritecnica SRL,,1,0,0
1100042136,05/11/2017,Veritecnica SRL,,1,0,0
9202001404,05/11/2017,Veritecnica SRL,,0,0,1
9202001405,05/11/2017,Veritecnica SRL,,0,0,1
1100042137,05/11/2017,Veritecnica SRL,,1,0,0
1200012650,05/11/2017,Veritecnica SRL,,1,0,0
1100042139,05/11/2017,Veritecnica SRL,,1,0,0
1100042138,05/11/2017,Veritecnica SRL,,1,0,0
1200012651,05/11/2017,Veritecnica SRL,,1,0,0
1200012652,05/11/2017,Veritecnica SRL,,1,0,0
1100042140,05/11/2017,Veritecnica SRL,,1,0,0
1100042141,05/11/2017,Veritecnica SRL,,1,0,0
1200012653,05/11/2017,Veritecnica SRL,,1,0,0
1100042142,05/11/2017,Veritecnica SRL,,1,0,0
9202001406,05/11/2017,Veritecnica SRL,,0,0,1
1100042143,05/11/2017,Veritecnica SRL,,1,0,0
1100042145,05/11/2017,Veritecnica SRL,,1,0,0
1100042144,05/11/2017,Veritecnica SRL,,1,0,0
9102007715,05/11/2017,Veritecnica SRL,,0,0,1
9102007716,05/11/2017,Veritecnica SRL,,0,0,1
1100042147,05/11/2017,Veritecnica SRL,,1,0,0
1100042148,05/11/2017,Veritecnica SRL,,1,0,0
1100042149,05/11/2017,Veritecnica SRL,,1,0,0
9102007717,05/11/2017,Veritecnica SRL,,0,0,1
1100042150,05/11/2017,Veritecnica SRL,,1,0,0
1200012654,05/11/2017,Veritecnica SRL,,1,0,0
1100042151,05/11/2017,Veritecnica SRL,,1,0,0
9102007718,05/11/2017,Veritecnica SRL,,0,0,1
1200012655,05/11/2017,Veritecnica SRL,,1,0,0
1200012656,05/11/2017,Veritecnica SRL,,1,0,0
1100042146,05/11/2017,Veritecnica SRL,,1,0,0
1200012657,05/11/2017,Veritecnica SRL,,1,0,0
