Nrocertificado,Fecha,Idtaller,Dominiovehiculo,Aprobado,RechazadoLeveModerado,RechazadoGrave
1100039788,04/24/2017,Asociación de Bomberos Voluntarios - San Martín de los Andes,,1,0,0
1100039789,04/24/2017,Asociación de Bomberos Voluntarios - San Martín de los Andes,,1,0,0
1100039790,04/24/2017,Asociación de Bomberos Voluntarios - San Martín de los Andes,,1,0,0
1100039791,04/24/2017,Asociación de Bomberos Voluntarios - San Martín de los Andes,,1,0,0
1100039792,04/24/2017,Asociación de Bomberos Voluntarios - San Martín de los Andes,,1,0,0
9101002822,04/24/2017,Asociación de Bomberos Voluntarios - San Martín de los Andes,,0,1,0
9101002823,04/24/2017,Asociación de Bomberos Voluntarios - San Martín de los Andes,,0,0,1
1100039793,04/24/2017,Asociación de Bomberos Voluntarios - San Martín de los Andes,,1,0,0
1100039794,04/24/2017,Asociación de Bomberos Voluntarios - San Martín de los Andes,,1,0,0
1100039795,04/24/2017,Asociación de Bomberos Voluntarios - San Martín de los Andes,,1,0,0
9101002824,04/24/2017,Asociación de Bomberos Voluntarios - San Martín de los Andes,,0,1,0
1100039796,04/24/2017,Asociación de Bomberos Voluntarios - San Martín de los Andes,,1,0,0
1100039797,04/24/2017,Asociación de Bomberos Voluntarios - San Martín de los Andes,,1,0,0
1100039798,04/24/2017,Asociación de Bomberos Voluntarios - San Martín de los Andes,,1,0,0
1100039799,04/24/2017,Asociación de Bomberos Voluntarios - San Martín de los Andes,,1,0,0
1100039800,04/24/2017,Asociación de Bomberos Voluntarios - San Martín de los Andes,,1,0,0
1100039801,04/24/2017,Asociación de Bomberos Voluntarios - San Martín de los Andes,,1,0,0
1100039802,04/24/2017,Asociación de Bomberos Voluntarios - San Martín de los Andes,,1,0,0
1100039803,04/24/2017,Asociación de Bomberos Voluntarios - San Martín de los Andes,,1,0,0
1100039804,04/24/2017,Asociación de Bomberos Voluntarios - San Martín de los Andes,,1,0,0
1100039805,04/24/2017,Asociación de Bomberos Voluntarios - San Martín de los Andes,,1,0,0
1100039806,04/24/2017,Asociación de Bomberos Voluntarios - San Martín de los Andes,,1,0,0
1100039807,04/24/2017,Asociación de Bomberos Voluntarios - San Martín de los Andes,,1,0,0
1100039808,04/24/2017,Asociación de Bomberos Voluntarios - San Martín de los Andes,,1,0,0
1100039809,04/24/2017,Asociación de Bomberos Voluntarios - San Martín de los Andes,,1,0,0
1100039810,04/24/2017,Asociación de Bomberos Voluntarios - San Martín de los Andes,,1,0,0
1100039811,04/24/2017,Asociación de Bomberos Voluntarios - San Martín de los Andes,,1,0,0
1100039812,04/24/2017,Asociación de Bomberos Voluntarios - San Martín de los Andes,,1,0,0
1100039813,04/24/2017,Asociación de Bomberos Voluntarios - San Martín de los Andes,,1,0,0
9101002825,04/24/2017,Asociación de Bomberos Voluntarios - San Martín de los Andes,,0,0,1
1100039814,04/24/2017,Asociación de Bomberos Voluntarios - San Martín de los Andes,,1,0,0
9101002826,04/24/2017,Asociación de Bomberos Voluntarios - San Martín de los Andes,,0,0,1
1100039815,04/24/2017,Asociación de Bomberos Voluntarios - San Martín de los Andes,,1,0,0
1100039816,04/24/2017,Asociación de Bomberos Voluntarios - San Martín de los Andes,,1,0,0
1100039817,04/24/2017,Asociación de Bomberos Voluntarios - San Martín de los Andes,,1,0,0
1100039818,04/24/2017,Asociación de Bomberos Voluntarios - San Martín de los Andes,,1,0,0
1100039819,04/24/2017,Asociación de Bomberos Voluntarios - San Martín de los Andes,,1,0,0
1100039820,04/24/2017,Asociación de Bomberos Voluntarios - San Martín de los Andes,,1,0,0
1100039821,04/24/2017,Asociación de Bomberos Voluntarios - San Martín de los Andes,,1,0,0
1100039822,04/24/2017,Asociación de Bomberos Voluntarios - San Martín de los Andes,,1,0,0
1100039823,04/24/2017,Asociación de Bomberos Voluntarios - San Martín de los Andes,,1,0,0
1100039824,04/24/2017,Asociación de Bomberos Voluntarios - San Martín de los Andes,,1,0,0
9101002827,04/24/2017,Asociación de Bomberos Voluntarios - San Martín de los Andes,,0,1,0
1100039825,04/24/2017,Asociación de Bomberos Voluntarios - San Martín de los Andes,,1,0,0
1100039826,04/24/2017,Asociación de Bomberos Voluntarios - San Martín de los Andes,,1,0,0
1100039827,04/24/2017,Asociación de Bomberos Voluntarios - San Martín de los Andes,,1,0,0
1100039828,04/24/2017,Asociación de Bomberos Voluntarios - San Martín de los Andes,,1,0,0
1100039829,04/24/2017,Asociación de Bomberos Voluntarios - San Martín de los Andes,,1,0,0
9103002445,04/24/2017,Control SRL,,0,0,1
1100040344,04/24/2017,Control SRL,,1,0,0
1100040345,04/24/2017,Control SRL,,1,0,0
1100040346,04/24/2017,Control SRL,,1,0,0
1100040347,04/24/2017,Control SRL,,1,0,0
1100040348,04/24/2017,Control SRL,,1,0,0
9103002446,04/24/2017,Control SRL,,0,0,1
1100040349,04/24/2017,Control SRL,,1,0,0
1100040350,04/24/2017,Control SRL,,1,0,0
1100040352,04/24/2017,Control SRL,,1,0,0
1100040351,04/24/2017,Control SRL,,1,0,0
1100040353,04/24/2017,Control SRL,,1,0,0
1100040354,04/24/2017,Control SRL,,1,0,0
1100040355,04/24/2017,Control SRL,,1,0,0
9103002447,04/24/2017,Control SRL,,0,0,1
1100040356,04/24/2017,Control SRL,,1,0,0
1200012258,04/24/2017,Control SRL,,1,0,0
1200012259,04/24/2017,Control SRL,,1,0,0
1100040357,04/24/2017,Control SRL,,1,0,0
1100040358,04/24/2017,Control SRL,,1,0,0
1200012260,04/24/2017,Control SRL,,1,0,0
9103002448,04/24/2017,Control SRL,,0,0,1
1100040359,04/24/2017,Control SRL,,1,0,0
9103002449,04/24/2017,Control SRL,,0,0,1
1100040360,04/24/2017,Control SRL,,1,0,0
1200012261,04/24/2017,Control SRL,,1,0,0
1100040361,04/24/2017,Control SRL,,1,0,0
9103002450,04/24/2017,Control SRL,,0,0,1
1100040362,04/24/2017,Control SRL,,1,0,0
1200012262,04/24/2017,Control SRL,,1,0,0
1100040363,04/24/2017,Control SRL,,1,0,0
1200012263,04/24/2017,Control SRL,,1,0,0
1100040364,04/24/2017,Control SRL,,1,0,0
1100040365,04/24/2017,Control SRL,,1,0,0
9102007593,04/24/2017,Veritecnica SRL,,0,0,1
9102007594,04/24/2017,Veritecnica SRL,,0,1,0
1100040899,04/24/2017,Veritecnica SRL,,1,0,0
1200012386,04/24/2017,Veritecnica SRL,,1,0,0
9102007595,04/24/2017,Veritecnica SRL,,0,1,0
1100040900,04/24/2017,Veritecnica SRL,,1,0,0
1100040901,04/24/2017,Veritecnica SRL,,1,0,0
1100040902,04/24/2017,Veritecnica SRL,,1,0,0
1100040903,04/24/2017,Veritecnica SRL,,1,0,0
1100040904,04/24/2017,Veritecnica SRL,,1,0,0
1100040905,04/24/2017,Veritecnica SRL,,1,0,0
1100040906,04/24/2017,Veritecnica SRL,,1,0,0
1100040907,04/24/2017,Veritecnica SRL,,1,0,0
9102007596,04/24/2017,Veritecnica SRL,,0,0,1
1100040908,04/24/2017,Veritecnica SRL,,1,0,0
1100040909,04/24/2017,Veritecnica SRL,,1,0,0
1100040910,04/24/2017,Veritecnica SRL,,1,0,0
1200012387,04/24/2017,Veritecnica SRL,,1,0,0
1100040911,04/24/2017,Veritecnica SRL,,1,0,0
1100040912,04/24/2017,Veritecnica SRL,,1,0,0
1100040913,04/24/2017,Veritecnica SRL,,1,0,0
1100040914,04/24/2017,Veritecnica SRL,,1,0,0
1100040915,04/24/2017,Veritecnica SRL,,1,0,0
1100040916,04/24/2017,Veritecnica SRL,,1,0,0
1100040917,04/24/2017,Veritecnica SRL,,1,0,0
1100040918,04/24/2017,Veritecnica SRL,,1,0,0
1100040919,04/24/2017,Veritecnica SRL,,1,0,0
1100040920,04/24/2017,Veritecnica SRL,,1,0,0
1100040921,04/24/2017,Veritecnica SRL,,1,0,0
1100040922,04/24/2017,Veritecnica SRL,,1,0,0
1100040923,04/24/2017,Veritecnica SRL,,1,0,0
1200012388,04/24/2017,Veritecnica SRL,,1,0,0
1100040924,04/24/2017,Veritecnica SRL,,1,0,0
1100040925,04/24/2017,Veritecnica SRL,,1,0,0
1100040926,04/24/2017,Veritecnica SRL,,1,0,0
1200012389,04/24/2017,Veritecnica SRL,,1,0,0
9202001363,04/24/2017,Veritecnica SRL,,0,0,1
1100040927,04/24/2017,Veritecnica SRL,,1,0,0
1100040928,04/24/2017,Veritecnica SRL,,1,0,0
1200012391,04/24/2017,Veritecnica SRL,,1,0,0
9102007597,04/24/2017,Veritecnica SRL,,0,0,1
1200012390,04/24/2017,Veritecnica SRL,,1,0,0
9102007598,04/24/2017,Veritecnica SRL,,0,1,0
1200012392,04/24/2017,Veritecnica SRL,,1,0,0
1100040929,04/24/2017,Veritecnica SRL,,1,0,0
1200012393,04/24/2017,Veritecnica SRL,,1,0,0
1200012394,04/24/2017,Veritecnica SRL,,1,0,0
1200012395,04/24/2017,Veritecnica SRL,,1,0,0
1100040930,04/24/2017,Veritecnica SRL,,1,0,0
1100040932,04/24/2017,Veritecnica SRL,,1,0,0
1100040931,04/24/2017,Veritecnica SRL,,1,0,0
1100040933,04/24/2017,Veritecnica SRL,,1,0,0
1100040934,04/24/2017,Veritecnica SRL,,1,0,0
1100040935,04/24/2017,Veritecnica SRL,,1,0,0
1100040936,04/24/2017,Veritecnica SRL,,1,0,0
1100040937,04/24/2017,Veritecnica SRL,,1,0,0
1100040938,04/24/2017,Veritecnica SRL,,1,0,0
1100040939,04/24/2017,Veritecnica SRL,,1,0,0
1200012396,04/24/2017,Veritecnica SRL,,1,0,0
1100040940,04/24/2017,Veritecnica SRL,,1,0,0
1100040941,04/24/2017,Veritecnica SRL,,1,0,0
1100040942,04/24/2017,Veritecnica SRL,,1,0,0
1100040943,04/24/2017,Veritecnica SRL,,1,0,0
9102007599,04/24/2017,Veritecnica SRL,,0,1,0
9102007600,04/24/2017,Veritecnica SRL,,0,1,0
1100040944,04/24/2017,Veritecnica SRL,,1,0,0
1100040945,04/24/2017,Veritecnica SRL,,1,0,0
1200012397,04/24/2017,Veritecnica SRL,,1,0,0
1100040946,04/24/2017,Veritecnica SRL,,1,0,0
