Nrocertificado,Fecha,Idtaller,Dominiovehiculo,Aprobado,RechazadoLeveModerado,RechazadoGrave
1100038270,03/25/2017,Asociación de Bomberos Voluntarios - San Martín de los Andes,,1,0,0
1100038271,03/25/2017,Asociación de Bomberos Voluntarios - San Martín de los Andes,,1,0,0
1100038272,03/25/2017,Asociación de Bomberos Voluntarios - San Martín de los Andes,,1,0,0
9101002662,03/25/2017,Asociación de Bomberos Voluntarios - San Martín de los Andes,,0,1,0
1100038273,03/25/2017,Asociación de Bomberos Voluntarios - San Martín de los Andes,,1,0,0
1100038274,03/25/2017,Asociación de Bomberos Voluntarios - San Martín de los Andes,,1,0,0
9101002663,03/25/2017,Asociación de Bomberos Voluntarios - San Martín de los Andes,,0,1,0
1100038275,03/25/2017,Asociación de Bomberos Voluntarios - San Martín de los Andes,,1,0,0
1100038276,03/25/2017,Asociación de Bomberos Voluntarios - San Martín de los Andes,,1,0,0
1100038277,03/25/2017,Asociación de Bomberos Voluntarios - San Martín de los Andes,,1,0,0
1100038278,03/25/2017,Asociación de Bomberos Voluntarios - San Martín de los Andes,,1,0,0
1100038279,03/25/2017,Asociación de Bomberos Voluntarios - San Martín de los Andes,,1,0,0
1100038280,03/25/2017,Asociación de Bomberos Voluntarios - San Martín de los Andes,,1,0,0
1100038281,03/25/2017,Asociación de Bomberos Voluntarios - San Martín de los Andes,,1,0,0
1100038282,03/25/2017,Asociación de Bomberos Voluntarios - San Martín de los Andes,,1,0,0
1100038283,03/25/2017,Asociación de Bomberos Voluntarios - San Martín de los Andes,,1,0,0
1100038284,03/25/2017,Asociación de Bomberos Voluntarios - San Martín de los Andes,,1,0,0
1100038285,03/25/2017,Asociación de Bomberos Voluntarios - San Martín de los Andes,,1,0,0
1100038286,03/25/2017,Asociación de Bomberos Voluntarios - San Martín de los Andes,,1,0,0
1100038069,03/25/2017,Veritecnica SRL,,1,0,0
9102007284,03/25/2017,Veritecnica SRL,,0,1,0
1100038070,03/25/2017,Veritecnica SRL,,1,0,0
9102007285,03/25/2017,Veritecnica SRL,,0,0,1
1100038071,03/25/2017,Veritecnica SRL,,1,0,0
1100038072,03/25/2017,Veritecnica SRL,,1,0,0
9102007286,03/25/2017,Veritecnica SRL,,0,1,0
1100038073,03/25/2017,Veritecnica SRL,,1,0,0
9202001299,03/25/2017,Veritecnica SRL,,0,0,1
1100038074,03/25/2017,Veritecnica SRL,,1,0,0
1100038075,03/25/2017,Veritecnica SRL,,1,0,0
1100038076,03/25/2017,Veritecnica SRL,,1,0,0
1100038077,03/25/2017,Veritecnica SRL,,1,0,0
9102007287,03/25/2017,Veritecnica SRL,,0,0,1
1100038078,03/25/2017,Veritecnica SRL,,1,0,0
1100038080,03/25/2017,Veritecnica SRL,,1,0,0
1100038081,03/25/2017,Veritecnica SRL,,1,0,0
1100038082,03/25/2017,Veritecnica SRL,,1,0,0
1100038083,03/25/2017,Veritecnica SRL,,1,0,0
1100038084,03/25/2017,Veritecnica SRL,,1,0,0
9102007288,03/25/2017,Veritecnica SRL,,0,1,0
1100038085,03/25/2017,Veritecnica SRL,,1,0,0
1100038086,03/25/2017,Veritecnica SRL,,1,0,0
1100038087,03/25/2017,Veritecnica SRL,,1,0,0
9102007289,03/25/2017,Veritecnica SRL,,0,0,1
1100038088,03/25/2017,Veritecnica SRL,,1,0,0
1100038089,03/25/2017,Veritecnica SRL,,1,0,0
1100038090,03/25/2017,Veritecnica SRL,,1,0,0
1100038091,03/25/2017,Veritecnica SRL,,1,0,0
1100038092,03/25/2017,Veritecnica SRL,,1,0,0
9202001300,03/25/2017,Veritecnica SRL,,0,0,1
1100038093,03/25/2017,Veritecnica SRL,,1,0,0
1100038094,03/25/2017,Veritecnica SRL,,1,0,0
