Nrocertificado,Fecha,Idtaller,Dominiovehiculo,Aprobado,RechazadoLeveModerado,RechazadoGrave
1100034959,02/06/2017,Asociación de Bomberos Voluntarios - San Martín de los Andes,,1,0,0
1100034960,02/06/2017,Asociación de Bomberos Voluntarios - San Martín de los Andes,,1,0,0
1100034961,02/06/2017,Asociación de Bomberos Voluntarios - San Martín de los Andes,,1,0,0
1100034962,02/06/2017,Asociación de Bomberos Voluntarios - San Martín de los Andes,,1,0,0
1200010171,02/06/2017,Asociación de Bomberos Voluntarios - San Martín de los Andes,,1,0,0
1100034963,02/06/2017,Asociación de Bomberos Voluntarios - San Martín de los Andes,,1,0,0
9101002489,02/06/2017,Asociación de Bomberos Voluntarios - San Martín de los Andes,,0,1,0
9101002490,02/06/2017,Asociación de Bomberos Voluntarios - San Martín de los Andes,,0,1,0
1100034964,02/06/2017,Asociación de Bomberos Voluntarios - San Martín de los Andes,,1,0,0
1100034965,02/06/2017,Asociación de Bomberos Voluntarios - San Martín de los Andes,,1,0,0
1100034966,02/06/2017,Asociación de Bomberos Voluntarios - San Martín de los Andes,,1,0,0
9101002491,02/06/2017,Asociación de Bomberos Voluntarios - San Martín de los Andes,,0,0,1
1100034967,02/06/2017,Asociación de Bomberos Voluntarios - San Martín de los Andes,,1,0,0
1100034968,02/06/2017,Asociación de Bomberos Voluntarios - San Martín de los Andes,,1,0,0
9101002492,02/06/2017,Asociación de Bomberos Voluntarios - San Martín de los Andes,,0,1,0
9101002493,02/06/2017,Asociación de Bomberos Voluntarios - San Martín de los Andes,,0,0,1
1100034969,02/06/2017,Asociación de Bomberos Voluntarios - San Martín de los Andes,,1,0,0
1100034970,02/06/2017,Asociación de Bomberos Voluntarios - San Martín de los Andes,,1,0,0
1100034971,02/06/2017,Asociación de Bomberos Voluntarios - San Martín de los Andes,,1,0,0
1100034972,02/06/2017,Asociación de Bomberos Voluntarios - San Martín de los Andes,,1,0,0
1100034973,02/06/2017,Asociación de Bomberos Voluntarios - San Martín de los Andes,,1,0,0
1100034974,02/06/2017,Asociación de Bomberos Voluntarios - San Martín de los Andes,,1,0,0
1100034975,02/06/2017,Asociación de Bomberos Voluntarios - San Martín de los Andes,,1,0,0
1200010172,02/06/2017,Asociación de Bomberos Voluntarios - San Martín de los Andes,,1,0,0
9101002494,02/06/2017,Asociación de Bomberos Voluntarios - San Martín de los Andes,,0,1,0
1100034976,02/06/2017,Asociación de Bomberos Voluntarios - San Martín de los Andes,,1,0,0
1100034977,02/07/2017,Asociación de Bomberos Voluntarios - San Martín de los Andes,,1,0,0
1100034978,02/07/2017,Asociación de Bomberos Voluntarios - San Martín de los Andes,,1,0,0
9101002495,02/07/2017,Asociación de Bomberos Voluntarios - San Martín de los Andes,,0,1,0
1100034979,02/07/2017,Asociación de Bomberos Voluntarios - San Martín de los Andes,,1,0,0
1100034980,02/07/2017,Asociación de Bomberos Voluntarios - San Martín de los Andes,,1,0,0
9101002496,02/07/2017,Asociación de Bomberos Voluntarios - San Martín de los Andes,,0,0,1
9101002497,02/07/2017,Asociación de Bomberos Voluntarios - San Martín de los Andes,,0,1,0
9101002498,02/07/2017,Asociación de Bomberos Voluntarios - San Martín de los Andes,,0,1,0
9101002499,02/07/2017,Asociación de Bomberos Voluntarios - San Martín de los Andes,,0,1,0
1100034981,02/07/2017,Asociación de Bomberos Voluntarios - San Martín de los Andes,,1,0,0
1100034982,02/07/2017,Asociación de Bomberos Voluntarios - San Martín de los Andes,,1,0,0
1100034983,02/07/2017,Asociación de Bomberos Voluntarios - San Martín de los Andes,,1,0,0
1100034984,02/07/2017,Asociación de Bomberos Voluntarios - San Martín de los Andes,,1,0,0
9101002500,02/07/2017,Asociación de Bomberos Voluntarios - San Martín de los Andes,,0,1,0
9101002501,02/07/2017,Asociación de Bomberos Voluntarios - San Martín de los Andes,,0,1,0
1100034985,02/07/2017,Asociación de Bomberos Voluntarios - San Martín de los Andes,,1,0,0
1100034986,02/07/2017,Asociación de Bomberos Voluntarios - San Martín de los Andes,,1,0,0
1100034987,02/07/2017,Asociación de Bomberos Voluntarios - San Martín de los Andes,,1,0,0
1100034988,02/07/2017,Asociación de Bomberos Voluntarios - San Martín de los Andes,,1,0,0
1100034989,02/07/2017,Asociación de Bomberos Voluntarios - San Martín de los Andes,,1,0,0
9101002502,02/07/2017,Asociación de Bomberos Voluntarios - San Martín de los Andes,,0,1,0
1100034990,02/07/2017,Asociación de Bomberos Voluntarios - San Martín de los Andes,,1,0,0
1100034991,02/07/2017,Asociación de Bomberos Voluntarios - San Martín de los Andes,,1,0,0
9101002503,02/07/2017,Asociación de Bomberos Voluntarios - San Martín de los Andes,,0,1,0
9101002504,02/07/2017,Asociación de Bomberos Voluntarios - San Martín de los Andes,,0,1,0
1100034992,02/07/2017,Asociación de Bomberos Voluntarios - San Martín de los Andes,,1,0,0
1100034993,02/07/2017,Asociación de Bomberos Voluntarios - San Martín de los Andes,,1,0,0
9101002505,02/07/2017,Asociación de Bomberos Voluntarios - San Martín de los Andes,,0,0,1
9101002506,02/07/2017,Asociación de Bomberos Voluntarios - San Martín de los Andes,,0,0,1
9101002507,02/07/2017,Asociación de Bomberos Voluntarios - San Martín de los Andes,,0,1,0
9201000443,02/07/2017,Asociación de Bomberos Voluntarios - San Martín de los Andes,,0,0,1
1100034994,02/07/2017,Asociación de Bomberos Voluntarios - San Martín de los Andes,,1,0,0
1100034995,02/07/2017,Asociación de Bomberos Voluntarios - San Martín de los Andes,,1,0,0
1100034996,02/07/2017,Asociación de Bomberos Voluntarios - San Martín de los Andes,,1,0,0
1100034997,02/07/2017,Asociación de Bomberos Voluntarios - San Martín de los Andes,,1,0,0
1100034998,02/07/2017,Asociación de Bomberos Voluntarios - San Martín de los Andes,,1,0,0
1100034999,02/07/2017,Asociación de Bomberos Voluntarios - San Martín de los Andes,,1,0,0
1100035000,02/07/2017,Asociación de Bomberos Voluntarios - San Martín de los Andes,,1,0,0
1100035501,02/07/2017,Asociación de Bomberos Voluntarios - San Martín de los Andes,,1,0,0
1100035502,02/07/2017,Asociación de Bomberos Voluntarios - San Martín de los Andes,,1,0,0
1100033423,02/06/2017,Control SRL,,1,0,0
1100033424,02/06/2017,Control SRL,,1,0,0
1100033425,02/06/2017,Control SRL,,1,0,0
1100033426,02/06/2017,Control SRL,,1,0,0
1100033427,02/06/2017,Control SRL,,1,0,0
1100033428,02/06/2017,Control SRL,,1,0,0
1100033429,02/06/2017,Control SRL,,1,0,0
1100033430,02/06/2017,Control SRL,,1,0,0
1100033431,02/06/2017,Control SRL,,1,0,0
1100033432,02/06/2017,Control SRL,,1,0,0
1100033433,02/06/2017,Control SRL,,1,0,0
1200011197,02/06/2017,Control SRL,,1,0,0
1200011191,02/06/2017,Control SRL,,1,0,0
1100033434,02/06/2017,Control SRL,,1,0,0
1100033435,02/06/2017,Control SRL,,1,0,0
1100033436,02/06/2017,Control SRL,,1,0,0
9103002194,02/06/2017,Control SRL,,0,0,1
9203000583,02/06/2017,Control SRL,,0,0,1
1100033437,02/06/2017,Control SRL,,1,0,0
1100033438,02/06/2017,Control SRL,,1,0,0
1100033439,02/06/2017,Control SRL,,1,0,0
1100033440,02/06/2017,Control SRL,,1,0,0
1100033441,02/06/2017,Control SRL,,1,0,0
1100033442,02/06/2017,Control SRL,,1,0,0
1200011192,02/06/2017,Control SRL,,1,0,0
1200011193,02/06/2017,Control SRL,,1,0,0
1200011194,02/06/2017,Control SRL,,1,0,0
1100033443,02/06/2017,Control SRL,,1,0,0
1100033444,02/06/2017,Control SRL,,1,0,0
1100033445,02/06/2017,Control SRL,,1,0,0
1100033446,02/06/2017,Control SRL,,1,0,0
9103002195,02/06/2017,Control SRL,,0,0,1
1100033447,02/06/2017,Control SRL,,1,0,0
1100033448,02/06/2017,Control SRL,,1,0,0
1100033449,02/06/2017,Control SRL,,1,0,0
1100033451,02/06/2017,Control SRL,,1,0,0
1100033450,02/06/2017,Control SRL,,1,0,0
1100033452,02/06/2017,Control SRL,,1,0,0
1200011195,02/06/2017,Control SRL,,1,0,0
1100033453,02/06/2017,Control SRL,,1,0,0
9103002196,02/06/2017,Control SRL,,0,0,1
1100033454,02/07/2017,Control SRL,,1,0,0
1200011196,02/07/2017,Control SRL,,1,0,0
1100033455,02/07/2017,Control SRL,,1,0,0
1100033456,02/07/2017,Control SRL,,1,0,0
1100033457,02/07/2017,Control SRL,,1,0,0
1100033458,02/07/2017,Control SRL,,1,0,0
9103002197,02/07/2017,Control SRL,,0,0,1
1200011301,02/07/2017,Control SRL,,1,0,0
1100033459,02/07/2017,Control SRL,,1,0,0
1100033460,02/07/2017,Control SRL,,1,0,0
1100033461,02/07/2017,Control SRL,,1,0,0
1100033462,02/07/2017,Control SRL,,1,0,0
1100033463,02/07/2017,Control SRL,,1,0,0
1100033464,02/07/2017,Control SRL,,1,0,0
1100033465,02/07/2017,Control SRL,,1,0,0
1100033466,02/07/2017,Control SRL,,1,0,0
1200011302,02/07/2017,Control SRL,,1,0,0
1200011303,02/07/2017,Control SRL,,1,0,0
1100033468,02/07/2017,Control SRL,,1,0,0
1100033467,02/07/2017,Control SRL,,1,0,0
1200011304,02/07/2017,Control SRL,,1,0,0
1100033469,02/07/2017,Control SRL,,1,0,0
1100033470,02/07/2017,Control SRL,,1,0,0
1100033471,02/07/2017,Control SRL,,1,0,0
9103002198,02/07/2017,Control SRL,,0,0,1
1100033472,02/07/2017,Control SRL,,1,0,0
1200011305,02/07/2017,Control SRL,,1,0,0
1200011306,02/07/2017,Control SRL,,1,0,0
1200011307,02/07/2017,Control SRL,,1,0,0
1100033473,02/07/2017,Control SRL,,1,0,0
1100033474,02/07/2017,Control SRL,,1,0,0
1100033475,02/07/2017,Control SRL,,1,0,0
9103002199,02/07/2017,Control SRL,,0,0,1
1100033476,02/07/2017,Control SRL,,1,0,0
1100033477,02/07/2017,Control SRL,,1,0,0
1100033478,02/07/2017,Control SRL,,1,0,0
9103002200,02/07/2017,Control SRL,,0,0,1
1100033479,02/07/2017,Control SRL,,1,0,0
1200011308,02/07/2017,Control SRL,,1,0,0
9103002201,02/07/2017,Control SRL,,0,0,1
1100033480,02/07/2017,Control SRL,,1,0,0
1100033481,02/07/2017,Control SRL,,1,0,0
1100033482,02/07/2017,Control SRL,,1,0,0
1100033483,02/07/2017,Control SRL,,1,0,0
9102006835,02/06/2017,Veritecnica SRL,,0,1,0
1100035340,02/06/2017,Veritecnica SRL,,1,0,0
1200011445,02/06/2017,Veritecnica SRL,,1,0,0
9102006836,02/06/2017,Veritecnica SRL,,0,1,0
1100035341,02/06/2017,Veritecnica SRL,,1,0,0
9102006837,02/06/2017,Veritecnica SRL,,0,0,1
1100035342,02/06/2017,Veritecnica SRL,,1,0,0
1100035343,02/06/2017,Veritecnica SRL,,1,0,0
9102006838,02/06/2017,Veritecnica SRL,,0,0,1
1100035344,02/06/2017,Veritecnica SRL,,1,0,0
1100035345,02/06/2017,Veritecnica SRL,,1,0,0
1100035346,02/06/2017,Veritecnica SRL,,1,0,0
1100035347,02/06/2017,Veritecnica SRL,,1,0,0
1100035349,02/06/2017,Veritecnica SRL,,1,0,0
1100035348,02/06/2017,Veritecnica SRL,,1,0,0
1100035350,02/06/2017,Veritecnica SRL,,1,0,0
1100035351,02/06/2017,Veritecnica SRL,,1,0,0
1100035352,02/06/2017,Veritecnica SRL,,1,0,0
1100035354,02/06/2017,Veritecnica SRL,,1,0,0
9102006839,02/06/2017,Veritecnica SRL,,0,1,0
1100035353,02/06/2017,Veritecnica SRL,,1,0,0
1100035355,02/06/2017,Veritecnica SRL,,1,0,0
1100035356,02/06/2017,Veritecnica SRL,,1,0,0
9102006840,02/06/2017,Veritecnica SRL,,0,0,1
9102006841,02/06/2017,Veritecnica SRL,,0,1,0
1100035357,02/06/2017,Veritecnica SRL,,1,0,0
9202001196,02/06/2017,Veritecnica SRL,,0,0,1
1100035358,02/06/2017,Veritecnica SRL,,1,0,0
1100035359,02/06/2017,Veritecnica SRL,,1,0,0
9102006842,02/06/2017,Veritecnica SRL,,0,0,1
9102006843,02/06/2017,Veritecnica SRL,,0,0,1
1100035360,02/06/2017,Veritecnica SRL,,1,0,0
1200011446,02/06/2017,Veritecnica SRL,,1,0,0
1200011447,02/06/2017,Veritecnica SRL,,1,0,0
9102006844,02/06/2017,Veritecnica SRL,,0,0,1
1100035361,02/06/2017,Veritecnica SRL,,1,0,0
1200011448,02/06/2017,Veritecnica SRL,,1,0,0
1100035362,02/06/2017,Veritecnica SRL,,1,0,0
1100035363,02/06/2017,Veritecnica SRL,,1,0,0
1100035364,02/06/2017,Veritecnica SRL,,1,0,0
1100035365,02/06/2017,Veritecnica SRL,,1,0,0
1200011449,02/06/2017,Veritecnica SRL,,1,0,0
1100035366,02/06/2017,Veritecnica SRL,,1,0,0
9202001197,02/06/2017,Veritecnica SRL,,0,0,1
9102006845,02/06/2017,Veritecnica SRL,,0,1,0
1100035367,02/06/2017,Veritecnica SRL,,1,0,0
1100035368,02/06/2017,Veritecnica SRL,,1,0,0
9102006846,02/06/2017,Veritecnica SRL,,0,0,1
1100035369,02/06/2017,Veritecnica SRL,,1,0,0
9102006847,02/06/2017,Veritecnica SRL,,0,0,1
1100035370,02/06/2017,Veritecnica SRL,,1,0,0
1100035371,02/06/2017,Veritecnica SRL,,1,0,0
1100035372,02/06/2017,Veritecnica SRL,,1,0,0
9102006848,02/06/2017,Veritecnica SRL,,0,0,1
1200011450,02/06/2017,Veritecnica SRL,,1,0,0
1100035373,02/06/2017,Veritecnica SRL,,1,0,0
1100035374,02/06/2017,Veritecnica SRL,,1,0,0
9202001198,02/06/2017,Veritecnica SRL,,0,0,1
1100035375,02/06/2017,Veritecnica SRL,,1,0,0
1100035376,02/06/2017,Veritecnica SRL,,1,0,0
9102006849,02/06/2017,Veritecnica SRL,,0,1,0
1200011451,02/06/2017,Veritecnica SRL,,1,0,0
1100035377,02/06/2017,Veritecnica SRL,,1,0,0
1100035378,02/06/2017,Veritecnica SRL,,1,0,0
1100035379,02/06/2017,Veritecnica SRL,,1,0,0
1100035380,02/06/2017,Veritecnica SRL,,1,0,0
9102006850,02/06/2017,Veritecnica SRL,,0,0,1
1100035381,02/06/2017,Veritecnica SRL,,1,0,0
1100035382,02/06/2017,Veritecnica SRL,,1,0,0
1100035383,02/06/2017,Veritecnica SRL,,1,0,0
1200011452,02/06/2017,Veritecnica SRL,,1,0,0
1100035384,02/06/2017,Veritecnica SRL,,1,0,0
1100035385,02/06/2017,Veritecnica SRL,,1,0,0
1100035386,02/06/2017,Veritecnica SRL,,1,0,0
9102006851,02/06/2017,Veritecnica SRL,,0,1,0
1100035387,02/06/2017,Veritecnica SRL,,1,0,0
9102006852,02/06/2017,Veritecnica SRL,,0,1,0
1100035388,02/06/2017,Veritecnica SRL,,1,0,0
9102006853,02/06/2017,Veritecnica SRL,,0,1,0
1100035389,02/06/2017,Veritecnica SRL,,1,0,0
1200011453,02/06/2017,Veritecnica SRL,,1,0,0
9102006854,02/06/2017,Veritecnica SRL,,0,1,0
1100035391,02/06/2017,Veritecnica SRL,,1,0,0
1100035390,02/06/2017,Veritecnica SRL,,1,0,0
9202001199,02/06/2017,Veritecnica SRL,,0,0,1
9102006855,02/06/2017,Veritecnica SRL,,0,1,0
1100035392,02/06/2017,Veritecnica SRL,,1,0,0
9102006856,02/06/2017,Veritecnica SRL,,0,1,0
1100035393,02/06/2017,Veritecnica SRL,,1,0,0
1100035394,02/07/2017,Veritecnica SRL,,1,0,0
9102006857,02/07/2017,Veritecnica SRL,,0,1,0
9102006858,02/07/2017,Veritecnica SRL,,0,0,1
1100035395,02/07/2017,Veritecnica SRL,,1,0,0
1200011454,02/07/2017,Veritecnica SRL,,1,0,0
9102006859,02/07/2017,Veritecnica SRL,,0,1,0
1200011455,02/07/2017,Veritecnica SRL,,1,0,0
1100035397,02/07/2017,Veritecnica SRL,,1,0,0
1100035398,02/07/2017,Veritecnica SRL,,1,0,0
1200011456,02/07/2017,Veritecnica SRL,,1,0,0
1100035396,02/07/2017,Veritecnica SRL,,1,0,0
1200011457,02/07/2017,Veritecnica SRL,,1,0,0
1100035399,02/07/2017,Veritecnica SRL,,1,0,0
1100035400,02/07/2017,Veritecnica SRL,,1,0,0
1100035401,02/07/2017,Veritecnica SRL,,1,0,0
1100035402,02/07/2017,Veritecnica SRL,,1,0,0
1100035403,02/07/2017,Veritecnica SRL,,1,0,0
9202001200,02/07/2017,Veritecnica SRL,,0,0,1
9102006860,02/07/2017,Veritecnica SRL,,0,1,0
1100035404,02/07/2017,Veritecnica SRL,,1,0,0
9102006861,02/07/2017,Veritecnica SRL,,0,1,0
1100035405,02/07/2017,Veritecnica SRL,,1,0,0
1100035406,02/07/2017,Veritecnica SRL,,1,0,0
9102006862,02/07/2017,Veritecnica SRL,,0,1,0
1100035407,02/07/2017,Veritecnica SRL,,1,0,0
1100035408,02/07/2017,Veritecnica SRL,,1,0,0
1200011458,02/07/2017,Veritecnica SRL,,1,0,0
1100035409,02/07/2017,Veritecnica SRL,,1,0,0
1100035410,02/07/2017,Veritecnica SRL,,1,0,0
9102006863,02/07/2017,Veritecnica SRL,,0,0,1
1100035411,02/07/2017,Veritecnica SRL,,1,0,0
1100035412,02/07/2017,Veritecnica SRL,,1,0,0
9102006864,02/07/2017,Veritecnica SRL,,0,1,0
1100035413,02/07/2017,Veritecnica SRL,,1,0,0
1100035414,02/07/2017,Veritecnica SRL,,1,0,0
1100035415,02/07/2017,Veritecnica SRL,,1,0,0
1100035416,02/07/2017,Veritecnica SRL,,1,0,0
1100035417,02/07/2017,Veritecnica SRL,,1,0,0
1200011459,02/07/2017,Veritecnica SRL,,1,0,0
1100035418,02/07/2017,Veritecnica SRL,,1,0,0
1100035419,02/07/2017,Veritecnica SRL,,1,0,0
9102006865,02/07/2017,Veritecnica SRL,,0,0,1
9102006866,02/07/2017,Veritecnica SRL,,0,1,0
1200011460,02/07/2017,Veritecnica SRL,,1,0,0
1100035420,02/07/2017,Veritecnica SRL,,1,0,0
1100035421,02/07/2017,Veritecnica SRL,,1,0,0
1100035422,02/07/2017,Veritecnica SRL,,1,0,0
9102006867,02/07/2017,Veritecnica SRL,,0,1,0
9102006868,02/07/2017,Veritecnica SRL,,0,1,0
1100035423,02/07/2017,Veritecnica SRL,,1,0,0
1100035424,02/07/2017,Veritecnica SRL,,1,0,0
1100035425,02/07/2017,Veritecnica SRL,,1,0,0
1100035426,02/07/2017,Veritecnica SRL,,1,0,0
1200011461,02/07/2017,Veritecnica SRL,,1,0,0
1100035427,02/07/2017,Veritecnica SRL,,1,0,0
1100035428,02/07/2017,Veritecnica SRL,,1,0,0
1100035429,02/07/2017,Veritecnica SRL,,1,0,0
1100035430,02/07/2017,Veritecnica SRL,,1,0,0
1100035431,02/07/2017,Veritecnica SRL,,1,0,0
9102006869,02/07/2017,Veritecnica SRL,,0,1,0
1200011462,02/07/2017,Veritecnica SRL,,1,0,0
9202001201,02/07/2017,Veritecnica SRL,,0,0,1
1100035432,02/07/2017,Veritecnica SRL,,1,0,0
1200011463,02/07/2017,Veritecnica SRL,,1,0,0
1200011464,02/07/2017,Veritecnica SRL,,1,0,0
1100035433,02/07/2017,Veritecnica SRL,,1,0,0
9102006870,02/07/2017,Veritecnica SRL,,0,1,0
1100035434,02/07/2017,Veritecnica SRL,,1,0,0
1200011465,02/07/2017,Veritecnica SRL,,1,0,0
1100035435,02/07/2017,Veritecnica SRL,,1,0,0
1100035436,02/07/2017,Veritecnica SRL,,1,0,0
