Nrocertificado,Fecha,Idtaller,Dominiovehiculo,Aprobado,RechazadoLeveModerado,RechazadoGrave
1100034959,02/06/2017,Asociación de Bomberos Voluntarios - San Martín de los Andes,,1,0,0
1100034960,02/06/2017,Asociación de Bomberos Voluntarios - San Martín de los Andes,,1,0,0
1100034961,02/06/2017,Asociación de Bomberos Voluntarios - San Martín de los Andes,,1,0,0
1100034962,02/06/2017,Asociación de Bomberos Voluntarios - San Martín de los Andes,,1,0,0
1200010171,02/06/2017,Asociación de Bomberos Voluntarios - San Martín de los Andes,,1,0,0
1100034963,02/06/2017,Asociación de Bomberos Voluntarios - San Martín de los Andes,,1,0,0
9101002489,02/06/2017,Asociación de Bomberos Voluntarios - San Martín de los Andes,,0,1,0
9101002490,02/06/2017,Asociación de Bomberos Voluntarios - San Martín de los Andes,,0,1,0
1100034964,02/06/2017,Asociación de Bomberos Voluntarios - San Martín de los Andes,,1,0,0
1100034965,02/06/2017,Asociación de Bomberos Voluntarios - San Martín de los Andes,,1,0,0
1100034966,02/06/2017,Asociación de Bomberos Voluntarios - San Martín de los Andes,,1,0,0
9101002491,02/06/2017,Asociación de Bomberos Voluntarios - San Martín de los Andes,,0,0,1
1100034967,02/06/2017,Asociación de Bomberos Voluntarios - San Martín de los Andes,,1,0,0
1100034968,02/06/2017,Asociación de Bomberos Voluntarios - San Martín de los Andes,,1,0,0
9101002492,02/06/2017,Asociación de Bomberos Voluntarios - San Martín de los Andes,,0,1,0
9101002493,02/06/2017,Asociación de Bomberos Voluntarios - San Martín de los Andes,,0,0,1
1100034969,02/06/2017,Asociación de Bomberos Voluntarios - San Martín de los Andes,,1,0,0
1100034970,02/06/2017,Asociación de Bomberos Voluntarios - San Martín de los Andes,,1,0,0
1100034971,02/06/2017,Asociación de Bomberos Voluntarios - San Martín de los Andes,,1,0,0
1100034972,02/06/2017,Asociación de Bomberos Voluntarios - San Martín de los Andes,,1,0,0
1100034973,02/06/2017,Asociación de Bomberos Voluntarios - San Martín de los Andes,,1,0,0
1100034974,02/06/2017,Asociación de Bomberos Voluntarios - San Martín de los Andes,,1,0,0
1100034975,02/06/2017,Asociación de Bomberos Voluntarios - San Martín de los Andes,,1,0,0
1200010172,02/06/2017,Asociación de Bomberos Voluntarios - San Martín de los Andes,,1,0,0
9101002494,02/06/2017,Asociación de Bomberos Voluntarios - San Martín de los Andes,,0,1,0
1100034976,02/06/2017,Asociación de Bomberos Voluntarios - San Martín de los Andes,,1,0,0
1100033423,02/06/2017,Control SRL,,1,0,0
1100033424,02/06/2017,Control SRL,,1,0,0
1100033425,02/06/2017,Control SRL,,1,0,0
1100033426,02/06/2017,Control SRL,,1,0,0
1100033427,02/06/2017,Control SRL,,1,0,0
1100033428,02/06/2017,Control SRL,,1,0,0
1100033429,02/06/2017,Control SRL,,1,0,0
1100033430,02/06/2017,Control SRL,,1,0,0
1100033431,02/06/2017,Control SRL,,1,0,0
1100033432,02/06/2017,Control SRL,,1,0,0
1100033433,02/06/2017,Control SRL,,1,0,0
1200011197,02/06/2017,Control SRL,,1,0,0
1200011191,02/06/2017,Control SRL,,1,0,0
1100033434,02/06/2017,Control SRL,,1,0,0
1100033435,02/06/2017,Control SRL,,1,0,0
1100033436,02/06/2017,Control SRL,,1,0,0
9103002194,02/06/2017,Control SRL,,0,0,1
9203000583,02/06/2017,Control SRL,,0,0,1
1100033437,02/06/2017,Control SRL,,1,0,0
1100033438,02/06/2017,Control SRL,,1,0,0
1100033439,02/06/2017,Control SRL,,1,0,0
1100033440,02/06/2017,Control SRL,,1,0,0
1100033441,02/06/2017,Control SRL,,1,0,0
1100033442,02/06/2017,Control SRL,,1,0,0
1200011192,02/06/2017,Control SRL,,1,0,0
1200011193,02/06/2017,Control SRL,,1,0,0
1200011194,02/06/2017,Control SRL,,1,0,0
1100033443,02/06/2017,Control SRL,,1,0,0
1100033444,02/06/2017,Control SRL,,1,0,0
1100033445,02/06/2017,Control SRL,,1,0,0
1100033446,02/06/2017,Control SRL,,1,0,0
9103002195,02/06/2017,Control SRL,,0,0,1
1100033447,02/06/2017,Control SRL,,1,0,0
1100033448,02/06/2017,Control SRL,,1,0,0
1100033449,02/06/2017,Control SRL,,1,0,0
1100033451,02/06/2017,Control SRL,,1,0,0
1100033450,02/06/2017,Control SRL,,1,0,0
1100033452,02/06/2017,Control SRL,,1,0,0
1200011195,02/06/2017,Control SRL,,1,0,0
1100033453,02/06/2017,Control SRL,,1,0,0
9103002196,02/06/2017,Control SRL,,0,0,1
9102006835,02/06/2017,Veritecnica SRL,,0,1,0
1100035340,02/06/2017,Veritecnica SRL,,1,0,0
1200011445,02/06/2017,Veritecnica SRL,,1,0,0
9102006836,02/06/2017,Veritecnica SRL,,0,1,0
1100035341,02/06/2017,Veritecnica SRL,,1,0,0
9102006837,02/06/2017,Veritecnica SRL,,0,0,1
1100035342,02/06/2017,Veritecnica SRL,,1,0,0
1100035343,02/06/2017,Veritecnica SRL,,1,0,0
9102006838,02/06/2017,Veritecnica SRL,,0,0,1
1100035344,02/06/2017,Veritecnica SRL,,1,0,0
1100035345,02/06/2017,Veritecnica SRL,,1,0,0
1100035346,02/06/2017,Veritecnica SRL,,1,0,0
1100035347,02/06/2017,Veritecnica SRL,,1,0,0
1100035349,02/06/2017,Veritecnica SRL,,1,0,0
1100035348,02/06/2017,Veritecnica SRL,,1,0,0
1100035350,02/06/2017,Veritecnica SRL,,1,0,0
1100035351,02/06/2017,Veritecnica SRL,,1,0,0
1100035352,02/06/2017,Veritecnica SRL,,1,0,0
1100035354,02/06/2017,Veritecnica SRL,,1,0,0
9102006839,02/06/2017,Veritecnica SRL,,0,1,0
1100035353,02/06/2017,Veritecnica SRL,,1,0,0
1100035355,02/06/2017,Veritecnica SRL,,1,0,0
1100035356,02/06/2017,Veritecnica SRL,,1,0,0
9102006840,02/06/2017,Veritecnica SRL,,0,0,1
9102006841,02/06/2017,Veritecnica SRL,,0,1,0
1100035357,02/06/2017,Veritecnica SRL,,1,0,0
9202001196,02/06/2017,Veritecnica SRL,,0,0,1
1100035358,02/06/2017,Veritecnica SRL,,1,0,0
1100035359,02/06/2017,Veritecnica SRL,,1,0,0
9102006842,02/06/2017,Veritecnica SRL,,0,0,1
9102006843,02/06/2017,Veritecnica SRL,,0,0,1
1100035360,02/06/2017,Veritecnica SRL,,1,0,0
1200011446,02/06/2017,Veritecnica SRL,,1,0,0
1200011447,02/06/2017,Veritecnica SRL,,1,0,0
9102006844,02/06/2017,Veritecnica SRL,,0,0,1
1100035361,02/06/2017,Veritecnica SRL,,1,0,0
1200011448,02/06/2017,Veritecnica SRL,,1,0,0
1100035362,02/06/2017,Veritecnica SRL,,1,0,0
1100035363,02/06/2017,Veritecnica SRL,,1,0,0
1100035364,02/06/2017,Veritecnica SRL,,1,0,0
1100035365,02/06/2017,Veritecnica SRL,,1,0,0
1200011449,02/06/2017,Veritecnica SRL,,1,0,0
1100035366,02/06/2017,Veritecnica SRL,,1,0,0
9202001197,02/06/2017,Veritecnica SRL,,0,0,1
9102006845,02/06/2017,Veritecnica SRL,,0,1,0
1100035367,02/06/2017,Veritecnica SRL,,1,0,0
1100035368,02/06/2017,Veritecnica SRL,,1,0,0
9102006846,02/06/2017,Veritecnica SRL,,0,0,1
1100035369,02/06/2017,Veritecnica SRL,,1,0,0
9102006847,02/06/2017,Veritecnica SRL,,0,0,1
1100035370,02/06/2017,Veritecnica SRL,,1,0,0
1100035371,02/06/2017,Veritecnica SRL,,1,0,0
1100035372,02/06/2017,Veritecnica SRL,,1,0,0
9102006848,02/06/2017,Veritecnica SRL,,0,0,1
1200011450,02/06/2017,Veritecnica SRL,,1,0,0
1100035373,02/06/2017,Veritecnica SRL,,1,0,0
1100035374,02/06/2017,Veritecnica SRL,,1,0,0
9202001198,02/06/2017,Veritecnica SRL,,0,0,1
1100035375,02/06/2017,Veritecnica SRL,,1,0,0
1100035376,02/06/2017,Veritecnica SRL,,1,0,0
9102006849,02/06/2017,Veritecnica SRL,,0,1,0
1200011451,02/06/2017,Veritecnica SRL,,1,0,0
1100035377,02/06/2017,Veritecnica SRL,,1,0,0
1100035378,02/06/2017,Veritecnica SRL,,1,0,0
1100035379,02/06/2017,Veritecnica SRL,,1,0,0
1100035380,02/06/2017,Veritecnica SRL,,1,0,0
9102006850,02/06/2017,Veritecnica SRL,,0,0,1
1100035381,02/06/2017,Veritecnica SRL,,1,0,0
1100035382,02/06/2017,Veritecnica SRL,,1,0,0
1100035383,02/06/2017,Veritecnica SRL,,1,0,0
1200011452,02/06/2017,Veritecnica SRL,,1,0,0
1100035384,02/06/2017,Veritecnica SRL,,1,0,0
1100035385,02/06/2017,Veritecnica SRL,,1,0,0
1100035386,02/06/2017,Veritecnica SRL,,1,0,0
9102006851,02/06/2017,Veritecnica SRL,,0,1,0
1100035387,02/06/2017,Veritecnica SRL,,1,0,0
9102006852,02/06/2017,Veritecnica SRL,,0,1,0
1100035388,02/06/2017,Veritecnica SRL,,1,0,0
9102006853,02/06/2017,Veritecnica SRL,,0,1,0
1100035389,02/06/2017,Veritecnica SRL,,1,0,0
1200011453,02/06/2017,Veritecnica SRL,,1,0,0
9102006854,02/06/2017,Veritecnica SRL,,0,1,0
1100035391,02/06/2017,Veritecnica SRL,,1,0,0
1100035390,02/06/2017,Veritecnica SRL,,1,0,0
9202001199,02/06/2017,Veritecnica SRL,,0,0,1
9102006855,02/06/2017,Veritecnica SRL,,0,1,0
1100035392,02/06/2017,Veritecnica SRL,,1,0,0
9102006856,02/06/2017,Veritecnica SRL,,0,1,0
1100035393,02/06/2017,Veritecnica SRL,,1,0,0
