Nrocertificado,Fecha,Idtaller,Dominiovehiculo,Aprobado,RechazadoLeveModerado,RechazadoGrave
9101002390,01/03/2017,Asociación de Bomberos Voluntarios - San Martín de los Andes,,0,0,1
9101002391,01/03/2017,Asociación de Bomberos Voluntarios - San Martín de los Andes,,0,1,0
1100031687,01/03/2017,Asociación de Bomberos Voluntarios - San Martín de los Andes,,1,0,0
1200010135,01/03/2017,Asociación de Bomberos Voluntarios - San Martín de los Andes,,1,0,0
1100031688,01/03/2017,Asociación de Bomberos Voluntarios - San Martín de los Andes,,1,0,0
1100031689,01/03/2017,Asociación de Bomberos Voluntarios - San Martín de los Andes,,1,0,0
1100031690,01/03/2017,Asociación de Bomberos Voluntarios - San Martín de los Andes,,1,0,0
1100031691,01/03/2017,Asociación de Bomberos Voluntarios - San Martín de los Andes,,1,0,0
1200010136,01/03/2017,Asociación de Bomberos Voluntarios - San Martín de los Andes,,1,0,0
1100031692,01/03/2017,Asociación de Bomberos Voluntarios - San Martín de los Andes,,1,0,0
1100031693,01/03/2017,Asociación de Bomberos Voluntarios - San Martín de los Andes,,1,0,0
9101002392,01/03/2017,Asociación de Bomberos Voluntarios - San Martín de los Andes,,0,1,0
1100031694,01/03/2017,Asociación de Bomberos Voluntarios - San Martín de los Andes,,1,0,0
1200010137,01/03/2017,Asociación de Bomberos Voluntarios - San Martín de los Andes,,1,0,0
1100031695,01/03/2017,Asociación de Bomberos Voluntarios - San Martín de los Andes,,1,0,0
1100031696,01/03/2017,Asociación de Bomberos Voluntarios - San Martín de los Andes,,1,0,0
1100031697,01/03/2017,Asociación de Bomberos Voluntarios - San Martín de los Andes,,1,0,0
1100031698,01/03/2017,Asociación de Bomberos Voluntarios - San Martín de los Andes,,1,0,0
1100031699,01/03/2017,Asociación de Bomberos Voluntarios - San Martín de los Andes,,1,0,0
1100031700,01/03/2017,Asociación de Bomberos Voluntarios - San Martín de los Andes,,1,0,0
1100031701,01/03/2017,Asociación de Bomberos Voluntarios - San Martín de los Andes,,1,0,0
1100031702,01/03/2017,Asociación de Bomberos Voluntarios - San Martín de los Andes,,1,0,0
1100031703,01/03/2017,Asociación de Bomberos Voluntarios - San Martín de los Andes,,1,0,0
1100031704,01/03/2017,Asociación de Bomberos Voluntarios - San Martín de los Andes,,1,0,0
9101002393,01/03/2017,Asociación de Bomberos Voluntarios - San Martín de los Andes,,0,1,0
1100031705,01/03/2017,Asociación de Bomberos Voluntarios - San Martín de los Andes,,1,0,0
1100031706,01/03/2017,Asociación de Bomberos Voluntarios - San Martín de los Andes,,1,0,0
1100031707,01/03/2017,Asociación de Bomberos Voluntarios - San Martín de los Andes,,1,0,0
9101002394,01/03/2017,Asociación de Bomberos Voluntarios - San Martín de los Andes,,0,0,1
1100031708,01/04/2017,Asociación de Bomberos Voluntarios - San Martín de los Andes,,1,0,0
1100031709,01/04/2017,Asociación de Bomberos Voluntarios - San Martín de los Andes,,1,0,0
1100031710,01/04/2017,Asociación de Bomberos Voluntarios - San Martín de los Andes,,1,0,0
1100031711,01/04/2017,Asociación de Bomberos Voluntarios - San Martín de los Andes,,1,0,0
1100031712,01/04/2017,Asociación de Bomberos Voluntarios - San Martín de los Andes,,1,0,0
1100031713,01/04/2017,Asociación de Bomberos Voluntarios - San Martín de los Andes,,1,0,0
1100031714,01/04/2017,Asociación de Bomberos Voluntarios - San Martín de los Andes,,1,0,0
9101002395,01/04/2017,Asociación de Bomberos Voluntarios - San Martín de los Andes,,0,0,1
1200010138,01/04/2017,Asociación de Bomberos Voluntarios - San Martín de los Andes,,1,0,0
1100031715,01/04/2017,Asociación de Bomberos Voluntarios - San Martín de los Andes,,1,0,0
9201000430,01/04/2017,Asociación de Bomberos Voluntarios - San Martín de los Andes,,0,0,1
1100031716,01/04/2017,Asociación de Bomberos Voluntarios - San Martín de los Andes,,1,0,0
1100031717,01/04/2017,Asociación de Bomberos Voluntarios - San Martín de los Andes,,1,0,0
1100031718,01/04/2017,Asociación de Bomberos Voluntarios - San Martín de los Andes,,1,0,0
1100031719,01/04/2017,Asociación de Bomberos Voluntarios - San Martín de los Andes,,1,0,0
1100031720,01/04/2017,Asociación de Bomberos Voluntarios - San Martín de los Andes,,1,0,0
1100031721,01/04/2017,Asociación de Bomberos Voluntarios - San Martín de los Andes,,1,0,0
1100031722,01/04/2017,Asociación de Bomberos Voluntarios - San Martín de los Andes,,1,0,0
1100031723,01/04/2017,Asociación de Bomberos Voluntarios - San Martín de los Andes,,1,0,0
1200010139,01/04/2017,Asociación de Bomberos Voluntarios - San Martín de los Andes,,1,0,0
9101002396,01/04/2017,Asociación de Bomberos Voluntarios - San Martín de los Andes,,0,0,1
1100031724,01/04/2017,Asociación de Bomberos Voluntarios - San Martín de los Andes,,1,0,0
1100031725,01/04/2017,Asociación de Bomberos Voluntarios - San Martín de los Andes,,1,0,0
9103002013,01/03/2017,Control SRL,,0,0,1
1100031895,01/03/2017,Control SRL,,1,0,0
1100031896,01/03/2017,Control SRL,,1,0,0
1100031897,01/03/2017,Control SRL,,1,0,0
1100031898,01/03/2017,Control SRL,,1,0,0
1100031899,01/03/2017,Control SRL,,1,0,0
1100031900,01/03/2017,Control SRL,,1,0,0
1200010851,01/03/2017,Control SRL,,1,0,0
9103002014,01/03/2017,Control SRL,,0,0,1
1200010855,01/03/2017,Control SRL,,1,0,0
1100031901,01/03/2017,Control SRL,,1,0,0
1100031998,01/03/2017,Control SRL,,1,0,0
1100031902,01/03/2017,Control SRL,,1,0,0
1100031903,01/03/2017,Control SRL,,1,0,0
1100031904,01/03/2017,Control SRL,,1,0,0
1100031905,01/03/2017,Control SRL,,1,0,0
1100031906,01/03/2017,Control SRL,,1,0,0
1100031907,01/03/2017,Control SRL,,1,0,0
1100031908,01/03/2017,Control SRL,,1,0,0
1200010856,01/03/2017,Control SRL,,1,0,0
1100031909,01/03/2017,Control SRL,,1,0,0
1100031910,01/03/2017,Control SRL,,1,0,0
1100031911,01/03/2017,Control SRL,,1,0,0
1100031912,01/03/2017,Control SRL,,1,0,0
1100031913,01/03/2017,Control SRL,,1,0,0
1200010857,01/03/2017,Control SRL,,1,0,0
9203000562,01/03/2017,Control SRL,,0,0,1
1100031914,01/03/2017,Control SRL,,1,0,0
1100031915,01/03/2017,Control SRL,,1,0,0
9203000563,01/03/2017,Control SRL,,0,0,1
1100031916,01/03/2017,Control SRL,,1,0,0
1100031917,01/03/2017,Control SRL,,1,0,0
1100031918,01/03/2017,Control SRL,,1,0,0
1200010858,01/03/2017,Control SRL,,1,0,0
1100031920,01/03/2017,Control SRL,,1,0,0
1100031921,01/03/2017,Control SRL,,1,0,0
1100031997,01/03/2017,Control SRL,,1,0,0
1100031919,01/03/2017,Control SRL,,1,0,0
9103002015,01/03/2017,Control SRL,,0,0,1
9103002016,01/03/2017,Control SRL,,0,0,1
1100031922,01/03/2017,Control SRL,,1,0,0
1100031923,01/03/2017,Control SRL,,1,0,0
1200010859,01/03/2017,Control SRL,,1,0,0
1100031924,01/03/2017,Control SRL,,1,0,0
1100031925,01/03/2017,Control SRL,,1,0,0
1100031926,01/03/2017,Control SRL,,1,0,0
1100031928,01/03/2017,Control SRL,,1,0,0
1100031927,01/03/2017,Control SRL,,1,0,0
1100031929,01/03/2017,Control SRL,,1,0,0
1100031930,01/03/2017,Control SRL,,1,0,0
9103002017,01/03/2017,Control SRL,,0,0,1
1100031931,01/03/2017,Control SRL,,1,0,0
1100031932,01/03/2017,Control SRL,,1,0,0
1100031933,01/03/2017,Control SRL,,1,0,0
1100031934,01/04/2017,Control SRL,,1,0,0
1100031935,01/04/2017,Control SRL,,1,0,0
1100031936,01/04/2017,Control SRL,,1,0,0
9103002018,01/04/2017,Control SRL,,0,0,1
9103002019,01/04/2017,Control SRL,,0,0,1
9103002020,01/04/2017,Control SRL,,0,0,1
1100031937,01/04/2017,Control SRL,,1,0,0
1100031938,01/04/2017,Control SRL,,1,0,0
1100031939,01/04/2017,Control SRL,,1,0,0
1100031940,01/04/2017,Control SRL,,1,0,0
1100031941,01/04/2017,Control SRL,,1,0,0
1100031942,01/04/2017,Control SRL,,1,0,0
1100031943,01/04/2017,Control SRL,,1,0,0
1100031944,01/04/2017,Control SRL,,1,0,0
1100031996,01/04/2017,Control SRL,,1,0,0
1100031945,01/04/2017,Control SRL,,1,0,0
1100031946,01/04/2017,Control SRL,,1,0,0
1100031947,01/04/2017,Control SRL,,1,0,0
1100031948,01/04/2017,Control SRL,,1,0,0
1100031949,01/04/2017,Control SRL,,1,0,0
1100031950,01/04/2017,Control SRL,,1,0,0
1100031951,01/04/2017,Control SRL,,1,0,0
1100031952,01/04/2017,Control SRL,,1,0,0
1100031953,01/04/2017,Control SRL,,1,0,0
1100031954,01/04/2017,Control SRL,,1,0,0
9103002021,01/04/2017,Control SRL,,0,0,1
9103002022,01/04/2017,Control SRL,,0,0,1
1100031955,01/04/2017,Control SRL,,1,0,0
1100031956,01/04/2017,Control SRL,,1,0,0
1100031957,01/04/2017,Control SRL,,1,0,0
1100031958,01/04/2017,Control SRL,,1,0,0
1200010860,01/04/2017,Control SRL,,1,0,0
1200010861,01/04/2017,Control SRL,,1,0,0
1100031959,01/04/2017,Control SRL,,1,0,0
1100031960,01/04/2017,Control SRL,,1,0,0
1100031961,01/04/2017,Control SRL,,1,0,0
1100031962,01/04/2017,Control SRL,,1,0,0
1100031963,01/04/2017,Control SRL,,1,0,0
1100031964,01/04/2017,Control SRL,,1,0,0
1100031965,01/04/2017,Control SRL,,1,0,0
1200010862,01/04/2017,Control SRL,,1,0,0
1100031966,01/04/2017,Control SRL,,1,0,0
1100031967,01/04/2017,Control SRL,,1,0,0
1100031968,01/04/2017,Control SRL,,1,0,0
1100031969,01/04/2017,Control SRL,,1,0,0
1100031971,01/04/2017,Control SRL,,1,0,0
1100031970,01/04/2017,Control SRL,,1,0,0
1100031972,01/04/2017,Control SRL,,1,0,0
1100031973,01/04/2017,Control SRL,,1,0,0
1100031974,01/04/2017,Control SRL,,1,0,0
1100031995,01/04/2017,Control SRL,,1,0,0
1100031975,01/04/2017,Control SRL,,1,0,0
9103002023,01/04/2017,Control SRL,,0,0,1
1200010863,01/04/2017,Control SRL,,1,0,0
1100032685,01/03/2017,Veritecnica SRL,,1,0,0
1100032686,01/03/2017,Veritecnica SRL,,1,0,0
1100032687,01/03/2017,Veritecnica SRL,,1,0,0
1100032688,01/03/2017,Veritecnica SRL,,1,0,0
1100032697,01/03/2017,Veritecnica SRL,,1,0,0
1100032698,01/03/2017,Veritecnica SRL,,1,0,0
1100032689,01/03/2017,Veritecnica SRL,,1,0,0
1100032690,01/03/2017,Veritecnica SRL,,1,0,0
9202001142,01/03/2017,Veritecnica SRL,,0,0,1
1100032691,01/03/2017,Veritecnica SRL,,1,0,0
1100032692,01/03/2017,Veritecnica SRL,,1,0,0
9102006424,01/03/2017,Veritecnica SRL,,0,1,0
1100032693,01/03/2017,Veritecnica SRL,,1,0,0
1100032694,01/03/2017,Veritecnica SRL,,1,0,0
1200010688,01/03/2017,Veritecnica SRL,,1,0,0
1100032699,01/03/2017,Veritecnica SRL,,1,0,0
1100032695,01/03/2017,Veritecnica SRL,,1,0,0
1100032700,01/03/2017,Veritecnica SRL,,1,0,0
1100032708,01/03/2017,Veritecnica SRL,,1,0,0
1100032696,01/03/2017,Veritecnica SRL,,1,0,0
9102006425,01/03/2017,Veritecnica SRL,,0,1,0
1100032709,01/03/2017,Veritecnica SRL,,1,0,0
1100032701,01/03/2017,Veritecnica SRL,,1,0,0
1100032710,01/03/2017,Veritecnica SRL,,1,0,0
9102006426,01/03/2017,Veritecnica SRL,,0,1,0
1100032702,01/03/2017,Veritecnica SRL,,1,0,0
1200010689,01/03/2017,Veritecnica SRL,,1,0,0
9102006427,01/03/2017,Veritecnica SRL,,0,0,1
9102006428,01/03/2017,Veritecnica SRL,,0,1,0
1100032711,01/03/2017,Veritecnica SRL,,1,0,0
1100032703,01/03/2017,Veritecnica SRL,,1,0,0
9102006429,01/03/2017,Veritecnica SRL,,0,1,0
1100032723,01/03/2017,Veritecnica SRL,,1,0,0
1100032704,01/03/2017,Veritecnica SRL,,1,0,0
1100032705,01/03/2017,Veritecnica SRL,,1,0,0
1200010690,01/03/2017,Veritecnica SRL,,1,0,0
1100032724,01/03/2017,Veritecnica SRL,,1,0,0
1100032706,01/03/2017,Veritecnica SRL,,1,0,0
1100032725,01/03/2017,Veritecnica SRL,,1,0,0
1100032707,01/03/2017,Veritecnica SRL,,1,0,0
9102006430,01/03/2017,Veritecnica SRL,,0,1,0
1100032712,01/03/2017,Veritecnica SRL,,1,0,0
1100032726,01/03/2017,Veritecnica SRL,,1,0,0
1100032727,01/03/2017,Veritecnica SRL,,1,0,0
1100032728,01/03/2017,Veritecnica SRL,,1,0,0
1100032713,01/03/2017,Veritecnica SRL,,1,0,0
1100032714,01/03/2017,Veritecnica SRL,,1,0,0
1100032715,01/03/2017,Veritecnica SRL,,1,0,0
1100032729,01/03/2017,Veritecnica SRL,,1,0,0
1200010691,01/03/2017,Veritecnica SRL,,1,0,0
1100032730,01/03/2017,Veritecnica SRL,,1,0,0
1100032731,01/03/2017,Veritecnica SRL,,1,0,0
9102006431,01/03/2017,Veritecnica SRL,,0,1,0
9102006432,01/03/2017,Veritecnica SRL,,0,0,1
9102006433,01/03/2017,Veritecnica SRL,,0,1,0
1100032716,01/03/2017,Veritecnica SRL,,1,0,0
9102006434,01/03/2017,Veritecnica SRL,,0,1,0
1100032717,01/03/2017,Veritecnica SRL,,1,0,0
1100032732,01/03/2017,Veritecnica SRL,,1,0,0
1100032733,01/03/2017,Veritecnica SRL,,1,0,0
1100032718,01/03/2017,Veritecnica SRL,,1,0,0
1100032719,01/03/2017,Veritecnica SRL,,1,0,0
9102006435,01/03/2017,Veritecnica SRL,,0,1,0
1100032720,01/03/2017,Veritecnica SRL,,1,0,0
1100032734,01/03/2017,Veritecnica SRL,,1,0,0
9102006436,01/03/2017,Veritecnica SRL,,0,0,1
9202001143,01/03/2017,Veritecnica SRL,,0,0,1
9102006437,01/03/2017,Veritecnica SRL,,0,0,1
1100032721,01/03/2017,Veritecnica SRL,,1,0,0
1100032735,01/03/2017,Veritecnica SRL,,1,0,0
1100032722,01/03/2017,Veritecnica SRL,,1,0,0
1100032736,01/03/2017,Veritecnica SRL,,1,0,0
1200010692,01/03/2017,Veritecnica SRL,,1,0,0
1200010693,01/03/2017,Veritecnica SRL,,1,0,0
1100032737,01/03/2017,Veritecnica SRL,,1,0,0
1100032743,01/03/2017,Veritecnica SRL,,1,0,0
1100032744,01/03/2017,Veritecnica SRL,,1,0,0
1100032738,01/03/2017,Veritecnica SRL,,1,0,0
1200010694,01/03/2017,Veritecnica SRL,,1,0,0
9102006438,01/04/2017,Veritecnica SRL,,0,0,1
1100032739,01/04/2017,Veritecnica SRL,,1,0,0
1100032740,01/04/2017,Veritecnica SRL,,1,0,0
1100032741,01/04/2017,Veritecnica SRL,,1,0,0
1100032742,01/04/2017,Veritecnica SRL,,1,0,0
1100032745,01/04/2017,Veritecnica SRL,,1,0,0
1100032746,01/04/2017,Veritecnica SRL,,1,0,0
1100032747,01/04/2017,Veritecnica SRL,,1,0,0
9102006439,01/04/2017,Veritecnica SRL,,0,1,0
1100032748,01/04/2017,Veritecnica SRL,,1,0,0
9102006440,01/04/2017,Veritecnica SRL,,0,1,0
1100032749,01/04/2017,Veritecnica SRL,,1,0,0
1100032750,01/04/2017,Veritecnica SRL,,1,0,0
9102006441,01/04/2017,Veritecnica SRL,,0,1,0
9102006442,01/04/2017,Veritecnica SRL,,0,0,1
1100033001,01/04/2017,Veritecnica SRL,,1,0,0
1100033002,01/04/2017,Veritecnica SRL,,1,0,0
9202001144,01/04/2017,Veritecnica SRL,,0,0,1
9102006443,01/04/2017,Veritecnica SRL,,0,1,0
1200010695,01/04/2017,Veritecnica SRL,,1,0,0
1100033003,01/04/2017,Veritecnica SRL,,1,0,0
9102006444,01/04/2017,Veritecnica SRL,,0,0,1
1100033004,01/04/2017,Veritecnica SRL,,1,0,0
9102006445,01/04/2017,Veritecnica SRL,,0,0,1
1100033005,01/04/2017,Veritecnica SRL,,1,0,0
1100033006,01/04/2017,Veritecnica SRL,,1,0,0
9102006446,01/04/2017,Veritecnica SRL,,0,0,1
9102006447,01/04/2017,Veritecnica SRL,,0,1,0
9202001145,01/04/2017,Veritecnica SRL,,0,0,1
1100033007,01/04/2017,Veritecnica SRL,,1,0,0
1100033008,01/04/2017,Veritecnica SRL,,1,0,0
9102006448,01/04/2017,Veritecnica SRL,,0,0,1
9102006449,01/04/2017,Veritecnica SRL,,0,1,0
1200010696,01/04/2017,Veritecnica SRL,,1,0,0
9102006450,01/04/2017,Veritecnica SRL,,0,1,0
1100033009,01/04/2017,Veritecnica SRL,,1,0,0
9102006451,01/04/2017,Veritecnica SRL,,0,1,0
1100033010,01/04/2017,Veritecnica SRL,,1,0,0
1100033011,01/04/2017,Veritecnica SRL,,1,0,0
1100033012,01/04/2017,Veritecnica SRL,,1,0,0
1200010697,01/04/2017,Veritecnica SRL,,1,0,0
1100033013,01/04/2017,Veritecnica SRL,,1,0,0
1100033014,01/04/2017,Veritecnica SRL,,1,0,0
1100033015,01/04/2017,Veritecnica SRL,,1,0,0
9102006452,01/04/2017,Veritecnica SRL,,0,1,0
1100033016,01/04/2017,Veritecnica SRL,,1,0,0
1200010698,01/04/2017,Veritecnica SRL,,1,0,0
1100033017,01/04/2017,Veritecnica SRL,,1,0,0
1100033018,01/04/2017,Veritecnica SRL,,1,0,0
1100033019,01/04/2017,Veritecnica SRL,,1,0,0
9202001146,01/04/2017,Veritecnica SRL,,0,0,1
1100033020,01/04/2017,Veritecnica SRL,,1,0,0
1200010699,01/04/2017,Veritecnica SRL,,1,0,0
9102006453,01/04/2017,Veritecnica SRL,,0,0,1
1100033021,01/04/2017,Veritecnica SRL,,1,0,0
1100033022,01/04/2017,Veritecnica SRL,,1,0,0
1100033023,01/04/2017,Veritecnica SRL,,1,0,0
1100033024,01/04/2017,Veritecnica SRL,,1,0,0
9102006454,01/04/2017,Veritecnica SRL,,0,1,0
1100033025,01/04/2017,Veritecnica SRL,,1,0,0
1100033026,01/04/2017,Veritecnica SRL,,1,0,0
9102006455,01/04/2017,Veritecnica SRL,,0,0,1
1100033027,01/04/2017,Veritecnica SRL,,1,0,0
1100033028,01/04/2017,Veritecnica SRL,,1,0,0
9102006456,01/04/2017,Veritecnica SRL,,0,0,1
1100033029,01/04/2017,Veritecnica SRL,,1,0,0
1100033030,01/04/2017,Veritecnica SRL,,1,0,0
1100033031,01/04/2017,Veritecnica SRL,,1,0,0
1100033032,01/04/2017,Veritecnica SRL,,1,0,0
1100033033,01/04/2017,Veritecnica SRL,,1,0,0
1100033034,01/04/2017,Veritecnica SRL,,1,0,0
1100033035,01/04/2017,Veritecnica SRL,,1,0,0
1100033036,01/04/2017,Veritecnica SRL,,1,0,0
9102006457,01/04/2017,Veritecnica SRL,,0,1,0
1100033037,01/04/2017,Veritecnica SRL,,1,0,0
1100033038,01/04/2017,Veritecnica SRL,,1,0,0
1100033039,01/04/2017,Veritecnica SRL,,1,0,0
1100033040,01/04/2017,Veritecnica SRL,,1,0,0
1100033041,01/04/2017,Veritecnica SRL,,1,0,0
1100033042,01/04/2017,Veritecnica SRL,,1,0,0
9102006458,01/04/2017,Veritecnica SRL,,0,0,1
1100033043,01/04/2017,Veritecnica SRL,,1,0,0
1100033044,01/04/2017,Veritecnica SRL,,1,0,0
1100033045,01/04/2017,Veritecnica SRL,,1,0,0
1100033046,01/04/2017,Veritecnica SRL,,1,0,0
9102006459,01/04/2017,Veritecnica SRL,,0,0,1
1100033047,01/04/2017,Veritecnica SRL,,1,0,0
1100033048,01/04/2017,Veritecnica SRL,,1,0,0
1100033049,01/04/2017,Veritecnica SRL,,1,0,0
1100033050,01/04/2017,Veritecnica SRL,,1,0,0
