Nrocertificado,Fecha,Idtaller,Dominiovehiculo,Aprobado,RechazadoLeveModerado,RechazadoGrave
1100047294,08/14/2017,Asociación de Bomberos Voluntarios - San Martín de los Andes,,1,0,0
1100047295,08/14/2017,Asociación de Bomberos Voluntarios - San Martín de los Andes,,1,0,0
1100047296,08/14/2017,Asociación de Bomberos Voluntarios - San Martín de los Andes,,1,0,0
9101003433,08/14/2017,Asociación de Bomberos Voluntarios - San Martín de los Andes,,0,0,1
9101003434,08/14/2017,Asociación de Bomberos Voluntarios - San Martín de los Andes,,0,0,1
1100047297,08/14/2017,Asociación de Bomberos Voluntarios - San Martín de los Andes,,1,0,0
9101003435,08/14/2017,Asociación de Bomberos Voluntarios - San Martín de los Andes,,0,1,0
9101003436,08/14/2017,Asociación de Bomberos Voluntarios - San Martín de los Andes,,0,0,1
9101003437,08/14/2017,Asociación de Bomberos Voluntarios - San Martín de los Andes,,0,1,0
1100047298,08/14/2017,Asociación de Bomberos Voluntarios - San Martín de los Andes,,1,0,0
1100047299,08/14/2017,Asociación de Bomberos Voluntarios - San Martín de los Andes,,1,0,0
9201000510,08/14/2017,Asociación de Bomberos Voluntarios - San Martín de los Andes,,0,0,1
1100047300,08/14/2017,Asociación de Bomberos Voluntarios - San Martín de los Andes,,1,0,0
1100047301,08/14/2017,Asociación de Bomberos Voluntarios - San Martín de los Andes,,1,0,0
1100047302,08/14/2017,Asociación de Bomberos Voluntarios - San Martín de los Andes,,1,0,0
1100047303,08/14/2017,Asociación de Bomberos Voluntarios - San Martín de los Andes,,1,0,0
1100047304,08/14/2017,Asociación de Bomberos Voluntarios - San Martín de los Andes,,1,0,0
1100047305,08/14/2017,Asociación de Bomberos Voluntarios - San Martín de los Andes,,1,0,0
1100047306,08/14/2017,Asociación de Bomberos Voluntarios - San Martín de los Andes,,1,0,0
1100047307,08/14/2017,Asociación de Bomberos Voluntarios - San Martín de los Andes,,1,0,0
1100047308,08/14/2017,Asociación de Bomberos Voluntarios - San Martín de los Andes,,1,0,0
1100047309,08/14/2017,Asociación de Bomberos Voluntarios - San Martín de los Andes,,1,0,0
1100047310,08/14/2017,Asociación de Bomberos Voluntarios - San Martín de los Andes,,1,0,0
9101003438,08/14/2017,Asociación de Bomberos Voluntarios - San Martín de los Andes,,0,1,0
9101003439,08/14/2017,Asociación de Bomberos Voluntarios - San Martín de los Andes,,0,1,0
1100047311,08/14/2017,Asociación de Bomberos Voluntarios - San Martín de los Andes,,1,0,0
1100047312,08/14/2017,Asociación de Bomberos Voluntarios - San Martín de los Andes,,1,0,0
9101003440,08/14/2017,Asociación de Bomberos Voluntarios - San Martín de los Andes,,0,1,0
9101003441,08/14/2017,Asociación de Bomberos Voluntarios - San Martín de los Andes,,0,1,0
1100047313,08/14/2017,Asociación de Bomberos Voluntarios - San Martín de los Andes,,1,0,0
1100047314,08/14/2017,Asociación de Bomberos Voluntarios - San Martín de los Andes,,1,0,0
1200013161,08/14/2017,Asociación de Bomberos Voluntarios - San Martín de los Andes,,1,0,0
1100047315,08/14/2017,Asociación de Bomberos Voluntarios - San Martín de los Andes,,1,0,0
1100047316,08/14/2017,Asociación de Bomberos Voluntarios - San Martín de los Andes,,1,0,0
9101003442,08/14/2017,Asociación de Bomberos Voluntarios - San Martín de los Andes,,0,0,1
1100047317,08/14/2017,Asociación de Bomberos Voluntarios - San Martín de los Andes,,1,0,0
1100047318,08/14/2017,Asociación de Bomberos Voluntarios - San Martín de los Andes,,1,0,0
1100047508,08/14/2017,Control SRL,,1,0,0
9103002666,08/14/2017,Control SRL,,0,0,1
1100047509,08/14/2017,Control SRL,,1,0,0
9103002667,08/14/2017,Control SRL,,0,0,1
1100047510,08/14/2017,Control SRL,,1,0,0
9103002668,08/14/2017,Control SRL,,0,0,1
1100047511,08/14/2017,Control SRL,,1,0,0
1100047512,08/14/2017,Control SRL,,1,0,0
1200014242,08/14/2017,Control SRL,,1,0,0
1100047514,08/14/2017,Control SRL,,1,0,0
1100047513,08/14/2017,Control SRL,,1,0,0
1100047515,08/14/2017,Control SRL,,1,0,0
1100047516,08/14/2017,Control SRL,,1,0,0
9203000685,08/14/2017,Control SRL,,0,0,1
1100047517,08/14/2017,Control SRL,,1,0,0
1100047518,08/14/2017,Control SRL,,1,0,0
9103002669,08/14/2017,Control SRL,,0,0,1
1100047519,08/14/2017,Control SRL,,1,0,0
1200014243,08/14/2017,Control SRL,,1,0,0
1100047520,08/14/2017,Control SRL,,1,0,0
1200014244,08/14/2017,Control SRL,,1,0,0
1100047521,08/14/2017,Control SRL,,1,0,0
9103002670,08/14/2017,Control SRL,,0,0,1
1100047522,08/14/2017,Control SRL,,1,0,0
1200014245,08/14/2017,Control SRL,,1,0,0
1100047523,08/14/2017,Control SRL,,1,0,0
1100047524,08/14/2017,Control SRL,,1,0,0
9203000686,08/14/2017,Control SRL,,0,0,1
1100047526,08/14/2017,Control SRL,,1,0,0
1100047525,08/14/2017,Control SRL,,1,0,0
1200014247,08/14/2017,Control SRL,,1,0,0
1200014246,08/14/2017,Control SRL,,1,0,0
1100047527,08/14/2017,Control SRL,,1,0,0
1100047529,08/14/2017,Control SRL,,1,0,0
1100047528,08/14/2017,Control SRL,,1,0,0
1100047530,08/14/2017,Control SRL,,1,0,0
9203000687,08/14/2017,Control SRL,,0,0,1
1100047754,08/14/2017,Veritecnica SRL,,1,0,0
1100047755,08/14/2017,Veritecnica SRL,,1,0,0
1100047756,08/14/2017,Veritecnica SRL,,1,0,0
1200014318,08/14/2017,Veritecnica SRL,,1,0,0
1100047757,08/14/2017,Veritecnica SRL,,1,0,0
1100047758,08/14/2017,Veritecnica SRL,,1,0,0
1100047759,08/14/2017,Veritecnica SRL,,1,0,0
9202001565,08/14/2017,Veritecnica SRL,,0,0,1
9102008371,08/14/2017,Veritecnica SRL,,0,0,1
1100047760,08/14/2017,Veritecnica SRL,,1,0,0
1200014319,08/14/2017,Veritecnica SRL,,1,0,0
1100047761,08/14/2017,Veritecnica SRL,,1,0,0
1100047762,08/14/2017,Veritecnica SRL,,1,0,0
1100047763,08/14/2017,Veritecnica SRL,,1,0,0
1100047764,08/14/2017,Veritecnica SRL,,1,0,0
9202001566,08/14/2017,Veritecnica SRL,,0,0,1
1200014320,08/14/2017,Veritecnica SRL,,1,0,0
1200014321,08/14/2017,Veritecnica SRL,,1,0,0
9202001567,08/14/2017,Veritecnica SRL,,0,0,1
1200014322,08/14/2017,Veritecnica SRL,,1,0,0
1100047765,08/14/2017,Veritecnica SRL,,1,0,0
9102008372,08/14/2017,Veritecnica SRL,,0,1,0
1100047766,08/14/2017,Veritecnica SRL,,1,0,0
1100047767,08/14/2017,Veritecnica SRL,,1,0,0
1100047768,08/14/2017,Veritecnica SRL,,1,0,0
1100047769,08/14/2017,Veritecnica SRL,,1,0,0
1200014323,08/14/2017,Veritecnica SRL,,1,0,0
1100047770,08/14/2017,Veritecnica SRL,,1,0,0
1200014324,08/14/2017,Veritecnica SRL,,1,0,0
1200014325,08/14/2017,Veritecnica SRL,,1,0,0
9102008373,08/14/2017,Veritecnica SRL,,0,0,1
9202001568,08/14/2017,Veritecnica SRL,,0,0,1
1100047771,08/14/2017,Veritecnica SRL,,1,0,0
1100047772,08/14/2017,Veritecnica SRL,,1,0,0
9102008374,08/14/2017,Veritecnica SRL,,0,1,0
1100047773,08/14/2017,Veritecnica SRL,,1,0,0
1100047774,08/14/2017,Veritecnica SRL,,1,0,0
1200014326,08/14/2017,Veritecnica SRL,,1,0,0
1100047775,08/14/2017,Veritecnica SRL,,1,0,0
9202001569,08/14/2017,Veritecnica SRL,,0,0,1
1100047776,08/14/2017,Veritecnica SRL,,1,0,0
