Nrocertificado,Fecha,Idtaller,Dominiovehiculo,Aprobado,RechazadoLeveModerado,RechazadoGrave
1100039991,05/02/2017,Asociación de Bomberos Voluntarios - San Martín de los Andes,,1,0,0
1100039992,05/02/2017,Asociación de Bomberos Voluntarios - San Martín de los Andes,,1,0,0
1100039993,05/02/2017,Asociación de Bomberos Voluntarios - San Martín de los Andes,,1,0,0
1100039994,05/02/2017,Asociación de Bomberos Voluntarios - San Martín de los Andes,,1,0,0
1100039995,05/02/2017,Asociación de Bomberos Voluntarios - San Martín de los Andes,,1,0,0
1100039996,05/02/2017,Asociación de Bomberos Voluntarios - San Martín de los Andes,,1,0,0
1100039997,05/02/2017,Asociación de Bomberos Voluntarios - San Martín de los Andes,,1,0,0
1100039998,05/02/2017,Asociación de Bomberos Voluntarios - San Martín de los Andes,,1,0,0
9101002865,05/02/2017,Asociación de Bomberos Voluntarios - San Martín de los Andes,,0,1,0
9101002866,05/02/2017,Asociación de Bomberos Voluntarios - San Martín de los Andes,,0,0,1
9101002867,05/02/2017,Asociación de Bomberos Voluntarios - San Martín de los Andes,,0,0,1
9101002868,05/02/2017,Asociación de Bomberos Voluntarios - San Martín de los Andes,,0,1,0
1100039999,05/02/2017,Asociación de Bomberos Voluntarios - San Martín de los Andes,,1,0,0
1100040000,05/02/2017,Asociación de Bomberos Voluntarios - San Martín de los Andes,,1,0,0
9101002869,05/02/2017,Asociación de Bomberos Voluntarios - San Martín de los Andes,,0,0,1
1100041501,05/02/2017,Asociación de Bomberos Voluntarios - San Martín de los Andes,,1,0,0
1100041502,05/02/2017,Asociación de Bomberos Voluntarios - San Martín de los Andes,,1,0,0
1100041503,05/02/2017,Asociación de Bomberos Voluntarios - San Martín de los Andes,,1,0,0
9101002870,05/02/2017,Asociación de Bomberos Voluntarios - San Martín de los Andes,,0,0,1
9101002871,05/02/2017,Asociación de Bomberos Voluntarios - San Martín de los Andes,,0,0,1
1100041504,05/02/2017,Asociación de Bomberos Voluntarios - San Martín de los Andes,,1,0,0
1100041505,05/02/2017,Asociación de Bomberos Voluntarios - San Martín de los Andes,,1,0,0
1100041506,05/02/2017,Asociación de Bomberos Voluntarios - San Martín de los Andes,,1,0,0
9101002872,05/02/2017,Asociación de Bomberos Voluntarios - San Martín de los Andes,,0,1,0
9101002873,05/02/2017,Asociación de Bomberos Voluntarios - San Martín de los Andes,,0,1,0
9101002874,05/02/2017,Asociación de Bomberos Voluntarios - San Martín de los Andes,,0,0,1
1100041507,05/02/2017,Asociación de Bomberos Voluntarios - San Martín de los Andes,,1,0,0
9101002875,05/02/2017,Asociación de Bomberos Voluntarios - San Martín de los Andes,,0,1,0
9101002876,05/02/2017,Asociación de Bomberos Voluntarios - San Martín de los Andes,,0,1,0
1100041508,05/02/2017,Asociación de Bomberos Voluntarios - San Martín de los Andes,,1,0,0
1100041509,05/02/2017,Asociación de Bomberos Voluntarios - San Martín de los Andes,,1,0,0
1100041510,05/02/2017,Asociación de Bomberos Voluntarios - San Martín de los Andes,,1,0,0
1100041511,05/02/2017,Asociación de Bomberos Voluntarios - San Martín de los Andes,,1,0,0
9101002877,05/02/2017,Asociación de Bomberos Voluntarios - San Martín de los Andes,,0,1,0
1100041512,05/02/2017,Asociación de Bomberos Voluntarios - San Martín de los Andes,,1,0,0
1100041513,05/02/2017,Asociación de Bomberos Voluntarios - San Martín de los Andes,,1,0,0
9101002878,05/02/2017,Asociación de Bomberos Voluntarios - San Martín de los Andes,,0,0,1
9101002879,05/02/2017,Asociación de Bomberos Voluntarios - San Martín de los Andes,,0,0,1
1100041514,05/02/2017,Asociación de Bomberos Voluntarios - San Martín de los Andes,,1,0,0
1100041515,05/02/2017,Asociación de Bomberos Voluntarios - San Martín de los Andes,,1,0,0
1100041516,05/02/2017,Asociación de Bomberos Voluntarios - San Martín de los Andes,,1,0,0
1100041517,05/02/2017,Asociación de Bomberos Voluntarios - San Martín de los Andes,,1,0,0
1100041518,05/02/2017,Asociación de Bomberos Voluntarios - San Martín de los Andes,,1,0,0
1100041519,05/02/2017,Asociación de Bomberos Voluntarios - San Martín de los Andes,,1,0,0
1100041520,05/02/2017,Asociación de Bomberos Voluntarios - San Martín de los Andes,,1,0,0
1100041521,05/02/2017,Asociación de Bomberos Voluntarios - San Martín de los Andes,,1,0,0
1100041522,05/03/2017,Asociación de Bomberos Voluntarios - San Martín de los Andes,,1,0,0
1100041523,05/03/2017,Asociación de Bomberos Voluntarios - San Martín de los Andes,,1,0,0
1100041524,05/03/2017,Asociación de Bomberos Voluntarios - San Martín de los Andes,,1,0,0
1100041525,05/03/2017,Asociación de Bomberos Voluntarios - San Martín de los Andes,,1,0,0
1100041526,05/03/2017,Asociación de Bomberos Voluntarios - San Martín de los Andes,,1,0,0
1100041527,05/03/2017,Asociación de Bomberos Voluntarios - San Martín de los Andes,,1,0,0
9101002880,05/03/2017,Asociación de Bomberos Voluntarios - San Martín de los Andes,,0,0,1
9101002881,05/03/2017,Asociación de Bomberos Voluntarios - San Martín de los Andes,,0,1,0
1100041528,05/03/2017,Asociación de Bomberos Voluntarios - San Martín de los Andes,,1,0,0
1100041529,05/03/2017,Asociación de Bomberos Voluntarios - San Martín de los Andes,,1,0,0
1100041530,05/03/2017,Asociación de Bomberos Voluntarios - San Martín de los Andes,,1,0,0
1100041531,05/03/2017,Asociación de Bomberos Voluntarios - San Martín de los Andes,,1,0,0
1100041532,05/03/2017,Asociación de Bomberos Voluntarios - San Martín de los Andes,,1,0,0
1100041533,05/03/2017,Asociación de Bomberos Voluntarios - San Martín de los Andes,,1,0,0
1100041534,05/03/2017,Asociación de Bomberos Voluntarios - San Martín de los Andes,,1,0,0
1100041535,05/03/2017,Asociación de Bomberos Voluntarios - San Martín de los Andes,,1,0,0
1100041536,05/03/2017,Asociación de Bomberos Voluntarios - San Martín de los Andes,,1,0,0
1100041537,05/03/2017,Asociación de Bomberos Voluntarios - San Martín de los Andes,,1,0,0
1100041538,05/03/2017,Asociación de Bomberos Voluntarios - San Martín de los Andes,,1,0,0
9101002882,05/03/2017,Asociación de Bomberos Voluntarios - San Martín de los Andes,,0,1,0
1100041539,05/03/2017,Asociación de Bomberos Voluntarios - San Martín de los Andes,,1,0,0
1100041540,05/03/2017,Asociación de Bomberos Voluntarios - San Martín de los Andes,,1,0,0
1100041541,05/03/2017,Asociación de Bomberos Voluntarios - San Martín de los Andes,,1,0,0
1100041542,05/03/2017,Asociación de Bomberos Voluntarios - San Martín de los Andes,,1,0,0
1100041543,05/03/2017,Asociación de Bomberos Voluntarios - San Martín de los Andes,,1,0,0
1100041544,05/03/2017,Asociación de Bomberos Voluntarios - San Martín de los Andes,,1,0,0
1200011070,05/03/2017,Asociación de Bomberos Voluntarios - San Martín de los Andes,,1,0,0
1100041545,05/03/2017,Asociación de Bomberos Voluntarios - San Martín de los Andes,,1,0,0
1200011071,05/03/2017,Asociación de Bomberos Voluntarios - San Martín de los Andes,,1,0,0
1100041546,05/03/2017,Asociación de Bomberos Voluntarios - San Martín de los Andes,,1,0,0
1100041547,05/03/2017,Asociación de Bomberos Voluntarios - San Martín de los Andes,,1,0,0
1100041548,05/03/2017,Asociación de Bomberos Voluntarios - San Martín de los Andes,,1,0,0
1200011072,05/03/2017,Asociación de Bomberos Voluntarios - San Martín de los Andes,,1,0,0
1200011073,05/03/2017,Asociación de Bomberos Voluntarios - San Martín de los Andes,,1,0,0
1100041549,05/03/2017,Asociación de Bomberos Voluntarios - San Martín de los Andes,,1,0,0
9101002883,05/03/2017,Asociación de Bomberos Voluntarios - San Martín de los Andes,,0,1,0
1200011074,05/03/2017,Asociación de Bomberos Voluntarios - San Martín de los Andes,,1,0,0
1100041550,05/03/2017,Asociación de Bomberos Voluntarios - San Martín de los Andes,,1,0,0
1100041551,05/03/2017,Asociación de Bomberos Voluntarios - San Martín de los Andes,,1,0,0
1200011075,05/03/2017,Asociación de Bomberos Voluntarios - San Martín de los Andes,,1,0,0
1100041552,05/03/2017,Asociación de Bomberos Voluntarios - San Martín de los Andes,,1,0,0
1100041553,05/03/2017,Asociación de Bomberos Voluntarios - San Martín de los Andes,,1,0,0
9101002884,05/03/2017,Asociación de Bomberos Voluntarios - San Martín de los Andes,,0,0,1
1100041554,05/03/2017,Asociación de Bomberos Voluntarios - San Martín de los Andes,,1,0,0
1100041555,05/03/2017,Asociación de Bomberos Voluntarios - San Martín de los Andes,,1,0,0
1100041556,05/03/2017,Asociación de Bomberos Voluntarios - San Martín de los Andes,,1,0,0
9103002467,05/02/2017,Control SRL,,0,0,1
1100040467,05/02/2017,Control SRL,,1,0,0
1100040468,05/02/2017,Control SRL,,1,0,0
1100040469,05/02/2017,Control SRL,,1,0,0
1100040470,05/02/2017,Control SRL,,1,0,0
1100040471,05/02/2017,Control SRL,,1,0,0
1100040472,05/02/2017,Control SRL,,1,0,0
1100040473,05/02/2017,Control SRL,,1,0,0
1100040474,05/02/2017,Control SRL,,1,0,0
1100040475,05/02/2017,Control SRL,,1,0,0
1100040476,05/02/2017,Control SRL,,1,0,0
9103002468,05/02/2017,Control SRL,,0,0,1
1200012296,05/02/2017,Control SRL,,1,0,0
1100040478,05/02/2017,Control SRL,,1,0,0
1100040477,05/02/2017,Control SRL,,1,0,0
1100040479,05/02/2017,Control SRL,,1,0,0
1100040480,05/02/2017,Control SRL,,1,0,0
1100040481,05/02/2017,Control SRL,,1,0,0
1100040482,05/02/2017,Control SRL,,1,0,0
1100040483,05/02/2017,Control SRL,,1,0,0
1100040484,05/02/2017,Control SRL,,1,0,0
1100040485,05/02/2017,Control SRL,,1,0,0
1100040486,05/02/2017,Control SRL,,1,0,0
1100040487,05/02/2017,Control SRL,,1,0,0
1100040488,05/02/2017,Control SRL,,1,0,0
1100040489,05/02/2017,Control SRL,,1,0,0
1100040491,05/02/2017,Control SRL,,1,0,0
1100040490,05/02/2017,Control SRL,,1,0,0
1100040493,05/03/2017,Control SRL,,1,0,0
1100040492,05/03/2017,Control SRL,,1,0,0
1100040494,05/03/2017,Control SRL,,1,0,0
1100040495,05/03/2017,Control SRL,,1,0,0
1100040496,05/03/2017,Control SRL,,1,0,0
1100040497,05/03/2017,Control SRL,,1,0,0
1200012297,05/03/2017,Control SRL,,1,0,0
1100040498,05/03/2017,Control SRL,,1,0,0
1100040500,05/03/2017,Control SRL,,1,0,0
1100040499,05/03/2017,Control SRL,,1,0,0
1100041751,05/03/2017,Control SRL,,1,0,0
1100041752,05/03/2017,Control SRL,,1,0,0
1100041753,05/03/2017,Control SRL,,1,0,0
1100041754,05/03/2017,Control SRL,,1,0,0
1100041755,05/03/2017,Control SRL,,1,0,0
1100041756,05/03/2017,Control SRL,,1,0,0
1100041757,05/03/2017,Control SRL,,1,0,0
1100041758,05/03/2017,Control SRL,,1,0,0
1200012298,05/03/2017,Control SRL,,1,0,0
1100041759,05/03/2017,Control SRL,,1,0,0
1100041760,05/03/2017,Control SRL,,1,0,0
1100041761,05/03/2017,Control SRL,,1,0,0
9103002469,05/03/2017,Control SRL,,0,0,1
1100041762,05/03/2017,Control SRL,,1,0,0
1100041763,05/03/2017,Control SRL,,1,0,0
1100041764,05/03/2017,Control SRL,,1,0,0
1100041765,05/03/2017,Control SRL,,1,0,0
1100041766,05/03/2017,Control SRL,,1,0,0
1100041767,05/03/2017,Control SRL,,1,0,0
1100041768,05/03/2017,Control SRL,,1,0,0
1100041769,05/03/2017,Control SRL,,1,0,0
1100041770,05/03/2017,Control SRL,,1,0,0
1100041771,05/03/2017,Control SRL,,1,0,0
1100041772,05/03/2017,Control SRL,,1,0,0
1100041773,05/03/2017,Control SRL,,1,0,0
1100041774,05/03/2017,Control SRL,,1,0,0
1100041775,05/03/2017,Control SRL,,1,0,0
1200012299,05/03/2017,Control SRL,,1,0,0
1100041776,05/03/2017,Control SRL,,1,0,0
1100041777,05/03/2017,Control SRL,,1,0,0
9102007648,05/02/2017,Veritecnica SRL,,0,0,1
9102007649,05/02/2017,Veritecnica SRL,,0,1,0
1100041111,05/02/2017,Veritecnica SRL,,1,0,0
9102007650,05/02/2017,Veritecnica SRL,,0,1,0
9102007651,05/02/2017,Veritecnica SRL,,0,1,0
1100041112,05/02/2017,Veritecnica SRL,,1,0,0
1100041113,05/02/2017,Veritecnica SRL,,1,0,0
9102007652,05/02/2017,Veritecnica SRL,,0,0,1
9102007653,05/02/2017,Veritecnica SRL,,0,1,0
1100041114,05/02/2017,Veritecnica SRL,,1,0,0
1200012452,05/02/2017,Veritecnica SRL,,1,0,0
1200012453,05/02/2017,Veritecnica SRL,,1,0,0
9102007654,05/02/2017,Veritecnica SRL,,0,0,1
1100041115,05/02/2017,Veritecnica SRL,,1,0,0
1100041116,05/02/2017,Veritecnica SRL,,1,0,0
1100041118,05/02/2017,Veritecnica SRL,,1,0,0
1100041117,05/02/2017,Veritecnica SRL,,1,0,0
9102007655,05/02/2017,Veritecnica SRL,,0,1,0
1200012454,05/02/2017,Veritecnica SRL,,1,0,0
9102007656,05/02/2017,Veritecnica SRL,,0,1,0
1200012455,05/02/2017,Veritecnica SRL,,1,0,0
1200012456,05/02/2017,Veritecnica SRL,,1,0,0
1100041119,05/02/2017,Veritecnica SRL,,1,0,0
1100041120,05/02/2017,Veritecnica SRL,,1,0,0
1100041121,05/02/2017,Veritecnica SRL,,1,0,0
1100041122,05/02/2017,Veritecnica SRL,,1,0,0
1100041123,05/02/2017,Veritecnica SRL,,1,0,0
1200012457,05/02/2017,Veritecnica SRL,,1,0,0
9102007657,05/02/2017,Veritecnica SRL,,0,1,0
1100041124,05/02/2017,Veritecnica SRL,,1,0,0
1100041125,05/02/2017,Veritecnica SRL,,1,0,0
9202001373,05/02/2017,Veritecnica SRL,,0,0,1
1100041126,05/02/2017,Veritecnica SRL,,1,0,0
1100041127,05/02/2017,Veritecnica SRL,,1,0,0
1200012458,05/02/2017,Veritecnica SRL,,1,0,0
1100041128,05/02/2017,Veritecnica SRL,,1,0,0
1200012459,05/02/2017,Veritecnica SRL,,1,0,0
1200012460,05/02/2017,Veritecnica SRL,,1,0,0
1100041129,05/02/2017,Veritecnica SRL,,1,0,0
1100041130,05/02/2017,Veritecnica SRL,,1,0,0
1100041131,05/02/2017,Veritecnica SRL,,1,0,0
1100041132,05/02/2017,Veritecnica SRL,,1,0,0
1100041133,05/02/2017,Veritecnica SRL,,1,0,0
1100041134,05/02/2017,Veritecnica SRL,,1,0,0
1200012461,05/02/2017,Veritecnica SRL,,1,0,0
1100041135,05/02/2017,Veritecnica SRL,,1,0,0
1100041136,05/02/2017,Veritecnica SRL,,1,0,0
9102007658,05/02/2017,Veritecnica SRL,,0,0,1
1100041137,05/02/2017,Veritecnica SRL,,1,0,0
1100041138,05/02/2017,Veritecnica SRL,,1,0,0
1100041139,05/02/2017,Veritecnica SRL,,1,0,0
9102007659,05/02/2017,Veritecnica SRL,,0,0,1
9102007660,05/02/2017,Veritecnica SRL,,0,1,0
1100041140,05/02/2017,Veritecnica SRL,,1,0,0
1200012462,05/02/2017,Veritecnica SRL,,1,0,0
1100041141,05/02/2017,Veritecnica SRL,,1,0,0
1100041142,05/02/2017,Veritecnica SRL,,1,0,0
1100041143,05/02/2017,Veritecnica SRL,,1,0,0
1200012463,05/02/2017,Veritecnica SRL,,1,0,0
1100041144,05/02/2017,Veritecnica SRL,,1,0,0
1100041145,05/02/2017,Veritecnica SRL,,1,0,0
1100041146,05/02/2017,Veritecnica SRL,,1,0,0
1100041147,05/02/2017,Veritecnica SRL,,1,0,0
1100041148,05/02/2017,Veritecnica SRL,,1,0,0
1200012464,05/02/2017,Veritecnica SRL,,1,0,0
1100041149,05/02/2017,Veritecnica SRL,,1,0,0
9202001374,05/02/2017,Veritecnica SRL,,0,0,1
9202001375,05/02/2017,Veritecnica SRL,,0,0,1
1100041150,05/03/2017,Veritecnica SRL,,1,0,0
1100041151,05/03/2017,Veritecnica SRL,,1,0,0
1100041152,05/03/2017,Veritecnica SRL,,1,0,0
1100041153,05/03/2017,Veritecnica SRL,,1,0,0
1100041154,05/03/2017,Veritecnica SRL,,1,0,0
9102007661,05/03/2017,Veritecnica SRL,,0,0,1
1100041155,05/03/2017,Veritecnica SRL,,1,0,0
1100041156,05/03/2017,Veritecnica SRL,,1,0,0
1200012465,05/03/2017,Veritecnica SRL,,1,0,0
1100041157,05/03/2017,Veritecnica SRL,,1,0,0
1100041158,05/03/2017,Veritecnica SRL,,1,0,0
1100041159,05/03/2017,Veritecnica SRL,,1,0,0
1100041160,05/03/2017,Veritecnica SRL,,1,0,0
1100041161,05/03/2017,Veritecnica SRL,,1,0,0
1100041162,05/03/2017,Veritecnica SRL,,1,0,0
1100041163,05/03/2017,Veritecnica SRL,,1,0,0
9102007662,05/03/2017,Veritecnica SRL,,0,1,0
9102007663,05/03/2017,Veritecnica SRL,,0,1,0
1200012466,05/03/2017,Veritecnica SRL,,1,0,0
9102007664,05/03/2017,Veritecnica SRL,,0,0,1
1100041164,05/03/2017,Veritecnica SRL,,1,0,0
1100041165,05/03/2017,Veritecnica SRL,,1,0,0
9102007665,05/03/2017,Veritecnica SRL,,0,1,0
9102007666,05/03/2017,Veritecnica SRL,,0,1,0
9202001376,05/03/2017,Veritecnica SRL,,0,0,1
1100041166,05/03/2017,Veritecnica SRL,,1,0,0
1200012467,05/03/2017,Veritecnica SRL,,1,0,0
1200012468,05/03/2017,Veritecnica SRL,,1,0,0
9202001377,05/03/2017,Veritecnica SRL,,0,0,1
1200012469,05/03/2017,Veritecnica SRL,,1,0,0
9202001378,05/03/2017,Veritecnica SRL,,0,0,1
9202001379,05/03/2017,Veritecnica SRL,,0,0,1
1100041167,05/03/2017,Veritecnica SRL,,1,0,0
1100041169,05/03/2017,Veritecnica SRL,,1,0,0
1100041168,05/03/2017,Veritecnica SRL,,1,0,0
9102007667,05/03/2017,Veritecnica SRL,,0,0,1
9102007668,05/03/2017,Veritecnica SRL,,0,1,0
1200012470,05/03/2017,Veritecnica SRL,,1,0,0
1100041170,05/03/2017,Veritecnica SRL,,1,0,0
1200012471,05/03/2017,Veritecnica SRL,,1,0,0
1100041171,05/03/2017,Veritecnica SRL,,1,0,0
1100041172,05/03/2017,Veritecnica SRL,,1,0,0
1200012472,05/03/2017,Veritecnica SRL,,1,0,0
1200012473,05/03/2017,Veritecnica SRL,,1,0,0
1100041173,05/03/2017,Veritecnica SRL,,1,0,0
1200012474,05/03/2017,Veritecnica SRL,,1,0,0
9102007669,05/03/2017,Veritecnica SRL,,0,0,1
1100041174,05/03/2017,Veritecnica SRL,,1,0,0
1100041175,05/03/2017,Veritecnica SRL,,1,0,0
1100041176,05/03/2017,Veritecnica SRL,,1,0,0
1200012475,05/03/2017,Veritecnica SRL,,1,0,0
1200012476,05/03/2017,Veritecnica SRL,,1,0,0
1100041177,05/03/2017,Veritecnica SRL,,1,0,0
1100041178,05/03/2017,Veritecnica SRL,,1,0,0
1200012477,05/03/2017,Veritecnica SRL,,1,0,0
1100041179,05/03/2017,Veritecnica SRL,,1,0,0
1100041180,05/03/2017,Veritecnica SRL,,1,0,0
1100041181,05/03/2017,Veritecnica SRL,,1,0,0
9102007670,05/03/2017,Veritecnica SRL,,0,1,0
1100041182,05/03/2017,Veritecnica SRL,,1,0,0
1100041183,05/03/2017,Veritecnica SRL,,1,0,0
1100041184,05/03/2017,Veritecnica SRL,,1,0,0
1100041185,05/03/2017,Veritecnica SRL,,1,0,0
1100041186,05/03/2017,Veritecnica SRL,,1,0,0
1100041187,05/03/2017,Veritecnica SRL,,1,0,0
1200012478,05/03/2017,Veritecnica SRL,,1,0,0
1100041188,05/03/2017,Veritecnica SRL,,1,0,0
9202001380,05/03/2017,Veritecnica SRL,,0,0,1
1100041189,05/03/2017,Veritecnica SRL,,1,0,0
1200012479,05/03/2017,Veritecnica SRL,,1,0,0
1200012480,05/03/2017,Veritecnica SRL,,1,0,0
1100041190,05/03/2017,Veritecnica SRL,,1,0,0
