Nrocertificado,Fecha,Idtaller,Dominiovehiculo,Aprobado,RechazadoLeveModerado,RechazadoGrave
1100033831,01/11/2017,Asociación de Bomberos Voluntarios - San Martín de los Andes,,1,0,0
9101002417,01/11/2017,Asociación de Bomberos Voluntarios - San Martín de los Andes,,0,1,0
1100033832,01/11/2017,Asociación de Bomberos Voluntarios - San Martín de los Andes,,1,0,0
1100033833,01/11/2017,Asociación de Bomberos Voluntarios - San Martín de los Andes,,1,0,0
9101002418,01/11/2017,Asociación de Bomberos Voluntarios - San Martín de los Andes,,0,1,0
1100033834,01/11/2017,Asociación de Bomberos Voluntarios - San Martín de los Andes,,1,0,0
1100033835,01/11/2017,Asociación de Bomberos Voluntarios - San Martín de los Andes,,1,0,0
1100033836,01/11/2017,Asociación de Bomberos Voluntarios - San Martín de los Andes,,1,0,0
9101002419,01/11/2017,Asociación de Bomberos Voluntarios - San Martín de los Andes,,0,0,1
1200010148,01/11/2017,Asociación de Bomberos Voluntarios - San Martín de los Andes,,1,0,0
1100033837,01/11/2017,Asociación de Bomberos Voluntarios - San Martín de los Andes,,1,0,0
1100033838,01/11/2017,Asociación de Bomberos Voluntarios - San Martín de los Andes,,1,0,0
1100033839,01/11/2017,Asociación de Bomberos Voluntarios - San Martín de los Andes,,1,0,0
9101002420,01/11/2017,Asociación de Bomberos Voluntarios - San Martín de los Andes,,0,0,1
1100033840,01/11/2017,Asociación de Bomberos Voluntarios - San Martín de los Andes,,1,0,0
1100033841,01/11/2017,Asociación de Bomberos Voluntarios - San Martín de los Andes,,1,0,0
9201000435,01/11/2017,Asociación de Bomberos Voluntarios - San Martín de los Andes,,0,1,0
1100033842,01/11/2017,Asociación de Bomberos Voluntarios - San Martín de los Andes,,1,0,0
1100033843,01/11/2017,Asociación de Bomberos Voluntarios - San Martín de los Andes,,1,0,0
9101002421,01/11/2017,Asociación de Bomberos Voluntarios - San Martín de los Andes,,0,1,0
9201000436,01/11/2017,Asociación de Bomberos Voluntarios - San Martín de los Andes,,0,1,0
1100033844,01/11/2017,Asociación de Bomberos Voluntarios - San Martín de los Andes,,1,0,0
1100033845,01/11/2017,Asociación de Bomberos Voluntarios - San Martín de los Andes,,1,0,0
1100033846,01/11/2017,Asociación de Bomberos Voluntarios - San Martín de los Andes,,1,0,0
1100033847,01/11/2017,Asociación de Bomberos Voluntarios - San Martín de los Andes,,1,0,0
1100033848,01/11/2017,Asociación de Bomberos Voluntarios - San Martín de los Andes,,1,0,0
1100033849,01/11/2017,Asociación de Bomberos Voluntarios - San Martín de los Andes,,1,0,0
1100033850,01/11/2017,Asociación de Bomberos Voluntarios - San Martín de los Andes,,1,0,0
1100033851,01/11/2017,Asociación de Bomberos Voluntarios - San Martín de los Andes,,1,0,0
1100033852,01/11/2017,Asociación de Bomberos Voluntarios - San Martín de los Andes,,1,0,0
1100033853,01/11/2017,Asociación de Bomberos Voluntarios - San Martín de los Andes,,1,0,0
1100033854,01/11/2017,Asociación de Bomberos Voluntarios - San Martín de los Andes,,1,0,0
1100033855,01/11/2017,Asociación de Bomberos Voluntarios - San Martín de los Andes,,1,0,0
9101002422,01/12/2017,Asociación de Bomberos Voluntarios - San Martín de los Andes,,0,1,0
1100033856,01/12/2017,Asociación de Bomberos Voluntarios - San Martín de los Andes,,1,0,0
1100033857,01/12/2017,Asociación de Bomberos Voluntarios - San Martín de los Andes,,1,0,0
1100033858,01/12/2017,Asociación de Bomberos Voluntarios - San Martín de los Andes,,1,0,0
1100033859,01/12/2017,Asociación de Bomberos Voluntarios - San Martín de los Andes,,1,0,0
9101002423,01/12/2017,Asociación de Bomberos Voluntarios - San Martín de los Andes,,0,1,0
1100033860,01/12/2017,Asociación de Bomberos Voluntarios - San Martín de los Andes,,1,0,0
1100033861,01/12/2017,Asociación de Bomberos Voluntarios - San Martín de los Andes,,1,0,0
1100033862,01/12/2017,Asociación de Bomberos Voluntarios - San Martín de los Andes,,1,0,0
1100033863,01/12/2017,Asociación de Bomberos Voluntarios - San Martín de los Andes,,1,0,0
1100033864,01/12/2017,Asociación de Bomberos Voluntarios - San Martín de los Andes,,1,0,0
1100033865,01/12/2017,Asociación de Bomberos Voluntarios - San Martín de los Andes,,1,0,0
1100033866,01/12/2017,Asociación de Bomberos Voluntarios - San Martín de los Andes,,1,0,0
9101002424,01/12/2017,Asociación de Bomberos Voluntarios - San Martín de los Andes,,0,1,0
1100033867,01/12/2017,Asociación de Bomberos Voluntarios - San Martín de los Andes,,1,0,0
1100033868,01/12/2017,Asociación de Bomberos Voluntarios - San Martín de los Andes,,1,0,0
1100033869,01/12/2017,Asociación de Bomberos Voluntarios - San Martín de los Andes,,1,0,0
1100033870,01/12/2017,Asociación de Bomberos Voluntarios - San Martín de los Andes,,1,0,0
1100033871,01/12/2017,Asociación de Bomberos Voluntarios - San Martín de los Andes,,1,0,0
1100033872,01/12/2017,Asociación de Bomberos Voluntarios - San Martín de los Andes,,1,0,0
1100033873,01/12/2017,Asociación de Bomberos Voluntarios - San Martín de los Andes,,1,0,0
9201000437,01/12/2017,Asociación de Bomberos Voluntarios - San Martín de los Andes,,0,1,0
1100033874,01/12/2017,Asociación de Bomberos Voluntarios - San Martín de los Andes,,1,0,0
1100033875,01/12/2017,Asociación de Bomberos Voluntarios - San Martín de los Andes,,1,0,0
1100033876,01/12/2017,Asociación de Bomberos Voluntarios - San Martín de los Andes,,1,0,0
1100033877,01/12/2017,Asociación de Bomberos Voluntarios - San Martín de los Andes,,1,0,0
1100033878,01/12/2017,Asociación de Bomberos Voluntarios - San Martín de los Andes,,1,0,0
1100033879,01/12/2017,Asociación de Bomberos Voluntarios - San Martín de los Andes,,1,0,0
1100033880,01/12/2017,Asociación de Bomberos Voluntarios - San Martín de los Andes,,1,0,0
1200011104,01/11/2017,Control SRL,,1,0,0
1100031831,01/11/2017,Control SRL,,1,0,0
9103002053,01/11/2017,Control SRL,,0,0,1
1100031832,01/11/2017,Control SRL,,1,0,0
9103002054,01/11/2017,Control SRL,,0,0,1
1100031833,01/11/2017,Control SRL,,1,0,0
1200011105,01/11/2017,Control SRL,,1,0,0
9103002055,01/11/2017,Control SRL,,0,0,1
1100031834,01/11/2017,Control SRL,,1,0,0
9103002056,01/11/2017,Control SRL,,0,0,1
1100031835,01/11/2017,Control SRL,,1,0,0
1100031836,01/11/2017,Control SRL,,1,0,0
1100031837,01/11/2017,Control SRL,,1,0,0
1100031838,01/11/2017,Control SRL,,1,0,0
1100031839,01/11/2017,Control SRL,,1,0,0
1100031840,01/11/2017,Control SRL,,1,0,0
9103002057,01/11/2017,Control SRL,,0,0,1
9103002058,01/11/2017,Control SRL,,0,0,1
1200011106,01/11/2017,Control SRL,,1,0,0
1200011107,01/11/2017,Control SRL,,1,0,0
1100031841,01/11/2017,Control SRL,,1,0,0
1100031843,01/11/2017,Control SRL,,1,0,0
1100031842,01/11/2017,Control SRL,,1,0,0
1200011108,01/11/2017,Control SRL,,1,0,0
1200011110,01/11/2017,Control SRL,,1,0,0
1100031844,01/11/2017,Control SRL,,1,0,0
1200011109,01/11/2017,Control SRL,,1,0,0
1100031847,01/11/2017,Control SRL,,1,0,0
1200011111,01/11/2017,Control SRL,,1,0,0
1200011112,01/11/2017,Control SRL,,1,0,0
1100031845,01/11/2017,Control SRL,,1,0,0
1100031846,01/11/2017,Control SRL,,1,0,0
9103002059,01/11/2017,Control SRL,,0,0,1
1100031848,01/11/2017,Control SRL,,1,0,0
1100031849,01/11/2017,Control SRL,,1,0,0
1100031850,01/11/2017,Control SRL,,1,0,0
1100031851,01/11/2017,Control SRL,,1,0,0
1100031852,01/11/2017,Control SRL,,1,0,0
9103002060,01/11/2017,Control SRL,,0,0,1
1100031853,01/11/2017,Control SRL,,1,0,0
1100031854,01/11/2017,Control SRL,,1,0,0
1100031855,01/11/2017,Control SRL,,1,0,0
9203000570,01/11/2017,Control SRL,,0,0,1
1100031856,01/11/2017,Control SRL,,1,0,0
1100031857,01/11/2017,Control SRL,,1,0,0
1100031858,01/11/2017,Control SRL,,1,0,0
1100031859,01/11/2017,Control SRL,,1,0,0
9103002061,01/11/2017,Control SRL,,0,0,1
1200011113,01/11/2017,Control SRL,,1,0,0
1200011114,01/11/2017,Control SRL,,1,0,0
1100031860,01/11/2017,Control SRL,,1,0,0
1100031861,01/11/2017,Control SRL,,1,0,0
1100031862,01/11/2017,Control SRL,,1,0,0
1100031863,01/11/2017,Control SRL,,1,0,0
1100031864,01/11/2017,Control SRL,,1,0,0
1100031865,01/11/2017,Control SRL,,1,0,0
9103002062,01/11/2017,Control SRL,,0,0,1
1100031867,01/11/2017,Control SRL,,1,0,0
1100031866,01/11/2017,Control SRL,,1,0,0
1100031868,01/11/2017,Control SRL,,1,0,0
1100031871,01/12/2017,Control SRL,,1,0,0
1100031872,01/12/2017,Control SRL,,1,0,0
1100031873,01/12/2017,Control SRL,,1,0,0
1100031874,01/12/2017,Control SRL,,1,0,0
1100031875,01/12/2017,Control SRL,,1,0,0
1100031876,01/12/2017,Control SRL,,1,0,0
1100031877,01/12/2017,Control SRL,,1,0,0
1100031878,01/12/2017,Control SRL,,1,0,0
1100031879,01/12/2017,Control SRL,,1,0,0
1100031880,01/12/2017,Control SRL,,1,0,0
9103002063,01/12/2017,Control SRL,,0,0,1
9103002064,01/12/2017,Control SRL,,0,0,1
1100032325,01/12/2017,Control SRL,,1,0,0
1100032326,01/12/2017,Control SRL,,1,0,0
9103002065,01/12/2017,Control SRL,,0,0,1
1100032327,01/12/2017,Control SRL,,1,0,0
1100032328,01/12/2017,Control SRL,,1,0,0
1100032329,01/12/2017,Control SRL,,1,0,0
1100032330,01/12/2017,Control SRL,,1,0,0
9103002066,01/12/2017,Control SRL,,0,0,1
9103002067,01/12/2017,Control SRL,,0,0,1
9103002068,01/12/2017,Control SRL,,0,0,1
1100032331,01/12/2017,Control SRL,,1,0,0
9103002069,01/12/2017,Control SRL,,0,0,1
9103002070,01/12/2017,Control SRL,,0,0,1
1100032332,01/12/2017,Control SRL,,1,0,0
9103002071,01/12/2017,Control SRL,,0,0,1
1100032333,01/12/2017,Control SRL,,1,0,0
9103002072,01/12/2017,Control SRL,,0,0,1
1100032334,01/12/2017,Control SRL,,1,0,0
1100032335,01/12/2017,Control SRL,,1,0,0
1100032336,01/12/2017,Control SRL,,1,0,0
1100032338,01/12/2017,Control SRL,,1,0,0
9103002073,01/12/2017,Control SRL,,0,0,1
9103002074,01/12/2017,Control SRL,,0,0,1
1100032337,01/12/2017,Control SRL,,1,0,0
1100032339,01/12/2017,Control SRL,,1,0,0
1100032340,01/12/2017,Control SRL,,1,0,0
1100032341,01/12/2017,Control SRL,,1,0,0
1100032342,01/12/2017,Control SRL,,1,0,0
1100031869,01/12/2017,Control SRL,,1,0,0
1100031870,01/12/2017,Control SRL,,1,0,0
1100032345,01/12/2017,Control SRL,,1,0,0
1100032344,01/12/2017,Control SRL,,1,0,0
1100032346,01/12/2017,Control SRL,,1,0,0
1100032347,01/12/2017,Control SRL,,1,0,0
1100032349,01/12/2017,Control SRL,,1,0,0
1100032348,01/12/2017,Control SRL,,1,0,0
1100032350,01/12/2017,Control SRL,,1,0,0
1100032353,01/12/2017,Control SRL,,1,0,0
1100032351,01/12/2017,Control SRL,,1,0,0
1100032352,01/12/2017,Control SRL,,1,0,0
1100032354,01/12/2017,Control SRL,,1,0,0
1100032355,01/12/2017,Control SRL,,1,0,0
1100032356,01/12/2017,Control SRL,,1,0,0
1200011115,01/12/2017,Control SRL,,1,0,0
1100032357,01/12/2017,Control SRL,,1,0,0
1100032358,01/12/2017,Control SRL,,1,0,0
1100032359,01/12/2017,Control SRL,,1,0,0
1100032360,01/12/2017,Control SRL,,1,0,0
9102006555,01/11/2017,Veritecnica SRL,,0,1,0
1100033545,01/11/2017,Veritecnica SRL,,1,0,0
1100033546,01/11/2017,Veritecnica SRL,,1,0,0
1100033547,01/11/2017,Veritecnica SRL,,1,0,0
1100033548,01/11/2017,Veritecnica SRL,,1,0,0
1100033549,01/11/2017,Veritecnica SRL,,1,0,0
9102006556,01/11/2017,Veritecnica SRL,,0,1,0
1100033550,01/11/2017,Veritecnica SRL,,1,0,0
9102006557,01/11/2017,Veritecnica SRL,,0,1,0
1100033551,01/11/2017,Veritecnica SRL,,1,0,0
1100033552,01/11/2017,Veritecnica SRL,,1,0,0
1100033553,01/11/2017,Veritecnica SRL,,1,0,0
1100033554,01/11/2017,Veritecnica SRL,,1,0,0
1100033555,01/11/2017,Veritecnica SRL,,1,0,0
1200010938,01/11/2017,Veritecnica SRL,,1,0,0
1200010939,01/11/2017,Veritecnica SRL,,1,0,0
9102006558,01/11/2017,Veritecnica SRL,,0,1,0
1100033556,01/11/2017,Veritecnica SRL,,1,0,0
9102006559,01/11/2017,Veritecnica SRL,,0,0,1
9102006560,01/11/2017,Veritecnica SRL,,0,0,1
1100033557,01/11/2017,Veritecnica SRL,,1,0,0
9102006561,01/11/2017,Veritecnica SRL,,0,1,0
1100033558,01/11/2017,Veritecnica SRL,,1,0,0
1100033559,01/11/2017,Veritecnica SRL,,1,0,0
9102006562,01/11/2017,Veritecnica SRL,,0,0,1
1100033560,01/11/2017,Veritecnica SRL,,1,0,0
1100033561,01/11/2017,Veritecnica SRL,,1,0,0
1100033562,01/11/2017,Veritecnica SRL,,1,0,0
1100033563,01/11/2017,Veritecnica SRL,,1,0,0
1100033564,01/11/2017,Veritecnica SRL,,1,0,0
9202001159,01/11/2017,Veritecnica SRL,,0,0,1
9102006563,01/11/2017,Veritecnica SRL,,0,0,1
1100033565,01/11/2017,Veritecnica SRL,,1,0,0
1100033566,01/11/2017,Veritecnica SRL,,1,0,0
1100033567,01/11/2017,Veritecnica SRL,,1,0,0
1200010940,01/11/2017,Veritecnica SRL,,1,0,0
9102006564,01/11/2017,Veritecnica SRL,,0,0,1
1100033568,01/11/2017,Veritecnica SRL,,1,0,0
1100033569,01/11/2017,Veritecnica SRL,,1,0,0
9102006565,01/11/2017,Veritecnica SRL,,0,0,1
9102006566,01/11/2017,Veritecnica SRL,,0,1,0
1100033570,01/11/2017,Veritecnica SRL,,1,0,0
9102006567,01/11/2017,Veritecnica SRL,,0,1,0
1100033571,01/11/2017,Veritecnica SRL,,1,0,0
1100033572,01/11/2017,Veritecnica SRL,,1,0,0
1100033573,01/11/2017,Veritecnica SRL,,1,0,0
1100033574,01/11/2017,Veritecnica SRL,,1,0,0
9102006568,01/11/2017,Veritecnica SRL,,0,1,0
9102006569,01/11/2017,Veritecnica SRL,,0,1,0
1100033575,01/11/2017,Veritecnica SRL,,1,0,0
1100033576,01/11/2017,Veritecnica SRL,,1,0,0
9102006570,01/11/2017,Veritecnica SRL,,0,1,0
1100033577,01/11/2017,Veritecnica SRL,,1,0,0
9102006571,01/11/2017,Veritecnica SRL,,0,1,0
1100033578,01/11/2017,Veritecnica SRL,,1,0,0
1100033579,01/11/2017,Veritecnica SRL,,1,0,0
1100033580,01/11/2017,Veritecnica SRL,,1,0,0
1200010941,01/11/2017,Veritecnica SRL,,1,0,0
1100033581,01/11/2017,Veritecnica SRL,,1,0,0
9102006572,01/11/2017,Veritecnica SRL,,0,1,0
9102006573,01/11/2017,Veritecnica SRL,,0,1,0
1100033582,01/11/2017,Veritecnica SRL,,1,0,0
1100033583,01/11/2017,Veritecnica SRL,,1,0,0
1100033584,01/11/2017,Veritecnica SRL,,1,0,0
1100033585,01/11/2017,Veritecnica SRL,,1,0,0
9102006574,01/11/2017,Veritecnica SRL,,0,0,1
1100033586,01/11/2017,Veritecnica SRL,,1,0,0
9102006575,01/11/2017,Veritecnica SRL,,0,0,1
1100033587,01/11/2017,Veritecnica SRL,,1,0,0
1100033588,01/11/2017,Veritecnica SRL,,1,0,0
1100033589,01/11/2017,Veritecnica SRL,,1,0,0
1100033590,01/11/2017,Veritecnica SRL,,1,0,0
1100033591,01/11/2017,Veritecnica SRL,,1,0,0
1100033592,01/11/2017,Veritecnica SRL,,1,0,0
1100033594,01/11/2017,Veritecnica SRL,,1,0,0
1100033593,01/11/2017,Veritecnica SRL,,1,0,0
1100033595,01/11/2017,Veritecnica SRL,,1,0,0
9102006576,01/11/2017,Veritecnica SRL,,0,1,0
1100033596,01/11/2017,Veritecnica SRL,,1,0,0
9102006577,01/11/2017,Veritecnica SRL,,0,0,1
9102006578,01/11/2017,Veritecnica SRL,,0,0,1
1100033597,01/11/2017,Veritecnica SRL,,1,0,0
1100033598,01/11/2017,Veritecnica SRL,,1,0,0
1100033599,01/11/2017,Veritecnica SRL,,1,0,0
9102006579,01/11/2017,Veritecnica SRL,,0,1,0
1100033600,01/11/2017,Veritecnica SRL,,1,0,0
9102006580,01/11/2017,Veritecnica SRL,,0,1,0
1200010942,01/11/2017,Veritecnica SRL,,1,0,0
1100033602,01/11/2017,Veritecnica SRL,,1,0,0
1100033601,01/11/2017,Veritecnica SRL,,1,0,0
1100033603,01/11/2017,Veritecnica SRL,,1,0,0
1100033604,01/11/2017,Veritecnica SRL,,1,0,0
1100033605,01/11/2017,Veritecnica SRL,,1,0,0
9102006581,01/11/2017,Veritecnica SRL,,0,1,0
1100033606,01/11/2017,Veritecnica SRL,,1,0,0
1100033607,01/11/2017,Veritecnica SRL,,1,0,0
1100033608,01/11/2017,Veritecnica SRL,,1,0,0
9102006582,01/11/2017,Veritecnica SRL,,0,1,0
1100033610,01/11/2017,Veritecnica SRL,,1,0,0
1100033609,01/11/2017,Veritecnica SRL,,1,0,0
1100033611,01/11/2017,Veritecnica SRL,,1,0,0
1100033613,01/11/2017,Veritecnica SRL,,1,0,0
1100033612,01/11/2017,Veritecnica SRL,,1,0,0
9102006583,01/12/2017,Veritecnica SRL,,0,1,0
1100033614,01/12/2017,Veritecnica SRL,,1,0,0
9102006584,01/12/2017,Veritecnica SRL,,0,1,0
9102006585,01/12/2017,Veritecnica SRL,,0,1,0
1100033615,01/12/2017,Veritecnica SRL,,1,0,0
1100033616,01/12/2017,Veritecnica SRL,,1,0,0
9102006586,01/12/2017,Veritecnica SRL,,0,0,1
1100033617,01/12/2017,Veritecnica SRL,,1,0,0
1200010943,01/12/2017,Veritecnica SRL,,1,0,0
9102006587,01/12/2017,Veritecnica SRL,,0,1,0
1100033618,01/12/2017,Veritecnica SRL,,1,0,0
1100033619,01/12/2017,Veritecnica SRL,,1,0,0
9102006588,01/12/2017,Veritecnica SRL,,0,1,0
1100033620,01/12/2017,Veritecnica SRL,,1,0,0
1100033621,01/12/2017,Veritecnica SRL,,1,0,0
1100033622,01/12/2017,Veritecnica SRL,,1,0,0
1100033623,01/12/2017,Veritecnica SRL,,1,0,0
1100033624,01/12/2017,Veritecnica SRL,,1,0,0
1100033625,01/12/2017,Veritecnica SRL,,1,0,0
1200010944,01/12/2017,Veritecnica SRL,,1,0,0
9102006589,01/12/2017,Veritecnica SRL,,0,0,1
1100033626,01/12/2017,Veritecnica SRL,,1,0,0
9102006590,01/12/2017,Veritecnica SRL,,0,0,1
1100033627,01/12/2017,Veritecnica SRL,,1,0,0
1100033628,01/12/2017,Veritecnica SRL,,1,0,0
1200010945,01/12/2017,Veritecnica SRL,,1,0,0
9102006591,01/12/2017,Veritecnica SRL,,0,1,0
1100033629,01/12/2017,Veritecnica SRL,,1,0,0
1100033630,01/12/2017,Veritecnica SRL,,1,0,0
1100033631,01/12/2017,Veritecnica SRL,,1,0,0
1100033632,01/12/2017,Veritecnica SRL,,1,0,0
1100033633,01/12/2017,Veritecnica SRL,,1,0,0
1100033634,01/12/2017,Veritecnica SRL,,1,0,0
1200010946,01/12/2017,Veritecnica SRL,,1,0,0
9202001160,01/12/2017,Veritecnica SRL,,0,0,1
1100033635,01/12/2017,Veritecnica SRL,,1,0,0
9102006592,01/12/2017,Veritecnica SRL,,0,1,0
1100033636,01/12/2017,Veritecnica SRL,,1,0,0
1100033637,01/12/2017,Veritecnica SRL,,1,0,0
1200010947,01/12/2017,Veritecnica SRL,,1,0,0
9102006593,01/12/2017,Veritecnica SRL,,0,0,1
1100033638,01/12/2017,Veritecnica SRL,,1,0,0
1100033639,01/12/2017,Veritecnica SRL,,1,0,0
1100033640,01/12/2017,Veritecnica SRL,,1,0,0
1100033641,01/12/2017,Veritecnica SRL,,1,0,0
1100033642,01/12/2017,Veritecnica SRL,,1,0,0
1100033643,01/12/2017,Veritecnica SRL,,1,0,0
1100033644,01/12/2017,Veritecnica SRL,,1,0,0
1100033645,01/12/2017,Veritecnica SRL,,1,0,0
1100033646,01/12/2017,Veritecnica SRL,,1,0,0
1100033647,01/12/2017,Veritecnica SRL,,1,0,0
1100033648,01/12/2017,Veritecnica SRL,,1,0,0
1100033649,01/12/2017,Veritecnica SRL,,1,0,0
9102006594,01/12/2017,Veritecnica SRL,,0,1,0
9102006595,01/12/2017,Veritecnica SRL,,0,1,0
1100033650,01/12/2017,Veritecnica SRL,,1,0,0
9102006596,01/12/2017,Veritecnica SRL,,0,0,1
1100033651,01/12/2017,Veritecnica SRL,,1,0,0
1100033652,01/12/2017,Veritecnica SRL,,1,0,0
1200010948,01/12/2017,Veritecnica SRL,,1,0,0
9102006597,01/12/2017,Veritecnica SRL,,0,1,0
1100033653,01/12/2017,Veritecnica SRL,,1,0,0
1100033654,01/12/2017,Veritecnica SRL,,1,0,0
1200010949,01/12/2017,Veritecnica SRL,,1,0,0
1100033655,01/12/2017,Veritecnica SRL,,1,0,0
1100033656,01/12/2017,Veritecnica SRL,,1,0,0
1100033750,01/12/2017,Veritecnica SRL,,1,0,0
1200010950,01/12/2017,Veritecnica SRL,,1,0,0
9102006598,01/12/2017,Veritecnica SRL,,0,0,1
1200010951,01/12/2017,Veritecnica SRL,,1,0,0
1100033657,01/12/2017,Veritecnica SRL,,1,0,0
1100033658,01/12/2017,Veritecnica SRL,,1,0,0
9102006599,01/12/2017,Veritecnica SRL,,0,0,1
1100033659,01/12/2017,Veritecnica SRL,,1,0,0
1200010952,01/12/2017,Veritecnica SRL,,1,0,0
9202001161,01/12/2017,Veritecnica SRL,,0,0,1
1100033660,01/12/2017,Veritecnica SRL,,1,0,0
1100033661,01/12/2017,Veritecnica SRL,,1,0,0
9102006600,01/12/2017,Veritecnica SRL,,0,1,0
9102006601,01/12/2017,Veritecnica SRL,,0,0,1
