Nrocertificado,Fecha,Idtaller,Dominiovehiculo,Aprobado,RechazadoLeveModerado,RechazadoGrave
1100043353,06/01/2017,Asociación de Bomberos Voluntarios - San Martín de los Andes,,1,0,0
1100043354,06/01/2017,Asociación de Bomberos Voluntarios - San Martín de los Andes,,1,0,0
1200012771,06/01/2017,Asociación de Bomberos Voluntarios - San Martín de los Andes,,1,0,0
1100043355,06/01/2017,Asociación de Bomberos Voluntarios - San Martín de los Andes,,1,0,0
1100043356,06/01/2017,Asociación de Bomberos Voluntarios - San Martín de los Andes,,1,0,0
1100043357,06/01/2017,Asociación de Bomberos Voluntarios - San Martín de los Andes,,1,0,0
1100043358,06/01/2017,Asociación de Bomberos Voluntarios - San Martín de los Andes,,1,0,0
1100043359,06/01/2017,Asociación de Bomberos Voluntarios - San Martín de los Andes,,1,0,0
1100043360,06/01/2017,Asociación de Bomberos Voluntarios - San Martín de los Andes,,1,0,0
9101003048,06/01/2017,Asociación de Bomberos Voluntarios - San Martín de los Andes,,0,1,0
1100043361,06/01/2017,Asociación de Bomberos Voluntarios - San Martín de los Andes,,1,0,0
1100043362,06/01/2017,Asociación de Bomberos Voluntarios - San Martín de los Andes,,1,0,0
9101003049,06/01/2017,Asociación de Bomberos Voluntarios - San Martín de los Andes,,0,1,0
1100043363,06/01/2017,Asociación de Bomberos Voluntarios - San Martín de los Andes,,1,0,0
1100043364,06/01/2017,Asociación de Bomberos Voluntarios - San Martín de los Andes,,1,0,0
1100043365,06/01/2017,Asociación de Bomberos Voluntarios - San Martín de los Andes,,1,0,0
1100043366,06/01/2017,Asociación de Bomberos Voluntarios - San Martín de los Andes,,1,0,0
1100043367,06/01/2017,Asociación de Bomberos Voluntarios - San Martín de los Andes,,1,0,0
9101003050,06/01/2017,Asociación de Bomberos Voluntarios - San Martín de los Andes,,0,1,0
1100043368,06/01/2017,Asociación de Bomberos Voluntarios - San Martín de los Andes,,1,0,0
1100043369,06/01/2017,Asociación de Bomberos Voluntarios - San Martín de los Andes,,1,0,0
1100043370,06/01/2017,Asociación de Bomberos Voluntarios - San Martín de los Andes,,1,0,0
1100043371,06/01/2017,Asociación de Bomberos Voluntarios - San Martín de los Andes,,1,0,0
1100043372,06/01/2017,Asociación de Bomberos Voluntarios - San Martín de los Andes,,1,0,0
1100043373,06/01/2017,Asociación de Bomberos Voluntarios - San Martín de los Andes,,1,0,0
9101003051,06/01/2017,Asociación de Bomberos Voluntarios - San Martín de los Andes,,0,0,1
1100043374,06/01/2017,Asociación de Bomberos Voluntarios - San Martín de los Andes,,1,0,0
9101003052,06/01/2017,Asociación de Bomberos Voluntarios - San Martín de los Andes,,0,1,0
1100043375,06/01/2017,Asociación de Bomberos Voluntarios - San Martín de los Andes,,1,0,0
9101003053,06/01/2017,Asociación de Bomberos Voluntarios - San Martín de los Andes,,0,1,0
9101003054,06/01/2017,Asociación de Bomberos Voluntarios - San Martín de los Andes,,0,0,1
1100043376,06/01/2017,Asociación de Bomberos Voluntarios - San Martín de los Andes,,1,0,0
1100043377,06/01/2017,Asociación de Bomberos Voluntarios - San Martín de los Andes,,1,0,0
9101003055,06/01/2017,Asociación de Bomberos Voluntarios - San Martín de los Andes,,0,0,1
1100043378,06/01/2017,Asociación de Bomberos Voluntarios - San Martín de los Andes,,1,0,0
1100043379,06/01/2017,Asociación de Bomberos Voluntarios - San Martín de los Andes,,1,0,0
1100043380,06/01/2017,Asociación de Bomberos Voluntarios - San Martín de los Andes,,1,0,0
1100043381,06/01/2017,Asociación de Bomberos Voluntarios - San Martín de los Andes,,1,0,0
1100043382,06/01/2017,Asociación de Bomberos Voluntarios - San Martín de los Andes,,1,0,0
9101003056,06/01/2017,Asociación de Bomberos Voluntarios - San Martín de los Andes,,0,0,1
1100043383,06/02/2017,Asociación de Bomberos Voluntarios - San Martín de los Andes,,1,0,0
1100043384,06/02/2017,Asociación de Bomberos Voluntarios - San Martín de los Andes,,1,0,0
1100043385,06/02/2017,Asociación de Bomberos Voluntarios - San Martín de los Andes,,1,0,0
1100043386,06/02/2017,Asociación de Bomberos Voluntarios - San Martín de los Andes,,1,0,0
1100043387,06/02/2017,Asociación de Bomberos Voluntarios - San Martín de los Andes,,1,0,0
1100043388,06/02/2017,Asociación de Bomberos Voluntarios - San Martín de los Andes,,1,0,0
1100043389,06/02/2017,Asociación de Bomberos Voluntarios - San Martín de los Andes,,1,0,0
1100043390,06/02/2017,Asociación de Bomberos Voluntarios - San Martín de los Andes,,1,0,0
1100043391,06/02/2017,Asociación de Bomberos Voluntarios - San Martín de los Andes,,1,0,0
9201000486,06/02/2017,Asociación de Bomberos Voluntarios - San Martín de los Andes,,0,1,0
1100043392,06/02/2017,Asociación de Bomberos Voluntarios - San Martín de los Andes,,1,0,0
1100043393,06/02/2017,Asociación de Bomberos Voluntarios - San Martín de los Andes,,1,0,0
1100043394,06/02/2017,Asociación de Bomberos Voluntarios - San Martín de los Andes,,1,0,0
1100043395,06/02/2017,Asociación de Bomberos Voluntarios - San Martín de los Andes,,1,0,0
1100043396,06/02/2017,Asociación de Bomberos Voluntarios - San Martín de los Andes,,1,0,0
1100043397,06/02/2017,Asociación de Bomberos Voluntarios - San Martín de los Andes,,1,0,0
1100043398,06/02/2017,Asociación de Bomberos Voluntarios - San Martín de los Andes,,1,0,0
1100043399,06/02/2017,Asociación de Bomberos Voluntarios - San Martín de los Andes,,1,0,0
1200012772,06/02/2017,Asociación de Bomberos Voluntarios - San Martín de los Andes,,1,0,0
1200012773,06/02/2017,Asociación de Bomberos Voluntarios - San Martín de los Andes,,1,0,0
1100043400,06/02/2017,Asociación de Bomberos Voluntarios - San Martín de los Andes,,1,0,0
1100043401,06/02/2017,Asociación de Bomberos Voluntarios - San Martín de los Andes,,1,0,0
1100043402,06/02/2017,Asociación de Bomberos Voluntarios - San Martín de los Andes,,1,0,0
1200012774,06/02/2017,Asociación de Bomberos Voluntarios - San Martín de los Andes,,1,0,0
1200012775,06/02/2017,Asociación de Bomberos Voluntarios - San Martín de los Andes,,1,0,0
1100043403,06/02/2017,Asociación de Bomberos Voluntarios - San Martín de los Andes,,1,0,0
1100043404,06/02/2017,Asociación de Bomberos Voluntarios - San Martín de los Andes,,1,0,0
1100043405,06/02/2017,Asociación de Bomberos Voluntarios - San Martín de los Andes,,1,0,0
1100043406,06/02/2017,Asociación de Bomberos Voluntarios - San Martín de los Andes,,1,0,0
1200012776,06/02/2017,Asociación de Bomberos Voluntarios - San Martín de los Andes,,1,0,0
1100043407,06/02/2017,Asociación de Bomberos Voluntarios - San Martín de los Andes,,1,0,0
1100043408,06/02/2017,Asociación de Bomberos Voluntarios - San Martín de los Andes,,1,0,0
1100043409,06/02/2017,Asociación de Bomberos Voluntarios - San Martín de los Andes,,1,0,0
1100043410,06/02/2017,Asociación de Bomberos Voluntarios - San Martín de los Andes,,1,0,0
1100043411,06/02/2017,Asociación de Bomberos Voluntarios - San Martín de los Andes,,1,0,0
9101003057,06/02/2017,Asociación de Bomberos Voluntarios - San Martín de los Andes,,0,0,1
1100043412,06/02/2017,Asociación de Bomberos Voluntarios - San Martín de los Andes,,1,0,0
1100043413,06/02/2017,Asociación de Bomberos Voluntarios - San Martín de los Andes,,1,0,0
1100043414,06/02/2017,Asociación de Bomberos Voluntarios - San Martín de los Andes,,1,0,0
1100043415,06/02/2017,Asociación de Bomberos Voluntarios - San Martín de los Andes,,1,0,0
1100043416,06/02/2017,Asociación de Bomberos Voluntarios - San Martín de los Andes,,1,0,0
1100043417,06/02/2017,Asociación de Bomberos Voluntarios - San Martín de los Andes,,1,0,0
1100043418,06/02/2017,Asociación de Bomberos Voluntarios - San Martín de los Andes,,1,0,0
1100043419,06/02/2017,Asociación de Bomberos Voluntarios - San Martín de los Andes,,1,0,0
1100043420,06/02/2017,Asociación de Bomberos Voluntarios - San Martín de los Andes,,1,0,0
1100043421,06/02/2017,Asociación de Bomberos Voluntarios - San Martín de los Andes,,1,0,0
1100042673,06/01/2017,Control SRL,,1,0,0
1100042674,06/01/2017,Control SRL,,1,0,0
1100042675,06/01/2017,Control SRL,,1,0,0
1100042676,06/01/2017,Control SRL,,1,0,0
1100042677,06/01/2017,Control SRL,,1,0,0
1100042678,06/01/2017,Control SRL,,1,0,0
1100042679,06/01/2017,Control SRL,,1,0,0
1100042680,06/01/2017,Control SRL,,1,0,0
9203000646,06/01/2017,Control SRL,,0,0,1
1200013005,06/01/2017,Control SRL,,1,0,0
1100042681,06/01/2017,Control SRL,,1,0,0
1100042682,06/01/2017,Control SRL,,1,0,0
1200013006,06/01/2017,Control SRL,,1,0,0
1100042683,06/01/2017,Control SRL,,1,0,0
1100042684,06/01/2017,Control SRL,,1,0,0
1100042685,06/01/2017,Control SRL,,1,0,0
1100042686,06/01/2017,Control SRL,,1,0,0
1200013008,06/01/2017,Control SRL,,1,0,0
1100042687,06/01/2017,Control SRL,,1,0,0
1200013007,06/01/2017,Control SRL,,1,0,0
1100042688,06/01/2017,Control SRL,,1,0,0
1100042689,06/01/2017,Control SRL,,1,0,0
1100042690,06/01/2017,Control SRL,,1,0,0
1100042691,06/01/2017,Control SRL,,1,0,0
1200013009,06/01/2017,Control SRL,,1,0,0
1100042692,06/01/2017,Control SRL,,1,0,0
1100042694,06/01/2017,Control SRL,,1,0,0
1100042695,06/01/2017,Control SRL,,1,0,0
1200013010,06/01/2017,Control SRL,,1,0,0
1100042696,06/01/2017,Control SRL,,1,0,0
1100042693,06/01/2017,Control SRL,,1,0,0
9103002505,06/01/2017,Control SRL,,0,0,1
1200013011,06/01/2017,Control SRL,,1,0,0
1100042698,06/02/2017,Control SRL,,1,0,0
1200013012,06/02/2017,Control SRL,,1,0,0
1100042697,06/02/2017,Control SRL,,1,0,0
9203000647,06/02/2017,Control SRL,,0,0,1
1100042699,06/02/2017,Control SRL,,1,0,0
1100042700,06/02/2017,Control SRL,,1,0,0
1100042701,06/02/2017,Control SRL,,1,0,0
1100042702,06/02/2017,Control SRL,,1,0,0
9103002506,06/02/2017,Control SRL,,0,0,1
1100042703,06/02/2017,Control SRL,,1,0,0
1200013013,06/02/2017,Control SRL,,1,0,0
9103002507,06/02/2017,Control SRL,,0,0,1
1100042704,06/02/2017,Control SRL,,1,0,0
1100042705,06/02/2017,Control SRL,,1,0,0
9203000648,06/02/2017,Control SRL,,0,0,1
1100042706,06/02/2017,Control SRL,,1,0,0
1200013014,06/02/2017,Control SRL,,1,0,0
1100042707,06/02/2017,Control SRL,,1,0,0
1100042708,06/02/2017,Control SRL,,1,0,0
1100042709,06/02/2017,Control SRL,,1,0,0
1100042710,06/02/2017,Control SRL,,1,0,0
1100042712,06/02/2017,Control SRL,,1,0,0
1100042711,06/02/2017,Control SRL,,1,0,0
1200013015,06/02/2017,Control SRL,,1,0,0
9103002508,06/02/2017,Control SRL,,0,0,1
9103002509,06/02/2017,Control SRL,,0,0,1
1100042713,06/02/2017,Control SRL,,1,0,0
1100042714,06/02/2017,Control SRL,,1,0,0
1100042715,06/02/2017,Control SRL,,1,0,0
9203000649,06/02/2017,Control SRL,,0,0,1
1100042716,06/02/2017,Control SRL,,1,0,0
1200013016,06/02/2017,Control SRL,,1,0,0
1200013018,06/02/2017,Control SRL,,1,0,0
1100042717,06/02/2017,Control SRL,,1,0,0
1100042718,06/02/2017,Control SRL,,1,0,0
1100042719,06/02/2017,Control SRL,,1,0,0
1100042720,06/02/2017,Control SRL,,1,0,0
1200013017,06/02/2017,Control SRL,,1,0,0
1200013019,06/02/2017,Control SRL,,1,0,0
1100043614,06/01/2017,Veritecnica SRL,,1,0,0
1100043615,06/01/2017,Veritecnica SRL,,1,0,0
1100043616,06/01/2017,Veritecnica SRL,,1,0,0
1100043617,06/01/2017,Veritecnica SRL,,1,0,0
9102007846,06/01/2017,Veritecnica SRL,,0,0,1
1100043618,06/01/2017,Veritecnica SRL,,1,0,0
1100043619,06/01/2017,Veritecnica SRL,,1,0,0
1100043621,06/01/2017,Veritecnica SRL,,1,0,0
1100043620,06/01/2017,Veritecnica SRL,,1,0,0
1100043622,06/01/2017,Veritecnica SRL,,1,0,0
1200012876,06/01/2017,Veritecnica SRL,,1,0,0
1100043623,06/01/2017,Veritecnica SRL,,1,0,0
1100043624,06/01/2017,Veritecnica SRL,,1,0,0
1100043625,06/01/2017,Veritecnica SRL,,1,0,0
1100043626,06/01/2017,Veritecnica SRL,,1,0,0
1100043627,06/01/2017,Veritecnica SRL,,1,0,0
1100043628,06/01/2017,Veritecnica SRL,,1,0,0
1100043629,06/01/2017,Veritecnica SRL,,1,0,0
1100043630,06/01/2017,Veritecnica SRL,,1,0,0
1100043631,06/01/2017,Veritecnica SRL,,1,0,0
1100043632,06/01/2017,Veritecnica SRL,,1,0,0
1100043633,06/01/2017,Veritecnica SRL,,1,0,0
1100043634,06/01/2017,Veritecnica SRL,,1,0,0
1100043635,06/01/2017,Veritecnica SRL,,1,0,0
1100043636,06/01/2017,Veritecnica SRL,,1,0,0
1100043637,06/01/2017,Veritecnica SRL,,1,0,0
1200012877,06/01/2017,Veritecnica SRL,,1,0,0
1200012878,06/01/2017,Veritecnica SRL,,1,0,0
1200012879,06/01/2017,Veritecnica SRL,,1,0,0
1100043638,06/01/2017,Veritecnica SRL,,1,0,0
1100043639,06/02/2017,Veritecnica SRL,,1,0,0
1100043640,06/02/2017,Veritecnica SRL,,1,0,0
1200012880,06/02/2017,Veritecnica SRL,,1,0,0
1100043641,06/02/2017,Veritecnica SRL,,1,0,0
1100043642,06/02/2017,Veritecnica SRL,,1,0,0
9102007854,06/02/2017,Veritecnica SRL,,0,0,1
1100043643,06/02/2017,Veritecnica SRL,,1,0,0
1100043644,06/02/2017,Veritecnica SRL,,1,0,0
1100043645,06/02/2017,Veritecnica SRL,,1,0,0
1100043646,06/02/2017,Veritecnica SRL,,1,0,0
1100043647,06/02/2017,Veritecnica SRL,,1,0,0
1200012881,06/02/2017,Veritecnica SRL,,1,0,0
1200012882,06/02/2017,Veritecnica SRL,,1,0,0
9202001422,06/02/2017,Veritecnica SRL,,0,0,1
1200012883,06/02/2017,Veritecnica SRL,,1,0,0
1100043648,06/02/2017,Veritecnica SRL,,1,0,0
9102007856,06/02/2017,Veritecnica SRL,,0,1,0
1200012884,06/02/2017,Veritecnica SRL,,1,0,0
1100043649,06/02/2017,Veritecnica SRL,,1,0,0
1100043650,06/02/2017,Veritecnica SRL,,1,0,0
1200012885,06/02/2017,Veritecnica SRL,,1,0,0
1100043651,06/02/2017,Veritecnica SRL,,1,0,0
1100043652,06/02/2017,Veritecnica SRL,,1,0,0
9202001423,06/02/2017,Veritecnica SRL,,0,0,1
1200012886,06/02/2017,Veritecnica SRL,,1,0,0
9202001424,06/02/2017,Veritecnica SRL,,0,0,1
1100043653,06/02/2017,Veritecnica SRL,,1,0,0
1100043654,06/02/2017,Veritecnica SRL,,1,0,0
1100043655,06/02/2017,Veritecnica SRL,,1,0,0
1100043656,06/02/2017,Veritecnica SRL,,1,0,0
1100043657,06/02/2017,Veritecnica SRL,,1,0,0
9102007857,06/02/2017,Veritecnica SRL,,0,1,0
1200012887,06/02/2017,Veritecnica SRL,,1,0,0
1100043658,06/02/2017,Veritecnica SRL,,1,0,0
1100043659,06/02/2017,Veritecnica SRL,,1,0,0
1200012888,06/02/2017,Veritecnica SRL,,1,0,0
9202001425,06/02/2017,Veritecnica SRL,,0,0,1
9202001426,06/02/2017,Veritecnica SRL,,0,0,1
1100043660,06/02/2017,Veritecnica SRL,,1,0,0
1200012889,06/02/2017,Veritecnica SRL,,1,0,0
9102007858,06/02/2017,Veritecnica SRL,,0,0,1
1100043661,06/02/2017,Veritecnica SRL,,1,0,0
9202001427,06/02/2017,Veritecnica SRL,,0,0,1
1200012890,06/02/2017,Veritecnica SRL,,1,0,0
1100043662,06/02/2017,Veritecnica SRL,,1,0,0
1100043663,06/02/2017,Veritecnica SRL,,1,0,0
1100043664,06/02/2017,Veritecnica SRL,,1,0,0
9102007859,06/02/2017,Veritecnica SRL,,0,1,0
9102007860,06/02/2017,Veritecnica SRL,,0,0,1
1100043665,06/02/2017,Veritecnica SRL,,1,0,0
1100043613,06/01/2017,Veritecnica SRL,,1,0,0
