Nrocertificado,Fecha,Idtaller,Dominiovehiculo,Aprobado,RechazadoLeveModerado,RechazadoGrave
1100038369,03/29/2017,Asociación de Bomberos Voluntarios - San Martín de los Andes,,1,0,0
1100038370,03/29/2017,Asociación de Bomberos Voluntarios - San Martín de los Andes,,1,0,0
1100038371,03/29/2017,Asociación de Bomberos Voluntarios - San Martín de los Andes,,1,0,0
1100038372,03/29/2017,Asociación de Bomberos Voluntarios - San Martín de los Andes,,1,0,0
1100038373,03/29/2017,Asociación de Bomberos Voluntarios - San Martín de los Andes,,1,0,0
1100038374,03/29/2017,Asociación de Bomberos Voluntarios - San Martín de los Andes,,1,0,0
1100038375,03/29/2017,Asociación de Bomberos Voluntarios - San Martín de los Andes,,1,0,0
1100038376,03/29/2017,Asociación de Bomberos Voluntarios - San Martín de los Andes,,1,0,0
1100038377,03/29/2017,Asociación de Bomberos Voluntarios - San Martín de los Andes,,1,0,0
1100038378,03/29/2017,Asociación de Bomberos Voluntarios - San Martín de los Andes,,1,0,0
9101002679,03/29/2017,Asociación de Bomberos Voluntarios - San Martín de los Andes,,0,1,0
1100038379,03/29/2017,Asociación de Bomberos Voluntarios - San Martín de los Andes,,1,0,0
1100038380,03/29/2017,Asociación de Bomberos Voluntarios - San Martín de los Andes,,1,0,0
1100038381,03/29/2017,Asociación de Bomberos Voluntarios - San Martín de los Andes,,1,0,0
1100038382,03/29/2017,Asociación de Bomberos Voluntarios - San Martín de los Andes,,1,0,0
1100038383,03/29/2017,Asociación de Bomberos Voluntarios - San Martín de los Andes,,1,0,0
1100038384,03/29/2017,Asociación de Bomberos Voluntarios - San Martín de los Andes,,1,0,0
1100038385,03/29/2017,Asociación de Bomberos Voluntarios - San Martín de los Andes,,1,0,0
1100038386,03/29/2017,Asociación de Bomberos Voluntarios - San Martín de los Andes,,1,0,0
1100038387,03/29/2017,Asociación de Bomberos Voluntarios - San Martín de los Andes,,1,0,0
1100038388,03/29/2017,Asociación de Bomberos Voluntarios - San Martín de los Andes,,1,0,0
1100038389,03/29/2017,Asociación de Bomberos Voluntarios - San Martín de los Andes,,1,0,0
1200011041,03/29/2017,Asociación de Bomberos Voluntarios - San Martín de los Andes,,1,0,0
1100038390,03/29/2017,Asociación de Bomberos Voluntarios - San Martín de los Andes,,1,0,0
1100038391,03/29/2017,Asociación de Bomberos Voluntarios - San Martín de los Andes,,1,0,0
1100038392,03/29/2017,Asociación de Bomberos Voluntarios - San Martín de los Andes,,1,0,0
1100038393,03/29/2017,Asociación de Bomberos Voluntarios - San Martín de los Andes,,1,0,0
9101002680,03/29/2017,Asociación de Bomberos Voluntarios - San Martín de los Andes,,0,1,0
1100038394,03/29/2017,Asociación de Bomberos Voluntarios - San Martín de los Andes,,1,0,0
1100038395,03/29/2017,Asociación de Bomberos Voluntarios - San Martín de los Andes,,1,0,0
1100038396,03/29/2017,Asociación de Bomberos Voluntarios - San Martín de los Andes,,1,0,0
1100038397,03/29/2017,Asociación de Bomberos Voluntarios - San Martín de los Andes,,1,0,0
1100038398,03/29/2017,Asociación de Bomberos Voluntarios - San Martín de los Andes,,1,0,0
1100038399,03/29/2017,Asociación de Bomberos Voluntarios - San Martín de los Andes,,1,0,0
9101002681,03/29/2017,Asociación de Bomberos Voluntarios - San Martín de los Andes,,0,1,0
1100038400,03/29/2017,Asociación de Bomberos Voluntarios - San Martín de los Andes,,1,0,0
9101002682,03/29/2017,Asociación de Bomberos Voluntarios - San Martín de los Andes,,0,1,0
9101002683,03/29/2017,Asociación de Bomberos Voluntarios - San Martín de los Andes,,0,1,0
1100038401,03/29/2017,Asociación de Bomberos Voluntarios - San Martín de los Andes,,1,0,0
1100038402,03/29/2017,Asociación de Bomberos Voluntarios - San Martín de los Andes,,1,0,0
1100038403,03/29/2017,Asociación de Bomberos Voluntarios - San Martín de los Andes,,1,0,0
1100038404,03/29/2017,Asociación de Bomberos Voluntarios - San Martín de los Andes,,1,0,0
9101002684,03/29/2017,Asociación de Bomberos Voluntarios - San Martín de los Andes,,0,1,0
1100038405,03/29/2017,Asociación de Bomberos Voluntarios - San Martín de los Andes,,1,0,0
1100038406,03/29/2017,Asociación de Bomberos Voluntarios - San Martín de los Andes,,1,0,0
1100038407,03/30/2017,Asociación de Bomberos Voluntarios - San Martín de los Andes,,1,0,0
1100038408,03/30/2017,Asociación de Bomberos Voluntarios - San Martín de los Andes,,1,0,0
9101002685,03/30/2017,Asociación de Bomberos Voluntarios - San Martín de los Andes,,0,1,0
1100038409,03/30/2017,Asociación de Bomberos Voluntarios - San Martín de los Andes,,1,0,0
1100038410,03/30/2017,Asociación de Bomberos Voluntarios - San Martín de los Andes,,1,0,0
1100038411,03/30/2017,Asociación de Bomberos Voluntarios - San Martín de los Andes,,1,0,0
1100038412,03/30/2017,Asociación de Bomberos Voluntarios - San Martín de los Andes,,1,0,0
1100038413,03/30/2017,Asociación de Bomberos Voluntarios - San Martín de los Andes,,1,0,0
1100038414,03/30/2017,Asociación de Bomberos Voluntarios - San Martín de los Andes,,1,0,0
1100038415,03/30/2017,Asociación de Bomberos Voluntarios - San Martín de los Andes,,1,0,0
1100038416,03/30/2017,Asociación de Bomberos Voluntarios - San Martín de los Andes,,1,0,0
1100038417,03/30/2017,Asociación de Bomberos Voluntarios - San Martín de los Andes,,1,0,0
1100038418,03/30/2017,Asociación de Bomberos Voluntarios - San Martín de los Andes,,1,0,0
1100038419,03/30/2017,Asociación de Bomberos Voluntarios - San Martín de los Andes,,1,0,0
1100038420,03/30/2017,Asociación de Bomberos Voluntarios - San Martín de los Andes,,1,0,0
1100038421,03/30/2017,Asociación de Bomberos Voluntarios - San Martín de los Andes,,1,0,0
1100038422,03/30/2017,Asociación de Bomberos Voluntarios - San Martín de los Andes,,1,0,0
1100038423,03/30/2017,Asociación de Bomberos Voluntarios - San Martín de los Andes,,1,0,0
1200011042,03/30/2017,Asociación de Bomberos Voluntarios - San Martín de los Andes,,1,0,0
1100038424,03/30/2017,Asociación de Bomberos Voluntarios - San Martín de los Andes,,1,0,0
1100038425,03/30/2017,Asociación de Bomberos Voluntarios - San Martín de los Andes,,1,0,0
1100038426,03/30/2017,Asociación de Bomberos Voluntarios - San Martín de los Andes,,1,0,0
1100038427,03/30/2017,Asociación de Bomberos Voluntarios - San Martín de los Andes,,1,0,0
9201000462,03/30/2017,Asociación de Bomberos Voluntarios - San Martín de los Andes,,0,0,1
1100038428,03/30/2017,Asociación de Bomberos Voluntarios - San Martín de los Andes,,1,0,0
1100038429,03/30/2017,Asociación de Bomberos Voluntarios - San Martín de los Andes,,1,0,0
1100038430,03/30/2017,Asociación de Bomberos Voluntarios - San Martín de los Andes,,1,0,0
1100038431,03/30/2017,Asociación de Bomberos Voluntarios - San Martín de los Andes,,1,0,0
9101002686,03/30/2017,Asociación de Bomberos Voluntarios - San Martín de los Andes,,0,1,0
1100038432,03/30/2017,Asociación de Bomberos Voluntarios - San Martín de los Andes,,1,0,0
1100038433,03/30/2017,Asociación de Bomberos Voluntarios - San Martín de los Andes,,1,0,0
1100038434,03/30/2017,Asociación de Bomberos Voluntarios - San Martín de los Andes,,1,0,0
9101002687,03/30/2017,Asociación de Bomberos Voluntarios - San Martín de los Andes,,0,1,0
1100038435,03/30/2017,Asociación de Bomberos Voluntarios - San Martín de los Andes,,1,0,0
1100038436,03/30/2017,Asociación de Bomberos Voluntarios - San Martín de los Andes,,1,0,0
1100038437,03/30/2017,Asociación de Bomberos Voluntarios - San Martín de los Andes,,1,0,0
9101002688,03/30/2017,Asociación de Bomberos Voluntarios - San Martín de los Andes,,0,1,0
1100038438,03/30/2017,Asociación de Bomberos Voluntarios - San Martín de los Andes,,1,0,0
1100038439,03/30/2017,Asociación de Bomberos Voluntarios - San Martín de los Andes,,1,0,0
1100038440,03/30/2017,Asociación de Bomberos Voluntarios - San Martín de los Andes,,1,0,0
1100038441,03/30/2017,Asociación de Bomberos Voluntarios - San Martín de los Andes,,1,0,0
1100038442,03/30/2017,Asociación de Bomberos Voluntarios - San Martín de los Andes,,1,0,0
9101002689,03/30/2017,Asociación de Bomberos Voluntarios - San Martín de los Andes,,0,1,0
9101002690,03/30/2017,Asociación de Bomberos Voluntarios - San Martín de los Andes,,0,0,1
1100038443,03/30/2017,Asociación de Bomberos Voluntarios - San Martín de los Andes,,1,0,0
1100038821,03/29/2017,Control SRL,,1,0,0
1100038822,03/29/2017,Control SRL,,1,0,0
1100038823,03/29/2017,Control SRL,,1,0,0
1200011939,03/29/2017,Control SRL,,1,0,0
9103002361,03/29/2017,Control SRL,,0,0,1
9203000612,03/29/2017,Control SRL,,0,0,1
9103002362,03/29/2017,Control SRL,,0,0,1
1200011938,03/29/2017,Control SRL,,1,0,0
1100038824,03/29/2017,Control SRL,,1,0,0
1100038825,03/29/2017,Control SRL,,1,0,0
1200011937,03/29/2017,Control SRL,,1,0,0
1100038826,03/29/2017,Control SRL,,1,0,0
1100038827,03/29/2017,Control SRL,,1,0,0
1100038828,03/29/2017,Control SRL,,1,0,0
1100038829,03/29/2017,Control SRL,,1,0,0
1200011936,03/29/2017,Control SRL,,1,0,0
1100038830,03/29/2017,Control SRL,,1,0,0
9103002363,03/29/2017,Control SRL,,0,0,1
1100038832,03/29/2017,Control SRL,,1,0,0
1100038831,03/29/2017,Control SRL,,1,0,0
1100038833,03/29/2017,Control SRL,,1,0,0
1100038834,03/29/2017,Control SRL,,1,0,0
1100038835,03/29/2017,Control SRL,,1,0,0
1100038836,03/29/2017,Control SRL,,1,0,0
1100038837,03/29/2017,Control SRL,,1,0,0
9103002364,03/29/2017,Control SRL,,0,0,1
1100038838,03/29/2017,Control SRL,,1,0,0
1100038839,03/29/2017,Control SRL,,1,0,0
1100038840,03/29/2017,Control SRL,,1,0,0
1100038841,03/29/2017,Control SRL,,1,0,0
1100038842,03/29/2017,Control SRL,,1,0,0
1100038843,03/29/2017,Control SRL,,1,0,0
1100038844,03/29/2017,Control SRL,,1,0,0
1100038845,03/29/2017,Control SRL,,1,0,0
1100038846,03/29/2017,Control SRL,,1,0,0
1100038847,03/29/2017,Control SRL,,1,0,0
1100038848,03/29/2017,Control SRL,,1,0,0
1100038849,03/29/2017,Control SRL,,1,0,0
9103002365,03/29/2017,Control SRL,,0,0,1
1200011935,03/29/2017,Control SRL,,1,0,0
1100038850,03/29/2017,Control SRL,,1,0,0
1100038851,03/29/2017,Control SRL,,1,0,0
1100038853,03/29/2017,Control SRL,,1,0,0
1100038852,03/29/2017,Control SRL,,1,0,0
1100038854,03/30/2017,Control SRL,,1,0,0
1100038855,03/30/2017,Control SRL,,1,0,0
1100038856,03/30/2017,Control SRL,,1,0,0
1100038857,03/30/2017,Control SRL,,1,0,0
9103002366,03/30/2017,Control SRL,,0,0,1
1200011934,03/30/2017,Control SRL,,1,0,0
9103002367,03/30/2017,Control SRL,,0,0,1
1100038858,03/30/2017,Control SRL,,1,0,0
9103002368,03/30/2017,Control SRL,,0,0,1
9103002369,03/30/2017,Control SRL,,0,0,1
1100038859,03/30/2017,Control SRL,,1,0,0
1100038860,03/30/2017,Control SRL,,1,0,0
1100038861,03/30/2017,Control SRL,,1,0,0
1200011933,03/30/2017,Control SRL,,1,0,0
1200011932,03/30/2017,Control SRL,,1,0,0
1100038862,03/30/2017,Control SRL,,1,0,0
1100038863,03/30/2017,Control SRL,,1,0,0
1100038864,03/30/2017,Control SRL,,1,0,0
1100038865,03/30/2017,Control SRL,,1,0,0
1100038866,03/30/2017,Control SRL,,1,0,0
1100038867,03/30/2017,Control SRL,,1,0,0
9103002370,03/30/2017,Control SRL,,0,0,1
1100038868,03/30/2017,Control SRL,,1,0,0
1100038869,03/30/2017,Control SRL,,1,0,0
1100038870,03/30/2017,Control SRL,,1,0,0
1100038871,03/30/2017,Control SRL,,1,0,0
1100038872,03/30/2017,Control SRL,,1,0,0
1200011931,03/30/2017,Control SRL,,1,0,0
1100038873,03/30/2017,Control SRL,,1,0,0
1100038874,03/30/2017,Control SRL,,1,0,0
9103002371,03/30/2017,Control SRL,,0,0,1
1200011930,03/30/2017,Control SRL,,1,0,0
1100038875,03/30/2017,Control SRL,,1,0,0
1100038876,03/30/2017,Control SRL,,1,0,0
1100038877,03/30/2017,Control SRL,,1,0,0
1100038878,03/30/2017,Control SRL,,1,0,0
1100038879,03/30/2017,Control SRL,,1,0,0
1100038880,03/30/2017,Control SRL,,1,0,0
1100038881,03/30/2017,Control SRL,,1,0,0
1100038200,03/29/2017,Veritecnica SRL,,1,0,0
1100038201,03/29/2017,Veritecnica SRL,,1,0,0
1200012068,03/29/2017,Veritecnica SRL,,1,0,0
1100038202,03/29/2017,Veritecnica SRL,,1,0,0
1100038203,03/29/2017,Veritecnica SRL,,1,0,0
9102007318,03/29/2017,Veritecnica SRL,,0,0,1
1100038204,03/29/2017,Veritecnica SRL,,1,0,0
9102007319,03/29/2017,Veritecnica SRL,,0,1,0
1100038205,03/29/2017,Veritecnica SRL,,1,0,0
1200012070,03/29/2017,Veritecnica SRL,,1,0,0
1200012069,03/29/2017,Veritecnica SRL,,1,0,0
1100038206,03/29/2017,Veritecnica SRL,,1,0,0
1100038207,03/29/2017,Veritecnica SRL,,1,0,0
1100038208,03/29/2017,Veritecnica SRL,,1,0,0
1100038209,03/29/2017,Veritecnica SRL,,1,0,0
1100038210,03/29/2017,Veritecnica SRL,,1,0,0
1100038211,03/29/2017,Veritecnica SRL,,1,0,0
1100038212,03/29/2017,Veritecnica SRL,,1,0,0
1100038213,03/29/2017,Veritecnica SRL,,1,0,0
1100038214,03/29/2017,Veritecnica SRL,,1,0,0
1100038215,03/29/2017,Veritecnica SRL,,1,0,0
1200012071,03/29/2017,Veritecnica SRL,,1,0,0
9102007320,03/29/2017,Veritecnica SRL,,0,1,0
1100038216,03/29/2017,Veritecnica SRL,,1,0,0
1100038217,03/29/2017,Veritecnica SRL,,1,0,0
1100038218,03/29/2017,Veritecnica SRL,,1,0,0
1100038219,03/29/2017,Veritecnica SRL,,1,0,0
1100038220,03/29/2017,Veritecnica SRL,,1,0,0
1200012072,03/29/2017,Veritecnica SRL,,1,0,0
1200012073,03/29/2017,Veritecnica SRL,,1,0,0
1100038221,03/29/2017,Veritecnica SRL,,1,0,0
1100038222,03/29/2017,Veritecnica SRL,,1,0,0
1100038223,03/29/2017,Veritecnica SRL,,1,0,0
9102007321,03/29/2017,Veritecnica SRL,,0,1,0
1100037132,03/29/2017,Veritecnica SRL,,1,0,0
9102007322,03/29/2017,Veritecnica SRL,,0,1,0
1100038224,03/29/2017,Veritecnica SRL,,1,0,0
1100038225,03/29/2017,Veritecnica SRL,,1,0,0
1100038226,03/29/2017,Veritecnica SRL,,1,0,0
1100038227,03/29/2017,Veritecnica SRL,,1,0,0
1200012074,03/29/2017,Veritecnica SRL,,1,0,0
1100038228,03/29/2017,Veritecnica SRL,,1,0,0
1200012075,03/29/2017,Veritecnica SRL,,1,0,0
1100038229,03/29/2017,Veritecnica SRL,,1,0,0
1100038230,03/29/2017,Veritecnica SRL,,1,0,0
1100038231,03/29/2017,Veritecnica SRL,,1,0,0
1100038232,03/29/2017,Veritecnica SRL,,1,0,0
1100038233,03/29/2017,Veritecnica SRL,,1,0,0
1200012076,03/29/2017,Veritecnica SRL,,1,0,0
9202001309,03/29/2017,Veritecnica SRL,,0,0,1
1100038234,03/29/2017,Veritecnica SRL,,1,0,0
1100038235,03/29/2017,Veritecnica SRL,,1,0,0
1100038236,03/29/2017,Veritecnica SRL,,1,0,0
1100038237,03/29/2017,Veritecnica SRL,,1,0,0
1100038238,03/29/2017,Veritecnica SRL,,1,0,0
9102007323,03/29/2017,Veritecnica SRL,,0,0,1
1100038239,03/29/2017,Veritecnica SRL,,1,0,0
1100038240,03/29/2017,Veritecnica SRL,,1,0,0
9102007324,03/29/2017,Veritecnica SRL,,0,1,0
1100038241,03/29/2017,Veritecnica SRL,,1,0,0
9102007325,03/29/2017,Veritecnica SRL,,0,1,0
9102007326,03/29/2017,Veritecnica SRL,,0,1,0
1200012077,03/29/2017,Veritecnica SRL,,1,0,0
1200012078,03/29/2017,Veritecnica SRL,,1,0,0
9102007327,03/29/2017,Veritecnica SRL,,0,1,0
9102007328,03/29/2017,Veritecnica SRL,,0,0,1
1100038242,03/30/2017,Veritecnica SRL,,1,0,0
1100038243,03/30/2017,Veritecnica SRL,,1,0,0
1100038244,03/30/2017,Veritecnica SRL,,1,0,0
9102007329,03/30/2017,Veritecnica SRL,,0,1,0
9102007330,03/30/2017,Veritecnica SRL,,0,1,0
1100038245,03/30/2017,Veritecnica SRL,,1,0,0
9102007331,03/30/2017,Veritecnica SRL,,0,1,0
1100038246,03/30/2017,Veritecnica SRL,,1,0,0
1100038247,03/30/2017,Veritecnica SRL,,1,0,0
1100038248,03/30/2017,Veritecnica SRL,,1,0,0
1200012079,03/30/2017,Veritecnica SRL,,1,0,0
1100038250,03/30/2017,Veritecnica SRL,,1,0,0
1100038249,03/30/2017,Veritecnica SRL,,1,0,0
1100039001,03/30/2017,Veritecnica SRL,,1,0,0
1100039002,03/30/2017,Veritecnica SRL,,1,0,0
1100039004,03/30/2017,Veritecnica SRL,,1,0,0
1100039003,03/30/2017,Veritecnica SRL,,1,0,0
1100039005,03/30/2017,Veritecnica SRL,,1,0,0
1100039007,03/30/2017,Veritecnica SRL,,1,0,0
1100039006,03/30/2017,Veritecnica SRL,,1,0,0
1100039008,03/30/2017,Veritecnica SRL,,1,0,0
1100039009,03/30/2017,Veritecnica SRL,,1,0,0
9102007332,03/30/2017,Veritecnica SRL,,0,0,1
1100039010,03/30/2017,Veritecnica SRL,,1,0,0
1100039011,03/30/2017,Veritecnica SRL,,1,0,0
1100039012,03/30/2017,Veritecnica SRL,,1,0,0
1100039013,03/30/2017,Veritecnica SRL,,1,0,0
1100039014,03/30/2017,Veritecnica SRL,,1,0,0
1100039015,03/30/2017,Veritecnica SRL,,1,0,0
1100039016,03/30/2017,Veritecnica SRL,,1,0,0
1100039017,03/30/2017,Veritecnica SRL,,1,0,0
9102007333,03/30/2017,Veritecnica SRL,,0,0,1
1100039018,03/30/2017,Veritecnica SRL,,1,0,0
1100039019,03/30/2017,Veritecnica SRL,,1,0,0
1200012080,03/30/2017,Veritecnica SRL,,1,0,0
1200012081,03/30/2017,Veritecnica SRL,,1,0,0
1200012082,03/30/2017,Veritecnica SRL,,1,0,0
1100039020,03/30/2017,Veritecnica SRL,,1,0,0
1200012083,03/30/2017,Veritecnica SRL,,1,0,0
1200012084,03/30/2017,Veritecnica SRL,,1,0,0
1100039021,03/30/2017,Veritecnica SRL,,1,0,0
9202001310,03/30/2017,Veritecnica SRL,,0,0,1
1100039022,03/30/2017,Veritecnica SRL,,1,0,0
9102007334,03/30/2017,Veritecnica SRL,,0,1,0
9102007335,03/30/2017,Veritecnica SRL,,0,1,0
1200012085,03/30/2017,Veritecnica SRL,,1,0,0
1200012086,03/30/2017,Veritecnica SRL,,1,0,0
1100039023,03/30/2017,Veritecnica SRL,,1,0,0
1100039024,03/30/2017,Veritecnica SRL,,1,0,0
1100039025,03/30/2017,Veritecnica SRL,,1,0,0
1100039026,03/30/2017,Veritecnica SRL,,1,0,0
9102007336,03/30/2017,Veritecnica SRL,,0,0,1
1100039027,03/30/2017,Veritecnica SRL,,1,0,0
9102007337,03/30/2017,Veritecnica SRL,,0,1,0
9102007338,03/30/2017,Veritecnica SRL,,0,1,0
9102007339,03/30/2017,Veritecnica SRL,,0,1,0
1100039028,03/30/2017,Veritecnica SRL,,1,0,0
1100039029,03/30/2017,Veritecnica SRL,,1,0,0
1100039030,03/30/2017,Veritecnica SRL,,1,0,0
1100039031,03/30/2017,Veritecnica SRL,,1,0,0
9102007340,03/30/2017,Veritecnica SRL,,0,0,1
1100039032,03/30/2017,Veritecnica SRL,,1,0,0
1100039033,03/30/2017,Veritecnica SRL,,1,0,0
1100039034,03/30/2017,Veritecnica SRL,,1,0,0
1100039035,03/30/2017,Veritecnica SRL,,1,0,0
9102007341,03/30/2017,Veritecnica SRL,,0,1,0
1100039036,03/30/2017,Veritecnica SRL,,1,0,0
1200012087,03/30/2017,Veritecnica SRL,,1,0,0
1200012088,03/30/2017,Veritecnica SRL,,1,0,0
1100039037,03/30/2017,Veritecnica SRL,,1,0,0
1100039038,03/30/2017,Veritecnica SRL,,1,0,0
1100039039,03/30/2017,Veritecnica SRL,,1,0,0
1100039040,03/30/2017,Veritecnica SRL,,1,0,0
1100039041,03/30/2017,Veritecnica SRL,,1,0,0
9202001311,03/30/2017,Veritecnica SRL,,0,0,1
1100039042,03/30/2017,Veritecnica SRL,,1,0,0
1100039043,03/30/2017,Veritecnica SRL,,1,0,0
1100039044,03/30/2017,Veritecnica SRL,,1,0,0
1100039045,03/30/2017,Veritecnica SRL,,1,0,0
1100039046,03/30/2017,Veritecnica SRL,,1,0,0
1100039047,03/30/2017,Veritecnica SRL,,1,0,0
9102007342,03/30/2017,Veritecnica SRL,,0,0,1
1100039048,03/30/2017,Veritecnica SRL,,1,0,0
1100039049,03/30/2017,Veritecnica SRL,,1,0,0
9202001312,03/30/2017,Veritecnica SRL,,0,0,1
1100039050,03/30/2017,Veritecnica SRL,,1,0,0
1100039051,03/30/2017,Veritecnica SRL,,1,0,0
1100039052,03/30/2017,Veritecnica SRL,,1,0,0
1100039053,03/30/2017,Veritecnica SRL,,1,0,0
1200012089,03/30/2017,Veritecnica SRL,,1,0,0
