Nrocertificado,Fecha,Idtaller,Dominiovehiculo,Aprobado,RechazadoLeveModerado,RechazadoGrave
1100034977,02/07/2017,Asociación de Bomberos Voluntarios - San Martín de los Andes,,1,0,0
1100034978,02/07/2017,Asociación de Bomberos Voluntarios - San Martín de los Andes,,1,0,0
9101002495,02/07/2017,Asociación de Bomberos Voluntarios - San Martín de los Andes,,0,1,0
1100034979,02/07/2017,Asociación de Bomberos Voluntarios - San Martín de los Andes,,1,0,0
1100034980,02/07/2017,Asociación de Bomberos Voluntarios - San Martín de los Andes,,1,0,0
9101002496,02/07/2017,Asociación de Bomberos Voluntarios - San Martín de los Andes,,0,0,1
9101002497,02/07/2017,Asociación de Bomberos Voluntarios - San Martín de los Andes,,0,1,0
9101002498,02/07/2017,Asociación de Bomberos Voluntarios - San Martín de los Andes,,0,1,0
9101002499,02/07/2017,Asociación de Bomberos Voluntarios - San Martín de los Andes,,0,1,0
1100034981,02/07/2017,Asociación de Bomberos Voluntarios - San Martín de los Andes,,1,0,0
1100034982,02/07/2017,Asociación de Bomberos Voluntarios - San Martín de los Andes,,1,0,0
1100034983,02/07/2017,Asociación de Bomberos Voluntarios - San Martín de los Andes,,1,0,0
1100034984,02/07/2017,Asociación de Bomberos Voluntarios - San Martín de los Andes,,1,0,0
9101002500,02/07/2017,Asociación de Bomberos Voluntarios - San Martín de los Andes,,0,1,0
9101002501,02/07/2017,Asociación de Bomberos Voluntarios - San Martín de los Andes,,0,1,0
1100034985,02/07/2017,Asociación de Bomberos Voluntarios - San Martín de los Andes,,1,0,0
1100034986,02/07/2017,Asociación de Bomberos Voluntarios - San Martín de los Andes,,1,0,0
1100034987,02/07/2017,Asociación de Bomberos Voluntarios - San Martín de los Andes,,1,0,0
1100034988,02/07/2017,Asociación de Bomberos Voluntarios - San Martín de los Andes,,1,0,0
1100034989,02/07/2017,Asociación de Bomberos Voluntarios - San Martín de los Andes,,1,0,0
9101002502,02/07/2017,Asociación de Bomberos Voluntarios - San Martín de los Andes,,0,1,0
1100034990,02/07/2017,Asociación de Bomberos Voluntarios - San Martín de los Andes,,1,0,0
1100034991,02/07/2017,Asociación de Bomberos Voluntarios - San Martín de los Andes,,1,0,0
9101002503,02/07/2017,Asociación de Bomberos Voluntarios - San Martín de los Andes,,0,1,0
9101002504,02/07/2017,Asociación de Bomberos Voluntarios - San Martín de los Andes,,0,1,0
1100034992,02/07/2017,Asociación de Bomberos Voluntarios - San Martín de los Andes,,1,0,0
1100034993,02/07/2017,Asociación de Bomberos Voluntarios - San Martín de los Andes,,1,0,0
9101002505,02/07/2017,Asociación de Bomberos Voluntarios - San Martín de los Andes,,0,0,1
9101002506,02/07/2017,Asociación de Bomberos Voluntarios - San Martín de los Andes,,0,0,1
9101002507,02/07/2017,Asociación de Bomberos Voluntarios - San Martín de los Andes,,0,1,0
9201000443,02/07/2017,Asociación de Bomberos Voluntarios - San Martín de los Andes,,0,0,1
1100034994,02/07/2017,Asociación de Bomberos Voluntarios - San Martín de los Andes,,1,0,0
1100034995,02/07/2017,Asociación de Bomberos Voluntarios - San Martín de los Andes,,1,0,0
1100034996,02/07/2017,Asociación de Bomberos Voluntarios - San Martín de los Andes,,1,0,0
1100034997,02/07/2017,Asociación de Bomberos Voluntarios - San Martín de los Andes,,1,0,0
1100034998,02/07/2017,Asociación de Bomberos Voluntarios - San Martín de los Andes,,1,0,0
1100034999,02/07/2017,Asociación de Bomberos Voluntarios - San Martín de los Andes,,1,0,0
1100035000,02/07/2017,Asociación de Bomberos Voluntarios - San Martín de los Andes,,1,0,0
1100035501,02/07/2017,Asociación de Bomberos Voluntarios - San Martín de los Andes,,1,0,0
1100035502,02/07/2017,Asociación de Bomberos Voluntarios - San Martín de los Andes,,1,0,0
9101002508,02/08/2017,Asociación de Bomberos Voluntarios - San Martín de los Andes,,0,1,0
1100035503,02/08/2017,Asociación de Bomberos Voluntarios - San Martín de los Andes,,1,0,0
1100035504,02/08/2017,Asociación de Bomberos Voluntarios - San Martín de los Andes,,1,0,0
1100035505,02/08/2017,Asociación de Bomberos Voluntarios - San Martín de los Andes,,1,0,0
1200010173,02/08/2017,Asociación de Bomberos Voluntarios - San Martín de los Andes,,1,0,0
9201000444,02/08/2017,Asociación de Bomberos Voluntarios - San Martín de los Andes,,0,0,1
1100035506,02/08/2017,Asociación de Bomberos Voluntarios - San Martín de los Andes,,1,0,0
1100035507,02/08/2017,Asociación de Bomberos Voluntarios - San Martín de los Andes,,1,0,0
1200010174,02/08/2017,Asociación de Bomberos Voluntarios - San Martín de los Andes,,1,0,0
1200010175,02/08/2017,Asociación de Bomberos Voluntarios - San Martín de los Andes,,1,0,0
1100035508,02/08/2017,Asociación de Bomberos Voluntarios - San Martín de los Andes,,1,0,0
1100035509,02/08/2017,Asociación de Bomberos Voluntarios - San Martín de los Andes,,1,0,0
9101002509,02/08/2017,Asociación de Bomberos Voluntarios - San Martín de los Andes,,0,1,0
1100035510,02/08/2017,Asociación de Bomberos Voluntarios - San Martín de los Andes,,1,0,0
9101002510,02/08/2017,Asociación de Bomberos Voluntarios - San Martín de los Andes,,0,1,0
9101002511,02/08/2017,Asociación de Bomberos Voluntarios - San Martín de los Andes,,0,1,0
1100035511,02/08/2017,Asociación de Bomberos Voluntarios - San Martín de los Andes,,1,0,0
9101002512,02/08/2017,Asociación de Bomberos Voluntarios - San Martín de los Andes,,0,1,0
1100035512,02/08/2017,Asociación de Bomberos Voluntarios - San Martín de los Andes,,1,0,0
9101002513,02/08/2017,Asociación de Bomberos Voluntarios - San Martín de los Andes,,0,1,0
1100035513,02/08/2017,Asociación de Bomberos Voluntarios - San Martín de los Andes,,1,0,0
1100035514,02/08/2017,Asociación de Bomberos Voluntarios - San Martín de los Andes,,1,0,0
1100035515,02/08/2017,Asociación de Bomberos Voluntarios - San Martín de los Andes,,1,0,0
9101002514,02/08/2017,Asociación de Bomberos Voluntarios - San Martín de los Andes,,0,0,1
1100035516,02/08/2017,Asociación de Bomberos Voluntarios - San Martín de los Andes,,1,0,0
1100035517,02/08/2017,Asociación de Bomberos Voluntarios - San Martín de los Andes,,1,0,0
1100035518,02/08/2017,Asociación de Bomberos Voluntarios - San Martín de los Andes,,1,0,0
1100035519,02/08/2017,Asociación de Bomberos Voluntarios - San Martín de los Andes,,1,0,0
1100035520,02/08/2017,Asociación de Bomberos Voluntarios - San Martín de los Andes,,1,0,0
1100035521,02/08/2017,Asociación de Bomberos Voluntarios - San Martín de los Andes,,1,0,0
9101002515,02/08/2017,Asociación de Bomberos Voluntarios - San Martín de los Andes,,0,1,0
9101002516,02/08/2017,Asociación de Bomberos Voluntarios - San Martín de los Andes,,0,1,0
1100035522,02/08/2017,Asociación de Bomberos Voluntarios - San Martín de los Andes,,1,0,0
1100035523,02/08/2017,Asociación de Bomberos Voluntarios - San Martín de los Andes,,1,0,0
1100035524,02/08/2017,Asociación de Bomberos Voluntarios - San Martín de los Andes,,1,0,0
1100035525,02/08/2017,Asociación de Bomberos Voluntarios - San Martín de los Andes,,1,0,0
1100035526,02/08/2017,Asociación de Bomberos Voluntarios - San Martín de los Andes,,1,0,0
1100035527,02/08/2017,Asociación de Bomberos Voluntarios - San Martín de los Andes,,1,0,0
1100035528,02/08/2017,Asociación de Bomberos Voluntarios - San Martín de los Andes,,1,0,0
1100035529,02/08/2017,Asociación de Bomberos Voluntarios - San Martín de los Andes,,1,0,0
1100033454,02/07/2017,Control SRL,,1,0,0
1200011196,02/07/2017,Control SRL,,1,0,0
1100033455,02/07/2017,Control SRL,,1,0,0
1100033456,02/07/2017,Control SRL,,1,0,0
1100033457,02/07/2017,Control SRL,,1,0,0
1100033458,02/07/2017,Control SRL,,1,0,0
9103002197,02/07/2017,Control SRL,,0,0,1
1200011301,02/07/2017,Control SRL,,1,0,0
1100033459,02/07/2017,Control SRL,,1,0,0
1100033460,02/07/2017,Control SRL,,1,0,0
1100033461,02/07/2017,Control SRL,,1,0,0
1100033462,02/07/2017,Control SRL,,1,0,0
1100033463,02/07/2017,Control SRL,,1,0,0
1100033464,02/07/2017,Control SRL,,1,0,0
1100033465,02/07/2017,Control SRL,,1,0,0
1100033466,02/07/2017,Control SRL,,1,0,0
1200011302,02/07/2017,Control SRL,,1,0,0
1200011303,02/07/2017,Control SRL,,1,0,0
1100033468,02/07/2017,Control SRL,,1,0,0
1100033467,02/07/2017,Control SRL,,1,0,0
1200011304,02/07/2017,Control SRL,,1,0,0
1100033469,02/07/2017,Control SRL,,1,0,0
1100033470,02/07/2017,Control SRL,,1,0,0
1100033471,02/07/2017,Control SRL,,1,0,0
9103002198,02/07/2017,Control SRL,,0,0,1
1100033472,02/07/2017,Control SRL,,1,0,0
1200011305,02/07/2017,Control SRL,,1,0,0
1200011306,02/07/2017,Control SRL,,1,0,0
1200011307,02/07/2017,Control SRL,,1,0,0
1100033473,02/07/2017,Control SRL,,1,0,0
1100033474,02/07/2017,Control SRL,,1,0,0
1100033475,02/07/2017,Control SRL,,1,0,0
9103002199,02/07/2017,Control SRL,,0,0,1
1100033476,02/07/2017,Control SRL,,1,0,0
1100033477,02/07/2017,Control SRL,,1,0,0
1100033478,02/07/2017,Control SRL,,1,0,0
9103002200,02/07/2017,Control SRL,,0,0,1
1100033479,02/07/2017,Control SRL,,1,0,0
1200011308,02/07/2017,Control SRL,,1,0,0
9103002201,02/07/2017,Control SRL,,0,0,1
1100033480,02/07/2017,Control SRL,,1,0,0
1100033481,02/07/2017,Control SRL,,1,0,0
1100033482,02/07/2017,Control SRL,,1,0,0
1100033483,02/07/2017,Control SRL,,1,0,0
1100033484,02/08/2017,Control SRL,,1,0,0
1100033485,02/08/2017,Control SRL,,1,0,0
1100033486,02/08/2017,Control SRL,,1,0,0
1100033487,02/08/2017,Control SRL,,1,0,0
1100033488,02/08/2017,Control SRL,,1,0,0
1100033489,02/08/2017,Control SRL,,1,0,0
1100033490,02/08/2017,Control SRL,,1,0,0
1100033491,02/08/2017,Control SRL,,1,0,0
1100033492,02/08/2017,Control SRL,,1,0,0
1100033493,02/08/2017,Control SRL,,1,0,0
1100033494,02/08/2017,Control SRL,,1,0,0
1100033495,02/08/2017,Control SRL,,1,0,0
1200011310,02/08/2017,Control SRL,,1,0,0
9203000584,02/08/2017,Control SRL,,0,0,1
1100033496,02/08/2017,Control SRL,,1,0,0
1100033498,02/08/2017,Control SRL,,1,0,0
1100033497,02/08/2017,Control SRL,,1,0,0
1100033499,02/08/2017,Control SRL,,1,0,0
1100033500,02/08/2017,Control SRL,,1,0,0
9103002202,02/08/2017,Control SRL,,0,0,1
1200011311,02/08/2017,Control SRL,,1,0,0
1100034001,02/08/2017,Control SRL,,1,0,0
1100034002,02/08/2017,Control SRL,,1,0,0
1100034003,02/08/2017,Control SRL,,1,0,0
1100034004,02/08/2017,Control SRL,,1,0,0
1100034005,02/08/2017,Control SRL,,1,0,0
1200011312,02/08/2017,Control SRL,,1,0,0
9103002203,02/08/2017,Control SRL,,0,0,1
1100034006,02/08/2017,Control SRL,,1,0,0
1100034011,02/08/2017,Control SRL,,1,0,0
1100034007,02/08/2017,Control SRL,,1,0,0
1100034008,02/08/2017,Control SRL,,1,0,0
1100034010,02/08/2017,Control SRL,,1,0,0
1100034009,02/08/2017,Control SRL,,1,0,0
1200011313,02/08/2017,Control SRL,,1,0,0
1100034013,02/08/2017,Control SRL,,1,0,0
1100034014,02/08/2017,Control SRL,,1,0,0
1100034015,02/08/2017,Control SRL,,1,0,0
1100034016,02/08/2017,Control SRL,,1,0,0
1100034012,02/08/2017,Control SRL,,1,0,0
9103002204,02/08/2017,Control SRL,,0,0,1
1100034017,02/08/2017,Control SRL,,1,0,0
1100034018,02/08/2017,Control SRL,,1,0,0
1200011314,02/08/2017,Control SRL,,1,0,0
1100035394,02/07/2017,Veritecnica SRL,,1,0,0
9102006857,02/07/2017,Veritecnica SRL,,0,1,0
9102006858,02/07/2017,Veritecnica SRL,,0,0,1
1100035395,02/07/2017,Veritecnica SRL,,1,0,0
1200011454,02/07/2017,Veritecnica SRL,,1,0,0
9102006859,02/07/2017,Veritecnica SRL,,0,1,0
1200011455,02/07/2017,Veritecnica SRL,,1,0,0
1100035397,02/07/2017,Veritecnica SRL,,1,0,0
1100035398,02/07/2017,Veritecnica SRL,,1,0,0
1200011456,02/07/2017,Veritecnica SRL,,1,0,0
1100035396,02/07/2017,Veritecnica SRL,,1,0,0
1200011457,02/07/2017,Veritecnica SRL,,1,0,0
1100035399,02/07/2017,Veritecnica SRL,,1,0,0
1100035400,02/07/2017,Veritecnica SRL,,1,0,0
1100035401,02/07/2017,Veritecnica SRL,,1,0,0
1100035402,02/07/2017,Veritecnica SRL,,1,0,0
1100035403,02/07/2017,Veritecnica SRL,,1,0,0
9202001200,02/07/2017,Veritecnica SRL,,0,0,1
9102006860,02/07/2017,Veritecnica SRL,,0,1,0
1100035404,02/07/2017,Veritecnica SRL,,1,0,0
9102006861,02/07/2017,Veritecnica SRL,,0,1,0
1100035405,02/07/2017,Veritecnica SRL,,1,0,0
1100035406,02/07/2017,Veritecnica SRL,,1,0,0
9102006862,02/07/2017,Veritecnica SRL,,0,1,0
1100035407,02/07/2017,Veritecnica SRL,,1,0,0
1100035408,02/07/2017,Veritecnica SRL,,1,0,0
1200011458,02/07/2017,Veritecnica SRL,,1,0,0
1100035409,02/07/2017,Veritecnica SRL,,1,0,0
1100035410,02/07/2017,Veritecnica SRL,,1,0,0
9102006863,02/07/2017,Veritecnica SRL,,0,0,1
1100035411,02/07/2017,Veritecnica SRL,,1,0,0
1100035412,02/07/2017,Veritecnica SRL,,1,0,0
9102006864,02/07/2017,Veritecnica SRL,,0,1,0
1100035413,02/07/2017,Veritecnica SRL,,1,0,0
1100035414,02/07/2017,Veritecnica SRL,,1,0,0
1100035415,02/07/2017,Veritecnica SRL,,1,0,0
1100035416,02/07/2017,Veritecnica SRL,,1,0,0
1100035417,02/07/2017,Veritecnica SRL,,1,0,0
1200011459,02/07/2017,Veritecnica SRL,,1,0,0
1100035418,02/07/2017,Veritecnica SRL,,1,0,0
1100035419,02/07/2017,Veritecnica SRL,,1,0,0
9102006865,02/07/2017,Veritecnica SRL,,0,0,1
9102006866,02/07/2017,Veritecnica SRL,,0,1,0
1200011460,02/07/2017,Veritecnica SRL,,1,0,0
1100035420,02/07/2017,Veritecnica SRL,,1,0,0
1100035421,02/07/2017,Veritecnica SRL,,1,0,0
1100035422,02/07/2017,Veritecnica SRL,,1,0,0
9102006867,02/07/2017,Veritecnica SRL,,0,1,0
9102006868,02/07/2017,Veritecnica SRL,,0,1,0
1100035423,02/07/2017,Veritecnica SRL,,1,0,0
1100035424,02/07/2017,Veritecnica SRL,,1,0,0
1100035425,02/07/2017,Veritecnica SRL,,1,0,0
1100035426,02/07/2017,Veritecnica SRL,,1,0,0
1200011461,02/07/2017,Veritecnica SRL,,1,0,0
1100035427,02/07/2017,Veritecnica SRL,,1,0,0
1100035428,02/07/2017,Veritecnica SRL,,1,0,0
1100035429,02/07/2017,Veritecnica SRL,,1,0,0
1100035430,02/07/2017,Veritecnica SRL,,1,0,0
1100035431,02/07/2017,Veritecnica SRL,,1,0,0
9102006869,02/07/2017,Veritecnica SRL,,0,1,0
1200011462,02/07/2017,Veritecnica SRL,,1,0,0
9202001201,02/07/2017,Veritecnica SRL,,0,0,1
1100035432,02/07/2017,Veritecnica SRL,,1,0,0
1200011463,02/07/2017,Veritecnica SRL,,1,0,0
1200011464,02/07/2017,Veritecnica SRL,,1,0,0
1100035433,02/07/2017,Veritecnica SRL,,1,0,0
9102006870,02/07/2017,Veritecnica SRL,,0,1,0
1100035434,02/07/2017,Veritecnica SRL,,1,0,0
1200011465,02/07/2017,Veritecnica SRL,,1,0,0
1100035435,02/07/2017,Veritecnica SRL,,1,0,0
1100035436,02/07/2017,Veritecnica SRL,,1,0,0
1100035437,02/08/2017,Veritecnica SRL,,1,0,0
9102006871,02/08/2017,Veritecnica SRL,,0,1,0
1100035438,02/08/2017,Veritecnica SRL,,1,0,0
1200011466,02/08/2017,Veritecnica SRL,,1,0,0
9102006872,02/08/2017,Veritecnica SRL,,0,1,0
1100035439,02/08/2017,Veritecnica SRL,,1,0,0
1100035440,02/08/2017,Veritecnica SRL,,1,0,0
1100035441,02/08/2017,Veritecnica SRL,,1,0,0
1100035442,02/08/2017,Veritecnica SRL,,1,0,0
1100035443,02/08/2017,Veritecnica SRL,,1,0,0
1200011467,02/08/2017,Veritecnica SRL,,1,0,0
1100035444,02/08/2017,Veritecnica SRL,,1,0,0
1100035445,02/08/2017,Veritecnica SRL,,1,0,0
1100035446,02/08/2017,Veritecnica SRL,,1,0,0
1200011468,02/08/2017,Veritecnica SRL,,1,0,0
1200011469,02/08/2017,Veritecnica SRL,,1,0,0
1100035447,02/08/2017,Veritecnica SRL,,1,0,0
1100035448,02/08/2017,Veritecnica SRL,,1,0,0
1100035449,02/08/2017,Veritecnica SRL,,1,0,0
1100035450,02/08/2017,Veritecnica SRL,,1,0,0
1100035451,02/08/2017,Veritecnica SRL,,1,0,0
9102006873,02/08/2017,Veritecnica SRL,,0,0,1
1100035452,02/08/2017,Veritecnica SRL,,1,0,0
1100035453,02/08/2017,Veritecnica SRL,,1,0,0
1100035454,02/08/2017,Veritecnica SRL,,1,0,0
1100035455,02/08/2017,Veritecnica SRL,,1,0,0
1100035456,02/08/2017,Veritecnica SRL,,1,0,0
9102006874,02/08/2017,Veritecnica SRL,,0,1,0
9102006875,02/08/2017,Veritecnica SRL,,0,1,0
9102006876,02/08/2017,Veritecnica SRL,,0,1,0
1100035457,02/08/2017,Veritecnica SRL,,1,0,0
1100035458,02/08/2017,Veritecnica SRL,,1,0,0
1100035459,02/08/2017,Veritecnica SRL,,1,0,0
1100035460,02/08/2017,Veritecnica SRL,,1,0,0
1100035461,02/08/2017,Veritecnica SRL,,1,0,0
1100035462,02/08/2017,Veritecnica SRL,,1,0,0
1100035463,02/08/2017,Veritecnica SRL,,1,0,0
1100035464,02/08/2017,Veritecnica SRL,,1,0,0
9102006877,02/08/2017,Veritecnica SRL,,0,1,0
1100035465,02/08/2017,Veritecnica SRL,,1,0,0
9102006878,02/08/2017,Veritecnica SRL,,0,1,0
9102006879,02/08/2017,Veritecnica SRL,,0,1,0
1100035466,02/08/2017,Veritecnica SRL,,1,0,0
1100035467,02/08/2017,Veritecnica SRL,,1,0,0
9102006880,02/08/2017,Veritecnica SRL,,0,1,0
1200011470,02/08/2017,Veritecnica SRL,,1,0,0
1100035468,02/08/2017,Veritecnica SRL,,1,0,0
9102006881,02/08/2017,Veritecnica SRL,,0,1,0
1200011471,02/08/2017,Veritecnica SRL,,1,0,0
1200011472,02/08/2017,Veritecnica SRL,,1,0,0
