Nrocertificado,Fecha,Idtaller,Dominiovehiculo,Aprobado,RechazadoLeveModerado,RechazadoGrave
1100034847,01/27/2017,Asociación de Bomberos Voluntarios - San Martín de los Andes,,1,0,0
1100034848,01/27/2017,Asociación de Bomberos Voluntarios - San Martín de los Andes,,1,0,0
9201000438,01/27/2017,Asociación de Bomberos Voluntarios - San Martín de los Andes,,0,1,0
1100034849,01/27/2017,Asociación de Bomberos Voluntarios - San Martín de los Andes,,1,0,0
1100034850,01/27/2017,Asociación de Bomberos Voluntarios - San Martín de los Andes,,1,0,0
1100034851,01/27/2017,Asociación de Bomberos Voluntarios - San Martín de los Andes,,1,0,0
9201000439,01/27/2017,Asociación de Bomberos Voluntarios - San Martín de los Andes,,0,1,0
1100034852,01/27/2017,Asociación de Bomberos Voluntarios - San Martín de los Andes,,1,0,0
9101002468,01/27/2017,Asociación de Bomberos Voluntarios - San Martín de los Andes,,0,1,0
1100034853,01/27/2017,Asociación de Bomberos Voluntarios - San Martín de los Andes,,1,0,0
1100034854,01/27/2017,Asociación de Bomberos Voluntarios - San Martín de los Andes,,1,0,0
9101002469,01/27/2017,Asociación de Bomberos Voluntarios - San Martín de los Andes,,0,0,1
1100034855,01/27/2017,Asociación de Bomberos Voluntarios - San Martín de los Andes,,1,0,0
1100034856,01/27/2017,Asociación de Bomberos Voluntarios - San Martín de los Andes,,1,0,0
1100034857,01/27/2017,Asociación de Bomberos Voluntarios - San Martín de los Andes,,1,0,0
9101002470,01/27/2017,Asociación de Bomberos Voluntarios - San Martín de los Andes,,0,1,0
1100034858,01/27/2017,Asociación de Bomberos Voluntarios - San Martín de los Andes,,1,0,0
9201000440,01/27/2017,Asociación de Bomberos Voluntarios - San Martín de los Andes,,0,1,0
1100034859,01/27/2017,Asociación de Bomberos Voluntarios - San Martín de los Andes,,1,0,0
1100034860,01/27/2017,Asociación de Bomberos Voluntarios - San Martín de los Andes,,1,0,0
1200010162,01/27/2017,Asociación de Bomberos Voluntarios - San Martín de los Andes,,1,0,0
1100034861,01/27/2017,Asociación de Bomberos Voluntarios - San Martín de los Andes,,1,0,0
1100034862,01/27/2017,Asociación de Bomberos Voluntarios - San Martín de los Andes,,1,0,0
1200010163,01/27/2017,Asociación de Bomberos Voluntarios - San Martín de los Andes,,1,0,0
9101002471,01/27/2017,Asociación de Bomberos Voluntarios - San Martín de los Andes,,0,1,0
1100034863,01/27/2017,Asociación de Bomberos Voluntarios - San Martín de los Andes,,1,0,0
1100034864,01/28/2017,Asociación de Bomberos Voluntarios - San Martín de los Andes,,1,0,0
1100034865,01/28/2017,Asociación de Bomberos Voluntarios - San Martín de los Andes,,1,0,0
1100034866,01/28/2017,Asociación de Bomberos Voluntarios - San Martín de los Andes,,1,0,0
1100034867,01/28/2017,Asociación de Bomberos Voluntarios - San Martín de los Andes,,1,0,0
1200010164,01/28/2017,Asociación de Bomberos Voluntarios - San Martín de los Andes,,1,0,0
1200010165,01/28/2017,Asociación de Bomberos Voluntarios - San Martín de los Andes,,1,0,0
1100034868,01/28/2017,Asociación de Bomberos Voluntarios - San Martín de los Andes,,1,0,0
9101002472,01/28/2017,Asociación de Bomberos Voluntarios - San Martín de los Andes,,0,1,0
1100032983,01/27/2017,Control SRL,,1,0,0
1100032984,01/27/2017,Control SRL,,1,0,0
1100032982,01/27/2017,Control SRL,,1,0,0
1100032985,01/27/2017,Control SRL,,1,0,0
1100032986,01/27/2017,Control SRL,,1,0,0
1100032987,01/27/2017,Control SRL,,1,0,0
9103002150,01/27/2017,Control SRL,,0,0,1
1100032988,01/27/2017,Control SRL,,1,0,0
1100032989,01/27/2017,Control SRL,,1,0,0
9103002151,01/27/2017,Control SRL,,0,0,1
1200011168,01/27/2017,Control SRL,,1,0,0
9103002152,01/27/2017,Control SRL,,0,0,1
1100033319,01/27/2017,Control SRL,,1,0,0
1100032990,01/27/2017,Control SRL,,1,0,0
1100033320,01/27/2017,Control SRL,,1,0,0
9103002153,01/27/2017,Control SRL,,0,0,1
9103002154,01/27/2017,Control SRL,,0,0,1
1100033317,01/27/2017,Control SRL,,1,0,0
1100033318,01/27/2017,Control SRL,,1,0,0
9103002155,01/27/2017,Control SRL,,0,0,1
1100033316,01/27/2017,Control SRL,,1,0,0
1100033315,01/27/2017,Control SRL,,1,0,0
1100033314,01/27/2017,Control SRL,,1,0,0
1100033313,01/27/2017,Control SRL,,1,0,0
1100033312,01/27/2017,Control SRL,,1,0,0
1100033251,01/27/2017,Control SRL,,1,0,0
1100033311,01/27/2017,Control SRL,,1,0,0
1100033309,01/27/2017,Control SRL,,1,0,0
1100033310,01/27/2017,Control SRL,,1,0,0
1100033308,01/27/2017,Control SRL,,1,0,0
1200011169,01/27/2017,Control SRL,,1,0,0
9103002156,01/27/2017,Control SRL,,0,0,1
1200011170,01/27/2017,Control SRL,,1,0,0
1100033307,01/27/2017,Control SRL,,1,0,0
1100033306,01/27/2017,Control SRL,,1,0,0
1100033305,01/27/2017,Control SRL,,1,0,0
1200011171,01/27/2017,Control SRL,,1,0,0
1100033304,01/27/2017,Control SRL,,1,0,0
1100033303,01/27/2017,Control SRL,,1,0,0
1100033302,01/27/2017,Control SRL,,1,0,0
1100033301,01/27/2017,Control SRL,,1,0,0
9102006751,01/27/2017,Veritecnica SRL,,0,1,0
1100035011,01/27/2017,Veritecnica SRL,,1,0,0
1100035012,01/27/2017,Veritecnica SRL,,1,0,0
1100035013,01/27/2017,Veritecnica SRL,,1,0,0
1100035014,01/27/2017,Veritecnica SRL,,1,0,0
1200011277,01/27/2017,Veritecnica SRL,,1,0,0
1100035015,01/27/2017,Veritecnica SRL,,1,0,0
1100035016,01/27/2017,Veritecnica SRL,,1,0,0
9102006467,01/27/2017,Veritecnica SRL,,0,0,1
1100035017,01/27/2017,Veritecnica SRL,,1,0,0
1100035018,01/27/2017,Veritecnica SRL,,1,0,0
1100035019,01/27/2017,Veritecnica SRL,,1,0,0
1100035020,01/27/2017,Veritecnica SRL,,1,0,0
1100035021,01/27/2017,Veritecnica SRL,,1,0,0
1100035022,01/27/2017,Veritecnica SRL,,1,0,0
1100035023,01/27/2017,Veritecnica SRL,,1,0,0
1100035024,01/27/2017,Veritecnica SRL,,1,0,0
1100035025,01/27/2017,Veritecnica SRL,,1,0,0
1200011278,01/27/2017,Veritecnica SRL,,1,0,0
9102006468,01/27/2017,Veritecnica SRL,,0,0,1
1100035026,01/27/2017,Veritecnica SRL,,1,0,0
1200011279,01/27/2017,Veritecnica SRL,,1,0,0
1100035027,01/27/2017,Veritecnica SRL,,1,0,0
9202001148,01/27/2017,Veritecnica SRL,,0,0,1
1100035028,01/27/2017,Veritecnica SRL,,1,0,0
1100035029,01/27/2017,Veritecnica SRL,,1,0,0
1100035030,01/27/2017,Veritecnica SRL,,1,0,0
1100035031,01/27/2017,Veritecnica SRL,,1,0,0
1200011280,01/27/2017,Veritecnica SRL,,1,0,0
1100035032,01/27/2017,Veritecnica SRL,,1,0,0
1200011281,01/27/2017,Veritecnica SRL,,1,0,0
1200011282,01/27/2017,Veritecnica SRL,,1,0,0
1100035033,01/27/2017,Veritecnica SRL,,1,0,0
1200011283,01/27/2017,Veritecnica SRL,,1,0,0
1200011284,01/27/2017,Veritecnica SRL,,1,0,0
1200011285,01/27/2017,Veritecnica SRL,,1,0,0
1100035034,01/27/2017,Veritecnica SRL,,1,0,0
1100035035,01/27/2017,Veritecnica SRL,,1,0,0
1200011286,01/27/2017,Veritecnica SRL,,1,0,0
1100035036,01/27/2017,Veritecnica SRL,,1,0,0
1200011287,01/27/2017,Veritecnica SRL,,1,0,0
9102006469,01/27/2017,Veritecnica SRL,,0,0,1
1100035037,01/27/2017,Veritecnica SRL,,1,0,0
1100035038,01/27/2017,Veritecnica SRL,,1,0,0
1100035039,01/27/2017,Veritecnica SRL,,1,0,0
1100035040,01/27/2017,Veritecnica SRL,,1,0,0
9102006470,01/27/2017,Veritecnica SRL,,0,1,0
1100035041,01/27/2017,Veritecnica SRL,,1,0,0
1100035042,01/27/2017,Veritecnica SRL,,1,0,0
1100035043,01/27/2017,Veritecnica SRL,,1,0,0
1100035044,01/27/2017,Veritecnica SRL,,1,0,0
9102006471,01/27/2017,Veritecnica SRL,,0,1,0
1100035045,01/27/2017,Veritecnica SRL,,1,0,0
1100035046,01/27/2017,Veritecnica SRL,,1,0,0
1200011288,01/27/2017,Veritecnica SRL,,1,0,0
1100035047,01/27/2017,Veritecnica SRL,,1,0,0
9102006472,01/27/2017,Veritecnica SRL,,0,1,0
1100035048,01/27/2017,Veritecnica SRL,,1,0,0
9102006473,01/27/2017,Veritecnica SRL,,0,0,1
1100035049,01/27/2017,Veritecnica SRL,,1,0,0
1200011289,01/27/2017,Veritecnica SRL,,1,0,0
1100035050,01/27/2017,Veritecnica SRL,,1,0,0
1100035051,01/27/2017,Veritecnica SRL,,1,0,0
1100035052,01/27/2017,Veritecnica SRL,,1,0,0
9102006474,01/28/2017,Veritecnica SRL,,0,0,1
1100035053,01/28/2017,Veritecnica SRL,,1,0,0
1100035054,01/28/2017,Veritecnica SRL,,1,0,0
9102006475,01/28/2017,Veritecnica SRL,,0,1,0
9102006476,01/28/2017,Veritecnica SRL,,0,1,0
1200011290,01/28/2017,Veritecnica SRL,,1,0,0
9102006477,01/28/2017,Veritecnica SRL,,0,1,0
1100035055,01/28/2017,Veritecnica SRL,,1,0,0
1100035056,01/28/2017,Veritecnica SRL,,1,0,0
9102006478,01/28/2017,Veritecnica SRL,,0,0,1
9102006479,01/28/2017,Veritecnica SRL,,0,0,1
9102006480,01/28/2017,Veritecnica SRL,,0,1,0
1100035057,01/28/2017,Veritecnica SRL,,1,0,0
1100035058,01/28/2017,Veritecnica SRL,,1,0,0
1100035059,01/28/2017,Veritecnica SRL,,1,0,0
1100035060,01/28/2017,Veritecnica SRL,,1,0,0
1100035061,01/28/2017,Veritecnica SRL,,1,0,0
1100035062,01/28/2017,Veritecnica SRL,,1,0,0
1100035063,01/28/2017,Veritecnica SRL,,1,0,0
9102006481,01/28/2017,Veritecnica SRL,,0,0,1
1100035064,01/28/2017,Veritecnica SRL,,1,0,0
1100035065,01/28/2017,Veritecnica SRL,,1,0,0
1100035066,01/28/2017,Veritecnica SRL,,1,0,0
9102006482,01/28/2017,Veritecnica SRL,,0,1,0
1100035067,01/28/2017,Veritecnica SRL,,1,0,0
1100035068,01/28/2017,Veritecnica SRL,,1,0,0
1200011291,01/28/2017,Veritecnica SRL,,1,0,0
