Nrocertificado,Fecha,Idtaller,Dominiovehiculo,Aprobado,RechazadoLeveModerado,RechazadoGrave
1100044316,06/10/2017,Asociación de Bomberos Voluntarios - San Martín de los Andes,,1,0,0
1100044317,06/10/2017,Asociación de Bomberos Voluntarios - San Martín de los Andes,,1,0,0
1100044318,06/10/2017,Asociación de Bomberos Voluntarios - San Martín de los Andes,,1,0,0
1100044319,06/10/2017,Asociación de Bomberos Voluntarios - San Martín de los Andes,,1,0,0
1100044320,06/10/2017,Asociación de Bomberos Voluntarios - San Martín de los Andes,,1,0,0
1100044321,06/10/2017,Asociación de Bomberos Voluntarios - San Martín de los Andes,,1,0,0
9101003101,06/10/2017,Asociación de Bomberos Voluntarios - San Martín de los Andes,,0,1,0
9101003102,06/10/2017,Asociación de Bomberos Voluntarios - San Martín de los Andes,,0,1,0
1100044322,06/10/2017,Asociación de Bomberos Voluntarios - San Martín de los Andes,,1,0,0
9101003103,06/10/2017,Asociación de Bomberos Voluntarios - San Martín de los Andes,,0,1,0
1100044323,06/10/2017,Asociación de Bomberos Voluntarios - San Martín de los Andes,,1,0,0
1100044324,06/10/2017,Asociación de Bomberos Voluntarios - San Martín de los Andes,,1,0,0
1100044325,06/10/2017,Asociación de Bomberos Voluntarios - San Martín de los Andes,,1,0,0
1100044326,06/10/2017,Asociación de Bomberos Voluntarios - San Martín de los Andes,,1,0,0
1100044327,06/10/2017,Asociación de Bomberos Voluntarios - San Martín de los Andes,,1,0,0
9101003104,06/10/2017,Asociación de Bomberos Voluntarios - San Martín de los Andes,,0,0,1
1100044328,06/10/2017,Asociación de Bomberos Voluntarios - San Martín de los Andes,,1,0,0
1200012787,06/10/2017,Asociación de Bomberos Voluntarios - San Martín de los Andes,,1,0,0
1100043816,06/10/2017,Veritecnica SRL,,1,0,0
1100043817,06/10/2017,Veritecnica SRL,,1,0,0
9102007916,06/10/2017,Veritecnica SRL,,0,1,0
1100043818,06/10/2017,Veritecnica SRL,,1,0,0
1100043819,06/10/2017,Veritecnica SRL,,1,0,0
1100043820,06/10/2017,Veritecnica SRL,,1,0,0
1100043821,06/10/2017,Veritecnica SRL,,1,0,0
1100043822,06/10/2017,Veritecnica SRL,,1,0,0
1100043823,06/10/2017,Veritecnica SRL,,1,0,0
1100043824,06/10/2017,Veritecnica SRL,,1,0,0
1200012939,06/10/2017,Veritecnica SRL,,1,0,0
1100043825,06/10/2017,Veritecnica SRL,,1,0,0
1100043826,06/10/2017,Veritecnica SRL,,1,0,0
1100043827,06/10/2017,Veritecnica SRL,,1,0,0
1100043828,06/10/2017,Veritecnica SRL,,1,0,0
9102007917,06/10/2017,Veritecnica SRL,,0,0,1
1100043829,06/10/2017,Veritecnica SRL,,1,0,0
1100043830,06/10/2017,Veritecnica SRL,,1,0,0
1100043831,06/10/2017,Veritecnica SRL,,1,0,0
1100043832,06/10/2017,Veritecnica SRL,,1,0,0
1100043833,06/10/2017,Veritecnica SRL,,1,0,0
1100043834,06/10/2017,Veritecnica SRL,,1,0,0
1200012940,06/10/2017,Veritecnica SRL,,1,0,0
1200012941,06/10/2017,Veritecnica SRL,,1,0,0
1100043835,06/10/2017,Veritecnica SRL,,1,0,0
1100043836,06/10/2017,Veritecnica SRL,,1,0,0
1100043837,06/10/2017,Veritecnica SRL,,1,0,0
