Nrocertificado,Fecha,Idtaller,Dominiovehiculo,Aprobado,RechazadoLeveModerado,RechazadoGrave
1100041679,05/09/2017,Asociación de Bomberos Voluntarios - San Martín de los Andes,,1,0,0
1100041680,05/09/2017,Asociación de Bomberos Voluntarios - San Martín de los Andes,,1,0,0
1100041681,05/09/2017,Asociación de Bomberos Voluntarios - San Martín de los Andes,,1,0,0
1200011086,05/09/2017,Asociación de Bomberos Voluntarios - San Martín de los Andes,,1,0,0
9101002918,05/09/2017,Asociación de Bomberos Voluntarios - San Martín de los Andes,,0,0,1
1200011087,05/09/2017,Asociación de Bomberos Voluntarios - San Martín de los Andes,,1,0,0
1100041682,05/09/2017,Asociación de Bomberos Voluntarios - San Martín de los Andes,,1,0,0
1100041683,05/09/2017,Asociación de Bomberos Voluntarios - San Martín de los Andes,,1,0,0
1100041684,05/09/2017,Asociación de Bomberos Voluntarios - San Martín de los Andes,,1,0,0
1100041685,05/09/2017,Asociación de Bomberos Voluntarios - San Martín de los Andes,,1,0,0
1100041686,05/09/2017,Asociación de Bomberos Voluntarios - San Martín de los Andes,,1,0,0
1100041687,05/09/2017,Asociación de Bomberos Voluntarios - San Martín de los Andes,,1,0,0
1100041688,05/09/2017,Asociación de Bomberos Voluntarios - San Martín de los Andes,,1,0,0
1200011088,05/09/2017,Asociación de Bomberos Voluntarios - San Martín de los Andes,,1,0,0
1100041689,05/09/2017,Asociación de Bomberos Voluntarios - San Martín de los Andes,,1,0,0
1100041690,05/09/2017,Asociación de Bomberos Voluntarios - San Martín de los Andes,,1,0,0
1100041691,05/09/2017,Asociación de Bomberos Voluntarios - San Martín de los Andes,,1,0,0
1100041692,05/09/2017,Asociación de Bomberos Voluntarios - San Martín de los Andes,,1,0,0
9201000472,05/09/2017,Asociación de Bomberos Voluntarios - San Martín de los Andes,,0,1,0
1100041693,05/09/2017,Asociación de Bomberos Voluntarios - San Martín de los Andes,,1,0,0
1100041694,05/09/2017,Asociación de Bomberos Voluntarios - San Martín de los Andes,,1,0,0
1100041695,05/09/2017,Asociación de Bomberos Voluntarios - San Martín de los Andes,,1,0,0
1100041696,05/09/2017,Asociación de Bomberos Voluntarios - San Martín de los Andes,,1,0,0
1100041697,05/09/2017,Asociación de Bomberos Voluntarios - San Martín de los Andes,,1,0,0
1100041698,05/09/2017,Asociación de Bomberos Voluntarios - San Martín de los Andes,,1,0,0
1100041699,05/09/2017,Asociación de Bomberos Voluntarios - San Martín de los Andes,,1,0,0
1100041700,05/09/2017,Asociación de Bomberos Voluntarios - San Martín de los Andes,,1,0,0
1100041701,05/09/2017,Asociación de Bomberos Voluntarios - San Martín de los Andes,,1,0,0
1100041702,05/09/2017,Asociación de Bomberos Voluntarios - San Martín de los Andes,,1,0,0
9101002919,05/09/2017,Asociación de Bomberos Voluntarios - San Martín de los Andes,,0,1,0
1100041703,05/09/2017,Asociación de Bomberos Voluntarios - San Martín de los Andes,,1,0,0
9101002920,05/09/2017,Asociación de Bomberos Voluntarios - San Martín de los Andes,,0,1,0
1100041704,05/09/2017,Asociación de Bomberos Voluntarios - San Martín de los Andes,,1,0,0
1100041705,05/09/2017,Asociación de Bomberos Voluntarios - San Martín de los Andes,,1,0,0
1100041706,05/09/2017,Asociación de Bomberos Voluntarios - San Martín de los Andes,,1,0,0
1100041707,05/09/2017,Asociación de Bomberos Voluntarios - San Martín de los Andes,,1,0,0
1100041708,05/09/2017,Asociación de Bomberos Voluntarios - San Martín de los Andes,,1,0,0
9101002921,05/09/2017,Asociación de Bomberos Voluntarios - San Martín de los Andes,,0,0,1
1100041709,05/09/2017,Asociación de Bomberos Voluntarios - San Martín de los Andes,,1,0,0
1100041710,05/09/2017,Asociación de Bomberos Voluntarios - San Martín de los Andes,,1,0,0
1100041711,05/09/2017,Asociación de Bomberos Voluntarios - San Martín de los Andes,,1,0,0
9101002922,05/09/2017,Asociación de Bomberos Voluntarios - San Martín de los Andes,,0,0,1
9101002923,05/09/2017,Asociación de Bomberos Voluntarios - San Martín de los Andes,,0,1,0
1100041712,05/09/2017,Asociación de Bomberos Voluntarios - San Martín de los Andes,,1,0,0
1100041713,05/09/2017,Asociación de Bomberos Voluntarios - San Martín de los Andes,,1,0,0
1100041714,05/10/2017,Asociación de Bomberos Voluntarios - San Martín de los Andes,,1,0,0
1100041715,05/10/2017,Asociación de Bomberos Voluntarios - San Martín de los Andes,,1,0,0
1100041716,05/10/2017,Asociación de Bomberos Voluntarios - San Martín de los Andes,,1,0,0
1100041717,05/10/2017,Asociación de Bomberos Voluntarios - San Martín de los Andes,,1,0,0
1100041718,05/10/2017,Asociación de Bomberos Voluntarios - San Martín de los Andes,,1,0,0
1100041719,05/10/2017,Asociación de Bomberos Voluntarios - San Martín de los Andes,,1,0,0
1100041720,05/10/2017,Asociación de Bomberos Voluntarios - San Martín de los Andes,,1,0,0
1100041721,05/10/2017,Asociación de Bomberos Voluntarios - San Martín de los Andes,,1,0,0
1100041722,05/10/2017,Asociación de Bomberos Voluntarios - San Martín de los Andes,,1,0,0
9101002924,05/10/2017,Asociación de Bomberos Voluntarios - San Martín de los Andes,,0,1,0
1100041723,05/10/2017,Asociación de Bomberos Voluntarios - San Martín de los Andes,,1,0,0
1100041724,05/10/2017,Asociación de Bomberos Voluntarios - San Martín de los Andes,,1,0,0
1100041725,05/10/2017,Asociación de Bomberos Voluntarios - San Martín de los Andes,,1,0,0
9101002925,05/10/2017,Asociación de Bomberos Voluntarios - San Martín de los Andes,,0,0,1
1100041726,05/10/2017,Asociación de Bomberos Voluntarios - San Martín de los Andes,,1,0,0
1100041727,05/10/2017,Asociación de Bomberos Voluntarios - San Martín de los Andes,,1,0,0
1100041728,05/10/2017,Asociación de Bomberos Voluntarios - San Martín de los Andes,,1,0,0
9101002926,05/10/2017,Asociación de Bomberos Voluntarios - San Martín de los Andes,,0,1,0
9101002927,05/10/2017,Asociación de Bomberos Voluntarios - San Martín de los Andes,,0,0,1
1100041729,05/10/2017,Asociación de Bomberos Voluntarios - San Martín de los Andes,,1,0,0
1100041730,05/10/2017,Asociación de Bomberos Voluntarios - San Martín de los Andes,,1,0,0
9101002928,05/10/2017,Asociación de Bomberos Voluntarios - San Martín de los Andes,,0,1,0
9101002929,05/10/2017,Asociación de Bomberos Voluntarios - San Martín de los Andes,,0,1,0
1100041731,05/10/2017,Asociación de Bomberos Voluntarios - San Martín de los Andes,,1,0,0
1100041732,05/10/2017,Asociación de Bomberos Voluntarios - San Martín de los Andes,,1,0,0
1100041733,05/10/2017,Asociación de Bomberos Voluntarios - San Martín de los Andes,,1,0,0
1100041734,05/10/2017,Asociación de Bomberos Voluntarios - San Martín de los Andes,,1,0,0
1100041735,05/10/2017,Asociación de Bomberos Voluntarios - San Martín de los Andes,,1,0,0
1100041736,05/10/2017,Asociación de Bomberos Voluntarios - San Martín de los Andes,,1,0,0
9101002930,05/10/2017,Asociación de Bomberos Voluntarios - San Martín de los Andes,,0,1,0
1100041737,05/10/2017,Asociación de Bomberos Voluntarios - San Martín de los Andes,,1,0,0
1100041738,05/10/2017,Asociación de Bomberos Voluntarios - San Martín de los Andes,,1,0,0
1100041739,05/10/2017,Asociación de Bomberos Voluntarios - San Martín de los Andes,,1,0,0
9101002931,05/10/2017,Asociación de Bomberos Voluntarios - San Martín de los Andes,,0,1,0
9101002932,05/10/2017,Asociación de Bomberos Voluntarios - San Martín de los Andes,,0,1,0
1100041740,05/10/2017,Asociación de Bomberos Voluntarios - San Martín de los Andes,,1,0,0
1100041741,05/10/2017,Asociación de Bomberos Voluntarios - San Martín de los Andes,,1,0,0
9101002933,05/10/2017,Asociación de Bomberos Voluntarios - San Martín de los Andes,,0,1,0
9101002934,05/10/2017,Asociación de Bomberos Voluntarios - San Martín de los Andes,,0,0,1
9101002935,05/10/2017,Asociación de Bomberos Voluntarios - San Martín de los Andes,,0,1,0
1100041742,05/10/2017,Asociación de Bomberos Voluntarios - San Martín de los Andes,,1,0,0
1100041743,05/10/2017,Asociación de Bomberos Voluntarios - San Martín de los Andes,,1,0,0
1100041744,05/10/2017,Asociación de Bomberos Voluntarios - San Martín de los Andes,,1,0,0
1100041745,05/10/2017,Asociación de Bomberos Voluntarios - San Martín de los Andes,,1,0,0
1100041746,05/10/2017,Asociación de Bomberos Voluntarios - San Martín de los Andes,,1,0,0
1100041747,05/10/2017,Asociación de Bomberos Voluntarios - San Martín de los Andes,,1,0,0
9101002936,05/10/2017,Asociación de Bomberos Voluntarios - San Martín de los Andes,,0,1,0
1100041748,05/10/2017,Asociación de Bomberos Voluntarios - San Martín de los Andes,,1,0,0
1200011089,05/10/2017,Asociación de Bomberos Voluntarios - San Martín de los Andes,,1,0,0
1100041749,05/10/2017,Asociación de Bomberos Voluntarios - San Martín de los Andes,,1,0,0
1100041750,05/10/2017,Asociación de Bomberos Voluntarios - San Martín de los Andes,,1,0,0
1100042251,05/10/2017,Asociación de Bomberos Voluntarios - San Martín de los Andes,,1,0,0
1100042252,05/10/2017,Asociación de Bomberos Voluntarios - San Martín de los Andes,,1,0,0
9101002937,05/10/2017,Asociación de Bomberos Voluntarios - San Martín de los Andes,,0,1,0
1100042253,05/10/2017,Asociación de Bomberos Voluntarios - San Martín de los Andes,,1,0,0
1100042254,05/10/2017,Asociación de Bomberos Voluntarios - San Martín de los Andes,,1,0,0
1200011090,05/10/2017,Asociación de Bomberos Voluntarios - San Martín de los Andes,,1,0,0
1100042255,05/10/2017,Asociación de Bomberos Voluntarios - San Martín de los Andes,,1,0,0
1100042256,05/10/2017,Asociación de Bomberos Voluntarios - San Martín de los Andes,,1,0,0
1100042257,05/10/2017,Asociación de Bomberos Voluntarios - San Martín de los Andes,,1,0,0
1100042258,05/10/2017,Asociación de Bomberos Voluntarios - San Martín de los Andes,,1,0,0
1100041852,05/09/2017,Control SRL,,1,0,0
1100041853,05/09/2017,Control SRL,,1,0,0
9103002478,05/09/2017,Control SRL,,0,0,1
9103002479,05/09/2017,Control SRL,,0,0,1
9103002480,05/09/2017,Control SRL,,0,0,1
1200012524,05/09/2017,Control SRL,,1,0,0
1100041854,05/09/2017,Control SRL,,1,0,0
1100041855,05/09/2017,Control SRL,,1,0,0
1100041856,05/09/2017,Control SRL,,1,0,0
1200012525,05/09/2017,Control SRL,,1,0,0
1200012526,05/09/2017,Control SRL,,1,0,0
9203000633,05/09/2017,Control SRL,,0,0,1
1200012527,05/09/2017,Control SRL,,1,0,0
1100041857,05/09/2017,Control SRL,,1,0,0
1100041858,05/09/2017,Control SRL,,1,0,0
1100041859,05/09/2017,Control SRL,,1,0,0
1100041860,05/09/2017,Control SRL,,1,0,0
1200012528,05/09/2017,Control SRL,,1,0,0
1200012530,05/09/2017,Control SRL,,1,0,0
1200012529,05/09/2017,Control SRL,,1,0,0
1100041862,05/09/2017,Control SRL,,1,0,0
1100041864,05/09/2017,Control SRL,,1,0,0
1100041861,05/09/2017,Control SRL,,1,0,0
1100041863,05/09/2017,Control SRL,,1,0,0
1200012531,05/09/2017,Control SRL,,1,0,0
1100041866,05/09/2017,Control SRL,,1,0,0
1100041865,05/09/2017,Control SRL,,1,0,0
1200012532,05/09/2017,Control SRL,,1,0,0
1200012533,05/09/2017,Control SRL,,1,0,0
1200012535,05/10/2017,Control SRL,,1,0,0
9103002481,05/10/2017,Control SRL,,0,0,1
9103002482,05/10/2017,Control SRL,,0,0,1
1100041868,05/10/2017,Control SRL,,1,0,0
1100041867,05/10/2017,Control SRL,,1,0,0
1100041870,05/10/2017,Control SRL,,1,0,0
1200012534,05/10/2017,Control SRL,,1,0,0
1100041869,05/10/2017,Control SRL,,1,0,0
1100041871,05/10/2017,Control SRL,,1,0,0
1200012536,05/10/2017,Control SRL,,1,0,0
1100041872,05/10/2017,Control SRL,,1,0,0
9103002483,05/10/2017,Control SRL,,0,0,1
1200012538,05/10/2017,Control SRL,,1,0,0
1200012537,05/10/2017,Control SRL,,1,0,0
1100041873,05/10/2017,Control SRL,,1,0,0
1100041874,05/10/2017,Control SRL,,1,0,0
1100041875,05/10/2017,Control SRL,,1,0,0
1100041876,05/10/2017,Control SRL,,1,0,0
1200012539,05/10/2017,Control SRL,,1,0,0
1200012540,05/10/2017,Control SRL,,1,0,0
1200012541,05/10/2017,Control SRL,,1,0,0
1100041877,05/10/2017,Control SRL,,1,0,0
1100041878,05/10/2017,Control SRL,,1,0,0
1100041879,05/10/2017,Control SRL,,1,0,0
1200012542,05/10/2017,Control SRL,,1,0,0
1100041880,05/10/2017,Control SRL,,1,0,0
1100041881,05/10/2017,Control SRL,,1,0,0
1100041882,05/10/2017,Control SRL,,1,0,0
1100042060,05/09/2017,Veritecnica SRL,,1,0,0
1100042061,05/09/2017,Veritecnica SRL,,1,0,0
1100042062,05/09/2017,Veritecnica SRL,,1,0,0
1100042063,05/09/2017,Veritecnica SRL,,1,0,0
1100042064,05/09/2017,Veritecnica SRL,,1,0,0
9102007702,05/09/2017,Veritecnica SRL,,0,0,1
1200012620,05/09/2017,Veritecnica SRL,,1,0,0
1100042065,05/09/2017,Veritecnica SRL,,1,0,0
1100042066,05/09/2017,Veritecnica SRL,,1,0,0
9202001397,05/09/2017,Veritecnica SRL,,0,0,1
1100042067,05/09/2017,Veritecnica SRL,,1,0,0
1100042068,05/09/2017,Veritecnica SRL,,1,0,0
1100042069,05/09/2017,Veritecnica SRL,,1,0,0
1100042070,05/09/2017,Veritecnica SRL,,1,0,0
1200012621,05/09/2017,Veritecnica SRL,,1,0,0
1200012622,05/09/2017,Veritecnica SRL,,1,0,0
1100042071,05/09/2017,Veritecnica SRL,,1,0,0
1100042072,05/09/2017,Veritecnica SRL,,1,0,0
9102007703,05/09/2017,Veritecnica SRL,,0,0,1
1200012623,05/09/2017,Veritecnica SRL,,1,0,0
1100042073,05/09/2017,Veritecnica SRL,,1,0,0
1100042074,05/09/2017,Veritecnica SRL,,1,0,0
1100042075,05/09/2017,Veritecnica SRL,,1,0,0
1200012624,05/09/2017,Veritecnica SRL,,1,0,0
1100042076,05/09/2017,Veritecnica SRL,,1,0,0
1100042077,05/09/2017,Veritecnica SRL,,1,0,0
9202001398,05/09/2017,Veritecnica SRL,,0,0,1
1100042078,05/09/2017,Veritecnica SRL,,1,0,0
1200012625,05/09/2017,Veritecnica SRL,,1,0,0
1200012626,05/09/2017,Veritecnica SRL,,1,0,0
1100042079,05/09/2017,Veritecnica SRL,,1,0,0
1200012627,05/09/2017,Veritecnica SRL,,1,0,0
9102007704,05/09/2017,Veritecnica SRL,,0,0,1
1200012628,05/09/2017,Veritecnica SRL,,1,0,0
1100042080,05/09/2017,Veritecnica SRL,,1,0,0
9202001399,05/09/2017,Veritecnica SRL,,0,0,1
1100042081,05/09/2017,Veritecnica SRL,,1,0,0
1100042082,05/09/2017,Veritecnica SRL,,1,0,0
1100042083,05/09/2017,Veritecnica SRL,,1,0,0
1100042084,05/09/2017,Veritecnica SRL,,1,0,0
1200012629,05/09/2017,Veritecnica SRL,,1,0,0
1100042085,05/09/2017,Veritecnica SRL,,1,0,0
1100042086,05/09/2017,Veritecnica SRL,,1,0,0
1100042087,05/09/2017,Veritecnica SRL,,1,0,0
1100042088,05/09/2017,Veritecnica SRL,,1,0,0
9102007705,05/09/2017,Veritecnica SRL,,0,1,0
1100042089,05/09/2017,Veritecnica SRL,,1,0,0
1100042090,05/09/2017,Veritecnica SRL,,1,0,0
1100042091,05/09/2017,Veritecnica SRL,,1,0,0
1100042092,05/09/2017,Veritecnica SRL,,1,0,0
1100042093,05/09/2017,Veritecnica SRL,,1,0,0
1100042094,05/09/2017,Veritecnica SRL,,1,0,0
1100042095,05/09/2017,Veritecnica SRL,,1,0,0
1200012630,05/09/2017,Veritecnica SRL,,1,0,0
1100042097,05/09/2017,Veritecnica SRL,,1,0,0
1100042096,05/09/2017,Veritecnica SRL,,1,0,0
1100042098,05/09/2017,Veritecnica SRL,,1,0,0
1200012631,05/10/2017,Veritecnica SRL,,1,0,0
1100042099,05/10/2017,Veritecnica SRL,,1,0,0
1100042100,05/10/2017,Veritecnica SRL,,1,0,0
9102007706,05/10/2017,Veritecnica SRL,,0,1,0
1100042101,05/10/2017,Veritecnica SRL,,1,0,0
1100042102,05/10/2017,Veritecnica SRL,,1,0,0
9102007707,05/10/2017,Veritecnica SRL,,0,1,0
1200012632,05/10/2017,Veritecnica SRL,,1,0,0
1100042103,05/10/2017,Veritecnica SRL,,1,0,0
1100042104,05/10/2017,Veritecnica SRL,,1,0,0
1200012633,05/10/2017,Veritecnica SRL,,1,0,0
1100042105,05/10/2017,Veritecnica SRL,,1,0,0
9202001400,05/10/2017,Veritecnica SRL,,0,0,1
1100042106,05/10/2017,Veritecnica SRL,,1,0,0
1100042107,05/10/2017,Veritecnica SRL,,1,0,0
1200012634,05/10/2017,Veritecnica SRL,,1,0,0
9102007708,05/10/2017,Veritecnica SRL,,0,1,0
1100042108,05/10/2017,Veritecnica SRL,,1,0,0
1100042109,05/10/2017,Veritecnica SRL,,1,0,0
1100042110,05/10/2017,Veritecnica SRL,,1,0,0
1200012635,05/10/2017,Veritecnica SRL,,1,0,0
1100042111,05/10/2017,Veritecnica SRL,,1,0,0
1200012636,05/10/2017,Veritecnica SRL,,1,0,0
1200012637,05/10/2017,Veritecnica SRL,,1,0,0
1200012638,05/10/2017,Veritecnica SRL,,1,0,0
1200012639,05/10/2017,Veritecnica SRL,,1,0,0
1100042112,05/10/2017,Veritecnica SRL,,1,0,0
9202001401,05/10/2017,Veritecnica SRL,,0,0,1
1100042113,05/10/2017,Veritecnica SRL,,1,0,0
1200012640,05/10/2017,Veritecnica SRL,,1,0,0
1100042114,05/10/2017,Veritecnica SRL,,1,0,0
9102007709,05/10/2017,Veritecnica SRL,,0,0,1
1200012641,05/10/2017,Veritecnica SRL,,1,0,0
1100042115,05/10/2017,Veritecnica SRL,,1,0,0
1100042116,05/10/2017,Veritecnica SRL,,1,0,0
1200012642,05/10/2017,Veritecnica SRL,,1,0,0
1100042117,05/10/2017,Veritecnica SRL,,1,0,0
1200012643,05/10/2017,Veritecnica SRL,,1,0,0
1100042118,05/10/2017,Veritecnica SRL,,1,0,0
1200012644,05/10/2017,Veritecnica SRL,,1,0,0
9102007710,05/10/2017,Veritecnica SRL,,0,1,0
1100042119,05/10/2017,Veritecnica SRL,,1,0,0
1100042120,05/10/2017,Veritecnica SRL,,1,0,0
1200012645,05/10/2017,Veritecnica SRL,,1,0,0
1100042121,05/10/2017,Veritecnica SRL,,1,0,0
9202001402,05/10/2017,Veritecnica SRL,,0,0,1
1100042122,05/10/2017,Veritecnica SRL,,1,0,0
1100042123,05/10/2017,Veritecnica SRL,,1,0,0
1100042124,05/10/2017,Veritecnica SRL,,1,0,0
1100042125,05/10/2017,Veritecnica SRL,,1,0,0
