Nrocertificado,Fecha,Idtaller,Dominiovehiculo,Aprobado,RechazadoLeveModerado,RechazadoGrave
1100048764,09/18/2017,Veritecnica SRL - AÑELO,,1,0,0
1100048765,09/18/2017,Veritecnica SRL - AÑELO,,1,0,0
1200013453,09/19/2017,Veritecnica SRL - AÑELO,,1,0,0
1200013454,09/19/2017,Veritecnica SRL - AÑELO,,1,0,0
1100048766,09/19/2017,Veritecnica SRL - AÑELO,,1,0,0
1100048767,09/19/2017,Veritecnica SRL - AÑELO,,1,0,0
1200014402,09/18/2017,Asociación de Bomberos Voluntarios - San Martín de los Andes,,1,0,0
1100049034,09/18/2017,Asociación de Bomberos Voluntarios - San Martín de los Andes,,1,0,0
9201000521,09/18/2017,Asociación de Bomberos Voluntarios - San Martín de los Andes,,0,1,0
1100049035,09/18/2017,Asociación de Bomberos Voluntarios - San Martín de los Andes,,1,0,0
1200014403,09/18/2017,Asociación de Bomberos Voluntarios - San Martín de los Andes,,1,0,0
1100049036,09/18/2017,Asociación de Bomberos Voluntarios - San Martín de los Andes,,1,0,0
1100049037,09/18/2017,Asociación de Bomberos Voluntarios - San Martín de los Andes,,1,0,0
9201000522,09/18/2017,Asociación de Bomberos Voluntarios - San Martín de los Andes,,0,0,1
9201000523,09/18/2017,Asociación de Bomberos Voluntarios - San Martín de los Andes,,0,1,0
1100049038,09/18/2017,Asociación de Bomberos Voluntarios - San Martín de los Andes,,1,0,0
1200014404,09/18/2017,Asociación de Bomberos Voluntarios - San Martín de los Andes,,1,0,0
1100049039,09/18/2017,Asociación de Bomberos Voluntarios - San Martín de los Andes,,1,0,0
1100049040,09/18/2017,Asociación de Bomberos Voluntarios - San Martín de los Andes,,1,0,0
9101003552,09/18/2017,Asociación de Bomberos Voluntarios - San Martín de los Andes,,0,0,1
1100049041,09/18/2017,Asociación de Bomberos Voluntarios - San Martín de los Andes,,1,0,0
9101003553,09/18/2017,Asociación de Bomberos Voluntarios - San Martín de los Andes,,0,0,1
1100049042,09/18/2017,Asociación de Bomberos Voluntarios - San Martín de los Andes,,1,0,0
1100049043,09/18/2017,Asociación de Bomberos Voluntarios - San Martín de los Andes,,1,0,0
1100049044,09/18/2017,Asociación de Bomberos Voluntarios - San Martín de los Andes,,1,0,0
9101003554,09/18/2017,Asociación de Bomberos Voluntarios - San Martín de los Andes,,0,1,0
1200014405,09/18/2017,Asociación de Bomberos Voluntarios - San Martín de los Andes,,1,0,0
1100049045,09/18/2017,Asociación de Bomberos Voluntarios - San Martín de los Andes,,1,0,0
1100049046,09/18/2017,Asociación de Bomberos Voluntarios - San Martín de los Andes,,1,0,0
1100049047,09/18/2017,Asociación de Bomberos Voluntarios - San Martín de los Andes,,1,0,0
1200014406,09/18/2017,Asociación de Bomberos Voluntarios - San Martín de los Andes,,1,0,0
1100049048,09/19/2017,Asociación de Bomberos Voluntarios - San Martín de los Andes,,1,0,0
1100049049,09/19/2017,Asociación de Bomberos Voluntarios - San Martín de los Andes,,1,0,0
1200014407,09/19/2017,Asociación de Bomberos Voluntarios - San Martín de los Andes,,1,0,0
1100049050,09/19/2017,Asociación de Bomberos Voluntarios - San Martín de los Andes,,1,0,0
1100049051,09/19/2017,Asociación de Bomberos Voluntarios - San Martín de los Andes,,1,0,0
1100049052,09/19/2017,Asociación de Bomberos Voluntarios - San Martín de los Andes,,1,0,0
9101003555,09/19/2017,Asociación de Bomberos Voluntarios - San Martín de los Andes,,0,1,0
1100049053,09/19/2017,Asociación de Bomberos Voluntarios - San Martín de los Andes,,1,0,0
1100049054,09/19/2017,Asociación de Bomberos Voluntarios - San Martín de los Andes,,1,0,0
1100049055,09/19/2017,Asociación de Bomberos Voluntarios - San Martín de los Andes,,1,0,0
1200014408,09/19/2017,Asociación de Bomberos Voluntarios - San Martín de los Andes,,1,0,0
1100049057,09/19/2017,Asociación de Bomberos Voluntarios - San Martín de los Andes,,1,0,0
1100049056,09/19/2017,Asociación de Bomberos Voluntarios - San Martín de los Andes,,1,0,0
1100049058,09/19/2017,Asociación de Bomberos Voluntarios - San Martín de los Andes,,1,0,0
1100049059,09/19/2017,Asociación de Bomberos Voluntarios - San Martín de los Andes,,1,0,0
1100049060,09/19/2017,Asociación de Bomberos Voluntarios - San Martín de los Andes,,1,0,0
1100049061,09/19/2017,Asociación de Bomberos Voluntarios - San Martín de los Andes,,1,0,0
9101003556,09/19/2017,Asociación de Bomberos Voluntarios - San Martín de los Andes,,0,1,0
1100049062,09/19/2017,Asociación de Bomberos Voluntarios - San Martín de los Andes,,1,0,0
9201000524,09/19/2017,Asociación de Bomberos Voluntarios - San Martín de los Andes,,0,0,1
1100049063,09/19/2017,Asociación de Bomberos Voluntarios - San Martín de los Andes,,1,0,0
1100049064,09/19/2017,Asociación de Bomberos Voluntarios - San Martín de los Andes,,1,0,0
1100049065,09/19/2017,Asociación de Bomberos Voluntarios - San Martín de los Andes,,1,0,0
9103002747,09/18/2017,Control SRL,,0,0,1
9103002748,09/18/2017,Control SRL,,0,0,1
1100048428,09/18/2017,Control SRL,,1,0,0
1100048429,09/18/2017,Control SRL,,1,0,0
1200014589,09/18/2017,Control SRL,,1,0,0
9103002749,09/18/2017,Control SRL,,0,0,1
1200014591,09/18/2017,Control SRL,,1,0,0
1200014592,09/18/2017,Control SRL,,1,0,0
1200014590,09/18/2017,Control SRL,,1,0,0
1100048430,09/18/2017,Control SRL,,1,0,0
1100048431,09/18/2017,Control SRL,,1,0,0
1200014593,09/18/2017,Control SRL,,1,0,0
1100048433,09/18/2017,Control SRL,,1,0,0
9203000714,09/18/2017,Control SRL,,0,0,1
1100048434,09/18/2017,Control SRL,,1,0,0
1100048432,09/18/2017,Control SRL,,1,0,0
1100048435,09/18/2017,Control SRL,,1,0,0
1100048436,09/18/2017,Control SRL,,1,0,0
9103002750,09/18/2017,Control SRL,,0,0,1
1100048437,09/18/2017,Control SRL,,1,0,0
1100048438,09/18/2017,Control SRL,,1,0,0
9203000715,09/18/2017,Control SRL,,0,0,1
1100048439,09/18/2017,Control SRL,,1,0,0
1100048440,09/18/2017,Control SRL,,1,0,0
1200014594,09/18/2017,Control SRL,,1,0,0
9203000716,09/18/2017,Control SRL,,0,0,1
1100048441,09/18/2017,Control SRL,,1,0,0
1100048442,09/18/2017,Control SRL,,1,0,0
1100048443,09/19/2017,Control SRL,,1,0,0
1200014595,09/19/2017,Control SRL,,1,0,0
9103002751,09/19/2017,Control SRL,,0,0,1
1100048444,09/19/2017,Control SRL,,1,0,0
1100048445,09/19/2017,Control SRL,,1,0,0
1100048446,09/19/2017,Control SRL,,1,0,0
9103002752,09/19/2017,Control SRL,,0,0,1
1100048447,09/19/2017,Control SRL,,1,0,0
1100048448,09/19/2017,Control SRL,,1,0,0
1100048449,09/19/2017,Control SRL,,1,0,0
1100048450,09/19/2017,Control SRL,,1,0,0
1100048451,09/19/2017,Control SRL,,1,0,0
1100048452,09/19/2017,Control SRL,,1,0,0
1100048453,09/19/2017,Control SRL,,1,0,0
9203000717,09/19/2017,Control SRL,,0,0,1
9203000718,09/19/2017,Control SRL,,0,0,1
1100048454,09/19/2017,Control SRL,,1,0,0
1200014596,09/19/2017,Control SRL,,1,0,0
1200014597,09/19/2017,Control SRL,,1,0,0
9103002753,09/19/2017,Control SRL,,0,0,1
9103002754,09/19/2017,Control SRL,,0,0,1
1100048455,09/19/2017,Control SRL,,1,0,0
1200014598,09/19/2017,Control SRL,,1,0,0
1200014901,09/19/2017,Control SRL,,1,0,0
1200014599,09/19/2017,Control SRL,,1,0,0
1100048456,09/19/2017,Control SRL,,1,0,0
1200014902,09/19/2017,Control SRL,,1,0,0
1100049398,09/18/2017,Veritecnica SRL,,1,0,0
1100049399,09/18/2017,Veritecnica SRL,,1,0,0
1200014841,09/18/2017,Veritecnica SRL,,1,0,0
1100049400,09/18/2017,Veritecnica SRL,,1,0,0
1100049401,09/18/2017,Veritecnica SRL,,1,0,0
9102008555,09/18/2017,Veritecnica SRL,,0,0,1
1100049402,09/18/2017,Veritecnica SRL,,1,0,0
1100049403,09/18/2017,Veritecnica SRL,,1,0,0
1100049404,09/18/2017,Veritecnica SRL,,1,0,0
1100049405,09/18/2017,Veritecnica SRL,,1,0,0
1100049406,09/18/2017,Veritecnica SRL,,1,0,0
1100049407,09/18/2017,Veritecnica SRL,,1,0,0
1100049408,09/18/2017,Veritecnica SRL,,1,0,0
1100049409,09/18/2017,Veritecnica SRL,,1,0,0
1200014842,09/18/2017,Veritecnica SRL,,1,0,0
1200014843,09/18/2017,Veritecnica SRL,,1,0,0
1100049410,09/18/2017,Veritecnica SRL,,1,0,0
1200014844,09/18/2017,Veritecnica SRL,,1,0,0
9102008556,09/18/2017,Veritecnica SRL,,0,0,1
1100049411,09/18/2017,Veritecnica SRL,,1,0,0
1100049412,09/18/2017,Veritecnica SRL,,1,0,0
1100049413,09/18/2017,Veritecnica SRL,,1,0,0
9102008557,09/18/2017,Veritecnica SRL,,0,0,1
1100049414,09/18/2017,Veritecnica SRL,,1,0,0
1100049415,09/18/2017,Veritecnica SRL,,1,0,0
1100049416,09/18/2017,Veritecnica SRL,,1,0,0
1100049417,09/18/2017,Veritecnica SRL,,1,0,0
1100049418,09/18/2017,Veritecnica SRL,,1,0,0
1100049419,09/18/2017,Veritecnica SRL,,1,0,0
9202001635,09/18/2017,Veritecnica SRL,,0,0,1
9102008558,09/18/2017,Veritecnica SRL,,0,1,0
1100049420,09/18/2017,Veritecnica SRL,,1,0,0
1100049421,09/18/2017,Veritecnica SRL,,1,0,0
1100049422,09/18/2017,Veritecnica SRL,,1,0,0
9202001636,09/18/2017,Veritecnica SRL,,0,0,1
1200014845,09/18/2017,Veritecnica SRL,,1,0,0
1200014846,09/18/2017,Veritecnica SRL,,1,0,0
1100049423,09/18/2017,Veritecnica SRL,,1,0,0
1200014847,09/18/2017,Veritecnica SRL,,1,0,0
1100049424,09/18/2017,Veritecnica SRL,,1,0,0
1200014848,09/18/2017,Veritecnica SRL,,1,0,0
1100049425,09/18/2017,Veritecnica SRL,,1,0,0
1200014849,09/18/2017,Veritecnica SRL,,1,0,0
1100049426,09/18/2017,Veritecnica SRL,,1,0,0
1100049427,09/18/2017,Veritecnica SRL,,1,0,0
1200014850,09/18/2017,Veritecnica SRL,,1,0,0
1100049428,09/18/2017,Veritecnica SRL,,1,0,0
1200014851,09/18/2017,Veritecnica SRL,,1,0,0
1100049429,09/19/2017,Veritecnica SRL,,1,0,0
1200014852,09/19/2017,Veritecnica SRL,,1,0,0
1100049430,09/19/2017,Veritecnica SRL,,1,0,0
1200014853,09/19/2017,Veritecnica SRL,,1,0,0
1200014854,09/19/2017,Veritecnica SRL,,1,0,0
1100049431,09/19/2017,Veritecnica SRL,,1,0,0
1200014855,09/19/2017,Veritecnica SRL,,1,0,0
9202001637,09/19/2017,Veritecnica SRL,,0,0,1
9102008559,09/19/2017,Veritecnica SRL,,0,0,1
1200014857,09/19/2017,Veritecnica SRL,,1,0,0
1200014856,09/19/2017,Veritecnica SRL,,1,0,0
9202001638,09/19/2017,Veritecnica SRL,,0,0,1
1100049432,09/19/2017,Veritecnica SRL,,1,0,0
1100049433,09/19/2017,Veritecnica SRL,,1,0,0
9102008560,09/19/2017,Veritecnica SRL,,0,1,0
1100049434,09/19/2017,Veritecnica SRL,,1,0,0
1100049435,09/19/2017,Veritecnica SRL,,1,0,0
1100049436,09/19/2017,Veritecnica SRL,,1,0,0
1100049437,09/19/2017,Veritecnica SRL,,1,0,0
1200014858,09/19/2017,Veritecnica SRL,,1,0,0
1200014859,09/19/2017,Veritecnica SRL,,1,0,0
1200014860,09/19/2017,Veritecnica SRL,,1,0,0
9202001639,09/19/2017,Veritecnica SRL,,0,0,1
1100049438,09/19/2017,Veritecnica SRL,,1,0,0
1100049439,09/19/2017,Veritecnica SRL,,1,0,0
1100049440,09/19/2017,Veritecnica SRL,,1,0,0
1200014861,09/19/2017,Veritecnica SRL,,1,0,0
1200014862,09/19/2017,Veritecnica SRL,,1,0,0
1200014863,09/19/2017,Veritecnica SRL,,1,0,0
1100049441,09/19/2017,Veritecnica SRL,,1,0,0
1100049442,09/19/2017,Veritecnica SRL,,1,0,0
1100049443,09/19/2017,Veritecnica SRL,,1,0,0
1200014864,09/19/2017,Veritecnica SRL,,1,0,0
1100049444,09/19/2017,Veritecnica SRL,,1,0,0
1100049445,09/19/2017,Veritecnica SRL,,1,0,0
1100049446,09/19/2017,Veritecnica SRL,,1,0,0
1200014865,09/19/2017,Veritecnica SRL,,1,0,0
1200014866,09/19/2017,Veritecnica SRL,,1,0,0
1100049447,09/19/2017,Veritecnica SRL,,1,0,0
1100049448,09/19/2017,Veritecnica SRL,,1,0,0
1200014867,09/19/2017,Veritecnica SRL,,1,0,0
1100049449,09/19/2017,Veritecnica SRL,,1,0,0
1200014868,09/19/2017,Veritecnica SRL,,1,0,0
1100049450,09/19/2017,Veritecnica SRL,,1,0,0
