Nrocertificado,Fecha,Idtaller,Dominiovehiculo,Aprobado,RechazadoLeveModerado,RechazadoGrave
1100044389,06/14/2017,Asociación de Bomberos Voluntarios - San Martín de los Andes,,1,0,0
1100044390,06/14/2017,Asociación de Bomberos Voluntarios - San Martín de los Andes,,1,0,0
1100044391,06/14/2017,Asociación de Bomberos Voluntarios - San Martín de los Andes,,1,0,0
1100044392,06/14/2017,Asociación de Bomberos Voluntarios - San Martín de los Andes,,1,0,0
1100044393,06/14/2017,Asociación de Bomberos Voluntarios - San Martín de los Andes,,1,0,0
1100044394,06/14/2017,Asociación de Bomberos Voluntarios - San Martín de los Andes,,1,0,0
9101003130,06/14/2017,Asociación de Bomberos Voluntarios - San Martín de los Andes,,0,1,0
1100044395,06/14/2017,Asociación de Bomberos Voluntarios - San Martín de los Andes,,1,0,0
1100044396,06/14/2017,Asociación de Bomberos Voluntarios - San Martín de los Andes,,1,0,0
1100044397,06/14/2017,Asociación de Bomberos Voluntarios - San Martín de los Andes,,1,0,0
1200012792,06/14/2017,Asociación de Bomberos Voluntarios - San Martín de los Andes,,1,0,0
9101003131,06/14/2017,Asociación de Bomberos Voluntarios - San Martín de los Andes,,0,1,0
1100044398,06/14/2017,Asociación de Bomberos Voluntarios - San Martín de los Andes,,1,0,0
1100044399,06/14/2017,Asociación de Bomberos Voluntarios - San Martín de los Andes,,1,0,0
9101003132,06/14/2017,Asociación de Bomberos Voluntarios - San Martín de los Andes,,0,0,1
1100044400,06/14/2017,Asociación de Bomberos Voluntarios - San Martín de los Andes,,1,0,0
1100044401,06/14/2017,Asociación de Bomberos Voluntarios - San Martín de los Andes,,1,0,0
9101003133,06/14/2017,Asociación de Bomberos Voluntarios - San Martín de los Andes,,0,1,0
1100044402,06/14/2017,Asociación de Bomberos Voluntarios - San Martín de los Andes,,1,0,0
1100044403,06/14/2017,Asociación de Bomberos Voluntarios - San Martín de los Andes,,1,0,0
1100044404,06/14/2017,Asociación de Bomberos Voluntarios - San Martín de los Andes,,1,0,0
1100044405,06/14/2017,Asociación de Bomberos Voluntarios - San Martín de los Andes,,1,0,0
1100044406,06/14/2017,Asociación de Bomberos Voluntarios - San Martín de los Andes,,1,0,0
9101003134,06/14/2017,Asociación de Bomberos Voluntarios - San Martín de los Andes,,0,1,0
1100044407,06/14/2017,Asociación de Bomberos Voluntarios - San Martín de los Andes,,1,0,0
1100044408,06/14/2017,Asociación de Bomberos Voluntarios - San Martín de los Andes,,1,0,0
9101003135,06/14/2017,Asociación de Bomberos Voluntarios - San Martín de los Andes,,0,0,1
1100044409,06/14/2017,Asociación de Bomberos Voluntarios - San Martín de los Andes,,1,0,0
1100044410,06/14/2017,Asociación de Bomberos Voluntarios - San Martín de los Andes,,1,0,0
9101003136,06/14/2017,Asociación de Bomberos Voluntarios - San Martín de los Andes,,0,1,0
1100044411,06/14/2017,Asociación de Bomberos Voluntarios - San Martín de los Andes,,1,0,0
9101003137,06/14/2017,Asociación de Bomberos Voluntarios - San Martín de los Andes,,0,1,0
9101003138,06/14/2017,Asociación de Bomberos Voluntarios - San Martín de los Andes,,0,0,1
1100044412,06/14/2017,Asociación de Bomberos Voluntarios - San Martín de los Andes,,1,0,0
1100044413,06/14/2017,Asociación de Bomberos Voluntarios - San Martín de los Andes,,1,0,0
9101003139,06/14/2017,Asociación de Bomberos Voluntarios - San Martín de los Andes,,0,1,0
1100044414,06/14/2017,Asociación de Bomberos Voluntarios - San Martín de los Andes,,1,0,0
1100044415,06/14/2017,Asociación de Bomberos Voluntarios - San Martín de los Andes,,1,0,0
1100044416,06/14/2017,Asociación de Bomberos Voluntarios - San Martín de los Andes,,1,0,0
1100044417,06/14/2017,Asociación de Bomberos Voluntarios - San Martín de los Andes,,1,0,0
1100044418,06/14/2017,Asociación de Bomberos Voluntarios - San Martín de los Andes,,1,0,0
1100044419,06/14/2017,Asociación de Bomberos Voluntarios - San Martín de los Andes,,1,0,0
1100044420,06/14/2017,Asociación de Bomberos Voluntarios - San Martín de los Andes,,1,0,0
1100044421,06/15/2017,Asociación de Bomberos Voluntarios - San Martín de los Andes,,1,0,0
1100044422,06/15/2017,Asociación de Bomberos Voluntarios - San Martín de los Andes,,1,0,0
1100044423,06/15/2017,Asociación de Bomberos Voluntarios - San Martín de los Andes,,1,0,0
9101003140,06/15/2017,Asociación de Bomberos Voluntarios - San Martín de los Andes,,0,1,0
1100044424,06/15/2017,Asociación de Bomberos Voluntarios - San Martín de los Andes,,1,0,0
1100044425,06/15/2017,Asociación de Bomberos Voluntarios - San Martín de los Andes,,1,0,0
1200012793,06/15/2017,Asociación de Bomberos Voluntarios - San Martín de los Andes,,1,0,0
1100044426,06/15/2017,Asociación de Bomberos Voluntarios - San Martín de los Andes,,1,0,0
1100044427,06/15/2017,Asociación de Bomberos Voluntarios - San Martín de los Andes,,1,0,0
1100044428,06/15/2017,Asociación de Bomberos Voluntarios - San Martín de los Andes,,1,0,0
1100044429,06/15/2017,Asociación de Bomberos Voluntarios - San Martín de los Andes,,1,0,0
1100044430,06/15/2017,Asociación de Bomberos Voluntarios - San Martín de los Andes,,1,0,0
1100044431,06/15/2017,Asociación de Bomberos Voluntarios - San Martín de los Andes,,1,0,0
1100044432,06/15/2017,Asociación de Bomberos Voluntarios - San Martín de los Andes,,1,0,0
1100044433,06/15/2017,Asociación de Bomberos Voluntarios - San Martín de los Andes,,1,0,0
1100044434,06/15/2017,Asociación de Bomberos Voluntarios - San Martín de los Andes,,1,0,0
1100044435,06/15/2017,Asociación de Bomberos Voluntarios - San Martín de los Andes,,1,0,0
1100044436,06/15/2017,Asociación de Bomberos Voluntarios - San Martín de los Andes,,1,0,0
1100044437,06/15/2017,Asociación de Bomberos Voluntarios - San Martín de los Andes,,1,0,0
1100044438,06/15/2017,Asociación de Bomberos Voluntarios - San Martín de los Andes,,1,0,0
1100044439,06/15/2017,Asociación de Bomberos Voluntarios - San Martín de los Andes,,1,0,0
1100044440,06/15/2017,Asociación de Bomberos Voluntarios - San Martín de los Andes,,1,0,0
9101003141,06/15/2017,Asociación de Bomberos Voluntarios - San Martín de los Andes,,0,0,1
1100044441,06/15/2017,Asociación de Bomberos Voluntarios - San Martín de los Andes,,1,0,0
9101003142,06/15/2017,Asociación de Bomberos Voluntarios - San Martín de los Andes,,0,0,1
1200012794,06/15/2017,Asociación de Bomberos Voluntarios - San Martín de los Andes,,1,0,0
1100044442,06/15/2017,Asociación de Bomberos Voluntarios - San Martín de los Andes,,1,0,0
1100044443,06/15/2017,Asociación de Bomberos Voluntarios - San Martín de los Andes,,1,0,0
1100044444,06/15/2017,Asociación de Bomberos Voluntarios - San Martín de los Andes,,1,0,0
1100044445,06/15/2017,Asociación de Bomberos Voluntarios - San Martín de los Andes,,1,0,0
1100044446,06/15/2017,Asociación de Bomberos Voluntarios - San Martín de los Andes,,1,0,0
1100044447,06/15/2017,Asociación de Bomberos Voluntarios - San Martín de los Andes,,1,0,0
1100044448,06/15/2017,Asociación de Bomberos Voluntarios - San Martín de los Andes,,1,0,0
1100044449,06/15/2017,Asociación de Bomberos Voluntarios - San Martín de los Andes,,1,0,0
1100044450,06/15/2017,Asociación de Bomberos Voluntarios - San Martín de los Andes,,1,0,0
9101003143,06/15/2017,Asociación de Bomberos Voluntarios - San Martín de los Andes,,0,1,0
1100044451,06/15/2017,Asociación de Bomberos Voluntarios - San Martín de los Andes,,1,0,0
1100044452,06/15/2017,Asociación de Bomberos Voluntarios - San Martín de los Andes,,1,0,0
1100044453,06/15/2017,Asociación de Bomberos Voluntarios - San Martín de los Andes,,1,0,0
9101003144,06/15/2017,Asociación de Bomberos Voluntarios - San Martín de los Andes,,0,1,0
1100044454,06/15/2017,Asociación de Bomberos Voluntarios - San Martín de los Andes,,1,0,0
1100044455,06/15/2017,Asociación de Bomberos Voluntarios - San Martín de los Andes,,1,0,0
1100044456,06/15/2017,Asociación de Bomberos Voluntarios - San Martín de los Andes,,1,0,0
9103002532,06/14/2017,Control SRL,,0,0,1
1100044110,06/14/2017,Control SRL,,1,0,0
1100044111,06/14/2017,Control SRL,,1,0,0
1200013080,06/14/2017,Control SRL,,1,0,0
1100044112,06/14/2017,Control SRL,,1,0,0
1100044114,06/14/2017,Control SRL,,1,0,0
1100044113,06/14/2017,Control SRL,,1,0,0
1200013081,06/14/2017,Control SRL,,1,0,0
1100044115,06/14/2017,Control SRL,,1,0,0
1100044116,06/14/2017,Control SRL,,1,0,0
1200013083,06/14/2017,Control SRL,,1,0,0
1200013084,06/14/2017,Control SRL,,1,0,0
1200013082,06/14/2017,Control SRL,,1,0,0
1100044117,06/14/2017,Control SRL,,1,0,0
1100044118,06/14/2017,Control SRL,,1,0,0
1100044119,06/14/2017,Control SRL,,1,0,0
1100044120,06/14/2017,Control SRL,,1,0,0
1100044121,06/14/2017,Control SRL,,1,0,0
1100044122,06/14/2017,Control SRL,,1,0,0
1100044123,06/14/2017,Control SRL,,1,0,0
1100044124,06/14/2017,Control SRL,,1,0,0
1100044125,06/14/2017,Control SRL,,1,0,0
1100044126,06/14/2017,Control SRL,,1,0,0
1200013085,06/14/2017,Control SRL,,1,0,0
1100044127,06/14/2017,Control SRL,,1,0,0
1100044128,06/14/2017,Control SRL,,1,0,0
1100044129,06/14/2017,Control SRL,,1,0,0
1100044130,06/14/2017,Control SRL,,1,0,0
1200013086,06/14/2017,Control SRL,,1,0,0
1100044131,06/14/2017,Control SRL,,1,0,0
1200013087,06/14/2017,Control SRL,,1,0,0
1200013088,06/15/2017,Control SRL,,1,0,0
1100044132,06/15/2017,Control SRL,,1,0,0
9103002533,06/15/2017,Control SRL,,0,0,1
1100044133,06/15/2017,Control SRL,,1,0,0
1100044134,06/15/2017,Control SRL,,1,0,0
1200013089,06/15/2017,Control SRL,,1,0,0
1100044135,06/15/2017,Control SRL,,1,0,0
9103002534,06/15/2017,Control SRL,,0,0,1
1100044136,06/15/2017,Control SRL,,1,0,0
1100044137,06/15/2017,Control SRL,,1,0,0
1200013091,06/15/2017,Control SRL,,1,0,0
1200013090,06/15/2017,Control SRL,,1,0,0
1200013093,06/15/2017,Control SRL,,1,0,0
1100044138,06/15/2017,Control SRL,,1,0,0
1100044139,06/15/2017,Control SRL,,1,0,0
1100044140,06/15/2017,Control SRL,,1,0,0
1100044141,06/15/2017,Control SRL,,1,0,0
1100044142,06/15/2017,Control SRL,,1,0,0
1100044143,06/15/2017,Control SRL,,1,0,0
1100044144,06/15/2017,Control SRL,,1,0,0
1100044145,06/15/2017,Control SRL,,1,0,0
1100044146,06/15/2017,Control SRL,,1,0,0
1200013092,06/15/2017,Control SRL,,1,0,0
1100044147,06/15/2017,Control SRL,,1,0,0
1100044148,06/15/2017,Control SRL,,1,0,0
1100044149,06/15/2017,Control SRL,,1,0,0
1200013094,06/15/2017,Control SRL,,1,0,0
1200013095,06/15/2017,Control SRL,,1,0,0
1100044150,06/15/2017,Control SRL,,1,0,0
1100044151,06/15/2017,Control SRL,,1,0,0
1200013096,06/15/2017,Control SRL,,1,0,0
1200013097,06/15/2017,Control SRL,,1,0,0
1100044152,06/15/2017,Control SRL,,1,0,0
1100044153,06/15/2017,Control SRL,,1,0,0
1100043877,06/14/2017,Veritecnica SRL,,1,0,0
1100043878,06/14/2017,Veritecnica SRL,,1,0,0
9102007932,06/14/2017,Veritecnica SRL,,0,0,1
9202001445,06/14/2017,Veritecnica SRL,,0,0,1
9202001446,06/14/2017,Veritecnica SRL,,0,0,1
9102007933,06/14/2017,Veritecnica SRL,,0,0,1
1100043879,06/14/2017,Veritecnica SRL,,1,0,0
1100043880,06/14/2017,Veritecnica SRL,,1,0,0
1200012952,06/14/2017,Veritecnica SRL,,1,0,0
1100043881,06/14/2017,Veritecnica SRL,,1,0,0
1100043882,06/14/2017,Veritecnica SRL,,1,0,0
1100043883,06/14/2017,Veritecnica SRL,,1,0,0
1100043884,06/14/2017,Veritecnica SRL,,1,0,0
1100043885,06/14/2017,Veritecnica SRL,,1,0,0
1100043886,06/14/2017,Veritecnica SRL,,1,0,0
1100043887,06/14/2017,Veritecnica SRL,,1,0,0
1200012953,06/14/2017,Veritecnica SRL,,1,0,0
1100043888,06/14/2017,Veritecnica SRL,,1,0,0
1100043889,06/14/2017,Veritecnica SRL,,1,0,0
1100043890,06/14/2017,Veritecnica SRL,,1,0,0
1100043891,06/14/2017,Veritecnica SRL,,1,0,0
1200012954,06/14/2017,Veritecnica SRL,,1,0,0
9202001447,06/14/2017,Veritecnica SRL,,0,0,1
1200012955,06/14/2017,Veritecnica SRL,,1,0,0
9202001448,06/14/2017,Veritecnica SRL,,0,0,1
1200012957,06/14/2017,Veritecnica SRL,,1,0,0
1200012956,06/14/2017,Veritecnica SRL,,1,0,0
9102007934,06/14/2017,Veritecnica SRL,,0,1,0
9102007935,06/14/2017,Veritecnica SRL,,0,0,1
1100043892,06/14/2017,Veritecnica SRL,,1,0,0
9202001449,06/14/2017,Veritecnica SRL,,0,0,1
9102007936,06/14/2017,Veritecnica SRL,,0,1,0
1200012958,06/14/2017,Veritecnica SRL,,1,0,0
1100043893,06/14/2017,Veritecnica SRL,,1,0,0
1100043894,06/14/2017,Veritecnica SRL,,1,0,0
9102007937,06/14/2017,Veritecnica SRL,,0,1,0
1200012959,06/14/2017,Veritecnica SRL,,1,0,0
9102007938,06/14/2017,Veritecnica SRL,,0,1,0
1100043895,06/14/2017,Veritecnica SRL,,1,0,0
1100043896,06/14/2017,Veritecnica SRL,,1,0,0
1100043897,06/14/2017,Veritecnica SRL,,1,0,0
9102007939,06/14/2017,Veritecnica SRL,,0,0,1
1100043898,06/14/2017,Veritecnica SRL,,1,0,0
1100043899,06/14/2017,Veritecnica SRL,,1,0,0
1100043900,06/14/2017,Veritecnica SRL,,1,0,0
1100043901,06/14/2017,Veritecnica SRL,,1,0,0
9102007940,06/14/2017,Veritecnica SRL,,0,1,0
9102007941,06/14/2017,Veritecnica SRL,,0,1,0
9102007942,06/14/2017,Veritecnica SRL,,0,0,1
9102007943,06/14/2017,Veritecnica SRL,,0,0,1
1100043902,06/14/2017,Veritecnica SRL,,1,0,0
1100043903,06/14/2017,Veritecnica SRL,,1,0,0
1100043904,06/14/2017,Veritecnica SRL,,1,0,0
9102007944,06/14/2017,Veritecnica SRL,,0,0,1
9202001450,06/14/2017,Veritecnica SRL,,0,0,1
9102007945,06/14/2017,Veritecnica SRL,,0,1,0
1200012960,06/14/2017,Veritecnica SRL,,1,0,0
1100043905,06/15/2017,Veritecnica SRL,,1,0,0
1100043906,06/15/2017,Veritecnica SRL,,1,0,0
1200012961,06/15/2017,Veritecnica SRL,,1,0,0
1200012962,06/15/2017,Veritecnica SRL,,1,0,0
1100043907,06/15/2017,Veritecnica SRL,,1,0,0
1200012963,06/15/2017,Veritecnica SRL,,1,0,0
1100043908,06/15/2017,Veritecnica SRL,,1,0,0
9102007946,06/15/2017,Veritecnica SRL,,0,1,0
1100043909,06/15/2017,Veritecnica SRL,,1,0,0
9102007947,06/15/2017,Veritecnica SRL,,0,1,0
9202001451,06/15/2017,Veritecnica SRL,,0,0,1
1200012964,06/15/2017,Veritecnica SRL,,1,0,0
1200012965,06/15/2017,Veritecnica SRL,,1,0,0
1100043910,06/15/2017,Veritecnica SRL,,1,0,0
1200012966,06/15/2017,Veritecnica SRL,,1,0,0
1100043911,06/15/2017,Veritecnica SRL,,1,0,0
9102007948,06/15/2017,Veritecnica SRL,,0,0,1
1200012967,06/15/2017,Veritecnica SRL,,1,0,0
1200012968,06/15/2017,Veritecnica SRL,,1,0,0
9102007949,06/15/2017,Veritecnica SRL,,0,1,0
1200012969,06/15/2017,Veritecnica SRL,,1,0,0
9102007950,06/15/2017,Veritecnica SRL,,0,1,0
1100043912,06/15/2017,Veritecnica SRL,,1,0,0
1200012970,06/15/2017,Veritecnica SRL,,1,0,0
1100043913,06/15/2017,Veritecnica SRL,,1,0,0
1200012971,06/15/2017,Veritecnica SRL,,1,0,0
1100043914,06/15/2017,Veritecnica SRL,,1,0,0
1100043915,06/15/2017,Veritecnica SRL,,1,0,0
9102007951,06/15/2017,Veritecnica SRL,,0,0,1
1100043916,06/15/2017,Veritecnica SRL,,1,0,0
1200012972,06/15/2017,Veritecnica SRL,,1,0,0
1200012973,06/15/2017,Veritecnica SRL,,1,0,0
9102007952,06/15/2017,Veritecnica SRL,,0,0,1
1200012974,06/15/2017,Veritecnica SRL,,1,0,0
1100043917,06/15/2017,Veritecnica SRL,,1,0,0
1100043918,06/15/2017,Veritecnica SRL,,1,0,0
1100043919,06/15/2017,Veritecnica SRL,,1,0,0
1200012975,06/15/2017,Veritecnica SRL,,1,0,0
9202001452,06/15/2017,Veritecnica SRL,,0,0,1
1100043920,06/15/2017,Veritecnica SRL,,1,0,0
9102007953,06/15/2017,Veritecnica SRL,,0,0,1
1200012976,06/15/2017,Veritecnica SRL,,1,0,0
1200012977,06/15/2017,Veritecnica SRL,,1,0,0
1100043921,06/15/2017,Veritecnica SRL,,1,0,0
1100043922,06/15/2017,Veritecnica SRL,,1,0,0
1100043923,06/15/2017,Veritecnica SRL,,1,0,0
9102007954,06/15/2017,Veritecnica SRL,,0,0,1
9102007955,06/15/2017,Veritecnica SRL,,0,1,0
1100043924,06/15/2017,Veritecnica SRL,,1,0,0
1100043925,06/15/2017,Veritecnica SRL,,1,0,0
9102007956,06/15/2017,Veritecnica SRL,,0,1,0
1100043927,06/15/2017,Veritecnica SRL,,1,0,0
1100043926,06/15/2017,Veritecnica SRL,,1,0,0
1200012978,06/15/2017,Veritecnica SRL,,1,0,0
1100043928,06/15/2017,Veritecnica SRL,,1,0,0
1200012979,06/15/2017,Veritecnica SRL,,1,0,0
1200012980,06/15/2017,Veritecnica SRL,,1,0,0
