Nrocertificado,Fecha,Idtaller,Dominiovehiculo,Aprobado,RechazadoLeveModerado,RechazadoGrave
1100044329,06/12/2017,Asociación de Bomberos Voluntarios - San Martín de los Andes,,1,0,0
9101003105,06/12/2017,Asociación de Bomberos Voluntarios - San Martín de los Andes,,0,0,1
1100044330,06/12/2017,Asociación de Bomberos Voluntarios - San Martín de los Andes,,1,0,0
9101003106,06/12/2017,Asociación de Bomberos Voluntarios - San Martín de los Andes,,0,0,1
1100044331,06/12/2017,Asociación de Bomberos Voluntarios - San Martín de los Andes,,1,0,0
9101003107,06/12/2017,Asociación de Bomberos Voluntarios - San Martín de los Andes,,0,1,0
1100044332,06/12/2017,Asociación de Bomberos Voluntarios - San Martín de los Andes,,1,0,0
9101003108,06/12/2017,Asociación de Bomberos Voluntarios - San Martín de los Andes,,0,1,0
1100044333,06/12/2017,Asociación de Bomberos Voluntarios - San Martín de los Andes,,1,0,0
1100044334,06/12/2017,Asociación de Bomberos Voluntarios - San Martín de los Andes,,1,0,0
9101003109,06/12/2017,Asociación de Bomberos Voluntarios - San Martín de los Andes,,0,1,0
9101003110,06/12/2017,Asociación de Bomberos Voluntarios - San Martín de los Andes,,0,1,0
1200012788,06/12/2017,Asociación de Bomberos Voluntarios - San Martín de los Andes,,1,0,0
1100044335,06/12/2017,Asociación de Bomberos Voluntarios - San Martín de los Andes,,1,0,0
1100044336,06/12/2017,Asociación de Bomberos Voluntarios - San Martín de los Andes,,1,0,0
1100044337,06/12/2017,Asociación de Bomberos Voluntarios - San Martín de los Andes,,1,0,0
9101003111,06/12/2017,Asociación de Bomberos Voluntarios - San Martín de los Andes,,0,1,0
1100044338,06/12/2017,Asociación de Bomberos Voluntarios - San Martín de los Andes,,1,0,0
1100044339,06/12/2017,Asociación de Bomberos Voluntarios - San Martín de los Andes,,1,0,0
9101003112,06/12/2017,Asociación de Bomberos Voluntarios - San Martín de los Andes,,0,0,1
1100044340,06/12/2017,Asociación de Bomberos Voluntarios - San Martín de los Andes,,1,0,0
1100044341,06/12/2017,Asociación de Bomberos Voluntarios - San Martín de los Andes,,1,0,0
9101003113,06/12/2017,Asociación de Bomberos Voluntarios - San Martín de los Andes,,0,1,0
1100044342,06/12/2017,Asociación de Bomberos Voluntarios - San Martín de los Andes,,1,0,0
9101003114,06/12/2017,Asociación de Bomberos Voluntarios - San Martín de los Andes,,0,1,0
1100044343,06/12/2017,Asociación de Bomberos Voluntarios - San Martín de los Andes,,1,0,0
1100044344,06/12/2017,Asociación de Bomberos Voluntarios - San Martín de los Andes,,1,0,0
1100044345,06/12/2017,Asociación de Bomberos Voluntarios - San Martín de los Andes,,1,0,0
1100044346,06/12/2017,Asociación de Bomberos Voluntarios - San Martín de los Andes,,1,0,0
1100044347,06/12/2017,Asociación de Bomberos Voluntarios - San Martín de los Andes,,1,0,0
1100044348,06/12/2017,Asociación de Bomberos Voluntarios - San Martín de los Andes,,1,0,0
1100044349,06/12/2017,Asociación de Bomberos Voluntarios - San Martín de los Andes,,1,0,0
1100044350,06/12/2017,Asociación de Bomberos Voluntarios - San Martín de los Andes,,1,0,0
9101003115,06/12/2017,Asociación de Bomberos Voluntarios - San Martín de los Andes,,0,1,0
1100044351,06/12/2017,Asociación de Bomberos Voluntarios - San Martín de los Andes,,1,0,0
1100044352,06/12/2017,Asociación de Bomberos Voluntarios - San Martín de los Andes,,1,0,0
9101003116,06/12/2017,Asociación de Bomberos Voluntarios - San Martín de los Andes,,0,0,1
1100044353,06/12/2017,Asociación de Bomberos Voluntarios - San Martín de los Andes,,1,0,0
9101003117,06/12/2017,Asociación de Bomberos Voluntarios - San Martín de los Andes,,0,1,0
9101003118,06/12/2017,Asociación de Bomberos Voluntarios - San Martín de los Andes,,0,0,1
1100044354,06/12/2017,Asociación de Bomberos Voluntarios - San Martín de los Andes,,1,0,0
1100044355,06/12/2017,Asociación de Bomberos Voluntarios - San Martín de los Andes,,1,0,0
1100044356,06/12/2017,Asociación de Bomberos Voluntarios - San Martín de los Andes,,1,0,0
9101003119,06/13/2017,Asociación de Bomberos Voluntarios - San Martín de los Andes,,0,1,0
1100044357,06/13/2017,Asociación de Bomberos Voluntarios - San Martín de los Andes,,1,0,0
1100044358,06/13/2017,Asociación de Bomberos Voluntarios - San Martín de los Andes,,1,0,0
1100044359,06/13/2017,Asociación de Bomberos Voluntarios - San Martín de los Andes,,1,0,0
1100044360,06/13/2017,Asociación de Bomberos Voluntarios - San Martín de los Andes,,1,0,0
1100044361,06/13/2017,Asociación de Bomberos Voluntarios - San Martín de los Andes,,1,0,0
9101003120,06/13/2017,Asociación de Bomberos Voluntarios - San Martín de los Andes,,0,1,0
1100044362,06/13/2017,Asociación de Bomberos Voluntarios - San Martín de los Andes,,1,0,0
1100044363,06/13/2017,Asociación de Bomberos Voluntarios - San Martín de los Andes,,1,0,0
9101003121,06/13/2017,Asociación de Bomberos Voluntarios - San Martín de los Andes,,0,0,1
1100044364,06/13/2017,Asociación de Bomberos Voluntarios - San Martín de los Andes,,1,0,0
1100044365,06/13/2017,Asociación de Bomberos Voluntarios - San Martín de los Andes,,1,0,0
9101003122,06/13/2017,Asociación de Bomberos Voluntarios - San Martín de los Andes,,0,1,0
9101003123,06/13/2017,Asociación de Bomberos Voluntarios - San Martín de los Andes,,0,1,0
1100044366,06/13/2017,Asociación de Bomberos Voluntarios - San Martín de los Andes,,1,0,0
9101003124,06/13/2017,Asociación de Bomberos Voluntarios - San Martín de los Andes,,0,1,0
1100044367,06/13/2017,Asociación de Bomberos Voluntarios - San Martín de los Andes,,1,0,0
1100044368,06/13/2017,Asociación de Bomberos Voluntarios - San Martín de los Andes,,1,0,0
1100044369,06/13/2017,Asociación de Bomberos Voluntarios - San Martín de los Andes,,1,0,0
1100044370,06/13/2017,Asociación de Bomberos Voluntarios - San Martín de los Andes,,1,0,0
1100044371,06/13/2017,Asociación de Bomberos Voluntarios - San Martín de los Andes,,1,0,0
1100044372,06/13/2017,Asociación de Bomberos Voluntarios - San Martín de los Andes,,1,0,0
9201000489,06/13/2017,Asociación de Bomberos Voluntarios - San Martín de los Andes,,0,0,1
1100044373,06/13/2017,Asociación de Bomberos Voluntarios - San Martín de los Andes,,1,0,0
9101003125,06/13/2017,Asociación de Bomberos Voluntarios - San Martín de los Andes,,0,1,0
1100044374,06/13/2017,Asociación de Bomberos Voluntarios - San Martín de los Andes,,1,0,0
1100044375,06/13/2017,Asociación de Bomberos Voluntarios - San Martín de los Andes,,1,0,0
9101003126,06/13/2017,Asociación de Bomberos Voluntarios - San Martín de los Andes,,0,0,1
1100044376,06/13/2017,Asociación de Bomberos Voluntarios - San Martín de los Andes,,1,0,0
1100044377,06/13/2017,Asociación de Bomberos Voluntarios - San Martín de los Andes,,1,0,0
1200012789,06/13/2017,Asociación de Bomberos Voluntarios - San Martín de los Andes,,1,0,0
1100044378,06/13/2017,Asociación de Bomberos Voluntarios - San Martín de los Andes,,1,0,0
1100044379,06/13/2017,Asociación de Bomberos Voluntarios - San Martín de los Andes,,1,0,0
9101003127,06/13/2017,Asociación de Bomberos Voluntarios - San Martín de los Andes,,0,0,1
1200012790,06/13/2017,Asociación de Bomberos Voluntarios - San Martín de los Andes,,1,0,0
1100044380,06/13/2017,Asociación de Bomberos Voluntarios - San Martín de los Andes,,1,0,0
1100044381,06/13/2017,Asociación de Bomberos Voluntarios - San Martín de los Andes,,1,0,0
1100044382,06/13/2017,Asociación de Bomberos Voluntarios - San Martín de los Andes,,1,0,0
1100044383,06/13/2017,Asociación de Bomberos Voluntarios - San Martín de los Andes,,1,0,0
1100044384,06/13/2017,Asociación de Bomberos Voluntarios - San Martín de los Andes,,1,0,0
1100044385,06/13/2017,Asociación de Bomberos Voluntarios - San Martín de los Andes,,1,0,0
1100044386,06/13/2017,Asociación de Bomberos Voluntarios - San Martín de los Andes,,1,0,0
9101003128,06/13/2017,Asociación de Bomberos Voluntarios - San Martín de los Andes,,0,1,0
9101003129,06/13/2017,Asociación de Bomberos Voluntarios - San Martín de los Andes,,0,1,0
1200012791,06/13/2017,Asociación de Bomberos Voluntarios - San Martín de los Andes,,1,0,0
1100044387,06/13/2017,Asociación de Bomberos Voluntarios - San Martín de los Andes,,1,0,0
1100044388,06/13/2017,Asociación de Bomberos Voluntarios - San Martín de los Andes,,1,0,0
1100044065,06/12/2017,Control SRL,,1,0,0
9203000653,06/12/2017,Control SRL,,0,0,1
1100044066,06/12/2017,Control SRL,,1,0,0
1100044067,06/12/2017,Control SRL,,1,0,0
1100044068,06/12/2017,Control SRL,,1,0,0
9103002522,06/12/2017,Control SRL,,0,0,1
1100044069,06/12/2017,Control SRL,,1,0,0
1100044070,06/12/2017,Control SRL,,1,0,0
1100044071,06/12/2017,Control SRL,,1,0,0
9203000654,06/12/2017,Control SRL,,0,0,1
1200013057,06/12/2017,Control SRL,,1,0,0
1100044072,06/12/2017,Control SRL,,1,0,0
1100044073,06/12/2017,Control SRL,,1,0,0
1100044074,06/12/2017,Control SRL,,1,0,0
1100044075,06/12/2017,Control SRL,,1,0,0
1200013059,06/12/2017,Control SRL,,1,0,0
9103002523,06/12/2017,Control SRL,,0,0,1
1100044076,06/12/2017,Control SRL,,1,0,0
1100044077,06/12/2017,Control SRL,,1,0,0
1100044078,06/12/2017,Control SRL,,1,0,0
1100044079,06/12/2017,Control SRL,,1,0,0
1100044080,06/12/2017,Control SRL,,1,0,0
1200013058,06/12/2017,Control SRL,,1,0,0
1200013060,06/12/2017,Control SRL,,1,0,0
1100044081,06/12/2017,Control SRL,,1,0,0
1200013061,06/12/2017,Control SRL,,1,0,0
1100044082,06/12/2017,Control SRL,,1,0,0
1100044083,06/12/2017,Control SRL,,1,0,0
1100044084,06/12/2017,Control SRL,,1,0,0
1100044085,06/12/2017,Control SRL,,1,0,0
1200013063,06/12/2017,Control SRL,,1,0,0
1200013062,06/12/2017,Control SRL,,1,0,0
1100044086,06/12/2017,Control SRL,,1,0,0
1200013065,06/12/2017,Control SRL,,1,0,0
1200013064,06/12/2017,Control SRL,,1,0,0
1100044087,06/12/2017,Control SRL,,1,0,0
9103002524,06/12/2017,Control SRL,,0,0,1
1100044088,06/12/2017,Control SRL,,1,0,0
1100044089,06/12/2017,Control SRL,,1,0,0
1200013067,06/12/2017,Control SRL,,1,0,0
1200013068,06/12/2017,Control SRL,,1,0,0
1100044090,06/13/2017,Control SRL,,1,0,0
9103002525,06/13/2017,Control SRL,,0,0,1
1100044091,06/13/2017,Control SRL,,1,0,0
1200013066,06/13/2017,Control SRL,,1,0,0
1200013069,06/13/2017,Control SRL,,1,0,0
9103002526,06/13/2017,Control SRL,,0,0,1
1100044092,06/13/2017,Control SRL,,1,0,0
9103002527,06/13/2017,Control SRL,,0,0,1
1200013070,06/13/2017,Control SRL,,1,0,0
1200013071,06/13/2017,Control SRL,,1,0,0
1200013072,06/13/2017,Control SRL,,1,0,0
1200013073,06/13/2017,Control SRL,,1,0,0
9103002528,06/13/2017,Control SRL,,0,0,1
1100044093,06/13/2017,Control SRL,,1,0,0
9103002529,06/13/2017,Control SRL,,0,0,1
1100044095,06/13/2017,Control SRL,,1,0,0
1100044094,06/13/2017,Control SRL,,1,0,0
1100044096,06/13/2017,Control SRL,,1,0,0
1100044097,06/13/2017,Control SRL,,1,0,0
1100044098,06/13/2017,Control SRL,,1,0,0
1100044099,06/13/2017,Control SRL,,1,0,0
1200013074,06/13/2017,Control SRL,,1,0,0
9203000655,06/13/2017,Control SRL,,0,0,1
9103002530,06/13/2017,Control SRL,,0,0,1
1100044100,06/13/2017,Control SRL,,1,0,0
1200013075,06/13/2017,Control SRL,,1,0,0
1200013076,06/13/2017,Control SRL,,1,0,0
1100044101,06/13/2017,Control SRL,,1,0,0
9103002531,06/13/2017,Control SRL,,0,0,1
1100044102,06/13/2017,Control SRL,,1,0,0
1200013077,06/13/2017,Control SRL,,1,0,0
1100044103,06/13/2017,Control SRL,,1,0,0
1100044104,06/13/2017,Control SRL,,1,0,0
1100044106,06/13/2017,Control SRL,,1,0,0
1100044107,06/13/2017,Control SRL,,1,0,0
1200013078,06/13/2017,Control SRL,,1,0,0
1100044108,06/13/2017,Control SRL,,1,0,0
1100044109,06/13/2017,Control SRL,,1,0,0
1200013079,06/13/2017,Control SRL,,1,0,0
1100043838,06/12/2017,Veritecnica SRL,,1,0,0
1100043839,06/12/2017,Veritecnica SRL,,1,0,0
1100043840,06/12/2017,Veritecnica SRL,,1,0,0
9102007918,06/12/2017,Veritecnica SRL,,0,0,1
1100043841,06/12/2017,Veritecnica SRL,,1,0,0
1100043842,06/12/2017,Veritecnica SRL,,1,0,0
1200012942,06/12/2017,Veritecnica SRL,,1,0,0
9102007919,06/12/2017,Veritecnica SRL,,0,0,1
1200012943,06/12/2017,Veritecnica SRL,,1,0,0
9102007920,06/12/2017,Veritecnica SRL,,0,1,0
1100043843,06/12/2017,Veritecnica SRL,,1,0,0
1100043844,06/12/2017,Veritecnica SRL,,1,0,0
9102007921,06/12/2017,Veritecnica SRL,,0,1,0
1100043845,06/12/2017,Veritecnica SRL,,1,0,0
9102007922,06/12/2017,Veritecnica SRL,,0,0,1
1100043846,06/12/2017,Veritecnica SRL,,1,0,0
1100043847,06/12/2017,Veritecnica SRL,,1,0,0
1100043848,06/12/2017,Veritecnica SRL,,1,0,0
1100043849,06/12/2017,Veritecnica SRL,,1,0,0
1100043850,06/12/2017,Veritecnica SRL,,1,0,0
1100043851,06/12/2017,Veritecnica SRL,,1,0,0
1100043852,06/12/2017,Veritecnica SRL,,1,0,0
9102007923,06/12/2017,Veritecnica SRL,,0,0,1
1100043853,06/12/2017,Veritecnica SRL,,1,0,0
9202001440,06/12/2017,Veritecnica SRL,,0,0,1
9102007924,06/12/2017,Veritecnica SRL,,0,0,1
9102007925,06/12/2017,Veritecnica SRL,,0,0,1
1100043854,06/12/2017,Veritecnica SRL,,1,0,0
1100043855,06/12/2017,Veritecnica SRL,,1,0,0
1100043856,06/12/2017,Veritecnica SRL,,1,0,0
1100043857,06/12/2017,Veritecnica SRL,,1,0,0
1100043858,06/12/2017,Veritecnica SRL,,1,0,0
9202001441,06/12/2017,Veritecnica SRL,,0,0,1
9102007926,06/12/2017,Veritecnica SRL,,0,0,1
1100043859,06/12/2017,Veritecnica SRL,,1,0,0
1100043860,06/13/2017,Veritecnica SRL,,1,0,0
1200012944,06/13/2017,Veritecnica SRL,,1,0,0
1100043861,06/13/2017,Veritecnica SRL,,1,0,0
1100043862,06/13/2017,Veritecnica SRL,,1,0,0
1200012945,06/13/2017,Veritecnica SRL,,1,0,0
1100043863,06/13/2017,Veritecnica SRL,,1,0,0
1200012946,06/13/2017,Veritecnica SRL,,1,0,0
1100043864,06/13/2017,Veritecnica SRL,,1,0,0
9102007927,06/13/2017,Veritecnica SRL,,0,0,1
9202001442,06/13/2017,Veritecnica SRL,,0,0,1
9102007928,06/13/2017,Veritecnica SRL,,0,0,1
1100043865,06/13/2017,Veritecnica SRL,,1,0,0
1100043866,06/13/2017,Veritecnica SRL,,1,0,0
9102007929,06/13/2017,Veritecnica SRL,,0,0,1
9102007930,06/13/2017,Veritecnica SRL,,0,1,0
1200012947,06/13/2017,Veritecnica SRL,,1,0,0
1200012948,06/13/2017,Veritecnica SRL,,1,0,0
9202001443,06/13/2017,Veritecnica SRL,,0,0,1
9202001444,06/13/2017,Veritecnica SRL,,0,0,1
1200012949,06/13/2017,Veritecnica SRL,,1,0,0
1100043867,06/13/2017,Veritecnica SRL,,1,0,0
1100043868,06/13/2017,Veritecnica SRL,,1,0,0
1100043869,06/13/2017,Veritecnica SRL,,1,0,0
1100043870,06/13/2017,Veritecnica SRL,,1,0,0
1100043871,06/13/2017,Veritecnica SRL,,1,0,0
1100043872,06/13/2017,Veritecnica SRL,,1,0,0
1100043873,06/13/2017,Veritecnica SRL,,1,0,0
9102007931,06/13/2017,Veritecnica SRL,,0,0,1
1200012950,06/13/2017,Veritecnica SRL,,1,0,0
1100043874,06/13/2017,Veritecnica SRL,,1,0,0
1100043875,06/13/2017,Veritecnica SRL,,1,0,0
1200012951,06/13/2017,Veritecnica SRL,,1,0,0
1100043876,06/13/2017,Veritecnica SRL,,1,0,0
