Nrocertificado,Fecha,Idtaller,Dominiovehiculo,Aprobado,RechazadoLeveModerado,RechazadoGrave
1200013419,08/07/2017,Veritecnica SRL - AÑELO,,1,0,0
1100046397,08/07/2017,Asociación de Bomberos Voluntarios - San Martín de los Andes,,1,0,0
1200013155,08/07/2017,Asociación de Bomberos Voluntarios - San Martín de los Andes,,1,0,0
9101003391,08/07/2017,Asociación de Bomberos Voluntarios - San Martín de los Andes,,0,0,1
1100046398,08/07/2017,Asociación de Bomberos Voluntarios - San Martín de los Andes,,1,0,0
1200013156,08/07/2017,Asociación de Bomberos Voluntarios - San Martín de los Andes,,1,0,0
1100046399,08/07/2017,Asociación de Bomberos Voluntarios - San Martín de los Andes,,1,0,0
1100046400,08/07/2017,Asociación de Bomberos Voluntarios - San Martín de los Andes,,1,0,0
9101003392,08/07/2017,Asociación de Bomberos Voluntarios - San Martín de los Andes,,0,1,0
1100046401,08/07/2017,Asociación de Bomberos Voluntarios - San Martín de los Andes,,1,0,0
1100046402,08/07/2017,Asociación de Bomberos Voluntarios - San Martín de los Andes,,1,0,0
1100046403,08/07/2017,Asociación de Bomberos Voluntarios - San Martín de los Andes,,1,0,0
9101003393,08/07/2017,Asociación de Bomberos Voluntarios - San Martín de los Andes,,0,1,0
9101003394,08/07/2017,Asociación de Bomberos Voluntarios - San Martín de los Andes,,0,0,1
1100046404,08/07/2017,Asociación de Bomberos Voluntarios - San Martín de los Andes,,1,0,0
9101003395,08/07/2017,Asociación de Bomberos Voluntarios - San Martín de los Andes,,0,1,0
1100046405,08/07/2017,Asociación de Bomberos Voluntarios - San Martín de los Andes,,1,0,0
1100046406,08/07/2017,Asociación de Bomberos Voluntarios - San Martín de los Andes,,1,0,0
1100046407,08/07/2017,Asociación de Bomberos Voluntarios - San Martín de los Andes,,1,0,0
1100046408,08/07/2017,Asociación de Bomberos Voluntarios - San Martín de los Andes,,1,0,0
1100046409,08/07/2017,Asociación de Bomberos Voluntarios - San Martín de los Andes,,1,0,0
1100046410,08/07/2017,Asociación de Bomberos Voluntarios - San Martín de los Andes,,1,0,0
9101003396,08/07/2017,Asociación de Bomberos Voluntarios - San Martín de los Andes,,0,0,1
1100046411,08/07/2017,Asociación de Bomberos Voluntarios - San Martín de los Andes,,1,0,0
1100046412,08/07/2017,Asociación de Bomberos Voluntarios - San Martín de los Andes,,1,0,0
1100046413,08/07/2017,Asociación de Bomberos Voluntarios - San Martín de los Andes,,1,0,0
1100046414,08/07/2017,Asociación de Bomberos Voluntarios - San Martín de los Andes,,1,0,0
1100046415,08/07/2017,Asociación de Bomberos Voluntarios - San Martín de los Andes,,1,0,0
1100046416,08/07/2017,Asociación de Bomberos Voluntarios - San Martín de los Andes,,1,0,0
9101003397,08/07/2017,Asociación de Bomberos Voluntarios - San Martín de los Andes,,0,1,0
1100046417,08/07/2017,Asociación de Bomberos Voluntarios - San Martín de los Andes,,1,0,0
1100046418,08/07/2017,Asociación de Bomberos Voluntarios - San Martín de los Andes,,1,0,0
1100046419,08/07/2017,Asociación de Bomberos Voluntarios - San Martín de los Andes,,1,0,0
1100046420,08/07/2017,Asociación de Bomberos Voluntarios - San Martín de los Andes,,1,0,0
1100046421,08/07/2017,Asociación de Bomberos Voluntarios - San Martín de los Andes,,1,0,0
9101003398,08/07/2017,Asociación de Bomberos Voluntarios - San Martín de los Andes,,0,1,0
1100046422,08/07/2017,Asociación de Bomberos Voluntarios - San Martín de los Andes,,1,0,0
9101003399,08/07/2017,Asociación de Bomberos Voluntarios - San Martín de los Andes,,0,1,0
9101003400,08/07/2017,Asociación de Bomberos Voluntarios - San Martín de los Andes,,0,1,0
1100046423,08/07/2017,Asociación de Bomberos Voluntarios - San Martín de los Andes,,1,0,0
1200013157,08/07/2017,Asociación de Bomberos Voluntarios - San Martín de los Andes,,1,0,0
1100046424,08/07/2017,Asociación de Bomberos Voluntarios - San Martín de los Andes,,1,0,0
1100046425,08/07/2017,Asociación de Bomberos Voluntarios - San Martín de los Andes,,1,0,0
1100046426,08/07/2017,Asociación de Bomberos Voluntarios - San Martín de los Andes,,1,0,0
1100046427,08/07/2017,Asociación de Bomberos Voluntarios - San Martín de los Andes,,1,0,0
1100046428,08/07/2017,Asociación de Bomberos Voluntarios - San Martín de los Andes,,1,0,0
1100046429,08/08/2017,Asociación de Bomberos Voluntarios - San Martín de los Andes,,1,0,0
1100046430,08/08/2017,Asociación de Bomberos Voluntarios - San Martín de los Andes,,1,0,0
1100046431,08/08/2017,Asociación de Bomberos Voluntarios - San Martín de los Andes,,1,0,0
1100046432,08/08/2017,Asociación de Bomberos Voluntarios - San Martín de los Andes,,1,0,0
1100046433,08/08/2017,Asociación de Bomberos Voluntarios - San Martín de los Andes,,1,0,0
1100046434,08/08/2017,Asociación de Bomberos Voluntarios - San Martín de los Andes,,1,0,0
9101003401,08/08/2017,Asociación de Bomberos Voluntarios - San Martín de los Andes,,0,0,1
1100046435,08/08/2017,Asociación de Bomberos Voluntarios - San Martín de los Andes,,1,0,0
1100046436,08/08/2017,Asociación de Bomberos Voluntarios - San Martín de los Andes,,1,0,0
1100046437,08/08/2017,Asociación de Bomberos Voluntarios - San Martín de los Andes,,1,0,0
1100046438,08/08/2017,Asociación de Bomberos Voluntarios - San Martín de los Andes,,1,0,0
9101003402,08/08/2017,Asociación de Bomberos Voluntarios - San Martín de los Andes,,0,1,0
1100046439,08/08/2017,Asociación de Bomberos Voluntarios - San Martín de los Andes,,1,0,0
1100046440,08/08/2017,Asociación de Bomberos Voluntarios - San Martín de los Andes,,1,0,0
9101003403,08/08/2017,Asociación de Bomberos Voluntarios - San Martín de los Andes,,0,0,1
1100046441,08/08/2017,Asociación de Bomberos Voluntarios - San Martín de los Andes,,1,0,0
1100046442,08/08/2017,Asociación de Bomberos Voluntarios - San Martín de los Andes,,1,0,0
1100046443,08/08/2017,Asociación de Bomberos Voluntarios - San Martín de los Andes,,1,0,0
1100046444,08/08/2017,Asociación de Bomberos Voluntarios - San Martín de los Andes,,1,0,0
9101003404,08/08/2017,Asociación de Bomberos Voluntarios - San Martín de los Andes,,0,0,1
9201000508,08/08/2017,Asociación de Bomberos Voluntarios - San Martín de los Andes,,0,1,0
1100046445,08/08/2017,Asociación de Bomberos Voluntarios - San Martín de los Andes,,1,0,0
1100046446,08/08/2017,Asociación de Bomberos Voluntarios - San Martín de los Andes,,1,0,0
1100046447,08/08/2017,Asociación de Bomberos Voluntarios - San Martín de los Andes,,1,0,0
1100046448,08/08/2017,Asociación de Bomberos Voluntarios - San Martín de los Andes,,1,0,0
1100046449,08/08/2017,Asociación de Bomberos Voluntarios - San Martín de los Andes,,1,0,0
9101003405,08/08/2017,Asociación de Bomberos Voluntarios - San Martín de los Andes,,0,1,0
1100046450,08/08/2017,Asociación de Bomberos Voluntarios - San Martín de los Andes,,1,0,0
9101003406,08/08/2017,Asociación de Bomberos Voluntarios - San Martín de los Andes,,0,0,1
1100046451,08/08/2017,Asociación de Bomberos Voluntarios - San Martín de los Andes,,1,0,0
1100046452,08/08/2017,Asociación de Bomberos Voluntarios - San Martín de los Andes,,1,0,0
9101003407,08/08/2017,Asociación de Bomberos Voluntarios - San Martín de los Andes,,0,1,0
1100046453,08/08/2017,Asociación de Bomberos Voluntarios - San Martín de los Andes,,1,0,0
1100046454,08/08/2017,Asociación de Bomberos Voluntarios - San Martín de los Andes,,1,0,0
1100046455,08/08/2017,Asociación de Bomberos Voluntarios - San Martín de los Andes,,1,0,0
1100046456,08/08/2017,Asociación de Bomberos Voluntarios - San Martín de los Andes,,1,0,0
1100046933,08/07/2017,Control SRL,,1,0,0
1100046934,08/07/2017,Control SRL,,1,0,0
1200014204,08/07/2017,Control SRL,,1,0,0
1200014205,08/07/2017,Control SRL,,1,0,0
1200014206,08/07/2017,Control SRL,,1,0,0
9203000680,08/07/2017,Control SRL,,0,0,1
1100046935,08/07/2017,Control SRL,,1,0,0
1200014207,08/07/2017,Control SRL,,1,0,0
1100046936,08/07/2017,Control SRL,,1,0,0
9103002657,08/07/2017,Control SRL,,0,0,1
1200014208,08/07/2017,Control SRL,,1,0,0
1200014209,08/07/2017,Control SRL,,1,0,0
1100046937,08/07/2017,Control SRL,,1,0,0
1100046938,08/07/2017,Control SRL,,1,0,0
1100046939,08/07/2017,Control SRL,,1,0,0
1100046940,08/07/2017,Control SRL,,1,0,0
1100046941,08/07/2017,Control SRL,,1,0,0
1100046942,08/07/2017,Control SRL,,1,0,0
1200014210,08/07/2017,Control SRL,,1,0,0
1100046943,08/07/2017,Control SRL,,1,0,0
1100046944,08/07/2017,Control SRL,,1,0,0
9203000681,08/07/2017,Control SRL,,0,0,1
1200014211,08/07/2017,Control SRL,,1,0,0
1200014212,08/07/2017,Control SRL,,1,0,0
1100046945,08/07/2017,Control SRL,,1,0,0
1200014213,08/07/2017,Control SRL,,1,0,0
1100047000,08/08/2017,Control SRL,,1,0,0
1100046999,08/08/2017,Control SRL,,1,0,0
1100046998,08/08/2017,Control SRL,,1,0,0
1100046997,08/08/2017,Control SRL,,1,0,0
1200014214,08/08/2017,Control SRL,,1,0,0
1100046996,08/08/2017,Control SRL,,1,0,0
1200014215,08/08/2017,Control SRL,,1,0,0
1100046946,08/08/2017,Control SRL,,1,0,0
1100046947,08/08/2017,Control SRL,,1,0,0
1200014216,08/08/2017,Control SRL,,1,0,0
1100046948,08/08/2017,Control SRL,,1,0,0
1200014217,08/08/2017,Control SRL,,1,0,0
1200014218,08/08/2017,Control SRL,,1,0,0
1100046950,08/08/2017,Control SRL,,1,0,0
1100046949,08/08/2017,Control SRL,,1,0,0
1100046951,08/08/2017,Control SRL,,1,0,0
9103002658,08/08/2017,Control SRL,,0,0,1
1200014219,08/08/2017,Control SRL,,1,0,0
1200014220,08/08/2017,Control SRL,,1,0,0
1200014221,08/08/2017,Control SRL,,1,0,0
1100046952,08/08/2017,Control SRL,,1,0,0
1200014222,08/08/2017,Control SRL,,1,0,0
1200014223,08/08/2017,Control SRL,,1,0,0
1100046953,08/08/2017,Control SRL,,1,0,0
1100046954,08/08/2017,Control SRL,,1,0,0
1100047111,08/07/2017,Veritecnica SRL,,1,0,0
1100047112,08/07/2017,Veritecnica SRL,,1,0,0
9102008328,08/07/2017,Veritecnica SRL,,0,0,1
1100047113,08/07/2017,Veritecnica SRL,,1,0,0
1200014149,08/07/2017,Veritecnica SRL,,1,0,0
1100047114,08/07/2017,Veritecnica SRL,,1,0,0
1100047115,08/07/2017,Veritecnica SRL,,1,0,0
1100047116,08/07/2017,Veritecnica SRL,,1,0,0
1100047117,08/07/2017,Veritecnica SRL,,1,0,0
9102008329,08/07/2017,Veritecnica SRL,,0,0,1
1100047118,08/07/2017,Veritecnica SRL,,1,0,0
1100047119,08/07/2017,Veritecnica SRL,,1,0,0
9102008330,08/07/2017,Veritecnica SRL,,0,1,0
9102008331,08/07/2017,Veritecnica SRL,,0,0,1
1100047120,08/07/2017,Veritecnica SRL,,1,0,0
1100047121,08/07/2017,Veritecnica SRL,,1,0,0
1100047122,08/07/2017,Veritecnica SRL,,1,0,0
1200014150,08/07/2017,Veritecnica SRL,,1,0,0
9102008332,08/07/2017,Veritecnica SRL,,0,1,0
1100047123,08/07/2017,Veritecnica SRL,,1,0,0
1200014151,08/07/2017,Veritecnica SRL,,1,0,0
1100047124,08/07/2017,Veritecnica SRL,,1,0,0
1200014152,08/07/2017,Veritecnica SRL,,1,0,0
1200014153,08/07/2017,Veritecnica SRL,,1,0,0
1100047125,08/07/2017,Veritecnica SRL,,1,0,0
1100047126,08/07/2017,Veritecnica SRL,,1,0,0
1200014154,08/07/2017,Veritecnica SRL,,1,0,0
1200014155,08/07/2017,Veritecnica SRL,,1,0,0
1100047127,08/07/2017,Veritecnica SRL,,1,0,0
1200014156,08/07/2017,Veritecnica SRL,,1,0,0
9102008333,08/07/2017,Veritecnica SRL,,0,1,0
1100047128,08/07/2017,Veritecnica SRL,,1,0,0
9102008334,08/07/2017,Veritecnica SRL,,0,0,1
1100047129,08/07/2017,Veritecnica SRL,,1,0,0
1100047130,08/07/2017,Veritecnica SRL,,1,0,0
1100047131,08/07/2017,Veritecnica SRL,,1,0,0
1100047132,08/07/2017,Veritecnica SRL,,1,0,0
1200014157,08/07/2017,Veritecnica SRL,,1,0,0
1200014158,08/07/2017,Veritecnica SRL,,1,0,0
9102008335,08/07/2017,Veritecnica SRL,,0,0,1
1200014159,08/07/2017,Veritecnica SRL,,1,0,0
9102008336,08/07/2017,Veritecnica SRL,,0,0,1
9202001552,08/07/2017,Veritecnica SRL,,0,0,1
1200014160,08/07/2017,Veritecnica SRL,,1,0,0
9102008337,08/07/2017,Veritecnica SRL,,0,1,0
1100047133,08/07/2017,Veritecnica SRL,,1,0,0
1200014161,08/07/2017,Veritecnica SRL,,1,0,0
1200014162,08/07/2017,Veritecnica SRL,,1,0,0
9102008338,08/07/2017,Veritecnica SRL,,0,0,1
9102008339,08/07/2017,Veritecnica SRL,,0,0,1
1100047134,08/07/2017,Veritecnica SRL,,1,0,0
1100047135,08/07/2017,Veritecnica SRL,,1,0,0
1100047136,08/07/2017,Veritecnica SRL,,1,0,0
9102008340,08/07/2017,Veritecnica SRL,,0,1,0
1200014163,08/07/2017,Veritecnica SRL,,1,0,0
1100047137,08/07/2017,Veritecnica SRL,,1,0,0
9102008341,08/07/2017,Veritecnica SRL,,0,0,1
1100047138,08/07/2017,Veritecnica SRL,,1,0,0
1100047139,08/07/2017,Veritecnica SRL,,1,0,0
1200014164,08/07/2017,Veritecnica SRL,,1,0,0
1100047140,08/07/2017,Veritecnica SRL,,1,0,0
1100047141,08/07/2017,Veritecnica SRL,,1,0,0
1100047142,08/07/2017,Veritecnica SRL,,1,0,0
1100047143,08/07/2017,Veritecnica SRL,,1,0,0
1100047144,08/08/2017,Veritecnica SRL,,1,0,0
1100047145,08/08/2017,Veritecnica SRL,,1,0,0
1100047146,08/08/2017,Veritecnica SRL,,1,0,0
1100047147,08/08/2017,Veritecnica SRL,,1,0,0
1200014165,08/08/2017,Veritecnica SRL,,1,0,0
1100047148,08/08/2017,Veritecnica SRL,,1,0,0
9102008342,08/08/2017,Veritecnica SRL,,0,1,0
1100047149,08/08/2017,Veritecnica SRL,,1,0,0
1100047150,08/08/2017,Veritecnica SRL,,1,0,0
1100047151,08/08/2017,Veritecnica SRL,,1,0,0
1100047152,08/08/2017,Veritecnica SRL,,1,0,0
1200014166,08/08/2017,Veritecnica SRL,,1,0,0
1200014167,08/08/2017,Veritecnica SRL,,1,0,0
1200014168,08/08/2017,Veritecnica SRL,,1,0,0
9202001553,08/08/2017,Veritecnica SRL,,0,0,1
9202001554,08/08/2017,Veritecnica SRL,,0,0,1
1100047153,08/08/2017,Veritecnica SRL,,1,0,0
1100047154,08/08/2017,Veritecnica SRL,,1,0,0
9202001555,08/08/2017,Veritecnica SRL,,0,0,1
1100047155,08/08/2017,Veritecnica SRL,,1,0,0
1200014169,08/08/2017,Veritecnica SRL,,1,0,0
1100047156,08/08/2017,Veritecnica SRL,,1,0,0
1100047158,08/08/2017,Veritecnica SRL,,1,0,0
1100047157,08/08/2017,Veritecnica SRL,,1,0,0
1100047159,08/08/2017,Veritecnica SRL,,1,0,0
1100047160,08/08/2017,Veritecnica SRL,,1,0,0
1100047161,08/08/2017,Veritecnica SRL,,1,0,0
1200014170,08/08/2017,Veritecnica SRL,,1,0,0
1100047162,08/08/2017,Veritecnica SRL,,1,0,0
1100047163,08/08/2017,Veritecnica SRL,,1,0,0
1100047164,08/08/2017,Veritecnica SRL,,1,0,0
1100047165,08/08/2017,Veritecnica SRL,,1,0,0
1200014171,08/08/2017,Veritecnica SRL,,1,0,0
1100047166,08/08/2017,Veritecnica SRL,,1,0,0
1100047167,08/08/2017,Veritecnica SRL,,1,0,0
1200014172,08/08/2017,Veritecnica SRL,,1,0,0
1200014173,08/08/2017,Veritecnica SRL,,1,0,0
1100047168,08/08/2017,Veritecnica SRL,,1,0,0
1100047169,08/08/2017,Veritecnica SRL,,1,0,0
1100047170,08/08/2017,Veritecnica SRL,,1,0,0
1100047171,08/08/2017,Veritecnica SRL,,1,0,0
1200014174,08/08/2017,Veritecnica SRL,,1,0,0
1100047172,08/08/2017,Veritecnica SRL,,1,0,0
1100047173,08/08/2017,Veritecnica SRL,,1,0,0
1200014175,08/08/2017,Veritecnica SRL,,1,0,0
1200014176,08/08/2017,Veritecnica SRL,,1,0,0
