Nrocertificado,Fecha,Idtaller,Dominiovehiculo,Aprobado,RechazadoLeveModerado,RechazadoGrave
1100042259,05/11/2017,Asociación de Bomberos Voluntarios - San Martín de los Andes,,1,0,0
1100042260,05/11/2017,Asociación de Bomberos Voluntarios - San Martín de los Andes,,1,0,0
1100042261,05/11/2017,Asociación de Bomberos Voluntarios - San Martín de los Andes,,1,0,0
9101002938,05/11/2017,Asociación de Bomberos Voluntarios - San Martín de los Andes,,0,1,0
9101002939,05/11/2017,Asociación de Bomberos Voluntarios - San Martín de los Andes,,0,1,0
1100042262,05/11/2017,Asociación de Bomberos Voluntarios - San Martín de los Andes,,1,0,0
9101002940,05/11/2017,Asociación de Bomberos Voluntarios - San Martín de los Andes,,0,1,0
1100042263,05/11/2017,Asociación de Bomberos Voluntarios - San Martín de los Andes,,1,0,0
9101002941,05/11/2017,Asociación de Bomberos Voluntarios - San Martín de los Andes,,0,0,1
1100042264,05/11/2017,Asociación de Bomberos Voluntarios - San Martín de los Andes,,1,0,0
1100042265,05/11/2017,Asociación de Bomberos Voluntarios - San Martín de los Andes,,1,0,0
9101002942,05/11/2017,Asociación de Bomberos Voluntarios - San Martín de los Andes,,0,1,0
9101002943,05/11/2017,Asociación de Bomberos Voluntarios - San Martín de los Andes,,0,1,0
1100042266,05/11/2017,Asociación de Bomberos Voluntarios - San Martín de los Andes,,1,0,0
1100042267,05/11/2017,Asociación de Bomberos Voluntarios - San Martín de los Andes,,1,0,0
1100042268,05/11/2017,Asociación de Bomberos Voluntarios - San Martín de los Andes,,1,0,0
1100042269,05/11/2017,Asociación de Bomberos Voluntarios - San Martín de los Andes,,1,0,0
9101002944,05/11/2017,Asociación de Bomberos Voluntarios - San Martín de los Andes,,0,0,1
1200011091,05/11/2017,Asociación de Bomberos Voluntarios - San Martín de los Andes,,1,0,0
9101002945,05/11/2017,Asociación de Bomberos Voluntarios - San Martín de los Andes,,0,0,1
1100042270,05/11/2017,Asociación de Bomberos Voluntarios - San Martín de los Andes,,1,0,0
1100042271,05/11/2017,Asociación de Bomberos Voluntarios - San Martín de los Andes,,1,0,0
1100042272,05/11/2017,Asociación de Bomberos Voluntarios - San Martín de los Andes,,1,0,0
1100042273,05/11/2017,Asociación de Bomberos Voluntarios - San Martín de los Andes,,1,0,0
1100042274,05/11/2017,Asociación de Bomberos Voluntarios - San Martín de los Andes,,1,0,0
9101002946,05/11/2017,Asociación de Bomberos Voluntarios - San Martín de los Andes,,0,1,0
9101002947,05/11/2017,Asociación de Bomberos Voluntarios - San Martín de los Andes,,0,1,0
1100042275,05/11/2017,Asociación de Bomberos Voluntarios - San Martín de los Andes,,1,0,0
1100042276,05/11/2017,Asociación de Bomberos Voluntarios - San Martín de los Andes,,1,0,0
1100042277,05/11/2017,Asociación de Bomberos Voluntarios - San Martín de los Andes,,1,0,0
1100042278,05/11/2017,Asociación de Bomberos Voluntarios - San Martín de los Andes,,1,0,0
1100042279,05/11/2017,Asociación de Bomberos Voluntarios - San Martín de los Andes,,1,0,0
9101002948,05/11/2017,Asociación de Bomberos Voluntarios - San Martín de los Andes,,0,0,1
1100042280,05/11/2017,Asociación de Bomberos Voluntarios - San Martín de los Andes,,1,0,0
9101002949,05/11/2017,Asociación de Bomberos Voluntarios - San Martín de los Andes,,0,1,0
1100042281,05/11/2017,Asociación de Bomberos Voluntarios - San Martín de los Andes,,1,0,0
1100042282,05/11/2017,Asociación de Bomberos Voluntarios - San Martín de los Andes,,1,0,0
1100042283,05/11/2017,Asociación de Bomberos Voluntarios - San Martín de los Andes,,1,0,0
9201000473,05/11/2017,Asociación de Bomberos Voluntarios - San Martín de los Andes,,0,1,0
1100042285,05/11/2017,Asociación de Bomberos Voluntarios - San Martín de los Andes,,1,0,0
1100042284,05/11/2017,Asociación de Bomberos Voluntarios - San Martín de los Andes,,1,0,0
1100042286,05/11/2017,Asociación de Bomberos Voluntarios - San Martín de los Andes,,1,0,0
1100042287,05/11/2017,Asociación de Bomberos Voluntarios - San Martín de los Andes,,1,0,0
1100042288,05/11/2017,Asociación de Bomberos Voluntarios - San Martín de los Andes,,1,0,0
1100042289,05/11/2017,Asociación de Bomberos Voluntarios - San Martín de los Andes,,1,0,0
9101002950,05/11/2017,Asociación de Bomberos Voluntarios - San Martín de los Andes,,0,1,0
1100042290,05/11/2017,Asociación de Bomberos Voluntarios - San Martín de los Andes,,1,0,0
9101002951,05/11/2017,Asociación de Bomberos Voluntarios - San Martín de los Andes,,0,1,0
1100042291,05/11/2017,Asociación de Bomberos Voluntarios - San Martín de los Andes,,1,0,0
1100042292,05/11/2017,Asociación de Bomberos Voluntarios - San Martín de los Andes,,1,0,0
1100042293,05/12/2017,Asociación de Bomberos Voluntarios - San Martín de los Andes,,1,0,0
1100042294,05/12/2017,Asociación de Bomberos Voluntarios - San Martín de los Andes,,1,0,0
1100042295,05/12/2017,Asociación de Bomberos Voluntarios - San Martín de los Andes,,1,0,0
1100042296,05/12/2017,Asociación de Bomberos Voluntarios - San Martín de los Andes,,1,0,0
1100042297,05/12/2017,Asociación de Bomberos Voluntarios - San Martín de los Andes,,1,0,0
9101002952,05/12/2017,Asociación de Bomberos Voluntarios - San Martín de los Andes,,0,0,1
1100042298,05/12/2017,Asociación de Bomberos Voluntarios - San Martín de los Andes,,1,0,0
1100042299,05/12/2017,Asociación de Bomberos Voluntarios - San Martín de los Andes,,1,0,0
1100042300,05/12/2017,Asociación de Bomberos Voluntarios - San Martín de los Andes,,1,0,0
1100042301,05/12/2017,Asociación de Bomberos Voluntarios - San Martín de los Andes,,1,0,0
1100042302,05/12/2017,Asociación de Bomberos Voluntarios - San Martín de los Andes,,1,0,0
1100042303,05/12/2017,Asociación de Bomberos Voluntarios - San Martín de los Andes,,1,0,0
1100042304,05/12/2017,Asociación de Bomberos Voluntarios - San Martín de los Andes,,1,0,0
1100042305,05/12/2017,Asociación de Bomberos Voluntarios - San Martín de los Andes,,1,0,0
1100042306,05/12/2017,Asociación de Bomberos Voluntarios - San Martín de los Andes,,1,0,0
1100042307,05/12/2017,Asociación de Bomberos Voluntarios - San Martín de los Andes,,1,0,0
1100042308,05/12/2017,Asociación de Bomberos Voluntarios - San Martín de los Andes,,1,0,0
1100042309,05/12/2017,Asociación de Bomberos Voluntarios - San Martín de los Andes,,1,0,0
1100042310,05/12/2017,Asociación de Bomberos Voluntarios - San Martín de los Andes,,1,0,0
1100042311,05/12/2017,Asociación de Bomberos Voluntarios - San Martín de los Andes,,1,0,0
1100042312,05/12/2017,Asociación de Bomberos Voluntarios - San Martín de los Andes,,1,0,0
1100042313,05/12/2017,Asociación de Bomberos Voluntarios - San Martín de los Andes,,1,0,0
1100042314,05/12/2017,Asociación de Bomberos Voluntarios - San Martín de los Andes,,1,0,0
1100042315,05/12/2017,Asociación de Bomberos Voluntarios - San Martín de los Andes,,1,0,0
1100042316,05/12/2017,Asociación de Bomberos Voluntarios - San Martín de los Andes,,1,0,0
1100042317,05/12/2017,Asociación de Bomberos Voluntarios - San Martín de los Andes,,1,0,0
9101002953,05/12/2017,Asociación de Bomberos Voluntarios - San Martín de los Andes,,0,1,0
1100042318,05/12/2017,Asociación de Bomberos Voluntarios - San Martín de los Andes,,1,0,0
1100042319,05/12/2017,Asociación de Bomberos Voluntarios - San Martín de los Andes,,1,0,0
1100042320,05/12/2017,Asociación de Bomberos Voluntarios - San Martín de los Andes,,1,0,0
1200011092,05/12/2017,Asociación de Bomberos Voluntarios - San Martín de los Andes,,1,0,0
1100042321,05/12/2017,Asociación de Bomberos Voluntarios - San Martín de los Andes,,1,0,0
1100042322,05/12/2017,Asociación de Bomberos Voluntarios - San Martín de los Andes,,1,0,0
1100042323,05/12/2017,Asociación de Bomberos Voluntarios - San Martín de los Andes,,1,0,0
1100042324,05/12/2017,Asociación de Bomberos Voluntarios - San Martín de los Andes,,1,0,0
1100042325,05/12/2017,Asociación de Bomberos Voluntarios - San Martín de los Andes,,1,0,0
1100042326,05/12/2017,Asociación de Bomberos Voluntarios - San Martín de los Andes,,1,0,0
1200011093,05/12/2017,Asociación de Bomberos Voluntarios - San Martín de los Andes,,1,0,0
1100042327,05/12/2017,Asociación de Bomberos Voluntarios - San Martín de los Andes,,1,0,0
1100042328,05/12/2017,Asociación de Bomberos Voluntarios - San Martín de los Andes,,1,0,0
1100042329,05/12/2017,Asociación de Bomberos Voluntarios - San Martín de los Andes,,1,0,0
1100042330,05/12/2017,Asociación de Bomberos Voluntarios - San Martín de los Andes,,1,0,0
1100042331,05/12/2017,Asociación de Bomberos Voluntarios - San Martín de los Andes,,1,0,0
1100042332,05/12/2017,Asociación de Bomberos Voluntarios - San Martín de los Andes,,1,0,0
1100042333,05/12/2017,Asociación de Bomberos Voluntarios - San Martín de los Andes,,1,0,0
9201000474,05/12/2017,Asociación de Bomberos Voluntarios - San Martín de los Andes,,0,0,1
1100042334,05/12/2017,Asociación de Bomberos Voluntarios - San Martín de los Andes,,1,0,0
1100042335,05/12/2017,Asociación de Bomberos Voluntarios - San Martín de los Andes,,1,0,0
1100042336,05/12/2017,Asociación de Bomberos Voluntarios - San Martín de los Andes,,1,0,0
9101002954,05/12/2017,Asociación de Bomberos Voluntarios - San Martín de los Andes,,0,0,1
1100042337,05/12/2017,Asociación de Bomberos Voluntarios - San Martín de los Andes,,1,0,0
1100042338,05/12/2017,Asociación de Bomberos Voluntarios - San Martín de los Andes,,1,0,0
1100042339,05/12/2017,Asociación de Bomberos Voluntarios - San Martín de los Andes,,1,0,0
1100041883,05/11/2017,Control SRL,,1,0,0
1100041884,05/11/2017,Control SRL,,1,0,0
1100041885,05/11/2017,Control SRL,,1,0,0
1200012543,05/11/2017,Control SRL,,1,0,0
1100041886,05/11/2017,Control SRL,,1,0,0
1100041887,05/11/2017,Control SRL,,1,0,0
1100041888,05/11/2017,Control SRL,,1,0,0
9203000634,05/11/2017,Control SRL,,0,0,1
1200012544,05/11/2017,Control SRL,,1,0,0
1100041890,05/11/2017,Control SRL,,1,0,0
1100041891,05/11/2017,Control SRL,,1,0,0
1100041892,05/11/2017,Control SRL,,1,0,0
1100041893,05/11/2017,Control SRL,,1,0,0
1100041894,05/11/2017,Control SRL,,1,0,0
9203000635,05/11/2017,Control SRL,,0,0,1
1100041895,05/11/2017,Control SRL,,1,0,0
1200012546,05/11/2017,Control SRL,,1,0,0
1100041889,05/11/2017,Control SRL,,1,0,0
1100041896,05/11/2017,Control SRL,,1,0,0
1200012545,05/11/2017,Control SRL,,1,0,0
1200012547,05/11/2017,Control SRL,,1,0,0
1100041897,05/11/2017,Control SRL,,1,0,0
1100041898,05/11/2017,Control SRL,,1,0,0
1100041899,05/11/2017,Control SRL,,1,0,0
9103002484,05/11/2017,Control SRL,,0,0,1
1100041900,05/11/2017,Control SRL,,1,0,0
1200012548,05/11/2017,Control SRL,,1,0,0
1100041901,05/11/2017,Control SRL,,1,0,0
1100041902,05/11/2017,Control SRL,,1,0,0
1100041904,05/11/2017,Control SRL,,1,0,0
9103002485,05/11/2017,Control SRL,,0,0,1
1100041906,05/11/2017,Control SRL,,1,0,0
1100041905,05/11/2017,Control SRL,,1,0,0
1200012549,05/11/2017,Control SRL,,1,0,0
9103002486,05/11/2017,Control SRL,,0,0,1
1100041907,05/11/2017,Control SRL,,1,0,0
1200012550,05/11/2017,Control SRL,,1,0,0
1100041908,05/11/2017,Control SRL,,1,0,0
1100041903,05/11/2017,Control SRL,,1,0,0
1200012551,05/11/2017,Control SRL,,1,0,0
1100041909,05/12/2017,Control SRL,,1,0,0
1100041910,05/12/2017,Control SRL,,1,0,0
1100041911,05/12/2017,Control SRL,,1,0,0
1100041912,05/12/2017,Control SRL,,1,0,0
1100041913,05/12/2017,Control SRL,,1,0,0
1100041914,05/12/2017,Control SRL,,1,0,0
1100041915,05/12/2017,Control SRL,,1,0,0
1100041916,05/12/2017,Control SRL,,1,0,0
1100041917,05/12/2017,Control SRL,,1,0,0
1100041918,05/12/2017,Control SRL,,1,0,0
1100041919,05/12/2017,Control SRL,,1,0,0
1200012560,05/12/2017,Control SRL,,1,0,0
9103002487,05/12/2017,Control SRL,,0,0,1
1100041920,05/12/2017,Control SRL,,1,0,0
1200012559,05/12/2017,Control SRL,,1,0,0
1100041921,05/12/2017,Control SRL,,1,0,0
1100041922,05/12/2017,Control SRL,,1,0,0
1200012558,05/12/2017,Control SRL,,1,0,0
1100041923,05/12/2017,Control SRL,,1,0,0
1200012557,05/12/2017,Control SRL,,1,0,0
1100041924,05/12/2017,Control SRL,,1,0,0
1100041925,05/12/2017,Control SRL,,1,0,0
1200012556,05/12/2017,Control SRL,,1,0,0
1100042126,05/11/2017,Veritecnica SRL,,1,0,0
1100042127,05/11/2017,Veritecnica SRL,,1,0,0
1100042128,05/11/2017,Veritecnica SRL,,1,0,0
9102007711,05/11/2017,Veritecnica SRL,,0,1,0
1100042129,05/11/2017,Veritecnica SRL,,1,0,0
9102007712,05/11/2017,Veritecnica SRL,,0,0,1
1100042130,05/11/2017,Veritecnica SRL,,1,0,0
1100042131,05/11/2017,Veritecnica SRL,,1,0,0
1100042132,05/11/2017,Veritecnica SRL,,1,0,0
9102007713,05/11/2017,Veritecnica SRL,,0,0,1
1100042133,05/11/2017,Veritecnica SRL,,1,0,0
1100042134,05/11/2017,Veritecnica SRL,,1,0,0
1200012646,05/11/2017,Veritecnica SRL,,1,0,0
9202001403,05/11/2017,Veritecnica SRL,,0,0,1
9102007714,05/11/2017,Veritecnica SRL,,0,0,1
1200012647,05/11/2017,Veritecnica SRL,,1,0,0
1200012648,05/11/2017,Veritecnica SRL,,1,0,0
1100042135,05/11/2017,Veritecnica SRL,,1,0,0
1200012649,05/11/2017,Veritecnica SRL,,1,0,0
1100042136,05/11/2017,Veritecnica SRL,,1,0,0
9202001404,05/11/2017,Veritecnica SRL,,0,0,1
9202001405,05/11/2017,Veritecnica SRL,,0,0,1
1100042137,05/11/2017,Veritecnica SRL,,1,0,0
1200012650,05/11/2017,Veritecnica SRL,,1,0,0
1100042139,05/11/2017,Veritecnica SRL,,1,0,0
1100042138,05/11/2017,Veritecnica SRL,,1,0,0
1200012651,05/11/2017,Veritecnica SRL,,1,0,0
1200012652,05/11/2017,Veritecnica SRL,,1,0,0
1100042140,05/11/2017,Veritecnica SRL,,1,0,0
1100042141,05/11/2017,Veritecnica SRL,,1,0,0
1200012653,05/11/2017,Veritecnica SRL,,1,0,0
1100042142,05/11/2017,Veritecnica SRL,,1,0,0
9202001406,05/11/2017,Veritecnica SRL,,0,0,1
1100042143,05/11/2017,Veritecnica SRL,,1,0,0
1100042145,05/11/2017,Veritecnica SRL,,1,0,0
1100042144,05/11/2017,Veritecnica SRL,,1,0,0
9102007715,05/11/2017,Veritecnica SRL,,0,0,1
9102007716,05/11/2017,Veritecnica SRL,,0,0,1
1100042147,05/11/2017,Veritecnica SRL,,1,0,0
1100042148,05/11/2017,Veritecnica SRL,,1,0,0
1100042149,05/11/2017,Veritecnica SRL,,1,0,0
9102007717,05/11/2017,Veritecnica SRL,,0,0,1
1100042150,05/11/2017,Veritecnica SRL,,1,0,0
1200012654,05/11/2017,Veritecnica SRL,,1,0,0
1100042151,05/11/2017,Veritecnica SRL,,1,0,0
9102007718,05/11/2017,Veritecnica SRL,,0,0,1
1200012655,05/11/2017,Veritecnica SRL,,1,0,0
1200012656,05/11/2017,Veritecnica SRL,,1,0,0
1100042146,05/11/2017,Veritecnica SRL,,1,0,0
1200012657,05/11/2017,Veritecnica SRL,,1,0,0
1100042152,05/12/2017,Veritecnica SRL,,1,0,0
1100042153,05/12/2017,Veritecnica SRL,,1,0,0
1100042154,05/12/2017,Veritecnica SRL,,1,0,0
1200012658,05/12/2017,Veritecnica SRL,,1,0,0
9102007719,05/12/2017,Veritecnica SRL,,0,1,0
1100042155,05/12/2017,Veritecnica SRL,,1,0,0
1100042156,05/12/2017,Veritecnica SRL,,1,0,0
1100042157,05/12/2017,Veritecnica SRL,,1,0,0
1100042158,05/12/2017,Veritecnica SRL,,1,0,0
1100042159,05/12/2017,Veritecnica SRL,,1,0,0
1200012659,05/12/2017,Veritecnica SRL,,1,0,0
1200012660,05/12/2017,Veritecnica SRL,,1,0,0
1200012661,05/12/2017,Veritecnica SRL,,1,0,0
1100042160,05/12/2017,Veritecnica SRL,,1,0,0
1100042161,05/12/2017,Veritecnica SRL,,1,0,0
1100042162,05/12/2017,Veritecnica SRL,,1,0,0
1100042163,05/12/2017,Veritecnica SRL,,1,0,0
1100042164,05/12/2017,Veritecnica SRL,,1,0,0
1200012662,05/12/2017,Veritecnica SRL,,1,0,0
1100042165,05/12/2017,Veritecnica SRL,,1,0,0
1100042166,05/12/2017,Veritecnica SRL,,1,0,0
9202001407,05/12/2017,Veritecnica SRL,,0,0,1
1100042167,05/12/2017,Veritecnica SRL,,1,0,0
1100042168,05/12/2017,Veritecnica SRL,,1,0,0
1100042169,05/12/2017,Veritecnica SRL,,1,0,0
1100042170,05/12/2017,Veritecnica SRL,,1,0,0
1100042171,05/12/2017,Veritecnica SRL,,1,0,0
9102007720,05/12/2017,Veritecnica SRL,,0,1,0
1200012663,05/12/2017,Veritecnica SRL,,1,0,0
1100042172,05/12/2017,Veritecnica SRL,,1,0,0
1100042173,05/12/2017,Veritecnica SRL,,1,0,0
1200012664,05/12/2017,Veritecnica SRL,,1,0,0
1100042174,05/12/2017,Veritecnica SRL,,1,0,0
1200012665,05/12/2017,Veritecnica SRL,,1,0,0
1100042175,05/12/2017,Veritecnica SRL,,1,0,0
9102007721,05/12/2017,Veritecnica SRL,,0,0,1
1100042176,05/12/2017,Veritecnica SRL,,1,0,0
1100042177,05/12/2017,Veritecnica SRL,,1,0,0
1100042178,05/12/2017,Veritecnica SRL,,1,0,0
9102007722,05/12/2017,Veritecnica SRL,,0,1,0
1100042179,05/12/2017,Veritecnica SRL,,1,0,0
1200012667,05/12/2017,Veritecnica SRL,,1,0,0
1100042180,05/12/2017,Veritecnica SRL,,1,0,0
1100042181,05/12/2017,Veritecnica SRL,,1,0,0
1100042182,05/12/2017,Veritecnica SRL,,1,0,0
1100042183,05/12/2017,Veritecnica SRL,,1,0,0
1100042184,05/12/2017,Veritecnica SRL,,1,0,0
1100042185,05/12/2017,Veritecnica SRL,,1,0,0
9102007723,05/12/2017,Veritecnica SRL,,0,1,0
1100042186,05/12/2017,Veritecnica SRL,,1,0,0
9102007724,05/12/2017,Veritecnica SRL,,0,1,0
9102007725,05/12/2017,Veritecnica SRL,,0,0,1
