Nrocertificado,Fecha,Idtaller,Dominiovehiculo,Aprobado,RechazadoLeveModerado,RechazadoGrave
9101003119,06/13/2017,Asociación de Bomberos Voluntarios - San Martín de los Andes,,0,1,0
1100044357,06/13/2017,Asociación de Bomberos Voluntarios - San Martín de los Andes,,1,0,0
1100044358,06/13/2017,Asociación de Bomberos Voluntarios - San Martín de los Andes,,1,0,0
1100044359,06/13/2017,Asociación de Bomberos Voluntarios - San Martín de los Andes,,1,0,0
1100044360,06/13/2017,Asociación de Bomberos Voluntarios - San Martín de los Andes,,1,0,0
1100044361,06/13/2017,Asociación de Bomberos Voluntarios - San Martín de los Andes,,1,0,0
9101003120,06/13/2017,Asociación de Bomberos Voluntarios - San Martín de los Andes,,0,1,0
1100044362,06/13/2017,Asociación de Bomberos Voluntarios - San Martín de los Andes,,1,0,0
1100044363,06/13/2017,Asociación de Bomberos Voluntarios - San Martín de los Andes,,1,0,0
9101003121,06/13/2017,Asociación de Bomberos Voluntarios - San Martín de los Andes,,0,0,1
1100044364,06/13/2017,Asociación de Bomberos Voluntarios - San Martín de los Andes,,1,0,0
1100044365,06/13/2017,Asociación de Bomberos Voluntarios - San Martín de los Andes,,1,0,0
9101003122,06/13/2017,Asociación de Bomberos Voluntarios - San Martín de los Andes,,0,1,0
9101003123,06/13/2017,Asociación de Bomberos Voluntarios - San Martín de los Andes,,0,1,0
1100044366,06/13/2017,Asociación de Bomberos Voluntarios - San Martín de los Andes,,1,0,0
9101003124,06/13/2017,Asociación de Bomberos Voluntarios - San Martín de los Andes,,0,1,0
1100044367,06/13/2017,Asociación de Bomberos Voluntarios - San Martín de los Andes,,1,0,0
1100044368,06/13/2017,Asociación de Bomberos Voluntarios - San Martín de los Andes,,1,0,0
1100044369,06/13/2017,Asociación de Bomberos Voluntarios - San Martín de los Andes,,1,0,0
1100044370,06/13/2017,Asociación de Bomberos Voluntarios - San Martín de los Andes,,1,0,0
1100044371,06/13/2017,Asociación de Bomberos Voluntarios - San Martín de los Andes,,1,0,0
1100044372,06/13/2017,Asociación de Bomberos Voluntarios - San Martín de los Andes,,1,0,0
9201000489,06/13/2017,Asociación de Bomberos Voluntarios - San Martín de los Andes,,0,0,1
1100044373,06/13/2017,Asociación de Bomberos Voluntarios - San Martín de los Andes,,1,0,0
9101003125,06/13/2017,Asociación de Bomberos Voluntarios - San Martín de los Andes,,0,1,0
1100044374,06/13/2017,Asociación de Bomberos Voluntarios - San Martín de los Andes,,1,0,0
1100044375,06/13/2017,Asociación de Bomberos Voluntarios - San Martín de los Andes,,1,0,0
9101003126,06/13/2017,Asociación de Bomberos Voluntarios - San Martín de los Andes,,0,0,1
1100044376,06/13/2017,Asociación de Bomberos Voluntarios - San Martín de los Andes,,1,0,0
1100044377,06/13/2017,Asociación de Bomberos Voluntarios - San Martín de los Andes,,1,0,0
1200012789,06/13/2017,Asociación de Bomberos Voluntarios - San Martín de los Andes,,1,0,0
1100044378,06/13/2017,Asociación de Bomberos Voluntarios - San Martín de los Andes,,1,0,0
1100044379,06/13/2017,Asociación de Bomberos Voluntarios - San Martín de los Andes,,1,0,0
9101003127,06/13/2017,Asociación de Bomberos Voluntarios - San Martín de los Andes,,0,0,1
1200012790,06/13/2017,Asociación de Bomberos Voluntarios - San Martín de los Andes,,1,0,0
1100044380,06/13/2017,Asociación de Bomberos Voluntarios - San Martín de los Andes,,1,0,0
1100044381,06/13/2017,Asociación de Bomberos Voluntarios - San Martín de los Andes,,1,0,0
1100044382,06/13/2017,Asociación de Bomberos Voluntarios - San Martín de los Andes,,1,0,0
1100044383,06/13/2017,Asociación de Bomberos Voluntarios - San Martín de los Andes,,1,0,0
1100044384,06/13/2017,Asociación de Bomberos Voluntarios - San Martín de los Andes,,1,0,0
1100044385,06/13/2017,Asociación de Bomberos Voluntarios - San Martín de los Andes,,1,0,0
1100044386,06/13/2017,Asociación de Bomberos Voluntarios - San Martín de los Andes,,1,0,0
9101003128,06/13/2017,Asociación de Bomberos Voluntarios - San Martín de los Andes,,0,1,0
9101003129,06/13/2017,Asociación de Bomberos Voluntarios - San Martín de los Andes,,0,1,0
1200012791,06/13/2017,Asociación de Bomberos Voluntarios - San Martín de los Andes,,1,0,0
1100044387,06/13/2017,Asociación de Bomberos Voluntarios - San Martín de los Andes,,1,0,0
1100044388,06/13/2017,Asociación de Bomberos Voluntarios - San Martín de los Andes,,1,0,0
1100044389,06/14/2017,Asociación de Bomberos Voluntarios - San Martín de los Andes,,1,0,0
1100044390,06/14/2017,Asociación de Bomberos Voluntarios - San Martín de los Andes,,1,0,0
1100044391,06/14/2017,Asociación de Bomberos Voluntarios - San Martín de los Andes,,1,0,0
1100044392,06/14/2017,Asociación de Bomberos Voluntarios - San Martín de los Andes,,1,0,0
1100044393,06/14/2017,Asociación de Bomberos Voluntarios - San Martín de los Andes,,1,0,0
1100044394,06/14/2017,Asociación de Bomberos Voluntarios - San Martín de los Andes,,1,0,0
9101003130,06/14/2017,Asociación de Bomberos Voluntarios - San Martín de los Andes,,0,1,0
1100044395,06/14/2017,Asociación de Bomberos Voluntarios - San Martín de los Andes,,1,0,0
1100044396,06/14/2017,Asociación de Bomberos Voluntarios - San Martín de los Andes,,1,0,0
1100044397,06/14/2017,Asociación de Bomberos Voluntarios - San Martín de los Andes,,1,0,0
1200012792,06/14/2017,Asociación de Bomberos Voluntarios - San Martín de los Andes,,1,0,0
9101003131,06/14/2017,Asociación de Bomberos Voluntarios - San Martín de los Andes,,0,1,0
1100044398,06/14/2017,Asociación de Bomberos Voluntarios - San Martín de los Andes,,1,0,0
1100044399,06/14/2017,Asociación de Bomberos Voluntarios - San Martín de los Andes,,1,0,0
9101003132,06/14/2017,Asociación de Bomberos Voluntarios - San Martín de los Andes,,0,0,1
1100044400,06/14/2017,Asociación de Bomberos Voluntarios - San Martín de los Andes,,1,0,0
1100044401,06/14/2017,Asociación de Bomberos Voluntarios - San Martín de los Andes,,1,0,0
9101003133,06/14/2017,Asociación de Bomberos Voluntarios - San Martín de los Andes,,0,1,0
1100044402,06/14/2017,Asociación de Bomberos Voluntarios - San Martín de los Andes,,1,0,0
1100044403,06/14/2017,Asociación de Bomberos Voluntarios - San Martín de los Andes,,1,0,0
1100044404,06/14/2017,Asociación de Bomberos Voluntarios - San Martín de los Andes,,1,0,0
1100044405,06/14/2017,Asociación de Bomberos Voluntarios - San Martín de los Andes,,1,0,0
1100044406,06/14/2017,Asociación de Bomberos Voluntarios - San Martín de los Andes,,1,0,0
9101003134,06/14/2017,Asociación de Bomberos Voluntarios - San Martín de los Andes,,0,1,0
1100044407,06/14/2017,Asociación de Bomberos Voluntarios - San Martín de los Andes,,1,0,0
1100044408,06/14/2017,Asociación de Bomberos Voluntarios - San Martín de los Andes,,1,0,0
9101003135,06/14/2017,Asociación de Bomberos Voluntarios - San Martín de los Andes,,0,0,1
1100044409,06/14/2017,Asociación de Bomberos Voluntarios - San Martín de los Andes,,1,0,0
1100044410,06/14/2017,Asociación de Bomberos Voluntarios - San Martín de los Andes,,1,0,0
9101003136,06/14/2017,Asociación de Bomberos Voluntarios - San Martín de los Andes,,0,1,0
1100044411,06/14/2017,Asociación de Bomberos Voluntarios - San Martín de los Andes,,1,0,0
9101003137,06/14/2017,Asociación de Bomberos Voluntarios - San Martín de los Andes,,0,1,0
9101003138,06/14/2017,Asociación de Bomberos Voluntarios - San Martín de los Andes,,0,0,1
1100044412,06/14/2017,Asociación de Bomberos Voluntarios - San Martín de los Andes,,1,0,0
1100044413,06/14/2017,Asociación de Bomberos Voluntarios - San Martín de los Andes,,1,0,0
9101003139,06/14/2017,Asociación de Bomberos Voluntarios - San Martín de los Andes,,0,1,0
1100044414,06/14/2017,Asociación de Bomberos Voluntarios - San Martín de los Andes,,1,0,0
1100044415,06/14/2017,Asociación de Bomberos Voluntarios - San Martín de los Andes,,1,0,0
1100044416,06/14/2017,Asociación de Bomberos Voluntarios - San Martín de los Andes,,1,0,0
1100044417,06/14/2017,Asociación de Bomberos Voluntarios - San Martín de los Andes,,1,0,0
1100044418,06/14/2017,Asociación de Bomberos Voluntarios - San Martín de los Andes,,1,0,0
1100044419,06/14/2017,Asociación de Bomberos Voluntarios - San Martín de los Andes,,1,0,0
1100044420,06/14/2017,Asociación de Bomberos Voluntarios - San Martín de los Andes,,1,0,0
1100044090,06/13/2017,Control SRL,,1,0,0
9103002525,06/13/2017,Control SRL,,0,0,1
1100044091,06/13/2017,Control SRL,,1,0,0
1200013066,06/13/2017,Control SRL,,1,0,0
1200013069,06/13/2017,Control SRL,,1,0,0
9103002526,06/13/2017,Control SRL,,0,0,1
1100044092,06/13/2017,Control SRL,,1,0,0
9103002527,06/13/2017,Control SRL,,0,0,1
1200013070,06/13/2017,Control SRL,,1,0,0
1200013071,06/13/2017,Control SRL,,1,0,0
1200013072,06/13/2017,Control SRL,,1,0,0
1200013073,06/13/2017,Control SRL,,1,0,0
9103002528,06/13/2017,Control SRL,,0,0,1
1100044093,06/13/2017,Control SRL,,1,0,0
9103002529,06/13/2017,Control SRL,,0,0,1
1100044095,06/13/2017,Control SRL,,1,0,0
1100044094,06/13/2017,Control SRL,,1,0,0
1100044096,06/13/2017,Control SRL,,1,0,0
1100044097,06/13/2017,Control SRL,,1,0,0
1100044098,06/13/2017,Control SRL,,1,0,0
1100044099,06/13/2017,Control SRL,,1,0,0
1200013074,06/13/2017,Control SRL,,1,0,0
9203000655,06/13/2017,Control SRL,,0,0,1
9103002530,06/13/2017,Control SRL,,0,0,1
1100044100,06/13/2017,Control SRL,,1,0,0
1200013075,06/13/2017,Control SRL,,1,0,0
1200013076,06/13/2017,Control SRL,,1,0,0
1100044101,06/13/2017,Control SRL,,1,0,0
9103002531,06/13/2017,Control SRL,,0,0,1
1100044102,06/13/2017,Control SRL,,1,0,0
1200013077,06/13/2017,Control SRL,,1,0,0
1100044103,06/13/2017,Control SRL,,1,0,0
1100044104,06/13/2017,Control SRL,,1,0,0
1100044106,06/13/2017,Control SRL,,1,0,0
1100044107,06/13/2017,Control SRL,,1,0,0
1200013078,06/13/2017,Control SRL,,1,0,0
1100044108,06/13/2017,Control SRL,,1,0,0
1100044109,06/13/2017,Control SRL,,1,0,0
1200013079,06/13/2017,Control SRL,,1,0,0
9103002532,06/14/2017,Control SRL,,0,0,1
1100044110,06/14/2017,Control SRL,,1,0,0
1100044111,06/14/2017,Control SRL,,1,0,0
1200013080,06/14/2017,Control SRL,,1,0,0
1100044112,06/14/2017,Control SRL,,1,0,0
1100044114,06/14/2017,Control SRL,,1,0,0
1100044113,06/14/2017,Control SRL,,1,0,0
1200013081,06/14/2017,Control SRL,,1,0,0
1100044115,06/14/2017,Control SRL,,1,0,0
1100044116,06/14/2017,Control SRL,,1,0,0
1200013083,06/14/2017,Control SRL,,1,0,0
1200013084,06/14/2017,Control SRL,,1,0,0
1200013082,06/14/2017,Control SRL,,1,0,0
1100044117,06/14/2017,Control SRL,,1,0,0
1100044118,06/14/2017,Control SRL,,1,0,0
1100044119,06/14/2017,Control SRL,,1,0,0
1100044120,06/14/2017,Control SRL,,1,0,0
1100044121,06/14/2017,Control SRL,,1,0,0
1100044122,06/14/2017,Control SRL,,1,0,0
1100044123,06/14/2017,Control SRL,,1,0,0
1100044124,06/14/2017,Control SRL,,1,0,0
1100044125,06/14/2017,Control SRL,,1,0,0
1100044126,06/14/2017,Control SRL,,1,0,0
1200013085,06/14/2017,Control SRL,,1,0,0
1100044127,06/14/2017,Control SRL,,1,0,0
1100044128,06/14/2017,Control SRL,,1,0,0
1100044129,06/14/2017,Control SRL,,1,0,0
1100044130,06/14/2017,Control SRL,,1,0,0
1200013086,06/14/2017,Control SRL,,1,0,0
1100044131,06/14/2017,Control SRL,,1,0,0
1200013087,06/14/2017,Control SRL,,1,0,0
1100043860,06/13/2017,Veritecnica SRL,,1,0,0
1200012944,06/13/2017,Veritecnica SRL,,1,0,0
1100043861,06/13/2017,Veritecnica SRL,,1,0,0
1100043862,06/13/2017,Veritecnica SRL,,1,0,0
1200012945,06/13/2017,Veritecnica SRL,,1,0,0
1100043863,06/13/2017,Veritecnica SRL,,1,0,0
1200012946,06/13/2017,Veritecnica SRL,,1,0,0
1100043864,06/13/2017,Veritecnica SRL,,1,0,0
9102007927,06/13/2017,Veritecnica SRL,,0,0,1
9202001442,06/13/2017,Veritecnica SRL,,0,0,1
9102007928,06/13/2017,Veritecnica SRL,,0,0,1
1100043865,06/13/2017,Veritecnica SRL,,1,0,0
1100043866,06/13/2017,Veritecnica SRL,,1,0,0
9102007929,06/13/2017,Veritecnica SRL,,0,0,1
9102007930,06/13/2017,Veritecnica SRL,,0,1,0
1200012947,06/13/2017,Veritecnica SRL,,1,0,0
1200012948,06/13/2017,Veritecnica SRL,,1,0,0
9202001443,06/13/2017,Veritecnica SRL,,0,0,1
9202001444,06/13/2017,Veritecnica SRL,,0,0,1
1200012949,06/13/2017,Veritecnica SRL,,1,0,0
1100043867,06/13/2017,Veritecnica SRL,,1,0,0
1100043868,06/13/2017,Veritecnica SRL,,1,0,0
1100043869,06/13/2017,Veritecnica SRL,,1,0,0
1100043870,06/13/2017,Veritecnica SRL,,1,0,0
1100043871,06/13/2017,Veritecnica SRL,,1,0,0
1100043872,06/13/2017,Veritecnica SRL,,1,0,0
1100043873,06/13/2017,Veritecnica SRL,,1,0,0
9102007931,06/13/2017,Veritecnica SRL,,0,0,1
1200012950,06/13/2017,Veritecnica SRL,,1,0,0
1100043874,06/13/2017,Veritecnica SRL,,1,0,0
1100043875,06/13/2017,Veritecnica SRL,,1,0,0
1200012951,06/13/2017,Veritecnica SRL,,1,0,0
1100043876,06/13/2017,Veritecnica SRL,,1,0,0
1100043877,06/14/2017,Veritecnica SRL,,1,0,0
1100043878,06/14/2017,Veritecnica SRL,,1,0,0
9102007932,06/14/2017,Veritecnica SRL,,0,0,1
9202001445,06/14/2017,Veritecnica SRL,,0,0,1
9202001446,06/14/2017,Veritecnica SRL,,0,0,1
9102007933,06/14/2017,Veritecnica SRL,,0,0,1
1100043879,06/14/2017,Veritecnica SRL,,1,0,0
1100043880,06/14/2017,Veritecnica SRL,,1,0,0
1200012952,06/14/2017,Veritecnica SRL,,1,0,0
1100043881,06/14/2017,Veritecnica SRL,,1,0,0
1100043882,06/14/2017,Veritecnica SRL,,1,0,0
1100043883,06/14/2017,Veritecnica SRL,,1,0,0
1100043884,06/14/2017,Veritecnica SRL,,1,0,0
1100043885,06/14/2017,Veritecnica SRL,,1,0,0
1100043886,06/14/2017,Veritecnica SRL,,1,0,0
1100043887,06/14/2017,Veritecnica SRL,,1,0,0
1200012953,06/14/2017,Veritecnica SRL,,1,0,0
1100043888,06/14/2017,Veritecnica SRL,,1,0,0
1100043889,06/14/2017,Veritecnica SRL,,1,0,0
1100043890,06/14/2017,Veritecnica SRL,,1,0,0
1100043891,06/14/2017,Veritecnica SRL,,1,0,0
1200012954,06/14/2017,Veritecnica SRL,,1,0,0
9202001447,06/14/2017,Veritecnica SRL,,0,0,1
1200012955,06/14/2017,Veritecnica SRL,,1,0,0
9202001448,06/14/2017,Veritecnica SRL,,0,0,1
1200012957,06/14/2017,Veritecnica SRL,,1,0,0
1200012956,06/14/2017,Veritecnica SRL,,1,0,0
9102007934,06/14/2017,Veritecnica SRL,,0,1,0
9102007935,06/14/2017,Veritecnica SRL,,0,0,1
1100043892,06/14/2017,Veritecnica SRL,,1,0,0
9202001449,06/14/2017,Veritecnica SRL,,0,0,1
9102007936,06/14/2017,Veritecnica SRL,,0,1,0
1200012958,06/14/2017,Veritecnica SRL,,1,0,0
1100043893,06/14/2017,Veritecnica SRL,,1,0,0
1100043894,06/14/2017,Veritecnica SRL,,1,0,0
9102007937,06/14/2017,Veritecnica SRL,,0,1,0
1200012959,06/14/2017,Veritecnica SRL,,1,0,0
9102007938,06/14/2017,Veritecnica SRL,,0,1,0
1100043895,06/14/2017,Veritecnica SRL,,1,0,0
1100043896,06/14/2017,Veritecnica SRL,,1,0,0
1100043897,06/14/2017,Veritecnica SRL,,1,0,0
9102007939,06/14/2017,Veritecnica SRL,,0,0,1
1100043898,06/14/2017,Veritecnica SRL,,1,0,0
1100043899,06/14/2017,Veritecnica SRL,,1,0,0
1100043900,06/14/2017,Veritecnica SRL,,1,0,0
1100043901,06/14/2017,Veritecnica SRL,,1,0,0
9102007940,06/14/2017,Veritecnica SRL,,0,1,0
9102007941,06/14/2017,Veritecnica SRL,,0,1,0
9102007942,06/14/2017,Veritecnica SRL,,0,0,1
9102007943,06/14/2017,Veritecnica SRL,,0,0,1
1100043902,06/14/2017,Veritecnica SRL,,1,0,0
1100043903,06/14/2017,Veritecnica SRL,,1,0,0
1100043904,06/14/2017,Veritecnica SRL,,1,0,0
9102007944,06/14/2017,Veritecnica SRL,,0,0,1
9202001450,06/14/2017,Veritecnica SRL,,0,0,1
9102007945,06/14/2017,Veritecnica SRL,,0,1,0
1200012960,06/14/2017,Veritecnica SRL,,1,0,0
