Nrocertificado,Fecha,Idtaller,Dominiovehiculo,Aprobado,RechazadoLeveModerado,RechazadoGrave
9104000534,01/28/2019,Veritecnica SRL - AÑELO,,0,1,0
1900001645,01/28/2019,Veritecnica SRL - AÑELO,,1,0,0
1900001650,01/28/2019,Veritecnica SRL - AÑELO,,1,0,0
9104000535,01/28/2019,Veritecnica SRL - AÑELO,,0,1,0
9104000536,01/28/2019,Veritecnica SRL - AÑELO,,0,1,0
1900001649,01/28/2019,Veritecnica SRL - AÑELO,,1,0,0
1900001647,01/28/2019,Veritecnica SRL - AÑELO,,1,0,0
1900001648,01/28/2019,Veritecnica SRL - AÑELO,,1,0,0
1900001651,01/28/2019,Veritecnica SRL - AÑELO,,1,0,0
9104000537,01/28/2019,Veritecnica SRL - AÑELO,,0,1,0
1900001652,01/28/2019,Veritecnica SRL - AÑELO,,1,0,0
1900001653,01/28/2019,Veritecnica SRL - AÑELO,,1,0,0
1900001654,01/28/2019,Veritecnica SRL - AÑELO,,1,0,0
1200022950,01/28/2019,Veritecnica SRL - AÑELO,,1,0,0
1200022949,01/28/2019,Veritecnica SRL - AÑELO,,1,0,0
1900001655,01/28/2019,Veritecnica SRL - AÑELO,,1,0,0
1900001656,01/28/2019,Veritecnica SRL - AÑELO,,1,0,0
1900001657,01/28/2019,Veritecnica SRL - AÑELO,,1,0,0
1900001658,01/28/2019,Veritecnica SRL - AÑELO,,1,0,0
1900001659,01/28/2019,Veritecnica SRL - AÑELO,,1,0,0
1900001660,01/28/2019,Veritecnica SRL - AÑELO,,1,0,0
1900001661,01/28/2019,Veritecnica SRL - AÑELO,,1,0,0
1900001662,01/28/2019,Veritecnica SRL - AÑELO,,1,0,0
1900001663,01/28/2019,Veritecnica SRL - AÑELO,,1,0,0
1900001664,01/28/2019,Veritecnica SRL - AÑELO,,1,0,0
1900001665,01/28/2019,Veritecnica SRL - AÑELO,,1,0,0
1900001666,01/28/2019,Veritecnica SRL - AÑELO,,1,0,0
1900001667,01/28/2019,Veritecnica SRL - AÑELO,,1,0,0
1200022948,01/28/2019,Veritecnica SRL - AÑELO,,1,0,0
9104000538,01/28/2019,Veritecnica SRL - AÑELO,,0,0,1
1900001668,01/28/2019,Veritecnica SRL - AÑELO,,1,0,0
1900001669,01/28/2019,Veritecnica SRL - AÑELO,,1,0,0
1900001670,01/28/2019,Veritecnica SRL - AÑELO,,1,0,0
9104000539,01/28/2019,Veritecnica SRL - AÑELO,,0,1,0
1900001671,01/28/2019,Veritecnica SRL - AÑELO,,1,0,0
1900001672,01/28/2019,Veritecnica SRL - AÑELO,,1,0,0
1900001673,01/28/2019,Veritecnica SRL - AÑELO,,1,0,0
1200022947,01/28/2019,Veritecnica SRL - AÑELO,,1,0,0
1900001674,01/28/2019,Veritecnica SRL - AÑELO,,1,0,0
9104000540,01/28/2019,Veritecnica SRL - AÑELO,,0,0,1
1900001675,01/28/2019,Veritecnica SRL - AÑELO,,1,0,0
1900001676,01/28/2019,Veritecnica SRL - AÑELO,,1,0,0
1900001677,01/28/2019,Veritecnica SRL - AÑELO,,1,0,0
1900001678,01/28/2019,Veritecnica SRL - AÑELO,,1,0,0
1900001679,01/28/2019,Veritecnica SRL - AÑELO,,1,0,0
1900000712,01/28/2019,Asociación de Bomberos Voluntarios - San Martín de los Andes,,1,0,0
1900000713,01/28/2019,Asociación de Bomberos Voluntarios - San Martín de los Andes,,1,0,0
1900000714,01/28/2019,Asociación de Bomberos Voluntarios - San Martín de los Andes,,1,0,0
1900000715,01/28/2019,Asociación de Bomberos Voluntarios - San Martín de los Andes,,1,0,0
1900000716,01/28/2019,Asociación de Bomberos Voluntarios - San Martín de los Andes,,1,0,0
1900000717,01/28/2019,Asociación de Bomberos Voluntarios - San Martín de los Andes,,1,0,0
9101005186,01/28/2019,Asociación de Bomberos Voluntarios - San Martín de los Andes,,0,0,1
1900000718,01/28/2019,Asociación de Bomberos Voluntarios - San Martín de los Andes,,1,0,0
1900000719,01/28/2019,Asociación de Bomberos Voluntarios - San Martín de los Andes,,1,0,0
1900000720,01/28/2019,Asociación de Bomberos Voluntarios - San Martín de los Andes,,1,0,0
1900000721,01/28/2019,Asociación de Bomberos Voluntarios - San Martín de los Andes,,1,0,0
1900000722,01/28/2019,Asociación de Bomberos Voluntarios - San Martín de los Andes,,1,0,0
1900000723,01/28/2019,Asociación de Bomberos Voluntarios - San Martín de los Andes,,1,0,0
1900000724,01/28/2019,Asociación de Bomberos Voluntarios - San Martín de los Andes,,1,0,0
1900000725,01/28/2019,Asociación de Bomberos Voluntarios - San Martín de los Andes,,1,0,0
1900000726,01/28/2019,Asociación de Bomberos Voluntarios - San Martín de los Andes,,1,0,0
1900000727,01/28/2019,Asociación de Bomberos Voluntarios - San Martín de los Andes,,1,0,0
1900000728,01/28/2019,Asociación de Bomberos Voluntarios - San Martín de los Andes,,1,0,0
1900000729,01/28/2019,Asociación de Bomberos Voluntarios - San Martín de los Andes,,1,0,0
1900000730,01/28/2019,Asociación de Bomberos Voluntarios - San Martín de los Andes,,1,0,0
9101005187,01/28/2019,Asociación de Bomberos Voluntarios - San Martín de los Andes,,0,1,0
1900000731,01/28/2019,Asociación de Bomberos Voluntarios - San Martín de los Andes,,1,0,0
1900000732,01/28/2019,Asociación de Bomberos Voluntarios - San Martín de los Andes,,1,0,0
1900000733,01/28/2019,Asociación de Bomberos Voluntarios - San Martín de los Andes,,1,0,0
1900000734,01/28/2019,Asociación de Bomberos Voluntarios - San Martín de los Andes,,1,0,0
1900000735,01/28/2019,Asociación de Bomberos Voluntarios - San Martín de los Andes,,1,0,0
1900000736,01/28/2019,Asociación de Bomberos Voluntarios - San Martín de los Andes,,1,0,0
1900000737,01/28/2019,Asociación de Bomberos Voluntarios - San Martín de los Andes,,1,0,0
1900000738,01/28/2019,Asociación de Bomberos Voluntarios - San Martín de los Andes,,1,0,0
1900000739,01/28/2019,Asociación de Bomberos Voluntarios - San Martín de los Andes,,1,0,0
9101005188,01/28/2019,Asociación de Bomberos Voluntarios - San Martín de los Andes,,0,1,0
1900000740,01/28/2019,Asociación de Bomberos Voluntarios - San Martín de los Andes,,1,0,0
1900000751,01/28/2019,Asociación de Bomberos Voluntarios - San Martín de los Andes,,1,0,0
1900000752,01/28/2019,Asociación de Bomberos Voluntarios - San Martín de los Andes,,1,0,0
1900000753,01/28/2019,Asociación de Bomberos Voluntarios - San Martín de los Andes,,1,0,0
1900000754,01/28/2019,Asociación de Bomberos Voluntarios - San Martín de los Andes,,1,0,0
9101005189,01/28/2019,Asociación de Bomberos Voluntarios - San Martín de los Andes,,0,0,1
1900000755,01/28/2019,Asociación de Bomberos Voluntarios - San Martín de los Andes,,1,0,0
9101005190,01/28/2019,Asociación de Bomberos Voluntarios - San Martín de los Andes,,0,0,1
9101005191,01/28/2019,Asociación de Bomberos Voluntarios - San Martín de los Andes,,0,1,0
1900000756,01/28/2019,Asociación de Bomberos Voluntarios - San Martín de los Andes,,1,0,0
1900000757,01/28/2019,Asociación de Bomberos Voluntarios - San Martín de los Andes,,1,0,0
1900000758,01/28/2019,Asociación de Bomberos Voluntarios - San Martín de los Andes,,1,0,0
1200022151,01/28/2019,Asociación de Bomberos Voluntarios - San Martín de los Andes,,1,0,0
1900000759,01/28/2019,Asociación de Bomberos Voluntarios - San Martín de los Andes,,1,0,0
9101005192,01/28/2019,Asociación de Bomberos Voluntarios - San Martín de los Andes,,0,1,0
1900000760,01/28/2019,Asociación de Bomberos Voluntarios - San Martín de los Andes,,1,0,0
1900000761,01/28/2019,Asociación de Bomberos Voluntarios - San Martín de los Andes,,1,0,0
1200022152,01/28/2019,Asociación de Bomberos Voluntarios - San Martín de los Andes,,1,0,0
1900000762,01/28/2019,Asociación de Bomberos Voluntarios - San Martín de los Andes,,1,0,0
1900005609,01/28/2019,Control SRL,,1,0,0
1900005610,01/28/2019,Control SRL,,1,0,0
1900005611,01/28/2019,Control SRL,,1,0,0
1900005612,01/28/2019,Control SRL,,1,0,0
1900005613,01/28/2019,Control SRL,,1,0,0
1900005614,01/28/2019,Control SRL,,1,0,0
1900005615,01/28/2019,Control SRL,,1,0,0
1900005616,01/28/2019,Control SRL,,1,0,0
1900005617,01/28/2019,Control SRL,,1,0,0
1200022669,01/28/2019,Control SRL,,1,0,0
9103004704,01/28/2019,Control SRL,,0,0,1
1900005618,01/28/2019,Control SRL,,1,0,0
1900005620,01/28/2019,Control SRL,,1,0,0
1900005619,01/28/2019,Control SRL,,1,0,0
1900005621,01/28/2019,Control SRL,,1,0,0
1900005622,01/28/2019,Control SRL,,1,0,0
1900005625,01/28/2019,Control SRL,,1,0,0
1900005623,01/28/2019,Control SRL,,1,0,0
1900005624,01/28/2019,Control SRL,,1,0,0
1200022670,01/28/2019,Control SRL,,1,0,0
1900005626,01/28/2019,Control SRL,,1,0,0
1900005627,01/28/2019,Control SRL,,1,0,0
1200022671,01/28/2019,Control SRL,,1,0,0
1900005628,01/28/2019,Control SRL,,1,0,0
1200022672,01/28/2019,Control SRL,,1,0,0
1900005629,01/28/2019,Control SRL,,1,0,0
1900005631,01/28/2019,Control SRL,,1,0,0
1900005632,01/28/2019,Control SRL,,1,0,0
9103004705,01/28/2019,Control SRL,,0,0,1
1900005630,01/28/2019,Control SRL,,1,0,0
1900005633,01/28/2019,Control SRL,,1,0,0
1900005634,01/28/2019,Control SRL,,1,0,0
9103004706,01/28/2019,Control SRL,,0,0,1
9103004707,01/28/2019,Control SRL,,0,0,1
1900005637,01/28/2019,Control SRL,,1,0,0
1900005638,01/28/2019,Control SRL,,1,0,0
1900005639,01/28/2019,Control SRL,,1,0,0
9103004708,01/28/2019,Control SRL,,0,0,1
1900005640,01/28/2019,Control SRL,,1,0,0
1900005641,01/28/2019,Control SRL,,1,0,0
1900005635,01/28/2019,Control SRL,,1,0,0
1900005642,01/28/2019,Control SRL,,1,0,0
9103004709,01/28/2019,Control SRL,,0,0,1
1900005644,01/28/2019,Control SRL,,1,0,0
9103004710,01/28/2019,Control SRL,,0,0,1
9103004711,01/28/2019,Control SRL,,0,0,1
9103004712,01/28/2019,Control SRL,,0,0,1
1900005643,01/28/2019,Control SRL,,1,0,0
9103004713,01/28/2019,Control SRL,,0,0,1
1900005645,01/28/2019,Control SRL,,1,0,0
1900005636,01/28/2019,Control SRL,,1,0,0
9103004714,01/28/2019,Control SRL,,0,0,1
1900005646,01/28/2019,Control SRL,,1,0,0
1900005647,01/28/2019,Control SRL,,1,0,0
9103004715,01/28/2019,Control SRL,,0,0,1
1900005648,01/28/2019,Control SRL,,1,0,0
1900005649,01/28/2019,Control SRL,,1,0,0
1900005650,01/28/2019,Control SRL,,1,0,0
9103004716,01/28/2019,Control SRL,,0,0,1
1900005651,01/28/2019,Control SRL,,1,0,0
1900005652,01/28/2019,Control SRL,,1,0,0
9103004717,01/28/2019,Control SRL,,0,0,1
1900005653,01/28/2019,Control SRL,,1,0,0
1900005655,01/28/2019,Control SRL,,1,0,0
1900005654,01/28/2019,Control SRL,,1,0,0
1200022673,01/28/2019,Control SRL,,1,0,0
1900005656,01/28/2019,Control SRL,,1,0,0
1900005657,01/28/2019,Control SRL,,1,0,0
1900005658,01/28/2019,Control SRL,,1,0,0
1900005659,01/28/2019,Control SRL,,1,0,0
1900005660,01/28/2019,Control SRL,,1,0,0
1900005661,01/28/2019,Control SRL,,1,0,0
1900005662,01/28/2019,Control SRL,,1,0,0
1900005665,01/28/2019,Control SRL,,1,0,0
9103004718,01/28/2019,Control SRL,,0,0,1
1900005663,01/28/2019,Control SRL,,1,0,0
1900005664,01/28/2019,Control SRL,,1,0,0
9103004719,01/28/2019,Control SRL,,0,0,1
9103004720,01/28/2019,Control SRL,,0,0,1
1900005666,01/28/2019,Control SRL,,1,0,0
1900005667,01/28/2019,Control SRL,,1,0,0
1900005670,01/28/2019,Control SRL,,1,0,0
1900005668,01/28/2019,Control SRL,,1,0,0
1900005671,01/28/2019,Control SRL,,1,0,0
1900005672,01/28/2019,Control SRL,,1,0,0
1900005669,01/28/2019,Control SRL,,1,0,0
1900005674,01/28/2019,Control SRL,,1,0,0
1900005673,01/28/2019,Control SRL,,1,0,0
1900005675,01/28/2019,Control SRL,,1,0,0
1900005676,01/28/2019,Control SRL,,1,0,0
1900005677,01/28/2019,Control SRL,,1,0,0
1900005678,01/28/2019,Control SRL,,1,0,0
1900005679,01/28/2019,Control SRL,,1,0,0
1200022675,01/28/2019,Control SRL,,1,0,0
1900005680,01/28/2019,Control SRL,,1,0,0
1200022674,01/28/2019,Control SRL,,1,0,0
1900005681,01/28/2019,Control SRL,,1,0,0
9103004721,01/28/2019,Control SRL,,0,0,1
1900005682,01/28/2019,Control SRL,,1,0,0
1900005683,01/28/2019,Control SRL,,1,0,0
1900005684,01/28/2019,Control SRL,,1,0,0
1900005685,01/28/2019,Control SRL,,1,0,0
1900006366,01/28/2019,Veritecnica SRL,,1,0,0
1900006367,01/28/2019,Veritecnica SRL,,1,0,0
1900006368,01/28/2019,Veritecnica SRL,,1,0,0
1900006369,01/28/2019,Veritecnica SRL,,1,0,0
1900006370,01/28/2019,Veritecnica SRL,,1,0,0
1900006371,01/28/2019,Veritecnica SRL,,1,0,0
9102012994,01/28/2019,Veritecnica SRL,,0,0,1
9102012995,01/28/2019,Veritecnica SRL,,0,0,1
1900006372,01/28/2019,Veritecnica SRL,,1,0,0
1900006373,01/28/2019,Veritecnica SRL,,1,0,0
9102012996,01/28/2019,Veritecnica SRL,,0,0,1
9202002361,01/28/2019,Veritecnica SRL,,0,0,1
1900006374,01/28/2019,Veritecnica SRL,,1,0,0
9102012997,01/28/2019,Veritecnica SRL,,0,1,0
9102012998,01/28/2019,Veritecnica SRL,,0,1,0
1900006375,01/28/2019,Veritecnica SRL,,1,0,0
1900006376,01/28/2019,Veritecnica SRL,,1,0,0
1900006377,01/28/2019,Veritecnica SRL,,1,0,0
1900006378,01/28/2019,Veritecnica SRL,,1,0,0
1900006379,01/28/2019,Veritecnica SRL,,1,0,0
1900006380,01/28/2019,Veritecnica SRL,,1,0,0
9102012999,01/28/2019,Veritecnica SRL,,0,1,0
1900006381,01/28/2019,Veritecnica SRL,,1,0,0
1900006382,01/28/2019,Veritecnica SRL,,1,0,0
9102013000,01/28/2019,Veritecnica SRL,,0,0,1
1900006384,01/28/2019,Veritecnica SRL,,1,0,0
1900006383,01/28/2019,Veritecnica SRL,,1,0,0
1900006385,01/28/2019,Veritecnica SRL,,1,0,0
1900006386,01/28/2019,Veritecnica SRL,,1,0,0
1900006387,01/28/2019,Veritecnica SRL,,1,0,0
1900006388,01/28/2019,Veritecnica SRL,,1,0,0
1900006389,01/28/2019,Veritecnica SRL,,1,0,0
1900006390,01/28/2019,Veritecnica SRL,,1,0,0
1900006391,01/28/2019,Veritecnica SRL,,1,0,0
1200023032,01/28/2019,Veritecnica SRL,,1,0,0
1900006392,01/28/2019,Veritecnica SRL,,1,0,0
1900006393,01/28/2019,Veritecnica SRL,,1,0,0
1900006394,01/28/2019,Veritecnica SRL,,1,0,0
1900006395,01/28/2019,Veritecnica SRL,,1,0,0
1900006396,01/28/2019,Veritecnica SRL,,1,0,0
1900006397,01/28/2019,Veritecnica SRL,,1,0,0
1900006398,01/28/2019,Veritecnica SRL,,1,0,0
1900006399,01/28/2019,Veritecnica SRL,,1,0,0
9202002362,01/28/2019,Veritecnica SRL,,0,0,1
1900006400,01/28/2019,Veritecnica SRL,,1,0,0
1900006401,01/28/2019,Veritecnica SRL,,1,0,0
9102013001,01/28/2019,Veritecnica SRL,,0,1,0
9102013002,01/28/2019,Veritecnica SRL,,0,0,1
1900006402,01/28/2019,Veritecnica SRL,,1,0,0
9102013003,01/28/2019,Veritecnica SRL,,0,0,1
1900006403,01/28/2019,Veritecnica SRL,,1,0,0
1900006404,01/28/2019,Veritecnica SRL,,1,0,0
1900006405,01/28/2019,Veritecnica SRL,,1,0,0
9102013004,01/28/2019,Veritecnica SRL,,0,0,1
1900006406,01/28/2019,Veritecnica SRL,,1,0,0
9102013005,01/28/2019,Veritecnica SRL,,0,0,1
1900006407,01/28/2019,Veritecnica SRL,,1,0,0
1900006408,01/28/2019,Veritecnica SRL,,1,0,0
1900006409,01/28/2019,Veritecnica SRL,,1,0,0
1900006410,01/28/2019,Veritecnica SRL,,1,0,0
1900006411,01/28/2019,Veritecnica SRL,,1,0,0
1900006412,01/28/2019,Veritecnica SRL,,1,0,0
1900006413,01/28/2019,Veritecnica SRL,,1,0,0
1900006414,01/28/2019,Veritecnica SRL,,1,0,0
1900006415,01/28/2019,Veritecnica SRL,,1,0,0
1900006416,01/28/2019,Veritecnica SRL,,1,0,0
1200023033,01/28/2019,Veritecnica SRL,,1,0,0
1900006417,01/28/2019,Veritecnica SRL,,1,0,0
1900006418,01/28/2019,Veritecnica SRL,,1,0,0
1900006419,01/28/2019,Veritecnica SRL,,1,0,0
9102013006,01/28/2019,Veritecnica SRL,,0,1,0
9102013007,01/28/2019,Veritecnica SRL,,0,1,0
1900006420,01/28/2019,Veritecnica SRL,,1,0,0
9102013008,01/28/2019,Veritecnica SRL,,0,1,0
1900006421,01/28/2019,Veritecnica SRL,,1,0,0
1900006422,01/28/2019,Veritecnica SRL,,1,0,0
9102013009,01/28/2019,Veritecnica SRL,,0,1,0
9102013010,01/28/2019,Veritecnica SRL,,0,1,0
1900006423,01/28/2019,Veritecnica SRL,,1,0,0
9102013011,01/28/2019,Veritecnica SRL,,0,1,0
1900006424,01/28/2019,Veritecnica SRL,,1,0,0
1900006425,01/28/2019,Veritecnica SRL,,1,0,0
1200023034,01/28/2019,Veritecnica SRL,,1,0,0
1900006426,01/28/2019,Veritecnica SRL,,1,0,0
1900006427,01/28/2019,Veritecnica SRL,,1,0,0
1900006428,01/28/2019,Veritecnica SRL,,1,0,0
1900006429,01/28/2019,Veritecnica SRL,,1,0,0
1900006430,01/28/2019,Veritecnica SRL,,1,0,0
1200023035,01/28/2019,Veritecnica SRL,,1,0,0
9102013012,01/28/2019,Veritecnica SRL,,0,1,0
1900006431,01/28/2019,Veritecnica SRL,,1,0,0
1900006432,01/28/2019,Veritecnica SRL,,1,0,0
1900006433,01/28/2019,Veritecnica SRL,,1,0,0
1900006434,01/28/2019,Veritecnica SRL,,1,0,0
9102013013,01/28/2019,Veritecnica SRL,,0,1,0
1900006435,01/28/2019,Veritecnica SRL,,1,0,0
1900006436,01/28/2019,Veritecnica SRL,,1,0,0
1900006437,01/28/2019,Veritecnica SRL,,1,0,0
1900006438,01/28/2019,Veritecnica SRL,,1,0,0
1900006439,01/28/2019,Veritecnica SRL,,1,0,0
1900006440,01/28/2019,Veritecnica SRL,,1,0,0
1900006441,01/28/2019,Veritecnica SRL,,1,0,0
1900006442,01/28/2019,Veritecnica SRL,,1,0,0
1900006443,01/28/2019,Veritecnica SRL,,1,0,0
1900006444,01/28/2019,Veritecnica SRL,,1,0,0
9202002363,01/28/2019,Veritecnica SRL,,0,0,1
1900006445,01/28/2019,Veritecnica SRL,,1,0,0
1900006446,01/28/2019,Veritecnica SRL,,1,0,0
1900006447,01/28/2019,Veritecnica SRL,,1,0,0
1900006448,01/28/2019,Veritecnica SRL,,1,0,0
1900006449,01/28/2019,Veritecnica SRL,,1,0,0
1200023036,01/28/2019,Veritecnica SRL,,1,0,0
1900006450,01/28/2019,Veritecnica SRL,,1,0,0
1900006451,01/28/2019,Veritecnica SRL,,1,0,0
1900006452,01/28/2019,Veritecnica SRL,,1,0,0
1200023037,01/28/2019,Veritecnica SRL,,1,0,0
1900006453,01/28/2019,Veritecnica SRL,,1,0,0
9102013014,01/28/2019,Veritecnica SRL,,0,0,1
1900006454,01/28/2019,Veritecnica SRL,,1,0,0
9102013015,01/28/2019,Veritecnica SRL,,0,0,1
1900006455,01/28/2019,Veritecnica SRL,,1,0,0
1900006456,01/28/2019,Veritecnica SRL,,1,0,0
1900006457,01/28/2019,Veritecnica SRL,,1,0,0
9102013016,01/28/2019,Veritecnica SRL,,0,1,0
1900006458,01/28/2019,Veritecnica SRL,,1,0,0
1900006459,01/28/2019,Veritecnica SRL,,1,0,0
1900006460,01/28/2019,Veritecnica SRL,,1,0,0
1900006461,01/28/2019,Veritecnica SRL,,1,0,0
1900006462,01/28/2019,Veritecnica SRL,,1,0,0
1900006463,01/28/2019,Veritecnica SRL,,1,0,0
1900006464,01/28/2019,Veritecnica SRL,,1,0,0
1900006465,01/28/2019,Veritecnica SRL,,1,0,0
1900006466,01/28/2019,Veritecnica SRL,,1,0,0
