Nrocertificado,Fecha,Idtaller,Dominiovehiculo,Aprobado,RechazadoLeveModerado,RechazadoGrave
1900008591,03/02/2019,Asociación de Bomberos Voluntarios - San Martín de los Andes,,1,0,0
1900008592,03/02/2019,Asociación de Bomberos Voluntarios - San Martín de los Andes,,1,0,0
1900008593,03/02/2019,Asociación de Bomberos Voluntarios - San Martín de los Andes,,1,0,0
1900008594,03/02/2019,Asociación de Bomberos Voluntarios - San Martín de los Andes,,1,0,0
1900008595,03/02/2019,Asociación de Bomberos Voluntarios - San Martín de los Andes,,1,0,0
1900008596,03/02/2019,Asociación de Bomberos Voluntarios - San Martín de los Andes,,1,0,0
9101005346,03/02/2019,Asociación de Bomberos Voluntarios - San Martín de los Andes,,0,1,0
9101005347,03/02/2019,Asociación de Bomberos Voluntarios - San Martín de los Andes,,0,1,0
9101005348,03/02/2019,Asociación de Bomberos Voluntarios - San Martín de los Andes,,0,1,0
1900008597,03/02/2019,Asociación de Bomberos Voluntarios - San Martín de los Andes,,1,0,0
1900009558,03/02/2019,Control SRL,,1,0,0
1900009559,03/02/2019,Control SRL,,1,0,0
1900009560,03/02/2019,Control SRL,,1,0,0
1900009561,03/02/2019,Control SRL,,1,0,0
1900009562,03/02/2019,Control SRL,,1,0,0
1900009563,03/02/2019,Control SRL,,1,0,0
1900009564,03/02/2019,Control SRL,,1,0,0
1900009565,03/02/2019,Control SRL,,1,0,0
9103005171,03/02/2019,Control SRL,,0,0,1
1900009566,03/02/2019,Control SRL,,1,0,0
1900009567,03/02/2019,Control SRL,,1,0,0
1900009568,03/02/2019,Control SRL,,1,0,0
9103005172,03/02/2019,Control SRL,,0,0,1
1900009569,03/02/2019,Control SRL,,1,0,0
1900009570,03/02/2019,Control SRL,,1,0,0
1900009571,03/02/2019,Control SRL,,1,0,0
1200021584,03/02/2019,Control SRL,,1,0,0
1200021585,03/02/2019,Control SRL,,1,0,0
1900009572,03/02/2019,Control SRL,,1,0,0
1900009573,03/02/2019,Control SRL,,1,0,0
1900009574,03/02/2019,Control SRL,,1,0,0
1900009575,03/02/2019,Control SRL,,1,0,0
9203001036,03/02/2019,Control SRL,,0,0,1
1900009576,03/02/2019,Control SRL,,1,0,0
1900009577,03/02/2019,Control SRL,,1,0,0
1900009578,03/02/2019,Control SRL,,1,0,0
1900009579,03/02/2019,Control SRL,,1,0,0
1900009580,03/02/2019,Control SRL,,1,0,0
1900009581,03/02/2019,Control SRL,,1,0,0
1900009582,03/02/2019,Control SRL,,1,0,0
9103005173,03/02/2019,Control SRL,,0,0,1
1900009583,03/02/2019,Control SRL,,1,0,0
1900009584,03/02/2019,Control SRL,,1,0,0
1900009585,03/02/2019,Control SRL,,1,0,0
1900009586,03/02/2019,Control SRL,,1,0,0
1900009587,03/02/2019,Control SRL,,1,0,0
1900009588,03/02/2019,Control SRL,,1,0,0
1900009589,03/02/2019,Control SRL,,1,0,0
1900009590,03/02/2019,Control SRL,,1,0,0
1900012811,03/02/2019,Veritecnica SRL,,1,0,0
1900012812,03/02/2019,Veritecnica SRL,,1,0,0
1900012813,03/02/2019,Veritecnica SRL,,1,0,0
1900012814,03/02/2019,Veritecnica SRL,,1,0,0
1900012815,03/02/2019,Veritecnica SRL,,1,0,0
1900012816,03/02/2019,Veritecnica SRL,,1,0,0
1900012817,03/02/2019,Veritecnica SRL,,1,0,0
1900012818,03/02/2019,Veritecnica SRL,,1,0,0
1900012819,03/02/2019,Veritecnica SRL,,1,0,0
1900012820,03/02/2019,Veritecnica SRL,,1,0,0
1900012821,03/02/2019,Veritecnica SRL,,1,0,0
1900012822,03/02/2019,Veritecnica SRL,,1,0,0
1900012823,03/02/2019,Veritecnica SRL,,1,0,0
1900012825,03/02/2019,Veritecnica SRL,,1,0,0
1900012824,03/02/2019,Veritecnica SRL,,1,0,0
1900012826,03/02/2019,Veritecnica SRL,,1,0,0
1900012827,03/02/2019,Veritecnica SRL,,1,0,0
1200023589,03/02/2019,Veritecnica SRL,,1,0,0
1900012828,03/02/2019,Veritecnica SRL,,1,0,0
1900012829,03/02/2019,Veritecnica SRL,,1,0,0
1900012830,03/02/2019,Veritecnica SRL,,1,0,0
9102013545,03/02/2019,Veritecnica SRL,,0,1,0
1900012831,03/02/2019,Veritecnica SRL,,1,0,0
1900012832,03/02/2019,Veritecnica SRL,,1,0,0
1900012833,03/02/2019,Veritecnica SRL,,1,0,0
1900012834,03/02/2019,Veritecnica SRL,,1,0,0
1900012835,03/02/2019,Veritecnica SRL,,1,0,0
1900012836,03/02/2019,Veritecnica SRL,,1,0,0
1900012837,03/02/2019,Veritecnica SRL,,1,0,0
1900012838,03/02/2019,Veritecnica SRL,,1,0,0
1900012839,03/02/2019,Veritecnica SRL,,1,0,0
1900012840,03/02/2019,Veritecnica SRL,,1,0,0
1900012841,03/02/2019,Veritecnica SRL,,1,0,0
1900012842,03/02/2019,Veritecnica SRL,,1,0,0
1900012843,03/02/2019,Veritecnica SRL,,1,0,0
1900012844,03/02/2019,Veritecnica SRL,,1,0,0
1900012845,03/02/2019,Veritecnica SRL,,1,0,0
1900012846,03/02/2019,Veritecnica SRL,,1,0,0
1900012847,03/02/2019,Veritecnica SRL,,1,0,0
1900012848,03/02/2019,Veritecnica SRL,,1,0,0
1900012849,03/02/2019,Veritecnica SRL,,1,0,0
1900012850,03/02/2019,Veritecnica SRL,,1,0,0
1900012851,03/02/2019,Veritecnica SRL,,1,0,0
1900012852,03/02/2019,Veritecnica SRL,,1,0,0
1900012853,03/02/2019,Veritecnica SRL,,1,0,0
9202002427,03/02/2019,Veritecnica SRL,,0,0,1
1900012854,03/02/2019,Veritecnica SRL,,1,0,0
9102013546,03/02/2019,Veritecnica SRL,,0,1,0
1900012855,03/02/2019,Veritecnica SRL,,1,0,0
1900012856,03/02/2019,Veritecnica SRL,,1,0,0
1200023590,03/02/2019,Veritecnica SRL,,1,0,0
1900012857,03/02/2019,Veritecnica SRL,,1,0,0
1900012858,03/02/2019,Veritecnica SRL,,1,0,0
1900012859,03/02/2019,Veritecnica SRL,,1,0,0
1900012860,03/02/2019,Veritecnica SRL,,1,0,0
1900012861,03/02/2019,Veritecnica SRL,,1,0,0
1900012862,03/02/2019,Veritecnica SRL,,1,0,0
1900012863,03/02/2019,Veritecnica SRL,,1,0,0
9102013547,03/02/2019,Veritecnica SRL,,0,1,0
1200023601,03/02/2019,Veritecnica SRL,,1,0,0
1200023602,03/02/2019,Veritecnica SRL,,1,0,0
1900012865,03/02/2019,Veritecnica SRL,,1,0,0
1900012864,03/02/2019,Veritecnica SRL,,1,0,0
1900012866,03/02/2019,Veritecnica SRL,,1,0,0
1900012867,03/02/2019,Veritecnica SRL,,1,0,0
1900012868,03/02/2019,Veritecnica SRL,,1,0,0
1900012869,03/02/2019,Veritecnica SRL,,1,0,0
9102013548,03/02/2019,Veritecnica SRL,,0,0,1
1900012870,03/02/2019,Veritecnica SRL,,1,0,0
1900012871,03/02/2019,Veritecnica SRL,,1,0,0
1900012872,03/02/2019,Veritecnica SRL,,1,0,0
9102013549,03/02/2019,Veritecnica SRL,,0,0,1
1900012874,03/02/2019,Veritecnica SRL,,1,0,0
1900012873,03/02/2019,Veritecnica SRL,,1,0,0
1200023603,03/02/2019,Veritecnica SRL,,1,0,0
