Nrocertificado,Fecha,Idtaller,Dominiovehiculo,Aprobado,RechazadoLeveModerado,RechazadoGrave
1900015500,04/27/2019,Asociación de Bomberos Voluntarios - San Martín de los Andes,,1,0,0
9201000757,04/27/2019,Asociación de Bomberos Voluntarios - San Martín de los Andes,,0,0,1
9101005557,04/27/2019,Asociación de Bomberos Voluntarios - San Martín de los Andes,,0,1,0
1900015501,04/27/2019,Asociación de Bomberos Voluntarios - San Martín de los Andes,,1,0,0
1200024416,04/27/2019,Asociación de Bomberos Voluntarios - San Martín de los Andes,,1,0,0
1900015502,04/27/2019,Asociación de Bomberos Voluntarios - San Martín de los Andes,,1,0,0
1200024417,04/27/2019,Asociación de Bomberos Voluntarios - San Martín de los Andes,,1,0,0
1900015503,04/27/2019,Asociación de Bomberos Voluntarios - San Martín de los Andes,,1,0,0
1900015504,04/27/2019,Asociación de Bomberos Voluntarios - San Martín de los Andes,,1,0,0
1900015505,04/27/2019,Asociación de Bomberos Voluntarios - San Martín de los Andes,,1,0,0
1200024418,04/27/2019,Asociación de Bomberos Voluntarios - San Martín de los Andes,,1,0,0
1900018044,04/27/2019,Control SRL,,1,0,0
9103005621,04/27/2019,Control SRL,,0,0,1
1900018045,04/27/2019,Control SRL,,1,0,0
9203001089,04/27/2019,Control SRL,,0,0,1
9103005622,04/27/2019,Control SRL,,0,0,1
1900018046,04/27/2019,Control SRL,,1,0,0
1900018047,04/27/2019,Control SRL,,1,0,0
1900018048,04/27/2019,Control SRL,,1,0,0
9103005623,04/27/2019,Control SRL,,0,0,1
1900018049,04/27/2019,Control SRL,,1,0,0
1900018050,04/27/2019,Control SRL,,1,0,0
1900018051,04/27/2019,Control SRL,,1,0,0
9103005624,04/27/2019,Control SRL,,0,0,1
1200023293,04/27/2019,Control SRL,,1,0,0
1200023294,04/27/2019,Control SRL,,1,0,0
9103005625,04/27/2019,Control SRL,,0,0,1
9103005626,04/27/2019,Control SRL,,0,0,1
1900018052,04/27/2019,Control SRL,,1,0,0
9103005627,04/27/2019,Control SRL,,0,0,1
9102014047,04/27/2019,Veritecnica SRL,,0,0,1
1900016850,04/27/2019,Veritecnica SRL,,1,0,0
9102014048,04/27/2019,Veritecnica SRL,,0,1,0
1900016851,04/27/2019,Veritecnica SRL,,1,0,0
1200024618,04/27/2019,Veritecnica SRL,,1,0,0
9102014049,04/27/2019,Veritecnica SRL,,0,1,0
1900016852,04/27/2019,Veritecnica SRL,,1,0,0
9202002572,04/27/2019,Veritecnica SRL,,0,0,1
1900016853,04/27/2019,Veritecnica SRL,,1,0,0
9102014050,04/27/2019,Veritecnica SRL,,0,0,1
1200024619,04/27/2019,Veritecnica SRL,,1,0,0
1900016854,04/27/2019,Veritecnica SRL,,1,0,0
9102014051,04/27/2019,Veritecnica SRL,,0,1,0
9102014052,04/27/2019,Veritecnica SRL,,0,1,0
1900016855,04/27/2019,Veritecnica SRL,,1,0,0
1900016856,04/27/2019,Veritecnica SRL,,1,0,0
9102014053,04/27/2019,Veritecnica SRL,,0,0,1
1900016857,04/27/2019,Veritecnica SRL,,1,0,0
9202002573,04/27/2019,Veritecnica SRL,,0,0,1
1900016858,04/27/2019,Veritecnica SRL,,1,0,0
1900016859,04/27/2019,Veritecnica SRL,,1,0,0
1200024620,04/27/2019,Veritecnica SRL,,1,0,0
1900016860,04/27/2019,Veritecnica SRL,,1,0,0
1900016861,04/27/2019,Veritecnica SRL,,1,0,0
1900016862,04/27/2019,Veritecnica SRL,,1,0,0
1200024621,04/27/2019,Veritecnica SRL,,1,0,0
1200024622,04/27/2019,Veritecnica SRL,,1,0,0
1900016863,04/27/2019,Veritecnica SRL,,1,0,0
1200024623,04/27/2019,Veritecnica SRL,,1,0,0
1900016864,04/27/2019,Veritecnica SRL,,1,0,0
