Nrocertificado,Fecha,Idtaller,Dominiovehiculo,Aprobado,RechazadoLeveModerado,RechazadoGrave
1900015154,04/06/2019,Asociación de Bomberos Voluntarios - San Martín de los Andes,,1,0,0
1900015155,04/06/2019,Asociación de Bomberos Voluntarios - San Martín de los Andes,,1,0,0
1900015156,04/06/2019,Asociación de Bomberos Voluntarios - San Martín de los Andes,,1,0,0
1900015157,04/06/2019,Asociación de Bomberos Voluntarios - San Martín de los Andes,,1,0,0
1900015158,04/06/2019,Asociación de Bomberos Voluntarios - San Martín de los Andes,,1,0,0
1900015159,04/06/2019,Asociación de Bomberos Voluntarios - San Martín de los Andes,,1,0,0
1900015160,04/06/2019,Asociación de Bomberos Voluntarios - San Martín de los Andes,,1,0,0
1900015161,04/06/2019,Asociación de Bomberos Voluntarios - San Martín de los Andes,,1,0,0
1900015162,04/06/2019,Asociación de Bomberos Voluntarios - San Martín de los Andes,,1,0,0
1900015163,04/06/2019,Asociación de Bomberos Voluntarios - San Martín de los Andes,,1,0,0
1900015164,04/06/2019,Asociación de Bomberos Voluntarios - San Martín de los Andes,,1,0,0
9101005469,04/06/2019,Asociación de Bomberos Voluntarios - San Martín de los Andes,,0,0,1
1900015165,04/06/2019,Asociación de Bomberos Voluntarios - San Martín de los Andes,,1,0,0
9101005470,04/06/2019,Asociación de Bomberos Voluntarios - San Martín de los Andes,,0,0,1
1900015166,04/06/2019,Asociación de Bomberos Voluntarios - San Martín de los Andes,,1,0,0
1900015167,04/06/2019,Asociación de Bomberos Voluntarios - San Martín de los Andes,,1,0,0
1900015168,04/06/2019,Asociación de Bomberos Voluntarios - San Martín de los Andes,,1,0,0
1900015169,04/06/2019,Asociación de Bomberos Voluntarios - San Martín de los Andes,,1,0,0
1900015170,04/06/2019,Asociación de Bomberos Voluntarios - San Martín de los Andes,,1,0,0
1900015171,04/06/2019,Asociación de Bomberos Voluntarios - San Martín de los Andes,,1,0,0
1900015172,04/06/2019,Asociación de Bomberos Voluntarios - San Martín de los Andes,,1,0,0
1900015173,04/06/2019,Asociación de Bomberos Voluntarios - San Martín de los Andes,,1,0,0
1900013485,04/06/2019,Control SRL,,1,0,0
1900013486,04/06/2019,Control SRL,,1,0,0
1200023225,04/06/2019,Control SRL,,1,0,0
1900013487,04/06/2019,Control SRL,,1,0,0
1900013489,04/06/2019,Control SRL,,1,0,0
1900013488,04/06/2019,Control SRL,,1,0,0
1900013490,04/06/2019,Control SRL,,1,0,0
1900013491,04/06/2019,Control SRL,,1,0,0
1900013492,04/06/2019,Control SRL,,1,0,0
1900013493,04/06/2019,Control SRL,,1,0,0
1900013494,04/06/2019,Control SRL,,1,0,0
1900013495,04/06/2019,Control SRL,,1,0,0
1200023226,04/06/2019,Control SRL,,1,0,0
1900013496,04/06/2019,Control SRL,,1,0,0
1900013497,04/06/2019,Control SRL,,1,0,0
9103005434,04/06/2019,Control SRL,,0,0,1
1900013498,04/06/2019,Control SRL,,1,0,0
1900013499,04/06/2019,Control SRL,,1,0,0
1200023227,04/06/2019,Control SRL,,1,0,0
1900013500,04/06/2019,Control SRL,,1,0,0
1200024017,04/06/2019,Veritecnica SRL,,1,0,0
1200024018,04/06/2019,Veritecnica SRL,,1,0,0
1900016114,04/06/2019,Veritecnica SRL,,1,0,0
1900016115,04/06/2019,Veritecnica SRL,,1,0,0
1900016116,04/06/2019,Veritecnica SRL,,1,0,0
1900016117,04/06/2019,Veritecnica SRL,,1,0,0
9102013837,04/06/2019,Veritecnica SRL,,0,1,0
9102013838,04/06/2019,Veritecnica SRL,,0,1,0
1200024019,04/06/2019,Veritecnica SRL,,1,0,0
1200024020,04/06/2019,Veritecnica SRL,,1,0,0
1200024021,04/06/2019,Veritecnica SRL,,1,0,0
9102013839,04/06/2019,Veritecnica SRL,,0,1,0
1200024022,04/06/2019,Veritecnica SRL,,1,0,0
1900016118,04/06/2019,Veritecnica SRL,,1,0,0
1900016119,04/06/2019,Veritecnica SRL,,1,0,0
9102013840,04/06/2019,Veritecnica SRL,,0,0,1
9102013841,04/06/2019,Veritecnica SRL,,0,0,1
1900016120,04/06/2019,Veritecnica SRL,,1,0,0
9102013842,04/06/2019,Veritecnica SRL,,0,0,1
1900016121,04/06/2019,Veritecnica SRL,,1,0,0
1900016122,04/06/2019,Veritecnica SRL,,1,0,0
1200024023,04/06/2019,Veritecnica SRL,,1,0,0
1900016123,04/06/2019,Veritecnica SRL,,1,0,0
1900016124,04/06/2019,Veritecnica SRL,,1,0,0
1900016125,04/06/2019,Veritecnica SRL,,1,0,0
1900016126,04/06/2019,Veritecnica SRL,,1,0,0
1200024024,04/06/2019,Veritecnica SRL,,1,0,0
1900016127,04/06/2019,Veritecnica SRL,,1,0,0
9102013843,04/06/2019,Veritecnica SRL,,0,1,0
1900016128,04/06/2019,Veritecnica SRL,,1,0,0
1900016129,04/06/2019,Veritecnica SRL,,1,0,0
1900016130,04/06/2019,Veritecnica SRL,,1,0,0
1900016131,04/06/2019,Veritecnica SRL,,1,0,0
1900016132,04/06/2019,Veritecnica SRL,,1,0,0
9202002519,04/06/2019,Veritecnica SRL,,0,0,1
1900016133,04/06/2019,Veritecnica SRL,,1,0,0
1200024025,04/06/2019,Veritecnica SRL,,1,0,0
9202002520,04/06/2019,Veritecnica SRL,,0,0,1
9102013844,04/06/2019,Veritecnica SRL,,0,1,0
1200024026,04/06/2019,Veritecnica SRL,,1,0,0
