Nrocertificado,Fecha,Idtaller,Dominiovehiculo,Aprobado,RechazadoLeveModerado,RechazadoGrave
9101006964,05/23/2020,Asociación de Bomberos Voluntarios - San Martín de los Andes,,0,0,1
9101006965,05/23/2020,Asociación de Bomberos Voluntarios - San Martín de los Andes,,0,0,1
2000011143,05/23/2020,Asociación de Bomberos Voluntarios - San Martín de los Andes,,1,0,0
9101006966,05/23/2020,Asociación de Bomberos Voluntarios - San Martín de los Andes,,0,1,0
2000011144,05/23/2020,Asociación de Bomberos Voluntarios - San Martín de los Andes,,1,0,0
2000011145,05/23/2020,Asociación de Bomberos Voluntarios - San Martín de los Andes,,1,0,0
2000011146,05/23/2020,Asociación de Bomberos Voluntarios - San Martín de los Andes,,1,0,0
2000015706,05/23/2020,Veritecnica SRL,,1,0,0
2000015707,05/23/2020,Veritecnica SRL,,1,0,0
2000015708,05/23/2020,Veritecnica SRL,,1,0,0
2000015709,05/23/2020,Veritecnica SRL,,1,0,0
2000015710,05/23/2020,Veritecnica SRL,,1,0,0
2000015711,05/23/2020,Veritecnica SRL,,1,0,0
2000015712,05/23/2020,Veritecnica SRL,,1,0,0
1200030745,05/23/2020,Veritecnica SRL,,1,0,0
2000015713,05/23/2020,Veritecnica SRL,,1,0,0
1200031454,05/23/2020,Veritecnica SRL,,1,0,0
1200031455,05/23/2020,Veritecnica SRL,,1,0,0
