Nrocertificado,Fecha,Idtaller,Dominiovehiculo,Aprobado,RechazadoLeveModerado,RechazadoGrave
2000011054,04/14/2020,Asociación de Bomberos Voluntarios - San Martín de los Andes,,1,0,0
2000011055,04/14/2020,Asociación de Bomberos Voluntarios - San Martín de los Andes,,1,0,0
2000011056,04/14/2020,Asociación de Bomberos Voluntarios - San Martín de los Andes,,1,0,0
9201000911,04/14/2020,Asociación de Bomberos Voluntarios - San Martín de los Andes,,0,0,1
2000011057,04/14/2020,Asociación de Bomberos Voluntarios - San Martín de los Andes,,1,0,0
1200030317,04/14/2020,Asociación de Bomberos Voluntarios - San Martín de los Andes,,1,0,0
1200030318,04/15/2020,Asociación de Bomberos Voluntarios - San Martín de los Andes,,1,0,0
1200030319,04/15/2020,Asociación de Bomberos Voluntarios - San Martín de los Andes,,1,0,0
1200030320,04/15/2020,Asociación de Bomberos Voluntarios - San Martín de los Andes,,1,0,0
2000015444,04/15/2020,Veritecnica SRL,,1,0,0
