Nrocertificado,Fecha,Idtaller,Dominiovehiculo,Aprobado,RechazadoLeveModerado,RechazadoGrave
2000011125,05/16/2020,Asociación de Bomberos Voluntarios - San Martín de los Andes,,1,0,0
2000011126,05/16/2020,Asociación de Bomberos Voluntarios - San Martín de los Andes,,1,0,0
2000011127,05/16/2020,Asociación de Bomberos Voluntarios - San Martín de los Andes,,1,0,0
9202003053,05/16/2020,Veritecnica SRL,,0,0,1
1200031425,05/16/2020,Veritecnica SRL,,1,0,0
2000015650,05/16/2020,Veritecnica SRL,,1,0,0
1200031426,05/16/2020,Veritecnica SRL,,1,0,0
1200031427,05/16/2020,Veritecnica SRL,,1,0,0
1200031428,05/16/2020,Veritecnica SRL,,1,0,0
